modality,gene,smd_B_minus_A,mwu_p,abs_smd,fdr
cnv,GABRP,1.7927935235752857,5.249422388319531e-60,1.7927935235752857,1.2398181240776492e-58
cnv,TGFB1,1.7716289208250424,3.0949861316574636e-61,1.7716289208250424,8.934193300051212e-60
cnv,BBC3,1.7523580459268175,1.7839120539016377e-58,1.7523580459268175,3.2184746639142044e-57
cnv,XRCC4,1.7412705306131853,6.538558332303352e-57,1.7412705306131853,9.167633427747379e-56
cnv,PIK3R1,1.7374576075245045,1.4870877804585259e-55,1.7374576075245045,1.596468617202996e-54
cnv,ERBB3,1.7308556049300092,2.6445881559251694e-63,1.7308556049300092,2.862766678788996e-61
cnv,CCNB1,1.7304985468135778,2.8526904821595346e-55,1.7304985468135778,2.872592973895531e-54
cnv,LOX,1.714641350658768,8.553908210551198e-56,1.714641350658768,9.746953303075443e-55
cnv,F12,1.7107699511044552,2.888806011315278e-58,1.7107699511044552,4.87345325805006e-57
cnv,ZEB2,1.7014881569037024,1.557002807986502e-61,1.7014881569037024,5.618185132151294e-60
cnv,PTTG1,1.6955805744675112,8.933077234179923e-56,1.6955805744675112,1.0090493327999755e-54
cnv,APC,1.6895848637738984,2.659737995396526e-56,1.6895848637738984,3.3221150538654686e-55
cnv,RACGAP1,1.6875508131409835,4.044555920876119e-63,1.6875508131409835,3.89865817627855e-61
cnv,FPR3,1.686073130414859,1.3602279605954543e-61,1.686073130414859,5.048388916609986e-60
cnv,FGFR4,1.6850427277428874,2.888806011315278e-58,1.6850427277428874,4.87345325805006e-57
cnv,ZNF83,1.676987975399382,2.5311226176116687e-62,1.676987975399382,1.4576136506645785e-60
cnv,MLPH,1.6758649511128016,2.001681894680318e-58,1.6758649511128016,3.466913041586311e-57
cnv,CLEC11A,1.675432418017019,3.8733914314984524e-61,1.675432418017019,1.0938120585905413e-59
cnv,SCGB3A1,1.6621265494529758,6.563432708087038e-57,1.6621265494529758,9.167633427747379e-56
cnv,KRT5,1.6617155364421878,2.4882811384343006e-60,1.6617155364421878,6.098636224200294e-59
cnv,MCM6,1.6543849554438435,2.5373837525541782e-61,1.6543849554438435,7.665259289692738e-60
cnv,MAP3K1,1.6527782338910826,1.2100281281604531e-51,1.6527782338910826,8.360779460002281e-51
cnv,MDFIC,1.6489604620623868,3.2775654976286937e-52,1.6489604620623868,2.4190668076248147e-51
cnv,TBX3,1.6440716466453136,1.3293129564194393e-52,1.6440716466453136,1.0402274279450914e-51
cnv,ADAMTS2,1.642151066943102,1.1364774626999099e-57,1.642151066943102,1.6775957091445263e-56
cnv,ACTR3B,1.6404308979945599,9.907723643012322e-52,1.6404308979945599,6.882424070734229e-51
cnv,ZNF880,1.633522908346518,1.7964139518174593e-61,1.633522908346518,6.140899272133893e-60
cnv,ESM1,1.6267487180294766,1.404026846770071e-53,1.6267487180294766,1.2578143958305672e-52
cnv,SEMA3C,1.6241994517106506,2.245766241163914e-55,1.6241994517106506,2.315278053390416e-54
cnv,CALD1,1.6222801822752837,1.3674184446297164e-52,1.6222801822752837,1.0636386584275458e-51
cnv,IL6ST,1.6185898909029037,9.473580398480827e-53,1.6185898909029037,7.596407986189255e-52
cnv,STC2,1.6185616469589759,1.3811635008307598e-56,1.6185616469589759,1.8307463138562827e-55
cnv,CDK6,1.6114976000770658,1.6396084410173633e-53,1.6114976000770658,1.4488784795112618e-52
cnv,IL17RB,1.6101554176027137,1.249604624003668e-46,1.6101554176027137,7.620828199909694e-46
cnv,CCNB2,1.609662297722429,4.397952010568409e-45,1.609662297722429,2.620614523728607e-44
cnv,ANLN,1.604350329753482,1.0157440503469755e-55,1.604350329753482,1.11817925542434e-54
cnv,PITX2,1.6036880856304414,1.9074864159004869e-53,1.6036880856304414,1.6515559501266952e-52
cnv,RASSF1,1.6030461442284034,6.871407014171509e-46,1.6030461442284034,4.132387829355922e-45
cnv,CEP55,1.6021389377014947,1.0764490834020497e-49,1.6021389377014947,6.95675303153862e-49
cnv,SFRP4,1.5971848729288007,8.651420352775296e-55,1.5971848729288007,8.578774838362678e-54
cnv,PTN,1.5961529475308343,4.358949669864399e-53,1.5961529475308343,3.629663859714009e-52
cnv,TWIST1,1.5947328281882391,3.6576888280820294e-53,1.5947328281882391,3.1054495344304286e-52
cnv,CDCA7,1.5934916428660535,1.7323416536307943e-61,1.5934916428660535,6.08192380558487e-60
cnv,SND1,1.5931722108768391,1.716903600973217e-52,1.5931722108768391,1.3058276406457158e-51
cnv,COL1A2,1.5931267198666341,1.0996066687580521e-52,1.5931267198666341,8.656903410404301e-52
cnv,MAPRE1,1.5931156712982477,7.299700567527798e-60,1.5931156712982477,1.6635633398629138e-58
cnv,DLGAP5,1.592651200933243,6.985930314302565e-56,1.592651200933243,8.03072874183985e-55
cnv,GCC1,1.5867133038099284,1.716903600973217e-52,1.5867133038099284,1.3058276406457158e-51
cnv,MKI67,1.5853094429184615,2.6417955254688905e-51,1.5853094429184615,1.806153888202152e-50
cnv,AGR3,1.5843131595017335,7.136820667463725e-51,1.5843131595017335,4.778726828368752e-50
cnv,AGR2,1.5843131595017335,7.136820667463725e-51,1.5843131595017335,4.778726828368752e-50
cnv,ID1,1.584008777376983,2.469993926686523e-61,1.584008777376983,7.639338358966174e-60
cnv,NME4,1.5802017268787658,8.261543819035434e-43,1.5802017268787658,4.748559920764172e-42
cnv,METRN,1.5802017268787658,4.788352070546936e-43,1.5802017268787658,2.7768166694823528e-42
cnv,CDKN3,1.579875209389972,2.3719440238590126e-55,1.579875209389972,2.4261065251912262e-54
cnv,AKR1B1,1.5785603752271165,9.578701361621678e-53,1.5785603752271165,7.633578569783165e-52
cnv,TPX2,1.5772505355651507,2.3447663613856142e-61,1.5772505355651507,7.428906105951007e-60
cnv,IGFBP5,1.5756014174049988,4.4441030189882257e-63,1.5756014174049988,3.89865817627855e-61
cnv,BUB1B,1.5755107003329973,1.3328236022365161e-44,1.5755107003329973,7.83410796065717e-44
cnv,MCM2,1.5751875478547408,8.168019130613592e-61,1.5751875478547408,2.2575014575887353e-59
cnv,SCUBE2,1.5739959040809615,2.9396562544966844e-52,1.5739959040809615,2.1833241048836014e-51
cnv,NECAB3,1.5724401942542294,1.4809629650196041e-58,1.5724401942542294,2.709536466986571e-57
cnv,E2F1,1.5724401942542294,1.4809629650196041e-58,1.5724401942542294,2.709536466986571e-57
cnv,PXMP4,1.5724401942542294,1.4809629650196041e-58,1.5724401942542294,2.709536466986571e-57
cnv,SEZ6L2,1.5714587929603367,1.0229163345270401e-42,1.5714587929603367,5.802481740395743e-42
cnv,MAPK3,1.5714587929603367,1.0229163345270401e-42,1.5714587929603367,5.802481740395743e-42
cnv,PYCARD,1.571128195698158,3.0710367091307425e-43,1.571128195698158,1.7969714798021778e-42
cnv,DNMT3B,1.5710441044432253,9.689172438223018e-60,1.5710441044432253,2.0300379027825323e-58
cnv,IGFBP3,1.5709709954990785,4.087589714047751e-53,1.5709709954990785,3.447908466589629e-52
cnv,KDELR2,1.5706644795694564,4.60997714350493e-52,1.5706644795694564,3.2723280379305484e-51
cnv,RASSF7,1.5701851730747225,2.117427618131672e-51,1.5701851730747225,1.4553113629381174e-50
cnv,PLK1,1.5671937644246996,5.038597566173732e-42,1.5671937644246996,2.7733636603642703e-41
cnv,CTF1,1.5651782495000752,3.439652117245733e-43,1.5651782495000752,2.00363591941803e-42
cnv,BUB1,1.562034121017689,5.102170053636285e-63,1.562034121017689,3.89865817627855e-61
cnv,PRR14,1.5605158827699874,1.0229163345270401e-42,1.5605158827699874,5.802481740395743e-42
cnv,CST1,1.5589693142631522,2.12437855231267e-55,1.5589693142631522,2.2254578543985148e-54
cnv,SERPINE1,1.5556811518215965,4.2253311581886385e-51,1.5556811518215965,2.8587006117120006e-50
cnv,FSCN1,1.5552796579397663,4.60997714350493e-52,1.5552796579397663,3.2723280379305484e-51
cnv,HTATIP2,1.554435532380047,1.9212622558866845e-58,1.554435532380047,3.3725941491848694e-57
cnv,NME3,1.5534569539370744,2.5236867631557134e-42,1.5534569539370744,1.4009697031364407e-41
cnv,GIMAP4,1.553335742121814,9.408752472135465e-50,1.553335742121814,6.1416931966351604e-49
cnv,GIMAP7,1.553335742121814,9.408752472135465e-50,1.553335742121814,6.1416931966351604e-49
cnv,TMEM204,1.5528878937384105,2.5236867631557134e-42,1.5528878937384105,1.4009697031364407e-41
cnv,RARRES2,1.5510889629667517,6.834837549636847e-50,1.5510889629667517,4.5068294299382046e-49
cnv,PIP,1.5473427961984743,1.7079791103935625e-52,1.5473427961984743,1.3058276406457158e-51
cnv,SNHG9,1.5461460906636786,2.5236867631557134e-42,1.5461460906636786,1.4009697031364407e-41
cnv,WASL,1.5452723070943954,9.800288020050747e-52,1.5452723070943954,6.84439469787415e-51
cnv,CLSTN2,1.5385536753065399,3.87133514949772e-64,1.5385536753065399,1.0057728718395077e-61
cnv,PDK4,1.5384086710996026,1.0996066687580521e-52,1.5384086710996026,8.656903410404301e-52
cnv,RSL1D1,1.5368074602991944,3.694359940622908e-41,1.5368074602991944,1.935069985027886e-40
cnv,RBP1,1.5365805181472934,5.041196616636938e-64,1.5365805181472934,1.0914190675018971e-61
cnv,CPXM1,1.5326809281926854,9.517807209613708e-55,1.5326809281926854,9.295963582923464e-54
cnv,PRC1,1.5306572230277304,4.134036163914895e-52,1.5306572230277304,2.983396098291916e-51
cnv,CST7,1.5297230886825297,9.982838472406614e-56,1.5297230886825297,1.1083510406543752e-54
cnv,SFRP2,1.527063847100603,1.112536252717302e-53,1.527063847100603,1.010618595999843e-52
cnv,DNMT3A,1.5217462347673392,5.992652586984317e-60,1.5217462347673392,1.3900813768736835e-58
cnv,ARID1A,1.518137545087392,4.1888388959476845e-41,1.518137545087392,2.185261737283551e-40
cnv,AZGP1,1.5160923231753216,4.481869511629617e-52,1.5160923231753216,3.216546130169543e-51
cnv,RPL37,1.5152867509769767,4.770977380140093e-58,1.5152867509769767,7.557926361953635e-57
cnv,CLDN4,1.514827189868324,7.83252113807665e-54,1.514827189868324,7.267460684543978e-53
cnv,CLDN3,1.5130771479906553,7.83252113807665e-54,1.5130771479906553,7.267460684543978e-53
cnv,ADAMTS12,1.5006664490825554,1.809747549842383e-58,1.5006664490825554,3.2203589962263774e-57
cnv,ELN,1.5005303447148668,1.500974796796475e-53,1.5005303447148668,1.3354563431771377e-52
cnv,SLPI,1.5000232853719861,8.320518824460067e-59,1.5000232853719861,1.613187157160243e-57
cnv,CENPA,1.4882225064229422,6.574782106112309e-59,1.4882225064229422,1.294036659975741e-57
cnv,MMP9,1.4832668128352067,3.9937110360182654e-58,1.4832668128352067,6.404729179984847e-57
cnv,LMO1,1.4826844234585326,1.9259355230560422e-52,1.4826844234585326,1.4461215285836988e-51
cnv,PLOD2,1.48158088028918,1.8498491104976798e-62,1.48158088028918,1.201476997268243e-60
cnv,UBE2C,1.481565666102287,3.9937110360182654e-58,1.481565666102287,6.404729179984847e-57
cnv,PLTP,1.4768295396688713,3.9937110360182654e-58,1.4768295396688713,6.404729179984847e-57
cnv,WFDC2,1.475335022351072,6.38632812842077e-58,1.475335022351072,9.759812045668918e-57
cnv,PTEN,1.4738025199831228,1.5723444402232242e-46,1.4738025199831228,9.544277700233496e-46
cnv,KIF23,1.4717125395246624,1.0122803128522083e-47,1.4717125395246624,6.261676792357232e-47
cnv,RAD51,1.4702709107733292,9.915236600745594e-45,1.4702709107733292,5.854496520167512e-44
cnv,NUSAP1,1.4698570606455026,9.912959321112468e-45,1.4698570606455026,5.854496520167512e-44
cnv,SMAD3,1.4672914610559864,1.4551034585177706e-47,1.4672914610559864,8.958196173528833e-47
cnv,MRPL36,1.4661161559159246,6.151388745524329e-57,1.4661161559159246,8.780938440039674e-56
cnv,NDUFS6,1.4661161559159246,6.151388745524329e-57,1.4661161559159246,8.780938440039674e-56
cnv,BLVRA,1.4552802250684764,1.9325366006101436e-53,1.4552802250684764,1.6515559501266952e-52
cnv,OXCT1,1.451502908368082,7.666094921772693e-58,1.451502908368082,1.1579368957421775e-56
cnv,SLC2A10,1.448861412102683,2.4337891588479045e-57,1.448861412102683,3.552238334093739e-56
cnv,MYBL2,1.4470623768588604,1.030475687548979e-59,1.4470623768588604,2.0593660278863445e-58
cnv,MTOR,1.4446455595490364,1.9404964459237073e-40,1.4446455595490364,9.846503450214437e-40
cnv,EZH2,1.4433818803538783,9.947898594618688e-50,1.4433818803538783,6.461160137204837e-49
cnv,NCOA3,1.4426861624911966,2.4055921984666507e-56,1.4426861624911966,3.033848801755514e-55
cnv,TM4SF1,1.4310864977713624,5.7850453195555e-63,1.4310864977713624,3.9551441421592606e-61
cnv,TM4SF18,1.4310135668042983,5.7850453195555e-63,1.4310135668042983,3.9551441421592606e-61
cnv,RARRES1,1.430022451035014,5.081110584568188e-63,1.430022451035014,3.89865817627855e-61
cnv,KIF2C,1.4296106833813926,1.132815852534736e-50,1.4296106833813926,7.507794859401132e-50
cnv,TFF3,1.4294517897142218,1.0091328734231367e-57,1.4294517897142218,1.5067397730766145e-56
cnv,CA12,1.4263579302504792,2.9547183514835917e-47,1.4263579302504792,1.810461857819427e-46
cnv,RRM2,1.4188798725793115,8.275258048883694e-57,1.4188798725793115,1.1315326532105176e-55
cnv,INHBA,1.415167160249176,1.918221667221835e-53,1.415167160249176,1.6515559501266952e-52
cnv,LXN,1.4061312942074093,5.081110584568188e-63,1.4061312942074093,3.89865817627855e-61
cnv,GREB1,1.4054153255675481,8.275258048883694e-57,1.4054153255675481,1.1315326532105176e-55
cnv,CPA3,1.402368267926935,8.785140796930552e-61,1.402368267926935,2.2823795790425575e-59
cnv,SIAH2,1.3954493243730854,9.148525336682455e-64,1.3954493243730854,1.5673652515447476e-61
cnv,GMPS,1.3932209239922537,9.643144333594926e-61,1.3932209239922537,2.4089316325653477e-59
cnv,BNIP3L,1.379422394953622,1.1258799644700424e-26,1.379422394953622,3.4170983033798716e-26
cnv,RUNX1,1.378441280342419,1.3814456420529266e-55,1.378441280342419,1.495414907522293e-54
cnv,CRNKL1,1.3735849415392025,6.1910545570334005e-56,1.3735849415392025,7.180517740702132e-55
cnv,FOXA1,1.373017587556804,1.0322500768025428e-55,1.373017587556804,1.1268007140894985e-54
cnv,RIN2,1.3722821184426506,6.1910545570334005e-56,1.3722821184426506,7.180517740702132e-55
cnv,NMU,1.3698749790172466,5.582865792998267e-53,1.3698749790172466,4.589963712091614e-52
cnv,COX7A1,1.3671804237754115,2.026101166689431e-64,1.3671804237754115,8.732289092283748e-62
cnv,C1orf115,1.3659804073421715,1.8523836553771752e-35,1.3659804073421715,7.177372488446262e-35
cnv,LIN9,1.3609634627558185,1.610035682475989e-35,1.3609634627558185,6.280589644253182e-35
cnv,PCOLCE,1.3586715070670183,4.2253311581886385e-51,1.3586715070670183,2.8587006117120006e-50
cnv,GSTM1,1.357715121529328,2.6534884648446725e-45,1.357715121529328,1.5884246616742993e-44
cnv,AR,1.3568869776968526,3.343399547116128e-48,1.3568869776968526,2.0880173133191586e-47
cnv,CENPF,1.3565343108692383,1.9996193666933433e-34,1.3565343108692383,6.853576668429163e-34
cnv,CAPN8,1.3554956598223231,1.8961437348987545e-35,1.3554956598223231,7.308874515232884e-35
cnv,IL25,1.3549270990184863,1.6786288509573012e-56,1.3549270990184863,2.1805388773935343e-55
cnv,DHX9,1.3542079232602173,3.340660035933933e-36,1.3542079232602173,1.343503834884885e-35
cnv,EXO1,1.3448945389904354,1.8565028145634676e-35,1.3448945389904354,7.177372488446262e-35
cnv,LMOD1,1.3438317596559144,2.071823812807587e-34,1.3438317596559144,7.063777251540829e-34
cnv,SERPINB9,1.3437593609488054,9.096735792949733e-52,1.3437593609488054,6.387383672995515e-51
cnv,AKT1,1.342753374569149,1.1249028503435868e-50,1.342753374569149,7.493583603058048e-50
cnv,EGLN1,1.3425238892775242,6.360068804761125e-35,1.3425238892775242,2.294924827051306e-34
cnv,FOXC1,1.3417570960871803,1.7477606129971176e-52,1.3417570960871803,1.3199657187693347e-51
cnv,SLC7A2,1.341634759350688,2.9049775777521622e-25,1.341634759350688,8.77573458953502e-25
cnv,SLC30A1,1.3413436385582478,1.098590760567017e-34,1.3413436385582478,3.899096715782937e-34
cnv,RAB4A,1.3410710444423097,7.738585335885306e-35,1.3410710444423097,2.7769122517444786e-34
cnv,CFH,1.3401863893168668,3.5398304293127255e-34,1.3401863893168668,1.1790358276095462e-33
cnv,NEK2,1.340096950743939,1.098590760567017e-34,1.340096950743939,3.899096715782937e-34
cnv,OLR1,1.339955479277596,2.0642126806613262e-61,1.339955479277596,6.703530680447656e-60
cnv,CHCHD2,1.3390522537125662,9.047511977866076e-55,1.3390522537125662,8.903574287309116e-54
cnv,BRCA1,1.338805409532732,6.106817076959579e-38,1.338805409532732,2.7074250453824207e-37
cnv,C6orf62,1.3380195819342355,1.1805679903939905e-53,1.3380195819342355,1.0649707080012457e-52
cnv,ASPM,1.3369020743442368,5.328066076236147e-34,1.3369020743442368,1.7611088633666042e-33
cnv,MFAP5,1.3360128091737868,1.2285360433955038e-61,1.3360128091737868,4.8359646071841196e-60
cnv,TUBB2A,1.3358651300143696,5.797008208661704e-52,1.3358651300143696,4.0925617733975833e-51
cnv,A2M,1.335680000885052,1.2285360433955038e-61,1.335680000885052,4.8359646071841196e-60
cnv,CLEC2B,1.3351619268887367,2.0642126806613262e-61,1.3351619268887367,6.703530680447656e-60
cnv,LPL,1.3351055710014834,2.2821682132387556e-24,1.3351055710014834,6.86235303008598e-24
cnv,STC1,1.3348717671469958,5.099315117179432e-25,1.3348717671469958,1.536893349702107e-24
cnv,ELF3,1.3346892776477755,2.071823812807587e-34,1.3346892776477755,7.063777251540829e-34
cnv,KCNK1,1.3340821434013683,9.677894836274724e-35,1.3340821434013683,3.463246664551203e-34
cnv,PTPRC,1.3338139159696167,1.5862435573558604e-34,1.3338139159696167,5.494747682680701e-34
cnv,KCTD3,1.3335997110117144,6.716731512988074e-34,1.3335997110117144,2.2144756942567277e-33
cnv,PPP2R5A,1.33282410660268,2.6162274134717833e-34,1.33282410660268,8.850206797135016e-34
cnv,SCG5,1.3320480651958424,6.041704236229379e-41,1.3320480651958424,3.126762471259746e-40
cnv,AEBP1,1.3298228399912997,1.9325366006101436e-53,1.3298228399912997,1.6515559501266952e-52
cnv,POLD2,1.3298228399912997,1.9325366006101436e-53,1.3298228399912997,1.6515559501266952e-52
cnv,RGS2,1.3286812145858242,1.4615665598275315e-35,1.3286812145858242,5.718599280770975e-35
cnv,SSR3,1.324991991757416,9.643144333594926e-61,1.324991991757416,2.4089316325653477e-59
cnv,KAT2A,1.3248724322585061,1.038666525900487e-38,1.3248724322585061,4.801522480942108e-38
cnv,CDC20,1.324106609379797,2.825478346948917e-49,1.324106609379797,1.7991648885718837e-48
cnv,UBE2T,1.3226658161270537,1.220491399690552e-34,1.3226658161270537,4.273364766032418e-34
cnv,LAMB3,1.3221401539026274,1.1099228618408427e-34,1.3221401539026274,3.928582554581076e-34
cnv,DNMT1,1.321873559023388,1.3974645435572993e-56,1.321873559023388,1.83364287078882e-55
cnv,RGS1,1.3208956795287823,4.6426840526977436e-35,1.3208956795287823,1.6893127687547252e-34
cnv,ATP6V1B2,1.3200158392999919,2.1464937580531715e-23,1.3200158392999919,6.439481274159515e-23
cnv,NRN1,1.3185989399521874,4.328013440374901e-53,1.3185989399521874,3.627154489707739e-52
cnv,RUNDC1,1.3119892262433903,6.106817076959579e-38,1.3119892262433903,2.7074250453824207e-37
cnv,FCER1A,1.3108285677268077,4.662473318206551e-35,1.3108285677268077,1.6917745364107008e-34
cnv,SLC2A3,1.310792738497091,1.3466286336805073e-61,1.310792738497091,5.048388916609986e-60
cnv,MELK,1.3105306346971235,2.17187613823868e-49,1.3105306346971235,1.389786750528101e-48
cnv,CREG1,1.3091510732172873,2.335704896234711e-34,1.3091510732172873,7.942619529342644e-34
cnv,PPP1R2,1.3075516093829347,8.689095423699463e-61,1.3075516093829347,2.2823795790425575e-59
cnv,APOD,1.3064783605713712,8.689095423699463e-61,1.3064783605713712,2.2823795790425575e-59
cnv,CD163,1.3064201416439454,7.93795254221142e-62,1.3064201416439454,3.8190371675306054e-60
cnv,PRRX1,1.3043545725329229,2.572565314795902e-34,1.3043545725329229,8.725228052010123e-34
cnv,GOLT1A,1.302903833292342,2.24171695463087e-35,1.302903833292342,8.465088151353198e-35
cnv,ZEB1,1.3028315597203366,2.0064811004821436e-55,1.3028315597203366,2.136408975021561e-54
cnv,ETV3,1.301901377550108,3.4033257256611456e-35,1.301901377550108,1.2488474908570137e-34
cnv,C1S,1.301526749650407,1.0992762033844192e-61,1.301526749650407,4.6063218974076147e-60
cnv,MNDA,1.301346205747399,1.5093377841128038e-34,1.301346205747399,5.242325619151156e-34
cnv,NES,1.3008914915884096,2.26647009038534e-35,1.3008914915884096,8.509088576331088e-35
cnv,CRABP2,1.3008914915884096,2.26647009038534e-35,1.3008914915884096,8.509088576331088e-35
cnv,IFI16,1.3000106813076693,1.0311455463072648e-34,1.3000106813076693,3.6798298479481787e-34
cnv,CD93,1.2989018375394763,2.0362820082586666e-56,1.2989018375394763,2.6189409195326812e-55
cnv,MDM4,1.2979416710990097,2.24171695463087e-35,1.2979416710990097,8.465088151353198e-35
cnv,ACLY,1.2945139784169146,7.749333147583154e-38,1.2945139784169146,3.4008053238886883e-37
cnv,QSOX1,1.292066516665468,1.1149684584195147e-33,1.292066516665468,3.6118304924861584e-33
cnv,SELL,1.2917564335845204,3.925541172443129e-34,1.2917564335845204,1.3008362201539857e-33
cnv,ARID1B,1.2885686073890068,2.191160561206984e-40,1.2885686073890068,1.1075165638162926e-39
cnv,RAB25,1.2884166735691922,6.585172863195624e-35,1.2884166735691922,2.3695677421859047e-34
cnv,AURKB,1.2878270306377213,1.0681512750808533e-30,1.2878270306377213,3.3354050632933375e-30
cnv,FKBP10,1.287126856816264,7.749333147583154e-38,1.287126856816264,3.4008053238886883e-37
cnv,NID1,1.2855137047716796,2.7896691671461243e-33,1.2855137047716796,8.925567113602993e-33
cnv,EPHX2,1.2853224190036394,9.710289592998953e-26,1.2853224190036394,2.9402485271108715e-25
cnv,SNRPE,1.2839877450623773,5.186926194457101e-35,1.2839877450623773,1.8768292831754245e-34
cnv,JUP,1.2816876038983618,7.749333147583154e-38,1.2816876038983618,3.4008053238886883e-37
cnv,RFC4,1.2811971721934001,1.0238099343877967e-59,1.2811971721934001,2.0593660278863445e-58
cnv,S100A4,1.2785275397167437,2.7472067792767955e-35,1.2785275397167437,1.0196061732230164e-34
cnv,S100A6,1.2785275397167437,2.7472067792767955e-35,1.2785275397167437,1.0196061732230164e-34
cnv,S100A16,1.2778884235508676,2.7472067792767955e-35,1.2778884235508676,1.0196061732230164e-34
cnv,TP53,1.277129167457761,8.304283502540943e-31,1.277129167457761,2.5993407879037794e-30
cnv,BAG1,1.2752526629591103,1.329736960541494e-48,1.2752526629591103,8.425991764601954e-48
cnv,EIF3K,1.2743524538938493,2.182707778922659e-63,1.2743524538938493,2.8353374048205338e-61
cnv,S100A14,1.2742739609780875,2.7472067792767955e-35,1.2742739609780875,1.0196061732230164e-34
cnv,VANGL2,1.273658080251169,1.407252643302434e-34,1.273658080251169,4.900861082171211e-34
cnv,ECH1,1.2725701718219393,2.6411494089285823e-61,1.2725701718219393,7.797393368632338e-60
cnv,S100A9,1.2667736528950884,2.152235228933491e-35,1.2667736528950884,8.198690798781832e-35
cnv,CDKN1B,1.2646406496952083,2.294797565278437e-56,1.2646406496952083,2.9224921934281274e-55
cnv,TBC1D20,1.2589449669236095,1.8481481941216996e-54,1.2589449669236095,1.7916003762418566e-53
cnv,ANKH,1.2583971628978095,4.46369731013438e-56,1.2583971628978095,5.319580555839046e-55
cnv,SCNN1A,1.2582204485092914,7.236564609487358e-62,1.2582204485092914,3.7228048464898897e-60
cnv,MAGEF1,1.2576190130896898,8.258496319520096e-60,1.2576190130896898,1.818268935433323e-58
cnv,FOXM1,1.2561292203190466,5.591846482469604e-62,1.2561292203190466,3.0265869086366735e-60
cnv,NUF2,1.2547150958764228,1.6847563393649577e-33,1.2547150958764228,5.417075457512575e-33
cnv,RGS5,1.2544019109802074,1.6847563393649577e-33,1.2544019109802074,5.417075457512575e-33
cnv,FMOD,1.2503267880799327,1.220491399690552e-34,1.2503267880799327,4.273364766032418e-34
cnv,GAPDH,1.249742435800224,1.0023557388469313e-61,1.249742435800224,4.3402003492072124e-60
cnv,PTMS,1.2496591672105724,1.0023557388469313e-61,1.2496591672105724,4.3402003492072124e-60
cnv,CD4,1.2496591672105724,1.0023557388469313e-61,1.2496591672105724,4.3402003492072124e-60
cnv,VWF,1.2469773479209767,8.785868019501501e-60,1.2469773479209767,1.8709577962840083e-58
cnv,RBBP8,1.2453319329293548,1.4230345162886114e-38,1.2453319329293548,6.508879706545444e-38
cnv,CHI3L1,1.2435989494039545,1.220491399690552e-34,1.2435989494039545,4.273364766032418e-34
cnv,CYB5R1,1.2435989494039545,1.220491399690552e-34,1.2435989494039545,4.273364766032418e-34
cnv,C1orf116,1.2429369894661269,3.466811262914409e-35,1.2429369894661269,1.2676810838736474e-34
cnv,CD55,1.242504262445506,3.377763188325149e-35,1.242504262445506,1.2429785783666766e-34
cnv,MUC1,1.2414579758578743,1.9180862439858671e-34,1.2414579758578743,6.591518600364131e-34
cnv,DSP,1.2404260256793815,1.7189878872241525e-52,1.2404260256793815,1.3058276406457158e-51
cnv,CD9,1.2402258300435252,8.785868019501501e-60,1.2402258300435252,1.8709577962840083e-58
cnv,MIA,1.234473191003969,1.238898935855356e-63,1.234473191003969,1.7881441307512305e-61
cnv,GMFG,1.2288297741703555,2.4204464731608824e-63,1.2288297741703555,2.8583272442145333e-61
cnv,ELOVL2,1.2276219414487666,3.616652143008386e-52,1.2276219414487666,2.6393433335774684e-51
cnv,RTP4,1.2272994113900624,1.0238099343877967e-59,1.2272994113900624,2.0593660278863445e-58
cnv,SEC62,1.2250875212037347,6.193282098152088e-58,1.2250875212037347,9.577468387499478e-57
cnv,GPR160,1.2250875212037347,6.193282098152088e-58,1.2250875212037347,9.577468387499478e-57
cnv,SLAMF7,1.2192598325746076,1.407252643302434e-34,1.2192598325746076,4.900861082171211e-34
cnv,FLT1,1.218843863709805,4.829756774385019e-37,1.218843863709805,2.0369656006253702e-36
cnv,CDKN2A,1.2165995899653717,4.965223348115697e-43,1.2165995899653717,2.8665889463121287e-42
cnv,CDK4,1.215738400874545,2.6889265873083134e-64,1.215738400874545,8.732289092283748e-62
cnv,S100A10,1.2143043156444413,3.4741683283989103e-35,1.2143043156444413,1.2676810838736474e-34
cnv,EFNA4,1.2129151295632492,1.9180862439858671e-34,1.2129151295632492,6.591518600364131e-34
cnv,SHC1,1.2123676400370722,1.9180862439858671e-34,1.2123676400370722,6.591518600364131e-34
cnv,ALDH1A3,1.2074585425486835,8.658753949627489e-48,1.2074585425486835,5.381684871084263e-47
cnv,RB1,1.2027755829402242,6.92398662337626e-29,1.2027755829402242,2.1313409061056306e-28
cnv,CCND2,1.2003650287798546,8.034733758609069e-60,1.2003650287798546,1.7995033021436518e-58
cnv,CD40,1.1953866801792803,3.9937110360182654e-58,1.1953866801792803,6.404729179984847e-57
cnv,MGP,1.1943387080103656,1.173735226711601e-56,1.1943387080103656,1.588210478644135e-55
cnv,WIF1,1.1912690267013948,2.088852534324703e-64,1.1912690267013948,8.732289092283748e-62
cnv,GPR18,1.1880732200276822,1.7300771661934565e-35,1.1880732200276822,6.728653409836227e-35
cnv,ALDH3B2,1.1843957782409604,5.448488868468973e-53,1.1843957782409604,4.5080172230198705e-52
cnv,SLC2A4RG,1.1831293566977985,2.5233403914475115e-54,1.1831293566977985,2.410161153301704e-53
cnv,GSTP1,1.181002402183746,2.941352720205006e-52,1.181002402183746,2.1833241048836014e-51
cnv,BRCA2,1.1787075550499286,1.2141256181661383e-36,1.1787075550499286,5.0227680827955856e-36
cnv,MAP2K4,1.1756698630383882,8.405170131911588e-28,1.1756698630383882,2.5750745286210265e-27
cnv,MT2A,1.1685580946183913,3.092782333667876e-35,1.1685580946183913,1.1413421168848212e-34
cnv,MT1E,1.1663617707703922,3.092782333667876e-35,1.1663617707703922,1.1413421168848212e-34
cnv,KRT14,1.16304715365688,2.1058117950684135e-37,1.16304715365688,8.939377522202187e-37
cnv,NDUFS2,1.1615174846031004,3.737857455929835e-33,1.1615174846031004,1.1813812251223494e-32
cnv,CX3CL1,1.1579298187506277,1.4906955061304886e-36,1.1579298187506277,6.127890703998432e-36
cnv,PI4KB,1.1567852930465818,3.1450135597363516e-34,1.1567852930465818,1.0502243223901082e-33
cnv,SELENBP1,1.1567852930465818,3.1450135597363516e-34,1.1567852930465818,1.0502243223901082e-33
cnv,CBFB,1.1564949771869475,4.769293032219242e-38,1.1564949771869475,2.1429160816759706e-37
cnv,ELMO3,1.1564949771869475,4.769293032219242e-38,1.1564949771869475,2.1429160816759706e-37
cnv,LGALS3BP,1.1553917763099664,2.9004838262293572e-39,1.1553917763099664,1.3750833906101953e-38
cnv,SLC39A6,1.1550765358773225,6.074499459961566e-36,1.1550765358773225,2.4354243205216274e-35
cnv,TYMS,1.1513463811243807,9.600914211305873e-38,1.1513463811243807,4.157195853495443e-37
cnv,SOX9,1.1500453339346866,3.472364255316992e-40,1.1500453339346866,1.728199681094549e-39
cnv,VIM,1.1461370709790164,3.527656790961901e-56,1.1461370709790164,4.2826412817378596e-55
cnv,MMP2,1.1437329891959187,7.713188807919186e-34,1.1437329891959187,2.536565129490385e-33
cnv,CD44,1.1430138354689148,7.45134149412911e-62,1.1430138354689148,3.7228048464898897e-60
cnv,CDH1,1.1399029105154388,1.2526243355516246e-37,1.1399029105154388,5.370161755384688e-37
cnv,CDH3,1.136310178190902,4.784031283187309e-38,1.136310178190902,2.1429160816759706e-37
cnv,CDC42SE1,1.135748596131067,3.1450135597363516e-34,1.135748596131067,1.0502243223901082e-33
cnv,SEC14L2,1.1353897597321807,3.845313753255556e-34,1.1353897597321807,1.2775096075393779e-33
cnv,BNIPL,1.1350861223352726,3.1450135597363516e-34,1.1350861223352726,1.0502243223901082e-33
cnv,AQP1,1.134748612186998,7.354553848530322e-54,1.134748612186998,6.922873513942673e-53
cnv,AKT2,1.1333988129577524,9.65274981705772e-64,1.1333988129577524,1.5673652515447476e-61
cnv,CMTM3,1.1324326301143286,1.8652990933692864e-37,1.1324326301143286,7.970472112785207e-37
cnv,SMAD4,1.1287660434907196,1.4907153093696013e-33,1.1287660434907196,4.8170129026644576e-33
cnv,TMEM45B,1.125476067393338,2.1496982196526788e-29,1.125476067393338,6.632916834510285e-29
cnv,NDC80,1.1254739469092665,8.303699364110025e-38,1.1254739469092665,3.6196327093889e-37
cnv,AURKA,1.124481073208254,2.164343585231683e-55,1.124481073208254,2.249185853772765e-54
cnv,ATM,1.1232098968253887,1.7035157208234682e-27,1.1232098968253887,5.194523289553252e-27
cnv,ANXA9,1.120513802035823,3.1450135597363516e-34,1.120513802035823,1.0502243223901082e-33
cnv,NPEPPS,1.116810960147883,2.9165126231889143e-41,1.116810960147883,1.5338258694422671e-40
cnv,NF1,1.1160694952084844,2.206304989069336e-35,1.1160694952084844,8.380088247956338e-35
cnv,TIMP2,1.112521982805455,2.8982396180619335e-39,1.112521982805455,1.3750833906101953e-38
cnv,SERPINB5,1.1094871579979788,2.8028690420409222e-36,1.1094871579979788,1.1377896517534869e-35
cnv,DSTN,1.1070095300726392,4.184633992955048e-56,1.1070095300726392,5.033184774859822e-55
cnv,BRD4,1.104958743143161,5.43480006319893e-55,1.104958743143161,5.4306194477657e-54
cnv,FAM107B,1.103567288986575,3.527656790961901e-56,1.103567288986575,4.2826412817378596e-55
cnv,CTSS,1.1031747717867797,8.77748878537263e-34,1.1031747717867797,2.8576335669671797e-33
cnv,GOLPH3L,1.102856041709911,8.77748878537263e-34,1.102856041709911,2.8576335669671797e-33
cnv,ECM1,1.1019154221151577,8.77748878537263e-34,1.1019154221151577,2.8576335669671797e-33
cnv,SYNGR2,1.098610299270863,8.184627130655274e-40,1.098610299270863,3.937783327788953e-39
cnv,BIRC5,1.0950047471778828,8.184769041593667e-40,1.0950047471778828,3.937783327788953e-39
cnv,BCL2,1.0939596332397308,2.8028690420409222e-36,1.0939596332397308,1.1377896517534869e-35
cnv,NOTCH3,1.0909166249325812,2.4093683061323934e-55,1.0909166249325812,2.4451323669265464e-54
cnv,GRAMD1A,1.090412600774901,1.787928735796328e-64,1.090412600774901,8.732289092283748e-62
cnv,ESR1,1.0895984749934011,4.454952211186212e-40,1.0895984749934011,2.2003737347265738e-39
cnv,PIK3CA,1.0864896599602487,8.540663730281657e-59,1.0864896599602487,1.6315179684758638e-57
cnv,LRP5,1.0858886320992434,1.8933392839698186e-48,1.0858886320992434,1.1881389999404802e-47
cnv,COTL1,1.084874446568557,2.768583303281836e-36,1.084874446568557,1.1309401606802218e-35
cnv,RPRD2,1.0819064523858568,8.77748878537263e-34,1.0819064523858568,2.8576335669671797e-33
cnv,TMEM147,1.0802400307579454,2.580840182085089e-62,1.0802400307579454,1.4576136506645785e-60
cnv,GATA3,1.0776164831113706,5.836998800029562e-56,1.0776164831113706,6.892964946580364e-55
cnv,PLAU,1.0773151032722093,3.4645278113762236e-52,1.0773151032722093,2.5426110886879744e-51
cnv,EGFR,1.0747997205369395,2.1382130825787312e-54,1.0747997205369395,2.0574361439035346e-53
cnv,VEGFA,1.070957020478237,4.0396773768013226e-54,1.070957020478237,3.830321833915999e-53
cnv,FXYD5,1.0682919955660886,2.580840182085089e-62,1.0682919955660886,1.4576136506645785e-60
cnv,PGR,1.0595355797867085,1.0935642654773736e-26,1.0595355797867085,3.326791524250839e-26
cnv,TFAP2C,1.0567943181842423,2.0350294176780793e-55,1.0567943181842423,2.149189604523435e-54
cnv,CHEK2,1.0529841547626977,7.512182003394337e-33,1.0529841547626977,2.3685253452449622e-32
cnv,NET1,1.0468706234557605,1.2004529867710082e-56,1.0468706234557605,1.6076169379541643e-55
cnv,ID4,1.0395095591284738,6.902577812323631e-53,1.0395095591284738,5.6040303613802475e-52
cnv,KRT19,1.037480132093549,7.122704847042219e-36,1.037480132093549,2.820851706191415e-35
cnv,KRT15,1.0373903194188496,7.122704847042219e-36,1.0373903194188496,2.820851706191415e-35
cnv,SYCP2,1.0361440316269643,1.0061130266978172e-53,1.0361440316269643,9.203808603383553e-53
cnv,LY96,1.0195728580537713,4.1090526451468444e-42,1.0195728580537713,2.2713444195939368e-41
cnv,TRAM1,1.0161608014642125,5.660176194659328e-42,1.0161608014642125,3.102349737072771e-41
cnv,SSH3,1.0108763564719971,4.043024757459504e-52,1.0108763564719971,2.934016290469215e-51
cnv,LYPLA1,0.9963859293447805,2.290672967682662e-38,0.9963859293447805,1.0367889146410376e-37
cnv,CCDC3,0.9954603731397965,3.527656790961901e-56,0.9954603731397965,4.2826412817378596e-55
cnv,SNAI2,0.986220049879742,9.642681900733513e-39,0.986220049879742,4.47351563894744e-38
cnv,SDCBP,0.9812943487394481,4.757258038415224e-39,0.9812943487394481,2.2197669904152113e-38
cnv,MARCKS,0.9803040592357157,3.625215939417465e-39,0.9803040592357157,1.7062157627910458e-38
cnv,ABCC11,0.9784850661989792,5.2591823943498065e-30,0.9784850661989792,1.6382920696068101e-29
cnv,ALDOC,0.970575145423358,2.377254827017703e-42,0.970575145423358,1.336819922206059e-41
cnv,TPD52,0.9666445891621366,6.06399680830821e-42,0.9666445891621366,3.309719266383347e-41
cnv,RHOD,0.9579463145106982,8.335334665760686e-54,0.9579463145106982,7.679148745264633e-53
cnv,RSPO2,0.9534791722045639,2.2395831573378306e-40,0.9534791722045639,1.1276040780549775e-39
cnv,FZD6,0.945451620053781,1.4387755443250394e-41,0.945451620053781,7.755059884142016e-41
cnv,VEZF1,0.9416713217904649,8.844560177662306e-38,0.9416713217904649,3.842502899927537e-37
cnv,TSPYL5,0.9414841050448626,8.962198144422288e-41,0.9414841050448626,4.601539679685594e-40
cnv,RAB34,0.9337824086599673,2.377254827017703e-42,0.9337824086599673,1.336819922206059e-41
cnv,CTHRC1,0.9335778466570828,5.128808457801965e-41,0.9335778466570828,2.664928874673901e-40
cnv,ATP6V1C1,0.9317273976695306,2.323909568080389e-41,0.9317273976695306,1.2271376133887908e-40
cnv,LAPTM4B,0.9228704481228838,9.988270503558708e-41,0.9228704481228838,5.088142503577553e-40
cnv,MTDH,0.9225535963383255,9.988270503558708e-41,0.9225535963383255,5.088142503577553e-40
cnv,TMEM97,0.9218297244040317,3.710188321877635e-40,0.9218297244040317,1.839517034396583e-39
cnv,KDM2A,0.9209386501379664,8.972957672452324e-53,0.9209386501379664,7.239672059947559e-52
cnv,EFR3A,0.9174135302318217,4.97390951196001e-37,0.9174135302318217,2.0909736103676546e-36
cnv,ZHX1,0.9143312434686526,9.908423394610244e-38,0.9143312434686526,4.276093684252062e-37
cnv,TP53INP1,0.9096719815558127,1.5641736277870818e-41,0.9096719815558127,8.361570133726005e-41
cnv,CCNE2,0.9081249419057223,1.5641736277870818e-41,0.9081249419057223,8.361570133726005e-41
cnv,PLEKHF2,0.906751985616669,2.0747116346661265e-41,0.906751985616669,1.1045288579636469e-40
cnv,ASAP1,0.9067460907744974,2.7595136061999787e-36,0.9067460907744974,1.1307912222251648e-35
cnv,COL14A1,0.9040418263465189,1.1325823258539236e-37,0.9040418263465189,4.871604110212737e-37
cnv,TSPAN14,0.9022037278676402,6.421346084239478e-53,0.9022037278676402,5.246118593350366e-52
cnv,FABP4,0.9004963460112853,1.1073817374455872e-41,0.9004963460112853,5.99370365392424e-41
cnv,MDM2,0.894628662340482,2.855570701833218e-60,0.894628662340482,6.869233966076574e-59
cnv,ISM1,0.8833385533121731,9.68600601113392e-56,0.8833385533121731,1.0846656731433589e-54
cnv,NDRG1,0.880910246081618,9.107851706132978e-37,0.880910246081618,3.804212014876765e-36
cnv,YWHAZ,0.8747709897079661,4.776008652110642e-40,0.8747709897079661,2.3411453732421602e-39
cnv,COL10A1,0.8744854595364,3.349330398226085e-39,0.8744854595364,1.5821018862893398e-38
cnv,GRHL2,0.8682886683258904,5.6703066060761046e-40,0.8682886683258904,2.7690707824409247e-39
cnv,PABPC1,0.8670112173719263,4.776008652110642e-40,0.8670112173719263,2.3411453732421602e-39
cnv,ENPP2,0.8650138426182561,1.0751222658560375e-35,0.8650138426182561,4.2192864753685586e-35
cnv,PRKAR1A,0.8607463147440532,4.7676288708686984e-39,0.8607463147440532,2.2197669904152113e-38
cnv,MIR635,0.8572817023170944,4.5122643800532676e-39,0.8572817023170944,2.116040227324619e-38
cnv,AP2B1,0.8559454750672978,3.267112802253472e-33,0.8559454750672978,1.040191061305701e-32
cnv,EXT1,0.847390472002493,1.896244728110938e-37,0.847390472002493,8.076137383003633e-37
cnv,NCOR1,0.8454411394542662,7.180750861457242e-30,0.8454411394542662,2.2262041453539278e-29
cnv,MAL2,0.8335878054035201,7.907058284617365e-36,0.8335878054035201,3.1165326305861283e-35
cnv,C17orf58,0.8325805757966974,3.19336525023934e-40,0.8325805757966974,1.595454407715732e-39
cnv,CACNG4,0.8286657930360788,6.434474600521494e-41,0.8286657930360788,3.316818454792627e-40
cnv,COPZ2,0.8187762936706438,2.309937287887526e-41,0.8187762936706438,1.2247381783534273e-40
cnv,PHGDH,0.8160448833942142,1.7971382969562343e-49,0.8160448833942142,1.1556844790822517e-48
cnv,GIT1,0.8141787758963588,1.6174531513844566e-38,0.8141787758963588,7.372181205783892e-38
cnv,PRR15L,0.8122164836505066,8.734012981420747e-42,0.8122164836505066,4.747063959357971e-41
cnv,CHAD,0.8120454641418932,6.654888358343518e-36,0.8120454641418932,2.651748459352218e-35
cnv,SQLE,0.8068389185628417,1.3126183296182543e-39,0.8068389185628417,6.268717684463649e-39
cnv,SKAP1,0.801120207287427,2.402011510532433e-40,0.801120207287427,1.204715425552753e-39
cnv,TRPS1,0.7999473900906706,1.2446594154641748e-38,0.7999473900906706,5.733377945701997e-38
cnv,RSAD1,0.7998128154900532,6.654888358343518e-36,0.7998128154900532,2.651748459352218e-35
cnv,HOXB13,0.7976011773965641,1.1846563310442638e-39,0.7976011773965641,5.67848182297601e-39
cnv,COL1A1,0.7951511070251809,1.1379519100943117e-36,0.7951511070251809,4.72268220834668e-36
cnv,HOXB2,0.7896362962962049,7.501325888069466e-40,0.7896362962962049,3.635903853956058e-39
cnv,HOXB7,0.789106246075251,7.501325888069466e-40,0.789106246075251,3.635903853956058e-39
cnv,MRC2,0.7696494078403389,1.1326702430675029e-36,0.7696494078403389,4.7158289927714304e-36
cnv,FGFR2,0.744959550480695,1.666348781285258e-48,0.744959550480695,1.05077042082017e-47
cnv,SFRP1,0.7293770558724463,8.428886322826024e-32,0.7293770558724463,2.6447157810026585e-31
cnv,MYC,0.7224845459872653,5.342124189614586e-38,0.7224845459872653,2.3846801794877484e-37
cnv,PLAT,0.6986545340515614,1.8521415505099452e-29,0.6986545340515614,5.728409224077188e-29
cnv,CHEK1,0.6616964984232331,1.2521200679443831e-27,0.6616964984232331,3.827068160611185e-27
cnv,ZNF703,0.6592870655018264,7.061974065581127e-30,0.6592870655018264,2.1946182562655225e-29
cnv,IGF1R,0.6236478361722726,2.386037261148522e-46,0.6236478361722726,1.441610419642758e-45
cnv,KRT10,0.6069947234702675,9.667455192825789e-34,0.6069947234702675,3.139506073870175e-33
cnv,PPM1D,0.601341609634199,1.8978340981049792e-38,0.601341609634199,8.619882844190098e-38
cnv,CCND1,0.5915830339556,5.9127905400612175e-37,0.5915830339556,2.4776499714643615e-36
cnv,KRT23,0.5866572579426445,2.9765650185112608e-33,0.5866572579426445,9.500142405518742e-33
cnv,FGF3,0.5824080897065816,1.3835169135385405e-38,0.5824080897065816,6.350489295712241e-38
cnv,FGF19,0.5776155761158579,3.115996947688077e-37,0.5776155761158579,1.3184625521325122e-36
cnv,FGF4,0.5761696106617744,8.253929950838424e-38,0.5761696106617744,3.6100521906192297e-37
cnv,IGFBP4,0.5572463865759756,1.0912900655989803e-32,0.5572463865759756,3.4324111264239113e-32
cnv,TOP2A,0.5411041118608191,3.586528276487324e-33,0.5411041118608191,1.1363171295504958e-32
cnv,RSF1,0.5410812645907669,3.2460225379184764e-36,0.5410812645907669,1.313577344783832e-35
cnv,PAK1,0.523526444616708,1.2905336426557673e-36,0.523526444616708,5.32191492638045e-36
cnv,FGFR1,0.5020389915524063,1.6039239441630425e-28,0.5020389915524063,4.925525303706365e-28
cnv,THRSP,0.4813881669508755,3.331107700792892e-36,0.4813881669508755,1.343503834884885e-35
cnv,RARA,0.47714635391977817,3.586528276487324e-33,0.47714635391977817,1.1363171295504958e-32
methy,PPP2R5A,-0.4453906204862043,3.65982881352304e-05,0.4453906204862043,0.00010954188084715275
cnv,STAC2,0.40578898511454425,7.917288437978618e-36,0.40578898511454425,3.1165326305861283e-35
cnv,CDC6,0.4040799680886209,1.971526314933133e-33,0.4040799680886209,6.323488106415159e-33
methy,MNDA,-0.397515080402869,0.0003775747054052902,0.397515080402869,0.0011147035052760728
methy,STC1,-0.3918978561326432,0.00012133921807442326,0.3918978561326432,0.00036151294559329315
methy,FABP4,-0.38501685992713863,0.0022027278707135952,0.38501685992713863,0.00631643157628468
methy,ECH1,-0.36549629581467247,0.0002953912955028979,0.36549629581467247,0.0008760577462517451
methy,IFI16,-0.36487790275900367,0.002369651111929104,0.36487790275900367,0.00678012509778834
methy,RGS1,-0.3630917396048555,0.010488178467062462,0.3630917396048555,0.0278043751606411
methy,INHBA,-0.36078937692275515,0.0045914130613827694,0.36078937692275515,0.012771403783161064
cnv,PPP1R1B,0.3429921135817928,2.0581435006032485e-35,0.3429921135817928,7.863318844951823e-35
methy,EXO1,-0.3404842982745139,0.027552582286970616,0.3404842982745139,0.06804335435508523
cnv,ERBB2,0.33288130874551625,2.0581435006032485e-35,0.33288130874551625,7.863318844951823e-35
cnv,GRB7,0.3328703884901015,2.0581435006032485e-35,0.3328703884901015,7.863318844951823e-35
methy,SLPI,-0.32819578298437624,0.00010959555533605305,0.32819578298437624,0.00032727500317593773
methy,ELN,0.32682054684466944,0.0031114246774164053,0.32682054684466944,0.008786392730356326
methy,SLAMF7,-0.31414865380018,0.0012725316341009253,0.31414865380018,0.0037146485229148356
methy,TPD52,-0.3122368815747658,0.0027600910606815805,0.3122368815747658,0.00786262782417845
rna,MAPRE1,0.31085175289709044,0.001614171910369652,0.31085175289709044,0.004680377927612005
methy,CD163,-0.3102522369742819,0.0072019543246864765,0.3102522369742819,0.019530978429577732
methy,ANLN,-0.30030422318915095,0.0019902864508639876,0.30030422318915095,0.005719871901929911
methy,KDM2A,0.2998010486438748,0.004358422221563714,0.2998010486438748,0.012175463367336053
rna,AURKA,0.2997523315509918,0.00029002408083719333,0.2997523315509918,0.000862108194525204
methy,MIR635,-0.298704852681771,0.0006768941575058565,0.298704852681771,0.0019848431390521617
rna,TPX2,0.2966509751278915,0.00040941543479114476,0.2966509751278915,0.0012059651922759571
methy,ASAP1,-0.29628683489422525,0.010345941628325344,0.29628683489422525,0.027483390951318243
rna,E2F1,0.29440479671033193,0.0007939356602727858,0.29440479671033193,0.002322798249311596
methy,NCOA3,-0.29341878170088403,0.0017859760645507453,0.29341878170088403,0.005155517573003151
methy,CREG1,-0.29287824441557864,0.007176427130581416,0.29287824441557864,0.019502466197960797
methy,IL25,-0.292858981609322,0.012585863569569356,0.292858981609322,0.03276360075525169
methy,AR,-0.2904960978090308,0.06758918539897336,0.2904960978090308,0.14805792889252345
methy,CHAD,0.28815368755517384,0.02506788934482606,0.28815368755517384,0.062262310246518265
methy,KDELR2,-0.2852235236293684,0.00557913785869062,0.2852235236293684,0.015387048998809163
methy,PTPRC,-0.2849260158679717,0.021697965270996277,0.2849260158679717,0.05451771158031753
rna,UBE2C,0.2813730569565669,0.0003625368733354792,0.2813730569565669,0.00107274578237537
methy,PABPC1,-0.2811051413827124,0.0030521316095356577,0.2811051413827124,0.00865659161743847
rna,CCNB1,0.279858741158133,0.001353827660469704,0.279858741158133,0.003943098948318712
rna,KDELR2,0.2783098974107457,0.010153163503632824,0.2783098974107457,0.027072866664186016
rna,PLTP,0.27651925279457334,0.030156552358471846,0.27651925279457334,0.0737728088769396
methy,TMEM147,0.27460893531950525,0.019907019969064018,0.27460893531950525,0.050704350862380704
methy,PRC1,-0.27413253984683367,0.01580163727405529,0.27413253984683367,0.04088909724899964
methy,PLEKHF2,-0.27324899719120394,0.011112281219630942,0.27324899719120394,0.029161319806667866
methy,DSP,-0.2695420948963123,0.0027708339089290075,0.2695420948963123,0.00787595896651812
rna,MCM2,0.269405360178062,0.011417229726959167,0.269405360178062,0.029901172208306365
rna,MYBL2,0.26934649966055113,0.0005685324936465235,0.26934649966055113,0.0016708681204679501
methy,MTOR,-0.26785238484112883,0.002728090394476061,0.26785238484112883,0.007788548181152535
methy,OLR1,-0.2669353868590195,0.01658957154025091,0.2669353868590195,0.042757645696003835
rna,RACGAP1,0.2639927435946899,0.003183961705160665,0.2639927435946899,0.008971727234281354
rna,AKT2,0.2636046757330859,0.010632152312963356,0.2636046757330859,0.02812864736158737
rna,CLDN4,0.2629640028500525,0.00892191170421057,0.2629640028500525,0.024094726203263056
rna,ALDOC,0.2626352158588934,0.006611279274961755,0.2626352158588934,0.018042125584401932
methy,F12,-0.25900469317760944,0.005977473964202015,0.25900469317760944,0.01641593801162456
rna,MARCKS,0.2583601774512402,0.0977600153242575,0.2583601774512402,0.2031844158499368
methy,PTN,-0.25756311078576566,0.0108514092399263,0.25756311078576566,0.0285922527437409
rna,CDKN3,0.25653628899763503,0.001428131671893493,0.25653628899763503,0.00415020814718042
rna,IL17RB,-0.25587348225447226,0.02561131947650302,0.25587348225447226,0.06349065648850653
methy,SLC2A4RG,0.2557500730621944,0.006611279274961755,0.2557500730621944,0.018042125584401932
rna,RUNX1,-0.25565650126586914,0.009827721544108133,0.25565650126586914,0.026322083063497866
rna,LAPTM4B,0.25493738169977453,0.005702261325405475,0.25493738169977453,0.015693299706995154
methy,PRR15L,-0.25325600143612037,0.03815617118367314,0.25325600143612037,0.09061218714367716
rna,DLGAP5,0.25200494465711243,0.0034897806203093786,0.25200494465711243,0.009790982777066701
rna,CHCHD2,0.2517089159639348,0.02074013913528493,0.2517089159639348,0.052517428336715646
methy,NET1,-0.25118150354040797,0.05836468575946329,0.25118150354040797,0.13094253333599795
methy,CD40,0.24962415011539563,0.007382938378176696,0.24962415011539563,0.019980076985940683
methy,ALDH3B2,-0.24775923568867192,0.035898738046710205,0.24775923568867192,0.0866774362875029
rna,NEK2,0.24713530123133765,0.004407423831906177,0.24713530123133765,0.012285930381214859
rna,MAPK3,0.24644668524665392,0.024685863067371628,0.24644668524665392,0.06154882173611467
rna,TUBB2A,0.24528281390017528,0.05247814278678445,0.24528281390017528,0.11980510980673637
methy,SEMA3C,-0.24472492412531574,0.024610065979923795,0.24472492412531574,0.0614778378998481
rna,PTTG1,0.24380496381273076,0.0018222923881023789,0.24380496381273076,0.005248686944889113
rna,CDH1,0.24309570789678736,0.0385995717166681,0.24309570789678736,0.09149788989042311
methy,FGFR2,0.24234987613797365,0.06957103570412233,0.24234987613797365,0.15163217345579683
methy,COL1A2,0.24059507042621864,0.012294479460946856,0.24059507042621864,0.03206933497945776
methy,CCNB1,-0.23988772891093874,0.036108708481160524,0.23988772891093874,0.08695396924608569
methy,AGR2,-0.2398091519374583,0.021334571988628655,0.2398091519374583,0.053708544599280275
rna,NCOA3,0.2374745462530829,0.06359525931477931,0.2374745462530829,0.14121408863230483
methy,ERBB3,-0.2371328337266976,0.019594455698850825,0.2371328337266976,0.05000628281494542
methy,SYCP2,-0.23652444171691867,0.04464750499477751,0.23652444171691867,0.10431134710110788
rna,PLK1,0.2362460363172899,0.001667419288768756,0.2362460363172899,0.004824003688442348
methy,COL14A1,0.23548470258015242,0.0030994827110079146,0.23548470258015242,0.008771738652721744
methy,CENPF,-0.23541679469180748,0.011650792881089249,0.23541679469180748,0.03045146871737411
rna,CDK4,0.23451928154360538,0.02961946414702829,0.23451928154360538,0.07273286186576512
rna,MRPL36,0.2337579108316521,0.009141084487023277,0.2337579108316521,0.024635412341583476
methy,TGFB1,0.23205184217764693,0.4170197470544047,0.23205184217764693,0.6012304677288255
methy,COPZ2,0.23198982388598322,0.04502687694438385,0.23198982388598322,0.10482063288665702
methy,ANKH,0.23197697394762104,0.03739063981937997,0.23197697394762104,0.08944832619774325
methy,CA12,-0.22781694988691525,0.03804600020051209,0.22781694988691525,0.09061218714367716
methy,RARRES2,0.22733917208731247,0.06776741277080263,0.22733917208731247,0.14819843297857344
methy,KCNK1,0.22647456717810827,0.057736733840071164,0.22647456717810827,0.12998269888778588
methy,NDUFS6,-0.2256962054057911,0.03815617118367314,0.2256962054057911,0.09061218714367716
methy,EZH2,-0.22561123790306634,0.07778100175999086,0.22561123790306634,0.1672806643811724
methy,MDM4,-0.22531287568701716,0.05742487005416346,0.22531287568701716,0.12950504548673322
rna,RRM2,0.22482758665570035,0.016060545453403983,0.22482758665570035,0.041476438457200344
rna,MMP9,0.22452774542509524,0.10416606137545287,0.22452774542509524,0.21242027272639447
methy,MRPL36,-0.22334200557721312,0.04123496802527748,0.22334200557721312,0.09756689155707732
methy,TM4SF1,0.22280637367873513,0.0208709728278391,0.22280637367873513,0.05274590214662061
methy,PPP1R2,0.2227638683011748,0.005224027351259824,0.2227638683011748,0.014469107738350771
rna,EIF3K,0.22158109318683183,0.004044150115541611,0.22158109318683183,0.01132187715536326
rna,CLDN3,0.22142490283647148,0.009895453968586071,0.22142490283647148,0.02644896029875166
methy,FCER1A,-0.21956640278414732,0.028656149387644273,0.21956640278414732,0.07063441756081577
methy,CPXM1,0.21936244948915662,0.02499107720112656,0.21936244948915662,0.06219043924188391
methy,CLDN4,-0.21806083327411357,0.10801088309691775,0.21806083327411357,0.21854538495778217
methy,APOD,-0.21763621218209328,0.06670382416126543,0.21763621218209328,0.14686147048387083
methy,NES,0.21743538902516424,0.020480615238473342,0.21743538902516424,0.05196156092729858
rna,FOXM1,0.2160600751368299,0.0049712333848883706,0.2160600751368299,0.013798359331132463
methy,SMAD4,-0.2157905311879521,0.07898690317884298,0.2157905311879521,0.16903457533660138
rna,CHAD,-0.21534758291422507,0.04938234430611959,0.21534758291422507,0.11373699513058395
rna,SMAD4,-0.21482268188737602,0.010704796212688477,0.21482268188737602,0.028263272927403115
rna,TMEM97,0.21439436939517062,0.03804600020051209,0.21439436939517062,0.09061218714367716
rna,TFAP2C,0.21388780222430598,0.07425300257761511,0.21388780222430598,0.1607577505805367
rna,ANLN,0.21352949670579058,0.011074675934629557,0.21352949670579058,0.029121465666161528
methy,KAT2A,0.21310093180157194,0.04291256865871014,0.21310093180157194,0.10135168488666269
rna,KIF2C,0.21142328346283923,0.005262449821901991,0.21142328346283923,0.014544515571597205
rna,GAPDH,0.21112799581252223,0.0034370226199035825,0.21112799581252223,0.009663836327391243
methy,GPR160,-0.2106451761277248,0.01702374972105064,0.2106451761277248,0.04370326262380392
rna,EXO1,0.2105142000321607,0.006163829709284253,0.2105142000321607,0.016892014329873934
methy,COX7A1,0.20989303268197607,0.08698171560942787,0.20989303268197607,0.18402157748639544
rna,NET1,0.20696166603981447,0.14952758666308294,0.20696166603981447,0.288184473405556
methy,ZNF83,0.20663468821809408,0.06741134384937351,0.20663468821809408,0.14791779672354088
rna,LPL,0.20651135855591854,0.07778100175999086,0.20651135855591854,0.1672806643811724
methy,BUB1B,-0.20539046311969897,0.15392948687414074,0.20539046311969897,0.2957905376472024
methy,CDH3,0.20501023639225613,0.053350075967578264,0.20501023639225613,0.12115690329000728
rna,MDM4,-0.20418155522435405,0.05335005694094551,0.20418155522435405,0.12115690329000728
methy,SLC2A10,-0.20366946279005638,0.04618133805642436,0.20366946279005638,0.107315846395877
methy,ABCC11,-0.2035561443225424,0.01327495313480437,0.2035561443225424,0.03448832824422175
rna,BUB1,0.20276000689467544,0.016670222686224645,0.20276000689467544,0.042880434196843197
methy,NPEPPS,-0.20275736337785477,0.06530712636951451,0.20275736337785477,0.14476784497269513
methy,EIF3K,0.20137931735264036,0.018801769560494,0.20137931735264036,0.04807775326590887
methy,LMOD1,0.20060137463317956,0.058680783046692435,0.20060137463317956,0.13142471927181634
methy,ID1,0.200384126053911,0.029797572242893446,0.200384126053911,0.07303216291229922
methy,PLAU,0.20034500445924164,0.0909904005936086,0.20034500445924164,0.19156649979108198
rna,ATP6V1B2,0.2002817795939379,0.08720059109936065,0.2002817795939379,0.1841846631513325
methy,S100A10,-0.19977515994942674,0.2867223418427446,0.19977515994942674,0.4638260548614262
methy,BRD4,-0.19918110959176846,0.11909460961982234,0.19918110959176846,0.23691255420543522
methy,MTDH,-0.19917637844456632,0.10492620078639014,0.19917637844456632,0.21330068047186354
rna,GSTM1,0.19799168847672993,0.14159056521455693,0.19799168847672993,0.2745166331547902
rna,MELK,0.19681544040629462,0.009365050794960672,0.19681544040629462,0.02518675151688181
methy,TMEM97,0.1962649037126793,0.06635236403029618,0.1962649037126793,0.1463356890922831
rna,DSTN,0.1961552110983438,0.10594656214342202,0.1961552110983438,0.21470293950749642
methy,MAPK3,-0.1959230250267996,0.1006764167496385,0.1959230250267996,0.20758518310758795
methy,MKI67,-0.19446401010296316,0.03527506318308237,0.19446401010296316,0.0854893788709403
rna,BLVRA,0.19426082492446145,0.009626996234124687,0.19426082492446145,0.02583774402505779
rna,MCM6,0.19422695380670985,0.03621408572912421,0.19422695380670985,0.08695396924608569
methy,LY96,-0.19404062778340436,0.05176066252388282,0.19404062778340436,0.11858395170815482
methy,CFH,-0.19384847471300343,0.052406003776684286,0.19384847471300343,0.11980510980673637
rna,ECH1,0.19345787694068262,0.0684841922016536,0.19345787694068262,0.14951422801671937
methy,FXYD5,0.1914525058478987,0.13565021934321964,0.1914525058478987,0.2647880825101682
rna,TPD52,0.19136492747193562,0.12107305330838786,0.19136492747193562,0.2401128186986196
rna,RARRES2,0.18973615975283253,0.1630277962479837,0.18973615975283253,0.309609806032355
methy,CALD1,-0.18941965259992588,0.2683637621791426,0.18941965259992588,0.44351721001362115
methy,CTHRC1,-0.18873138998493194,0.020351918671988396,0.18873138998493194,0.051736090714115314
methy,FOXC1,0.18746281741643525,0.03267823105294474,0.18746281741643525,0.07949255081980379
methy,CDH1,-0.18716577896170364,0.14919299874491623,0.18716577896170364,0.2879668727632187
methy,RGS5,-0.18689912717993726,0.0802079687859589,0.18689912717993726,0.17052397946474732
rna,AURKB,0.18634366554192616,0.021334571988628655,0.18634366554192616,0.053708544599280275
methy,MDFIC,-0.18563275971167958,0.10265890996670968,0.18563275971167958,0.21051755660017357
rna,C1S,0.1855463536769773,0.2587432417642225,0.1855463536769773,0.4331281843450064
rna,CDC20,0.1854366536506361,0.015648060635482887,0.1854366536506361,0.04057251649798856
rna,CRNKL1,0.1851115346563661,0.029265993219411344,0.1851115346563661,0.07200099468184723
methy,IGFBP5,0.18295091787214118,0.17819057105809255,0.18295091787214118,0.33161826906083414
methy,SKAP1,-0.1822694340293884,0.054085899973434104,0.1822694340293884,0.12261358475652863
methy,RUNX1,-0.18220480409590956,0.04502687694438385,0.18220480409590956,0.10482063288665702
rna,COL1A2,0.1821060200570909,0.18873394519988906,0.1821060200570909,0.3438504836110181
methy,EXT1,0.18027598805347148,0.18399254952003652,0.18027598805347148,0.3385358666098123
methy,CEP55,-0.18020400364778577,0.06359525931477931,0.18020400364778577,0.14121408863230483
rna,NUF2,0.18003725435148987,0.053350075967578264,0.18003725435148987,0.12115690329000728
rna,NDUFS6,0.17976702565422015,0.06342613041178131,0.17976702565422015,0.14121408863230483
rna,KCTD3,-0.17966359956877495,0.1641031672308365,0.17966359956877495,0.3102911415325424
methy,ERBB2,-0.17883771616312077,0.19807237739233297,0.17883771616312077,0.3544022289705792
rna,TMEM147,0.178268995377578,0.04762609836676701,0.178268995377578,0.11008238750610382
methy,NUF2,0.17798114008133784,0.19113816164729092,0.17798114008133784,0.34677160891037834
rna,COL1A1,0.1778393459305844,0.23271525269371107,0.1778393459305844,0.40199084208660996
methy,EGLN1,-0.17759963362363806,0.0607702411961704,0.17759963362363806,0.13563667236052465
methy,PPP1R1B,0.17634812701369507,0.06993644882225508,0.17634812701369507,0.1521732780906354
methy,STC2,-0.17634281425728954,0.1871435704354304,0.17634281425728954,0.3423936591487663
rna,CEP55,0.17610937554290584,0.031629876721674055,0.17610937554290584,0.07723159748393721
methy,DLGAP5,0.17565848059366093,0.6467599883676977,0.17565848059366093,0.7873863401027547
rna,CST1,-0.17444862968437402,0.15842521078924465,0.17444862968437402,0.30219434480944024
rna,HOXB7,0.1736020215180477,0.0988456268592959,0.1736020215180477,0.20478543746447428
methy,MELK,-0.17306047189764506,0.07878486999944326,0.17306047189764506,0.16888043915722245
rna,HTATIP2,0.1728125557079444,0.05105140834552589,0.1728125557079444,0.11737306095723564
rna,RAD51,0.17241671243126455,0.06705681587408532,0.17241671243126455,0.14738883895166977
rna,BIRC5,0.17238448713506938,0.017524080982147982,0.17238448713506938,0.04489897671757442
rna,ATP6V1C1,0.17221449833608643,0.07502548449567102,0.17221449833608643,0.16215990742075984
rna,CAPN8,-0.17178081608883838,0.026891845073275755,0.17178081608883838,0.06653810809559087
rna,BAG1,-0.17148914424268283,0.11250322558654283,0.17148914424268283,0.22622552637293983
rna,FPR3,0.17118069065814276,0.15983356807288107,0.17118069065814276,0.3044337315640359
methy,PTTG1,-0.1710878557326332,0.09351241549982407,0.1710878557326332,0.1962401094253174
rna,MAP2K4,-0.16994454420365557,0.04452164839045962,0.16994454420365557,0.10431134710110788
methy,ESM1,-0.16987710376859555,0.40890010464960214,0.16987710376859555,0.5937896102359917
methy,PLAT,0.1697602312629636,0.13596124021114875,0.1697602312629636,0.2647880825101682
rna,AKR1B1,0.16975293093804947,0.21467185003671574,0.16975293093804947,0.3778573620564956
methy,GAPDH,0.16886814059074107,0.0658280353186566,0.16886814059074107,0.14542622088254237
rna,NECAB3,0.16871885490961522,0.10290889025489623,0.16871885490961522,0.21051755660017357
methy,ENPP2,0.1686895302471038,0.14359206191129484,0.1686895302471038,0.27798224802201493
rna,S100A4,0.16866009206105112,0.22311263430811246,0.16866009206105112,0.39033443860665895
rna,YWHAZ,0.1683238542806607,0.058207168306445595,0.1683238542806607,0.13081507202434745
methy,TRAM1,-0.16737113118492333,0.08103050033766301,0.16737113118492333,0.17199120905003962
methy,KRT14,-0.16664688210977205,0.19519514870900534,0.16664688210977205,0.3511890556412714
methy,AKT2,-0.16659285313960634,0.04736062378165351,0.16659285313960634,0.10966390426447042
methy,NDC80,-0.16579595675262457,0.21118757607698035,0.16579595675262457,0.37375021978746253
methy,WASL,-0.16483716591696373,0.16772634290546207,0.16483716591696373,0.3157630716437612
rna,FABP4,0.164788605895546,0.16772634290546207,0.164788605895546,0.3157630716437612
rna,PRRX1,0.16423725755765942,0.24839114774329363,0.16423725755765942,0.422329975024265
methy,PLOD2,-0.16408768860814263,0.10366173665733774,0.16408768860814263,0.21172420741805303
rna,KCNK1,-0.16407085112364184,0.17402311699333317,0.16407085112364184,0.32526047334437375
rna,TM4SF1,-0.16370928367111903,0.060607354424433345,0.16370928367111903,0.1355059438852649
methy,TPX2,-0.16284302693653618,0.12657281839479567,0.16284302693653618,0.24949634460521938
methy,VEZF1,-0.1627568332167311,0.14101278096577805,0.1627568332167311,0.27380508591112956
methy,FOXA1,-0.1624739160328981,0.18049480712242738,0.1624739160328981,0.3339925277094489
methy,ID4,0.1622461415406005,0.03706657883315879,0.1622461415406005,0.08883668986028279
rna,POLD2,0.16194326933905723,0.09752006100761793,0.16194326933905723,0.20301051161682002
rna,CLEC2B,0.16151888899916567,0.24985201392449619,0.16151888899916567,0.42425851776198764
rna,SLC2A3,0.16119135841087096,0.10581856039207517,0.16119135841087096,0.21470293950749642
rna,MDFIC,0.16116463721353694,0.3818765540357818,0.16116463721353694,0.5656301524429653
methy,RFC4,-0.16069452913341284,0.29868645759641577,0.16069452913341284,0.47374079171885725
methy,CX3CL1,0.1606176671263144,0.0731064783500715,0.1606176671263144,0.1585397585588362
rna,LOX,0.16056914976634723,0.319549562714056,0.16056914976634723,0.49831318363212335
methy,MAL2,-0.1603437785921955,0.03316450751859638,0.1603437785921955,0.0805246640498256
methy,MFAP5,-0.16022378667311774,0.055582970183012316,0.16022378667311774,0.1257879412329843
rna,CTHRC1,0.1598137051350628,0.3104134199212838,0.1598137051350628,0.48581570178041883
rna,CD4,0.15953571649394366,0.11881405508410742,0.15953571649394366,0.23671695943904222
rna,BNIPL,-0.15911997756513258,0.08986225519814015,0.15911997756513258,0.18949848945192216
methy,MAP3K1,-0.15895581382481463,0.035585735032090865,0.15895581382481463,0.0860816942396388
methy,CCND1,-0.1588530107416569,0.2474205627309266,0.1588530107416569,0.42123107599931014
rna,VWF,0.15862419580449627,0.18873390992055084,0.15862419580449627,0.3438504836110181
rna,CDCA7,0.1583799536634088,0.007050005388147697,0.1583799536634088,0.019199071277156938
methy,NUSAP1,-0.15819218254307962,0.02270889365943867,0.15819218254307962,0.0568378667892309
rna,ADAMTS2,0.15784750322465993,0.27404448503520296,0.15784750322465993,0.4500427130982663
rna,PCOLCE,0.15768281094236491,0.3684698150548148,0.15768281094236491,0.5507966510428128
methy,DNMT3B,-0.15738899749452445,0.09258890728464879,0.15738899749452445,0.19461648958375205
rna,BCL2,-0.15723452061981702,0.010170561148670343,0.15723452061981702,0.027072866664186016
rna,UBE2T,0.15709362134197224,0.0440212112205712,0.15709362134197224,0.10340606397020251
rna,FSCN1,0.15641914634574786,0.0761965006305488,0.15641914634574786,0.164417365978543
methy,CLSTN2,-0.15632656875651593,0.11169992867664255,0.15632656875651593,0.22530777538968738
methy,SCG5,0.15543723698340658,0.45830123716201565,0.15543723698340658,0.6400358623707507
rna,COL10A1,0.1539228915936965,0.27042004823090826,0.1539228915936965,0.44501561616355606
rna,EZH2,0.15380348422071943,0.05634435777530693,0.15380348422071943,0.127289253478476
rna,PXMP4,0.15338169287980064,0.11797549948425316,0.15338169287980064,0.235769498200069
methy,ADAMTS12,0.15294194607480616,0.046833406697626596,0.15294194607480616,0.10863677732181598
methy,CLDN3,-0.1524477492539512,0.22810661787413145,0.1524477492539512,0.39560813967756575
rna,GOLPH3L,-0.15234095129387054,0.33003589031050695,0.15234095129387054,0.5115950137390795
methy,AGR3,-0.15221756619092738,0.1316567833816295,0.15221756619092738,0.2591244872920253
rna,CCNB2,0.15144876270331287,0.05176066252388282,0.15144876270331287,0.11858395170815482
rna,AEBP1,0.1511156932028313,0.33476719928886445,0.1511156932028313,0.5158485962046767
methy,IGFBP3,0.15108403294318087,0.0949115180497013,0.15108403294318087,0.19821553367614467
methy,MMP9,0.15050118510285382,0.09538159518761073,0.15050118510285382,0.1988775154874901
methy,S100A9,-0.15038270172874932,0.16992889933312405,0.15038270172874932,0.3194466573570595
rna,LY96,0.14929179704433643,0.39097844663150716,0.14929179704433643,0.5745260205591943
methy,QSOX1,0.14780646896280294,0.11576204366361642,0.14780646896280294,0.23170245719420296
methy,CENPA,-0.147625957597906,0.12050517770632835,0.147625957597906,0.23935202727908336
rna,ABCC11,-0.14603102742522656,0.19356484081810454,0.14603102742522656,0.3497089405044754
methy,MT1E,0.14578841060065917,0.19765945592778444,0.14578841060065917,0.35415121827612683
methy,DNMT3A,-0.14576184479206994,0.12510699595687924,0.14576184479206994,0.24698174429785125
methy,CBFB,-0.14535302001117764,0.09374444344478593,0.14535302001117764,0.19640972908834986
rna,LYPLA1,0.14459952558166364,0.1641031672308365,0.14459952558166364,0.3102911415325424
methy,EGFR,0.14436703231485865,0.14719745975096488,0.14436703231485865,0.28453794675074906
methy,RTP4,-0.14420198311675853,0.10141624608463849,0.14420198311675853,0.2087792451092637
rna,ATM,-0.14396205151875127,0.2051888343838434,0.14396205151875127,0.36412608724673845
methy,PRR14,0.14377007852104043,0.09397693292778693,0.14377007852104043,0.19657976791174755
rna,KIF23,0.14376748211584234,0.11223495542637722,0.14376748211584234,0.2260359799982388
rna,CFH,0.14325122790500358,0.3498326584520606,0.14325122790500358,0.530570240591854
methy,TWIST1,0.14300731851304976,0.10265890996670968,0.14300731851304976,0.21051755660017357
rna,TIMP2,0.14227850309995646,0.29484406635381344,0.14227850309995646,0.4710977148752813
rna,TSPYL5,0.14170306370496075,0.1871435704354304,0.14170306370496075,0.3423936591487663
rna,SLC30A1,0.14154632764872044,0.267851373272432,0.14154632764872044,0.443234310676292
methy,MAPRE1,-0.14147163702293525,0.20391966474519752,0.14147163702293525,0.362368870730522
methy,SCNN1A,-0.14100833118200828,0.049108667250513195,0.14100833118200828,0.113307564402161
rna,CCDC3,0.14092895348335274,0.21379688436108923,0.14092895348335274,0.3768278870896267
methy,TIMP2,0.1408470896667936,0.1710382752031281,0.1408470896667936,0.32106751371223036
methy,ELOVL2,-0.14060772366260332,0.3042333340676847,0.14060772366260332,0.4801933182915218
rna,SEC14L2,-0.14049336243502186,0.239277735521364,0.14049336243502186,0.4111399185744072
methy,GIMAP4,-0.13980261850853148,0.2459696693030725,0.13980261850853148,0.4209678529969581
methy,NDUFS2,0.1395990071022169,0.16267052271535742,0.1395990071022169,0.30938361494472816
methy,TBC1D20,0.13909888691766384,0.17140926986579041,0.13909888691766384,0.3212996270644469
methy,ANXA9,-0.13867661751436783,0.10492620078639014,0.13867661751436783,0.21330068047186354
methy,EFNA4,-0.13861479056760606,0.11576204366361642,0.13861479056760606,0.23170245719420296
rna,CHEK1,0.13821595480339777,0.032198073570221135,0.13821595480339777,0.07847147761297796
rna,CENPA,0.1379217188155506,0.04464750499477751,0.1379217188155506,0.10431134710110788
rna,TOP2A,0.13750761518637805,0.09994089484057803,0.13750761518637805,0.20672487642979437
methy,NF1,-0.13694028908666994,0.3425483100709613,0.13694028908666994,0.5228792653139586
rna,NRN1,0.13545279015275197,0.2116208602546621,0.13545279015275197,0.37400747955211705
rna,PHGDH,0.13544991418855543,0.07253864826626508,0.13544991418855543,0.1575714115349136
methy,MDM2,-0.13407272586766786,0.2532840132894736,0.13407272586766786,0.42701590571123743
rna,PGR,-0.1337089852623649,0.15324593252372706,0.1337089852623649,0.29491328347899476
rna,TBC1D20,0.1332858543083702,0.35166899410950603,0.1332858543083702,0.530570240591854
methy,CCNE2,-0.13321225617203783,0.163744118031101,0.13321225617203783,0.3102911415325424
rna,NID1,0.13307584191502603,0.527018512667799,0.13307584191502603,0.6971456700157544
methy,C1orf115,0.13296532961744276,0.18833542022038952,0.13296532961744276,0.3438504836110181
methy,GMPS,-0.13270792135216827,0.22446680533237917,0.13270792135216827,0.39086109936563074
methy,GRHL2,-0.1325894121640614,0.2867223418427446,0.1325894121640614,0.4638260548614262
rna,MMP2,0.13196712879108882,0.23644943307470467,0.13196712879108882,0.4073578429231318
methy,GIT1,0.1319419756487894,0.06565401980710683,0.1319419756487894,0.14528887858506265
rna,NME4,0.13192056641516695,0.27042004823090826,0.13192056641516695,0.44501561616355606
rna,HOXB13,0.13189247361137513,0.043438206388404496,0.13189247361137513,0.10222143133793014
rna,NMU,0.1314346758987664,0.2706407519393451,0.1314346758987664,0.44501561616355606
methy,GABRP,-0.13138893822335534,0.03621408572912421,0.13138893822335534,0.08695396924608569
rna,MTDH,0.131321758920289,0.2474205627309266,0.131321758920289,0.42123107599931014
rna,CCNE2,0.13131740467171504,0.08332781699373944,0.13131740467171504,0.17657884873550983
methy,SSH3,-0.1309635962934319,0.22491949835446057,0.1309635962934319,0.3911250714356684
methy,SIAH2,-0.1309265939556043,0.22356337361305179,0.1309265939556043,0.39033443860665895
methy,CTF1,0.13089819754644258,0.2222131072780208,0.13089819754644258,0.38954767389223893
rna,BUB1B,0.1306810053579599,0.2532840132894736,0.1306810053579599,0.42701590571123743
rna,SND1,0.13067280998151815,0.38967016888537676,0.13067280998151815,0.5745260205591943
rna,IL25,-0.1305067815007659,0.5545693609072098,0.1305067815007659,0.7240056279582567
rna,WASL,0.1304341447954322,0.264283477709086,0.1304341447954322,0.438447302099748
rna,FGFR1,0.1295810371640611,0.18635210409734038,0.1295810371640611,0.342392338362723
methy,NRN1,0.1295728257873791,0.0779809376963109,0.1295728257873791,0.16743345135125265
rna,INHBA,0.12951544414352725,0.29758519737620515,0.12951544414352725,0.4731495365871365
methy,FAM107B,-0.12907981643370778,0.10043076495829333,0.12907981643370778,0.20740789138445634
rna,EFR3A,0.12821762005649165,0.12365444084853834,0.12821762005649165,0.24448572094711007
rna,OXCT1,-0.12812445349822732,0.15668689451559956,0.12812445349822732,0.30020099701440095
rna,GIMAP4,0.12800980846281343,0.19519514870900534,0.12800980846281343,0.3511890556412714
methy,GIMAP7,-0.12780594580413712,0.40021087330925154,0.12780594580413712,0.5841280049760873
methy,MT2A,-0.12746840476008106,0.16554529711755916,0.12746840476008106,0.31256299557515893
methy,VANGL2,0.12714624235184474,0.29484406635381344,0.12714624235184474,0.4710977148752813
rna,PTMS,0.12708021991859675,0.27456495880658405,0.12708021991859675,0.45032813319413223
rna,ADAMTS12,0.1269911027067216,0.36783879135448905,0.1269911027067216,0.5504868548035499
rna,MKI67,0.12650462008834817,0.13596124021114875,0.12650462008834817,0.2647880825101682
rna,SLC2A4RG,0.12637239655252414,0.30479176006337516,0.12637239655252414,0.4804908935950538
methy,LPL,-0.12610618496608128,0.2981355071355003,0.12610618496608128,0.47344501683253654
rna,CRABP2,0.12604489092771923,0.1793399376187218,0.12604489092771923,0.3332797982356504
methy,TMEM45B,-0.12433243737921773,0.19356484081810454,0.12433243737921773,0.3497089405044754
methy,RPL37,0.12424897031305872,0.5777461625375927,0.12424897031305872,0.7372222643775372
rna,PPM1D,0.12396910103897964,0.19397147727648978,0.12396910103897964,0.34995687358633365
rna,GCC1,0.12386668977444568,0.7673608118328987,0.12386668977444568,0.8743874513780135
methy,SLC2A3,0.12352641420893741,0.287796423791043,0.12352641420893741,0.4644069000056706
rna,FGF19,0.12324357732371964,0.5481807478423392,0.12324357732371964,0.7178294268620953
methy,SND1,0.12321217762119213,0.02249796320349619,0.12321217762119213,0.05641863745432732
rna,PLAT,-0.12217473585242494,0.2013984833070699,0.12217473585242494,0.35887054844428506
methy,GPR18,-0.12164653383573087,0.08000339934650758,0.12164653383573087,0.17052397946474732
methy,ADAMTS2,-0.12160494268756969,0.22356337361305179,0.12160494268756969,0.39033443860665895
rna,COTL1,0.12034411559431929,0.26276445600433185,0.12034411559431929,0.4376038824995219
methy,GSTP1,0.1201256150887479,0.292663350155171,0.1201256150887479,0.4693452985821816
rna,CBFB,0.11980818906708779,0.46334669582664245,0.11980818906708779,0.640987601574876
rna,RPRD2,-0.11950212928482623,0.29703564390821546,0.11950212928482623,0.4728545360744753
rna,SQLE,0.11937999056801973,0.11037116416233937,0.11937999056801973,0.22297378265455498
methy,CACNG4,-0.11928558531252256,0.1391018049755328,0.11928558531252256,0.270498869256313
methy,ELMO3,-0.11928377100572608,0.22176431893684623,0.11928377100572608,0.38928628418778816
methy,ZNF703,-0.11669942706151881,0.043034573986670745,0.11669942706151881,0.10145537497039074
methy,SFRP2,0.11632291546115228,0.15807956775623155,0.11632291546115228,0.3019784684049188
rna,XRCC4,0.11626097027148931,0.41227179254979107,0.11626097027148931,0.596370889222916
rna,RSL1D1,0.11582600884864531,0.35044409307533375,0.11582600884864531,0.530570240591854
methy,HOXB13,0.11556618506003047,0.2937523508878995,0.11556618506003047,0.4705108554912225
rna,GRAMD1A,0.11517860124424248,0.2515638933312331,0.11517860124424248,0.4260514960068732
rna,SELENBP1,0.11509113884427846,0.18993325101023417,0.11509113884427846,0.3455508306194596
rna,CLEC11A,0.11486680753509712,0.44123851000064207,0.11486680753509712,0.6257301577410852
rna,SFRP1,0.11440203215042068,0.24500572703271317,0.11440203215042068,0.4198712921048739
rna,RGS2,0.11421251240543052,0.1732732839231902,0.11421251240543052,0.32432564238649003
methy,RACGAP1,0.1141866748242083,0.6348814134583965,0.1141866748242083,0.7794999584900351
methy,SELENBP1,-0.11391486597580569,0.41294810282585326,0.11391486597580569,0.5966847447950872
rna,OLR1,0.11333706272560254,0.2891427999632963,0.11333706272560254,0.46600061681429517
methy,ZEB1,0.11319573901155945,0.18010923846128823,0.11319573901155945,0.3337544946664956
rna,RBBP8,-0.1131438395254783,0.548139554830058,0.1131438395254783,0.7178294268620953
methy,RARRES1,0.11297876235526393,0.27042004823090826,0.11297876235526393,0.44501561616355606
methy,CDKN2A,-0.11289986021126121,0.49276372739806484,0.11289986021126121,0.6667709186355065
rna,CD163,0.11178923167152918,0.4143026563392628,0.11178923167152918,0.5979768339830026
methy,MCM6,0.11154662971757437,0.33239610719842516,0.11154662971757437,0.5146395032786105
methy,MAP2K4,-0.1114816265065923,0.22673679188347085,0.1114816265065923,0.3937581452628725
rna,EXT1,0.11136103154416485,0.3025621349670068,0.11136103154416485,0.4787188956420729
methy,ISM1,0.11029218449933638,0.35228246029591304,0.11029218449933638,0.530570240591854
methy,FPR3,-0.11010212671922076,0.25476487494388567,0.11010212671922076,0.4281236384891429
methy,NECAB3,-0.11006134851367014,0.24356478892269096,0.11006134851367014,0.41795331679072073
methy,SMAD3,-0.10996441954792596,0.40554488374596565,0.10996441954792596,0.5899247525039298
rna,CPXM1,0.1098752935445769,0.4426463554796263,0.1098752935445769,0.6263590585708437
rna,CENPF,0.10984192384540092,0.18010923846128823,0.10984192384540092,0.3337544946664956
methy,CTSS,-0.10983014368750099,0.25849330157606876,0.10983014368750099,0.4331281843450064
rna,GABRP,0.10969140846950032,0.20370865701868024,0.10969140846950032,0.362368870730522
rna,CDH3,0.10946824276419892,0.22176431893684623,0.10946824276419892,0.38928628418778816
methy,SEC62,-0.10934685683321568,0.2597445245226142,0.10934685683321568,0.4342447070204322
methy,SFRP4,0.10927775430434868,0.39097844663150716,0.10927775430434868,0.5745260205591943
rna,CD40,0.10918624278043079,0.5124086013453928,0.10918624278043079,0.681986447897198
rna,VIM,0.10864209758771415,0.48680138774600945,0.10864209758771415,0.6628459147610758
methy,LOX,-0.10854454659944554,0.3104134199212838,0.10854454659944554,0.48581570178041883
methy,CDK4,-0.10846421409077557,0.296486731010441,0.10846421409077557,0.47255983261664153
rna,CMTM3,0.10803088523831536,0.49201630072685865,0.10803088523831536,0.6667709186355065
methy,UBE2C,-0.1079949576676425,0.44901335976737555,0.1079949576676425,0.6305603830679144
rna,GMPS,0.10752812477188084,0.46479388463945637,0.10752812477188084,0.6416230139709392
methy,PRKAR1A,-0.1074689149880338,0.3890170296523441,0.1074689149880338,0.5745260205591943
rna,CTSS,0.10704529580323097,0.3230205180115241,0.10704529580323097,0.5025193447867902
methy,EFR3A,-0.10667780057250392,0.41227179254979107,0.10667780057250392,0.596370889222916
rna,IGFBP4,0.10655915736474669,0.3098481934438515,0.10655915736474669,0.48581570178041883
methy,CD93,-0.10604124524609071,0.28245310608708607,0.10604124524609071,0.45978268772822656
rna,RTP4,0.10601601234044442,0.2532840132894736,0.10601601234044442,0.42701590571123743
methy,LIN9,-0.10596594471752285,0.24693626727381257,0.10596594471752285,0.42123107599931014
rna,FLT1,0.1057092689713093,0.2899527209969248,0.1057092689713093,0.46672687060099793
methy,TFAP2C,0.10549968654061134,0.6281353687178655,0.10549968654061134,0.7741440644824548
methy,CLEC11A,0.1054770873160751,0.28086331033102696,0.1054770873160751,0.4583435177386985
methy,MLPH,-0.10528964664592733,0.5932364870354729,0.10528964664592733,0.7503546218686264
rna,MRC2,0.10528831798157115,0.5063208469938133,0.10528831798157115,0.6794532853770284
rna,GREB1,-0.10520669810715377,0.18126778307943314,0.10520669810715377,0.3349457328878857
rna,FZD6,0.10500255926976552,0.43773014120194864,0.10500255926976552,0.6227945820606038
methy,RSPO2,0.10496339309348743,0.19033426459171143,0.10496339309348743,0.3457960974889974
methy,ASPM,-0.10494785596323164,0.3735422268468592,0.10494785596323164,0.5564579732500804
rna,CX3CL1,0.1047306542071653,0.2771774510664968,0.1047306542071653,0.4540397338403271
rna,ZEB2,0.10470484156871884,0.5684638471306791,0.10470484156871884,0.7325739458559049
rna,EPHX2,-0.10465440863995151,0.22994220870972837,0.10465440863995151,0.39772959935277913
rna,COL14A1,0.10435210352404439,0.38967016888537676,0.10435210352404439,0.5745260205591943
rna,ZEB1,0.10347269361148437,0.7305139274028671,0.10347269361148437,0.8490580486276039
rna,CD9,0.10344621736127999,0.580179308069062,0.10344621736127999,0.7396005114638976
rna,MTOR,-0.10344504359960019,0.1216429906926882,0.10344504359960019,0.24087537333811276
rna,ID4,0.10311447775539806,0.3359568224704823,0.10311447775539806,0.5158485962046767
rna,GOLT1A,-0.10297522602469739,0.264283477709086,0.10297522602469739,0.438447302099748
rna,SOX9,-0.10249508671049427,0.11548767229391704,0.10249508671049427,0.23170245719420296
rna,SLC39A6,-0.10247749056860211,0.11825450058136763,0.10247749056860211,0.23596404954715292
rna,ISM1,0.10247289226067968,0.2013984833070699,0.10247289226067968,0.35887054844428506
methy,FKBP10,0.10227618918493583,0.568061923072812,0.10227618918493583,0.7325739458559049
methy,ETV3,0.10212043380381669,0.4713374462918535,0.10212043380381669,0.6468521611572664
rna,MT2A,-0.10158965825730906,0.602290642901254,0.10158965825730906,0.7566494633740125
methy,CAPN8,-0.10133501490423857,0.13226515782142315,0.10133501490423857,0.25992804842666967
rna,ZNF83,-0.1013241230179833,0.3528966034421569,0.1013241230179833,0.530570240591854
methy,TSPYL5,-0.10089912792220548,0.33536167116636306,0.10089912792220548,0.5158485962046767
methy,XRCC4,-0.10025894826139989,0.530121152289317,0.10025894826139989,0.6998245699429093
rna,ID1,0.10018661046810073,0.3729058220894229,0.10018661046810073,0.5561477185926067
rna,PIP,-0.09997165764408728,0.35228246029591304,0.09997165764408728,0.530570240591854
rna,S100A6,0.09994313966139134,0.5239251672781455,0.09994313966139134,0.6951775202189081
rna,PITX2,0.0996858706650637,0.10290875293070846,0.0996858706650637,0.21051755660017357
rna,ACTR3B,0.0988001903024591,0.2133604223461717,0.0988001903024591,0.37656954976586554
rna,CDC6,0.09864187911706745,0.18379688815738293,0.09864187911706745,0.3385358666098123
rna,SLAMF7,0.09796820156686985,0.34436024267713095,0.09796820156686985,0.5250281164760483
methy,VEGFA,0.09766032674777034,0.448303358791337,0.09766032674777034,0.6302446570021069
rna,BNIP3L,0.09725724329018676,0.296486731010441,0.09725724329018676,0.47255983261664153
rna,ELN,0.09720741976584912,0.44546973945036583,0.09720741976584912,0.6276195136074026
methy,NMU,0.09712990935926182,0.19601406862300697,0.09712990935926182,0.35168822533326805
methy,MUC1,-0.09694049562462742,0.308719781023739,0.09694049562462742,0.4855048372274055
methy,KRT10,-0.09626292300014963,0.2464526362086883,0.09626292300014963,0.42123107599931014
rna,FAM107B,-0.09624492597432868,0.3729058220894229,0.09624492597432868,0.5561477185926067
rna,EGLN1,0.09587017308346435,0.433541323064204,0.09587017308346435,0.6186854677086245
rna,PTPRC,0.09564690243444075,0.3359568224704823,0.09564690243444075,0.5158485962046767
methy,ACTR3B,-0.0956238345664574,0.3407424845098198,0.0956238345664574,0.5213480416705016
rna,PLOD2,0.09534843705070026,0.6315045548407374,0.09534843705070026,0.7775586888512965
rna,RAB25,-0.0951361525100386,0.3519756041471892,0.0951361525100386,0.530570240591854
rna,SFRP2,0.09461412412904108,0.4604597944619814,0.09461412412904108,0.6400358623707507
rna,TWIST1,0.09426612911160678,0.1927534465693842,0.09426612911160678,0.3492144031989262
rna,RUNDC1,-0.09414700961868505,0.18399254952003652,0.09414700961868505,0.3385358666098123
rna,ECM1,-0.09414230578945078,0.37865763443101497,0.09414230578945078,0.562787490990719
rna,MUC1,-0.09387203434363062,0.33476719928886445,0.09387203434363062,0.5158485962046767
rna,NOTCH3,0.09373301688983741,0.7004187049574827,0.09373301688983741,0.8271308161270637
rna,RFC4,0.093702909696042,0.15530354472467073,0.093702909696042,0.2979901101881053
rna,IGFBP5,0.09333194395508738,0.4266118135143607,0.09333194395508738,0.6116652822904576
rna,GIMAP7,0.09322416564890929,0.3265159623335385,0.09322416564890929,0.506743411076782
rna,NDRG1,0.09283273736063274,0.4604597944619814,0.09283273736063274,0.6400358623707507
methy,OXCT1,0.09237431295332472,0.6374190572280171,0.09237431295332472,0.7818766339369161
methy,SELL,-0.0920748760156537,0.566455464568939,0.0920748760156537,0.7315506539165977
rna,DNMT1,0.09141709796336711,0.32418290671980643,0.09141709796336711,0.5037243969246753
rna,AQP1,0.09140174628220549,0.29103493776855205,0.09140174628220549,0.4678890893086004
methy,PDK4,-0.09138587595941267,0.13348843737756358,0.09138587595941267,0.26193577062455453
methy,FSCN1,0.0912781689812692,0.46118057519555256,0.0912781689812692,0.6400358623707507
methy,PGR,-0.0912357601522456,0.35166899410950603,0.0912357601522456,0.530570240591854
methy,PLTP,0.09116591000161967,0.6391131867697735,0.09116591000161967,0.7823413087064458
rna,PLEKHF2,0.09070532880304474,0.19560429451033123,0.09070532880304474,0.35143842125715113
methy,MMP2,0.0905194935844306,0.26225945766764525,0.0905194935844306,0.43732353724039946
rna,THRSP,0.09025741944364557,0.46190198597744636,0.09025741944364557,0.6403529133241226
methy,CD4,-0.0900656082378171,0.2537769662887416,0.0900656082378171,0.42701590571123743
methy,BRCA1,0.08966358607366136,0.6230961025976797,0.08966358607366136,0.7708588926422723
rna,AGR2,0.08948785564091138,0.26377646584615855,0.08948785564091138,0.438447302099748
methy,SLC39A6,-0.0893593167560357,0.6089143308179945,0.0893593167560357,0.7590976158661947
rna,SNRPE,0.08934001759677646,0.5552716992828532,0.08934001759677646,0.7241947162333598
methy,TUBB2A,-0.08914974650753442,0.33417340689713604,0.08914974650753442,0.5158485962046767
rna,MFAP5,0.08891808588187351,0.603116826698705,0.08891808588187351,0.7569553216247515
rna,KAT2A,-0.08867023612529609,0.3042333340676847,0.08867023612529609,0.4801933182915218
rna,NF1,-0.0886168144333737,0.33417340689713604,0.0886168144333737,0.5158485962046767
rna,TRAM1,0.08854389101648619,0.318398020186916,0.08854389101648619,0.49711421661394695
rna,PLAU,0.08814288611093017,0.5010254328527797,0.08814288611093017,0.6758380449384848
rna,RASSF7,-0.08800696893251601,0.47206762800391733,0.08800696893251601,0.6468521611572664
rna,TBX3,-0.0876203463237415,0.2577446370020299,0.0876203463237415,0.4325714256661974
rna,GMFG,0.08760166165492211,0.43388950044846575,0.08760166165492211,0.6186854677086245
rna,CD55,0.08756521359424396,0.47060785251929316,0.08756521359424396,0.6468521611572664
rna,COPZ2,0.08672507985596123,0.4912694827299302,0.08672507985596123,0.6667709186355065
methy,ATP6V1C1,0.08654848682743467,0.4245456108084824,0.08654848682743467,0.6100495004869675
rna,DHX9,0.08598770914302825,0.9249009642475347,0.08598770914302825,0.9634694086267421
rna,LMOD1,0.08573166120267023,0.30145140083694133,0.08573166120267023,0.4775431337648619
methy,GSTM1,-0.08553825062221679,0.7584303019449599,0.08553825062221679,0.8672543681571327
rna,CACNG4,0.08549001110508264,0.3818765540357818,0.08549001110508264,0.5656301524429653
rna,DNMT3A,-0.085157499878523,0.29211986761425957,0.085157499878523,0.4690527911383475
rna,CDK6,0.08513776070516119,0.3764143212217811,0.08513776070516119,0.5600941618179767
methy,RB1,-0.08463241344151126,0.4300684826130994,0.08463241344151126,0.6159415203025536
rna,PRR14,0.08452588407590181,0.7145260110777091,0.08452588407590181,0.8392127381464232
methy,SERPINB9,0.08333921162608812,0.4440567663865109,0.08333921162608812,0.6269888473218236
methy,SLC7A2,-0.08322049447744198,0.6331920287426488,0.08322049447744198,0.7788981489930878
rna,CALD1,0.08292240276689018,0.9626450342019892,0.08292240276689018,0.975410217962858
methy,FZD6,-0.08266128300551404,0.5875074100189082,0.08266128300551404,0.7452852789204705
rna,CST7,0.08213934367879662,0.441942111858572,0.08213934367879662,0.6260444965150328
methy,RUNDC1,-0.08185685036119769,0.4890326863077975,0.08185685036119769,0.6644910664370596
methy,PITX2,0.08163176288060744,0.2813925658041696,0.08163176288060744,0.45863104514380965
rna,S100A10,0.08098862523929667,0.46334669582664245,0.08098862523929667,0.640987601574876
methy,GRB7,-0.08085066787970052,0.5347924462231144,0.08085066787970052,0.7038453775520017
rna,EGFR,0.08078766301492374,0.4731640329577499,0.08078766301492374,0.6476713159242541
rna,SSR3,0.0805825537546078,0.8176130939986624,0.0805825537546078,0.9048723145498411
rna,CD93,0.08045456058471945,0.5656530533500057,0.08045456058471945,0.7315506539165977
methy,CD9,0.08034262919267746,0.13502982644724335,0.08034262919267746,0.2641622658960378
rna,FMOD,0.08013320762676329,0.5124086013453928,0.08013320762676329,0.681986447897198
rna,COX7A1,0.08010547891876979,0.6097445094543161,0.08010547891876979,0.7594037562618952
methy,CDKN3,-0.07994287484002617,0.2285645339826694,0.07994287484002617,0.3958737728579834
methy,C1S,-0.07991859268980309,0.4957595096823624,0.07991859268980309,0.6694299408288864
methy,ESR1,-0.07990207445493844,0.37930007864930804,0.07990207445493844,0.5630980596176585
methy,CCNB2,0.07969251636111936,0.5108830930891209,0.07969251636111936,0.681986447897198
methy,PPM1D,-0.07948681060786159,0.21075493375492593,0.07948681060786159,0.3734933955629588
methy,VIM,0.07944878238882724,0.18674752752274115,0.07944878238882724,0.3423936591487663
methy,THRSP,-0.07924255339605313,0.30928364715327494,0.07924255339605313,0.4858034554438986
rna,SEZ6L2,-0.07859436948059266,0.23738956205536643,0.07859436948059266,0.4084358160396305
rna,MDM2,0.07848664720969313,0.7946645971751836,0.07848664720969313,0.8921947378829416
rna,MNDA,0.07789360883798989,0.46479388463945637,0.07789360883798989,0.6416230139709392
methy,AURKB,-0.07779127491904332,0.5262443033546016,0.07779127491904332,0.6968311417508944
methy,PYCARD,0.07767875289109354,0.5915969980628515,0.07767875289109354,0.749740976081604
methy,BUB1,0.07741371606329503,0.7655503737170968,0.07741371606329503,0.8738575882763696
methy,SLC30A1,-0.07735216877491002,0.5720875775056955,0.07735216877491002,0.7339149285727086
methy,CHEK2,-0.07700158772588864,0.38771275165547725,0.07700158772588864,0.5736205744880011
methy,ARID1A,-0.07690837085556579,0.28086331033102696,0.07690837085556579,0.4583435177386985
methy,AZGP1,0.07662069774217535,0.4440567663865109,0.07662069774217535,0.6269888473218236
rna,BBC3,0.07651241443304682,0.5520962658253423,0.07651241443304682,0.7215020616771827
rna,ESM1,0.07606017804510784,0.544984274394599,0.07606017804510784,0.7158084655597412
rna,SNAI2,0.07602491503214706,0.5040477854668586,0.07602491503214706,0.6771024543138049
rna,GPR18,-0.07592897191127444,0.718954875814231,0.07592897191127444,0.840614206735091
methy,NOTCH3,-0.07559195999714614,0.7118732757302982,0.07559195999714614,0.836853742238604
methy,SHC1,0.07549789620791475,0.5720875775056955,0.07549789620791475,0.7339149285727086
rna,CCND2,0.07524430489046441,0.596932895607529,0.07524430489046441,0.7542955558309147
methy,TFF3,-0.07461011116454003,0.6690588493322769,0.07461011116454003,0.8024999494761105
methy,SFRP1,-0.07448014053205623,0.8500011008587174,0.07448014053205623,0.9185951996800947
rna,MT1E,-0.07442720044792717,0.39557838554426905,0.07442720044792717,0.5793194169357446
rna,S100A9,0.07400077620376827,0.6122382859034317,0.07400077620376827,0.7617792465407641
rna,ASAP1,0.07397560464510074,0.6864139927578667,0.07397560464510074,0.8165309309454843
rna,RGS5,-0.07395080943066212,0.3541269201428344,0.07395080943066212,0.5318044731393549
methy,RAB4A,-0.07392847424240359,0.7039360819188749,0.07392847424240359,0.8305294917462475
methy,MYBL2,0.0737830711084636,0.8029067211760705,0.0737830711084636,0.8975695617966571
rna,TGFB1,0.07378173118426923,0.4532867403839942,0.07378173118426923,0.6345037454297505
methy,STAC2,0.0734093776045518,0.6690588493322769,0.0734093776045518,0.8024999494761105
rna,SLC2A10,0.07336153795431452,0.09872455405678476,0.07336153795431452,0.20478543746447428
methy,LYPLA1,0.07304868415538288,0.1766666221266323,0.07304868415538288,0.329253862471299
methy,GOLPH3L,-0.07301176685468305,0.40957312607501817,0.07301176685468305,0.5937896102359917
methy,ELF3,-0.07289150687419359,0.7109898031380737,0.07289150687419359,0.836572241192353
methy,S100A16,0.07259683087845657,0.6794514437407901,0.07259683087845657,0.8117386364860678
rna,FXYD5,-0.07259392555589385,0.26529951620104575,0.07259392555589385,0.4395715198280082
methy,TSPAN14,-0.07238598333412216,0.5434100713539372,0.07238598333412216,0.7144632415878182
methy,LAPTM4B,-0.07235842067877862,0.25131887188423463,0.07235842067877862,0.4260514960068732
rna,VEGFA,-0.07187212890877054,0.39557838554426905,0.07187212890877054,0.5793194169357446
rna,LXN,-0.07177813201362143,0.459739644238902,0.07177813201362143,0.6400358623707507
rna,ASPM,0.07145875322928619,0.32012635448455473,0.07145875322928619,0.4986140701144323
rna,PI4KB,-0.07138619692189985,0.45686535761872227,0.07138619692189985,0.6388246496735417
methy,RPRD2,0.07135841522324271,0.5560669494959931,0.07135841522324271,0.7245044808378085
methy,DHX9,-0.07121259584051082,0.3936029924514074,0.07121259584051082,0.5777291380727437
rna,NUSAP1,0.07095292220440606,0.5720834069398402,0.07095292220440606,0.7339149285727086
rna,APC,0.0708559351762531,0.7180683590229944,0.0708559351762531,0.8403340525863691
methy,IGF1R,-0.07083849315566583,0.26125147325590015,0.07083849315566583,0.4362026526470621
methy,FMOD,0.07069488194760515,0.8453573630147061,0.07069488194760515,0.9173928275322499
methy,LGALS3BP,-0.07053272101697347,0.5154667279435907,0.07053272101697347,0.684653660121395
rna,ACLY,-0.07015718956382505,0.2009805062777582,0.07015718956382505,0.35887054844428506
rna,SLPI,0.06980684246946284,0.3389427681815066,0.06980684246946284,0.5192059621082277
methy,SQLE,0.06942985906011373,0.39888398927800517,0.06942985906011373,0.5828462340518883
methy,BLVRA,-0.06922727943753113,0.9966888657347741,0.06922727943753113,0.9974567308085297
methy,DNMT1,-0.06874153802425131,0.4713374462918535,0.06874153802425131,0.6468521611572664
rna,ENPP2,0.06865487877388993,0.6189101414437956,0.06865487877388993,0.767141482572033
methy,SEZ6L2,0.06858893900014802,0.9267848679296742,0.06858893900014802,0.9646582880133387
methy,WIF1,0.06800514153727616,0.602290642901254,0.06800514153727616,0.7566494633740125
methy,BNIP3L,-0.06755112301222657,0.869559844919249,0.06755112301222657,0.9309409299226804
rna,S100A16,-0.06753235893803522,0.7937502006646997,0.06753235893803522,0.8921947378829416
methy,MCM2,-0.06732759856962507,0.0802079687859589,0.06732759856962507,0.17052397946474732
rna,C17orf58,0.06688502845664537,0.956031367066253,0.06688502845664537,0.9727009597790506
methy,AURKA,-0.06668455945111186,0.43215026688852254,0.06668455945111186,0.618241406044263
methy,IGFBP4,0.06667947818969391,0.990066825292494,0.06667947818969391,0.9944358645206174
rna,MIR635,-0.06651202775848153,0.2851162999991319,0.06651202775848153,0.46295759212359044
methy,TP53,-0.06635623670059874,0.5093599613845222,0.06635623670059874,0.6817360880589436
rna,A2M,0.06614387033786687,0.801989828022984,0.06614387033786687,0.8973167843254575
methy,GMFG,0.06614202628605753,0.3653214323375793,0.06614202628605753,0.5473501045057849
methy,SCGB3A1,0.06608803737850394,0.30647111753392997,0.06608803737850394,0.4825527050625152
methy,PIP,-0.0655673071354459,0.5753178302119353,0.0655673071354459,0.7355687612650629
methy,SYNGR2,-0.06543272895746713,0.562448879656857,0.06543272895746713,0.7298912034707864
methy,C17orf58,-0.06536887262570107,0.602290642901254,0.06536887262570107,0.7566494633740125
rna,ANXA9,-0.06532333303502796,0.4662436555278915,0.06532333303502796,0.6429410918585255
rna,PIK3CA,0.0652671984467084,0.5826172455000203,0.0652671984467084,0.7412534788487035
methy,MARCKS,-0.06520028004796621,0.562448879656857,0.06520028004796621,0.7298912034707864
methy,PTEN,-0.0650612564158178,0.23598035710388687,0.0650612564158178,0.4070896200238367
rna,DNMT3B,0.0647348968959861,0.3903239746250792,0.0647348968959861,0.5745260205591943
methy,LAMB3,0.06418591712246771,0.7260607324521179,0.06418591712246771,0.8466363478054768
rna,NDC80,0.06409954078853142,0.3528965266054668,0.06409954078853142,0.530570240591854
rna,WFDC2,0.06408617814825857,0.45902012498630795,0.06408617814825857,0.6400358623707507
methy,RSAD1,0.06407804481719337,0.3486118215391709,0.06407804481719337,0.530570240591854
methy,CDC42SE1,0.06398536548125702,0.5308982594999094,0.06398536548125702,0.7001389229343983
methy,ATM,-0.06396186048671926,0.68554220242299,0.06396186048671926,0.816241357422057
methy,FGFR4,-0.06390036526383773,0.2851162999991319,0.06390036526383773,0.46295759212359044
rna,SMAD3,-0.06368214210084838,0.8286854637051833,0.06368214210084838,0.907864606550905
rna,MAP3K1,-0.06295679479108013,0.7048163977767155,0.06295679479108013,0.8308135215171991
rna,TFF3,-0.06269473289789945,0.4266118135143607,0.06269473289789945,0.6116652822904576
rna,ARID1A,-0.06256552791886691,0.13410335115163605,0.06256552791886691,0.2627454798581828
methy,BIRC5,-0.06253106043976722,0.8807730082061641,0.06253106043976722,0.9355062450202839
methy,METRN,-0.06252542344511354,0.4890326863077975,0.06252542344511354,0.6644910664370596
methy,CDC20,-0.06249133355019635,0.45043527411979056,0.06249133355019635,0.6318741048397494
methy,S100A14,-0.062459803422227206,0.41838220460586306,0.062459803422227206,0.6025260352361598
methy,AEBP1,0.06242583706430735,0.7314056631364809,0.06242583706430735,0.8490580486276039
rna,CDC42SE1,-0.06235624218456802,0.4328454899041151,0.06235624218456802,0.6185547760015901
methy,POLD2,0.061793889574205174,0.5032912965565991,0.061793889574205174,0.6767861223882218
rna,FGFR2,-0.06178694867819831,0.5834309524707828,0.06178694867819831,0.7415624337177562
methy,ZNF880,0.061781488531240665,0.6664704794740915,0.061781488531240665,0.8008743319489777
methy,JUP,-0.06164786829120929,0.8231448775502844,0.06164786829120929,0.9048723145498411
rna,FCER1A,-0.06158119490248504,0.444762932854609,0.06158119490248504,0.6273040714203443
rna,SKAP1,-0.06143666527748304,0.9079660367792859,0.06143666527748304,0.9519353363811883
methy,LMO1,0.061235600398214844,0.8277614326958511,0.061235600398214844,0.907864606550905
rna,NES,0.06101484005445176,0.8010732074564021,0.06101484005445176,0.8970638762809192
rna,C6orf62,0.06062775407195013,0.6872861768775089,0.06062775407195013,0.8168204426019068
methy,CLEC2B,0.0599870071619556,0.7937502006646997,0.0599870071619556,0.8921947378829416
rna,ZHX1,0.0592455479720578,0.6089143308179945,0.0592455479720578,0.7590976158661947
methy,CDC6,-0.05898600965762271,0.8370122637486361,0.05898600965762271,0.912146753867012
methy,RAB25,-0.058549542601235495,0.991012799816591,0.058549542601235495,0.9944358645206174
methy,CRABP2,0.058408069842834184,0.9598102640629457,0.058408069842834184,0.9748190250334374
methy,GREB1,-0.05811031006424702,0.9371533950235003,0.05811031006424702,0.9707833015434822
methy,CST7,-0.05804163214218855,0.28033473114366325,0.05804163214218855,0.4583435177386985
rna,CCND1,0.057658741210408926,0.4801406248351531,0.057658741210408926,0.6551498651899831
rna,KRT19,-0.05765339006340066,0.5761267382113735,0.05765339006340066,0.735878695119542
methy,MRC2,0.057631853055500115,0.8676934689997672,0.057631853055500115,0.9309409299226804
rna,SIAH2,-0.05759234091987553,0.5712813630317894,0.05759234091987553,0.7339149285727086
methy,MGP,-0.05747222575708269,0.8700248567560692,0.05747222575708269,0.9309409299226804
rna,APOD,0.05746989152362414,0.6716511576144039,0.05746989152362414,0.8048661012371869
rna,MGP,0.05732872395599137,0.9380965437476647,0.05732872395599137,0.9708209142044195
methy,SNAI2,0.05729743368042778,0.8222222951457178,0.05729743368042778,0.9048723145498411
rna,BRCA1,0.05723489015584296,0.5029132089480687,0.05723489015584296,0.6767861223882218
rna,RIN2,0.05703444314605094,0.7565175648647492,0.05703444314605094,0.8672543681571327
rna,GPR160,0.05697958962677613,0.2537769662887416,0.05697958962677613,0.42701590571123743
rna,PTEN,-0.056604758853978726,0.40957312607501817,0.056604758853978726,0.5937896102359917
methy,RHOD,-0.05658542149037063,0.7340830439398964,0.05658542149037063,0.8514052447124334
rna,STC1,0.056502138008762914,0.7242820340847087,0.056502138008762914,0.8460812610396014
methy,AP2B1,0.05644719440316883,0.8891987227568374,0.05644719440316883,0.9398447037112545
rna,SEMA3C,0.05639608782960204,0.49276372739806484,0.05639608782960204,0.6667709186355065
methy,ECM1,0.05567080179555889,0.6205830530738674,0.05567080179555889,0.768481778782606
methy,IL6ST,-0.055560725104526976,0.7709854902747255,0.055560725104526976,0.8754459369465634
rna,CD44,-0.054883974257127544,0.6072553707551476,0.054883974257127544,0.7590976158661947
methy,VWF,-0.05460949388787893,0.510121229863967,0.05460949388787893,0.6817360880589436
rna,KRT15,0.054191927479898844,0.5032912965565991,0.054191927479898844,0.6767861223882218
methy,AQP1,0.053922647805668224,0.5932364870354729,0.053922647805668224,0.7503546218686264
rna,STC2,0.05296243426603886,0.6527334524497534,0.05296243426603886,0.7909521965785725
rna,NCOR1,-0.05284750591304457,0.47206762800391733,0.05284750591304457,0.6468521611572664
methy,S100A6,0.05284300004832356,0.8093325040288951,0.05284300004832356,0.9008765404743229
methy,UBE2T,-0.05238973384311392,0.46118057519555256,0.05238973384311392,0.6400358623707507
methy,MAGEF1,0.05203159926857471,0.9503649005560559,0.05203159926857471,0.9722663882988256
methy,PAK1,-0.05195523299326722,0.7928360875645327,0.05195523299326722,0.8921947378829416
rna,RHOD,0.05178502547330474,0.7421344887347809,0.05178502547330474,0.8584440791331082
rna,MIA,-0.05140734782881978,0.3385431354389553,0.05140734782881978,0.5192059621082277
rna,CHEK2,-0.05081996933451899,0.3425483100709613,0.05081996933451899,0.5228792653139586
methy,BBC3,0.050521100939360526,0.510121229863967,0.050521100939360526,0.6817360880589436
methy,RAB34,0.05046115586684916,0.6890318641713005,0.05046115586684916,0.8173994443456798
rna,AZGP1,-0.050262591314590876,0.5753178302119353,0.050262591314590876,0.7355687612650629
rna,PTN,0.05015833292742705,0.6039435199677283,0.05015833292742705,0.7572612282220841
methy,NME4,-0.05015645942375827,0.07939223381257389,0.05015645942375827,0.16962255217521954
rna,ELF3,0.049932757220994814,0.5728943322345854,0.049932757220994814,0.7339149285727086
methy,GATA3,-0.049926457882178595,0.8148505862293598,0.049926457882178595,0.9039205051340208
methy,KCTD3,-0.04905167797979876,0.5513038029326355,0.04905167797979876,0.7211919838967709
methy,FGF19,0.04874104370439811,0.5147013090715657,0.04874104370439811,0.6843367456335352
rna,STAC2,0.04872706205306811,0.6798857863717027,0.04872706205306811,0.8117386364860678
methy,SNRPE,0.04842467589523437,0.7484163441702776,0.04842467589523437,0.86263782704276
methy,TYMS,-0.04829249916361623,0.9428135637840535,0.04829249916361623,0.9712250748259202
rna,MAL2,0.04823219483227487,0.6399609588690756,0.04823219483227487,0.7823413087064458
methy,MIA,0.047964614939249695,0.6621653542624621,0.047964614939249695,0.7971758991537891
methy,COL1A1,0.047683875433659775,0.7583215116384004,0.047683875433659775,0.8672543681571327
rna,CPA3,0.047592396434403605,0.7574193730891445,0.047592396434403605,0.8672543681571327
methy,AKT1,-0.04748233977907493,0.9032689714524705,0.04748233977907493,0.9493093801915528
methy,SNHG9,-0.047276751038167975,0.7574193730891445,0.047276751038167975,0.8672543681571327
methy,A2M,-0.046736874900325645,0.7983249933421396,0.046736874900325645,0.8947576931418803
rna,TYMS,0.046689674375365864,0.6080845413567405,0.046689674375365864,0.7590976158661947
rna,ARID1B,-0.0464329938699366,0.28565096994060846,0.0464329938699366,0.4632467040609868
methy,CDCA7,-0.04607008909996774,0.4398332331857123,0.04607008909996774,0.6244189835062736
rna,PAK1,0.04511256108311687,0.9409265057608655,0.04511256108311687,0.9708209142044195
rna,C1orf116,-0.044880706410774,0.8240677044745666,0.044880706410774,0.9048723145498411
rna,GSTP1,-0.04469899663999376,0.7457220474351411,0.04469899663999376,0.8602956834975563
methy,FGF4,0.04457764922514933,0.4935117621880053,0.04457764922514933,0.6670882196485108
methy,BCL2,0.044173215582607485,0.894822888186175,0.044173215582607485,0.943486145904092
methy,CCND2,0.04414708249963578,0.6047707218595677,0.04414708249963578,0.7575671819629494
rna,FOXC1,0.04385481711464215,0.5846524750476296,0.04385481711464215,0.7423886266733831
rna,C1orf115,-0.043722237027656374,0.7412384703138301,0.043722237027656374,0.8581718118874021
rna,SYCP2,0.043496502735255016,0.5078392110810499,0.043496502735255016,0.6807875492201071
methy,AKR1B1,0.043248955148992976,0.6130705269134509,0.043248955148992976,0.7620847985268637
rna,SCG5,-0.043061926874232645,0.448303358791337,0.043061926874232645,0.6302446570021069
methy,EPHX2,0.04299037663878033,0.6881588246597707,0.04299037663878033,0.8171099755329453
methy,ALDH1A3,-0.042948554273197104,0.3498326584520606,0.042948554273197104,0.530570240591854
methy,CMTM3,0.0427813912703083,0.9004523456965116,0.0427813912703083,0.9471154632062904
rna,GRB7,0.04264418317817509,0.7755233713427254,0.04264418317817509,0.8798295715058517
rna,AP2B1,-0.04262978356156508,0.6553003696325015,0.04262978356156508,0.7933226282876229
methy,KRT19,-0.042182397219456234,0.7818892708440308,0.042182397219456234,0.8855049370761954
rna,RARA,0.04210646709774413,0.9513091451330311,0.04210646709774413,0.9722663882988256
rna,SERPINB9,0.041607368253038825,0.6656085693483693,0.041607368253038825,0.8005791959106775
rna,S100A14,-0.04155022151878693,0.9314964003476299,0.04155022151878693,0.9672372694257165
methy,CHEK1,0.04148964715427744,0.43563284656533796,0.04148964715427744,0.6204902057986558
rna,DSP,0.041427579795560096,0.9399831004347009,0.041427579795560096,0.9708209142044195
methy,NCOR1,0.041393196982252245,0.5826172455000203,0.041393196982252245,0.7412534788487035
methy,ZEB2,0.041184140482781795,0.7891824931867796,0.041184140482781795,0.8914330944779362
methy,APC,-0.04052948329780992,0.7314056631364809,0.04052948329780992,0.8490580486276039
rna,TM4SF18,0.04033358045799995,0.8416462290931201,0.04033358045799995,0.9159022747804009
rna,ERBB2,0.040168335306394805,0.7691725204532756,0.040168335306394805,0.8751814732604474
methy,E2F1,0.03998991145859514,0.6820592357604003,0.03998991145859514,0.8135858101494582
rna,LRP5,0.03987105795109655,0.8648952904744978,0.03987105795109655,0.9300488264291163
rna,EFNA4,-0.039675678359405546,0.4823553426240027,0.039675678359405546,0.6574812067875966
rna,KRT5,0.03963446852005116,0.5465608028509522,0.03963446852005116,0.7171540231347342
methy,LXN,0.03935940026025617,0.8130101901897901,0.03935940026025617,0.9034219307583724
rna,TMEM204,0.03912870406947222,0.9702066329856273,0.03912870406947222,0.9792528486778009
methy,C1orf116,-0.039036677285066476,0.7083417179409257,0.039036677285066476,0.8342120504127493
methy,NDRG1,-0.03863226713452622,0.9164287597877094,0.03863226713452622,0.9584870845122662
methy,TOP2A,0.03846458176843111,0.9343244831409848,0.03846458176843111,0.9693989645368525
methy,SCUBE2,-0.03805226532133266,0.9919587869748301,0.03805226532133266,0.9944358645206174
rna,MLPH,-0.03802581155091084,0.40420741445911645,0.03802581155091084,0.58929902512053
methy,FGFR1,0.0378223050704723,0.7673608118328987,0.0378223050704723,0.8743874513780135
methy,C6orf62,0.037298594711104874,0.7556160881116077,0.037298594711104874,0.8672543681571327
methy,KRT23,-0.03713324403276773,0.890135704289006,0.03713324403276773,0.9400701462369259
rna,LAMB3,-0.03712976257691955,0.6916534645804009,0.03712976257691955,0.8197608124908219
methy,SDCBP,0.037051313987622764,0.8648952904744978,0.037051313987622764,0.9300488264291163
rna,GRHL2,0.036873855412282115,0.9513091451330311,0.036873855412282115,0.9722663882988256
rna,FGF4,-0.03680297802914197,0.5315785938984317,0.03680297802914197,0.7003251455112198
rna,PYCARD,0.03676522705408933,0.8194560273640148,0.03676522705408933,0.9048723145498411
rna,TRPS1,-0.03655659085329749,0.7928360875645327,0.03655659085329749,0.8921947378829416
methy,PRRX1,0.03655598069894814,0.874228942753372,0.03655598069894814,0.9331334401287019
rna,RB1,-0.036538440837334235,0.4698789534088077,0.036538440837334235,0.6468521611572664
rna,FOXA1,-0.0362729922617423,0.1751524072340812,0.0362729922617423,0.32690082901878087
rna,ZNF703,0.03600171858604989,0.6425070933102028,0.03600171858604989,0.783677665924839
rna,IL6ST,-0.035590258894952154,0.6493172865740369,0.035590258894952154,0.7897595086701067
methy,ZHX1,0.03552591507064168,0.84721422296244,0.03552591507064168,0.9178742915998411
methy,NEK2,-0.03491852952351865,0.9465886323633254,0.03491852952351865,0.9722663882988256
rna,NPEPPS,0.03482665086831385,0.7700788482961443,0.03482665086831385,0.8751814732604474
methy,TMEM204,0.034624279389737306,0.6080845986116743,0.034624279389737306,0.7590976158661947
methy,RASSF1,0.034592372591426834,0.4532867403839942,0.034592372591426834,0.6345037454297505
methy,CPA3,0.034479194450060646,0.9409265057608655,0.034479194450060646,0.9708209142044195
rna,SCGB3A1,0.03387002414379331,0.8859205056001479,0.03387002414379331,0.9393932091582987
methy,PXMP4,0.03350744076324394,0.9617000565778557,0.03350744076324394,0.9752134063189966
methy,CDK6,0.03344899571280441,0.8323839464219613,0.03344899571280441,0.907864606550905
rna,ZNF880,-0.033412856444665656,0.5616492077863816,0.033412856444665656,0.7298912034707864
methy,RGS2,-0.03319302612492067,0.682929346180686,0.03319302612492067,0.8138763492556983
rna,AR,-0.032906844007133396,0.5289565430432277,0.032906844007133396,0.6989975070327088
rna,BRCA2,-0.03284993442610501,0.6934032560757011,0.03284993442610501,0.8203377319146956
methy,RRM2,-0.03216028353688466,0.2240147638529595,0.03216028353688466,0.3905975546912676
methy,TRPS1,0.031487601734887405,0.8194560273640148,0.031487601734887405,0.9048723145498411
rna,VANGL2,-0.031226155947182567,0.5124086013453928,0.031226155947182567,0.681986447897198
methy,SSR3,0.031114965079138107,0.80565902406539,0.031114965079138107,0.8998719451942749
methy,BNIPL,-0.030756868278142946,0.8185344353468995,0.030756868278142946,0.9048723145498411
rna,SLC7A2,0.030743436400238244,0.9550867938835914,0.030743436400238244,0.9727009597790506
methy,IL17RB,0.02983051986174369,0.7403428026422775,0.02983051986174369,0.8578994653276704
rna,PRR15L,0.029817438882081326,0.8873252252788549,0.029817438882081326,0.9393932091582987
methy,KIF23,-0.029785287308422094,0.9635900643033032,0.029785287308422094,0.9756067759391979
methy,PIK3CA,0.029543164527880767,0.8751632934698135,0.029543164527880767,0.9333638080601705
methy,RIN2,0.029209040715181683,0.6570139156230099,0.029209040715181683,0.7939172803667813
methy,CCDC3,0.029148839088736528,0.8686265654527539,0.029148839088736528,0.9309409299226804
rna,SSH3,0.02866672142594967,0.7439275733322299,0.02866672142594967,0.8589883713409482
rna,PABPC1,0.028614881005905757,0.47866723177967574,0.028614881005905757,0.6538262188031533
methy,ARID1B,-0.02840169969741172,0.4224852688704923,0.02840169969741172,0.607761200733964
rna,CLSTN2,-0.028254141770711505,0.5728943322345854,0.028254141770711505,0.7339149285727086
methy,PCOLCE,0.028236716719492558,0.5998151567965515,0.028236716719492558,0.7564659113385636
rna,KRT10,0.02805395752626122,0.961227584767447,0.02805395752626122,0.9752134063189966
methy,CST1,0.02769846922071384,0.8686265654527539,0.02769846922071384,0.9309409299226804
methy,RSF1,0.027072750761515357,0.8714269477863473,0.027072750761515357,0.9316737491147862
rna,SEC62,-0.0270548496961735,0.6408092012807224,0.0270548496961735,0.7823413087064458
rna,LIN9,0.026803404071620685,0.6450574353310792,0.026803404071620685,0.7860502893950017
rna,GATA3,-0.026606488610824708,0.6006398071063139,0.026606488610824708,0.7566494633740125
methy,TP53INP1,0.026132524042096428,0.8807730082061641,0.026132524042096428,0.9355062450202839
rna,ELMO3,0.02609409877554804,0.6925281552298013,0.02609409877554804,0.8200492922912597
methy,TM4SF18,0.026009944303205357,0.8574418511869357,0.026009944303205357,0.9243294312795266
rna,AKT1,0.02576490974557026,0.9569760019997126,0.02576490974557026,0.9727009597790506
methy,NID1,-0.025744406416660093,0.8630307765581329,0.025744406416660093,0.9295829011185859
methy,RARA,-0.025436644327851532,0.7511137164435131,0.025436644327851532,0.8649793596277691
rna,ANKH,-0.025281715109022728,0.5998151567965515,0.025281715109022728,0.7564659113385636
methy,GRAMD1A,0.02527272097979122,0.8667605568359384,0.02527272097979122,0.9309409299226804
rna,KDM2A,0.025113429992406264,0.9173696650620299,0.025113429992406264,0.9586992718548486
rna,CDKN1B,0.024742217089367052,0.7180683590229944,0.024742217089367052,0.8403340525863691
rna,SCNN1A,0.024376644455290142,0.3143890522678504,0.024376644455290142,0.4914457026425243
methy,CYB5R1,0.024353626165789455,0.9702066329856273,0.024353626165789455,0.9792528486778009
rna,TP53,-0.02416804693907082,0.7942073475158046,0.02416804693907082,0.8921947378829416
methy,YWHAZ,-0.023990163991940816,0.8314589744205558,0.023990163991940816,0.907864606550905
rna,ALDH3B2,-0.02323352235467164,0.9051474007295109,0.02323352235467164,0.9497467476152138
methy,HOXB2,-0.02317441436311926,0.6570139156230099,0.02317441436311926,0.7939172803667813
methy,KRT15,0.02316642554267732,0.8873252252788549,0.02316642554267732,0.9393932091582987
rna,RSF1,-0.023109316081553838,0.8314589744205558,0.023109316081553838,0.907864606550905
rna,RAB34,0.022393015031933278,0.8203778688222335,0.022393015031933278,0.9048723145498411
rna,PPP1R2,-0.022284098502151184,0.8074952334081559,0.022284098502151184,0.9006255951366307
methy,SOX9,0.021945342934373446,0.6382658859132297,0.021945342934373446,0.7821767790578165
methy,KRT5,-0.021893705486854452,0.9305538964669722,0.021893705486854452,0.9670316092084774
rna,SELL,0.021863778554051527,0.6408092012807224,0.021863778554051527,0.7823413087064458
methy,SERPINB5,-0.021315452973744847,0.6189101414437956,0.021315452973744847,0.767141482572033
rna,SERPINE1,0.021246696083655023,0.6348814134583965,0.021246696083655023,0.7794999584900351
rna,GIT1,0.02116069010558122,0.525470675585638,0.02116069010558122,0.6965167424344324
rna,MYC,0.02115700696329836,0.920193070148245,0.02115700696329836,0.9601050587329881
rna,LMO1,0.021133623834989207,0.5665434625404906,0.021133623834989207,0.7315506539165977
methy,COTL1,0.020713471655122967,0.9042081190808218,0.020713471655122967,0.9495281703201193
rna,PPP2R5A,0.020581994485896093,0.8222222951457178,0.020581994485896093,0.9048723145498411
methy,CHI3L1,-0.0204216578492456,0.39888398927800517,0.0204216578492456,0.5828462340518883
rna,AGR3,0.02038940660264421,0.7260607324521179,0.02038940660264421,0.8466363478054768
methy,SEC14L2,-0.0203655315742087,0.8084137366661366,0.0203655315742087,0.9006255951366307
rna,LGALS3BP,0.020189362167157755,0.9437572138422595,0.020189362167157755,0.9714267993511055
methy,RAD51,-0.019740591527172367,0.287796423791043,0.019740591527172367,0.4644069000056706
rna,CYB5R1,-0.019599730842849494,0.6725161309425709,0.019599730842849494,0.8051598655247922
rna,MAGEF1,0.019500352197789672,0.8789024241441552,0.019500352197789672,0.935048524949433
rna,SDCBP,0.01934503809079735,0.8760978182490946,0.01934503809079735,0.9335939835156472
rna,TSPAN14,0.019046770130244525,0.8500011008587174,0.019046770130244525,0.9185951996800947
rna,CDKN2A,0.0190449514376822,0.7900954606887474,0.0190449514376822,0.8916889691005064
rna,HOXB2,0.018588569286250856,0.7846220202213878,0.018588569286250856,0.887825787689532
methy,KIF2C,-0.018477649020700825,0.9550867938835914,0.018477649020700825,0.9727009597790506
rna,ELOVL2,0.018451793034520714,0.8966987998345043,0.018451793034520714,0.9439317187885098
rna,F12,-0.018373357323141562,0.6621653542624621,0.018373357323141562,0.7971758991537891
rna,VEZF1,-0.018332730272807907,0.7162964218627004,0.018332730272807907,0.8397735126350612
rna,FGFR4,0.01822847082026094,0.9154879715716238,0.01822847082026094,0.9582746777369373
methy,HOXB7,-0.018158968167993644,0.6264536710418414,0.018158968167993644,0.7728046711142943
rna,PRKAR1A,-0.018084483757998843,0.4764617807544078,0.018084483757998843,0.6514987928420797
rna,SYNGR2,-0.01722001653253028,0.6587292668991118,0.01722001653253028,0.7952502952620318
methy,TBX3,-0.017109003179570786,0.7154110251331951,0.017109003179570786,0.8394931541535867
rna,FKBP10,0.016172426380869714,0.9409265057608655,0.016172426380869714,0.9708209142044195
rna,RPL37,0.015315700301015048,0.7430308567823234,0.015315700301015048,0.8587162659788594
rna,CA12,0.014879799059335674,0.7882698150676958,0.014879799059335674,0.8911771016300581
methy,CRNKL1,-0.01460781695007407,0.8920101264801668,0.01460781695007407,0.9412844470330922
methy,PLK1,-0.014606941762109,0.7296225557799525,0.014606941762109,0.8490580486276039
rna,QSOX1,-0.014532577335563346,0.7601267751191795,0.014532577335563346,0.8684297984870837
rna,RSAD1,0.014520209282549768,0.5632491008978354,0.014520209282549768,0.7302001817028825
rna,WIF1,0.014004276697062279,0.8471353480895627,0.014004276697062279,0.9178742915998411
rna,TMEM45B,0.013645471522914648,0.9569760019997126,0.013645471522914648,0.9727009597790506
rna,IFI16,0.013613945984972002,0.6742473774638176,0.013613945984972002,0.8064892664139034
methy,CD44,0.013609231060256313,0.990066825292494,0.013609231060256313,0.9944358645206174
rna,KRT14,0.01357415115738278,0.6595876170971439,0.01357415115738278,0.7955471816241317
rna,JUP,0.013529013121154482,0.8444292544056478,0.013529013121154482,0.9171518406964351
methy,PTMS,-0.013126947550976875,0.9494207256686193,0.013126947550976875,0.9722663882988256
methy,RBBP8,-0.012942103311141429,0.9126663223490925,0.012942103311141429,0.9560915747834444
methy,ACLY,0.01267604893696847,0.8490719315069735,0.01267604893696847,0.9185951996800947
rna,RBP1,0.01233468444660285,0.9192518215513974,0.01233468444660285,0.9598939840797952
rna,SNHG9,0.012175550830211004,0.8845161623868105,0.012175550830211004,0.9387144566507082
methy,RASSF7,0.012097864440326372,0.8120903785795872,0.012097864440326372,0.9031724330264416
methy,FGF3,0.012093620711468661,0.7556160881116077,0.012093620711468661,0.8672543681571327
rna,TP53INP1,-0.012051159065416872,0.8425736861913619,0.012051159065416872,0.9159022747804009
methy,GOLT1A,-0.011714219867408004,0.6501706404903277,0.011714219867408004,0.7900576819428772
methy,GCC1,0.011440709746629946,0.9995269794892624,0.011440709746629946,0.9995269794892624
rna,METRN,0.01094471857313023,0.8296097318218248,0.01094471857313023,0.907864606550905
methy,PHGDH,-0.010901638027634532,0.43913155902905887,0.010901638027634532,0.6241049181386734
methy,ALDOC,-0.010817884023596958,0.7296225557799525,0.010817884023596958,0.8490580486276039
rna,SHC1,-0.010566733002006112,0.3498326584520606,0.010566733002006112,0.530570240591854
methy,CHCHD2,-0.010466728916340498,0.40554488374596565,0.010466728916340498,0.5899247525039298
methy,LRP5,-0.008576243098673303,0.9768252530478955,0.008576243098673303,0.9844034163764284
methy,NME3,0.008484557236085405,0.9456447494523096,0.008484557236085405,0.9722663882988256
methy,PIK3R1,0.008216240175881961,0.9824996434806633,0.008216240175881961,0.988587944911992
methy,COL10A1,-0.008143560081571362,0.8957597786735293,0.008143560081571362,0.9437079906706525
rna,PRC1,0.008124215042132787,0.7538136583607435,0.008124215042132787,0.8672543681571327
rna,ESR1,0.008062911610246082,0.8231448775502844,0.008062911610246082,0.9048723145498411
methy,RSL1D1,0.007719717367757839,0.9692612726762209,0.007719717367757839,0.9792528486778009
rna,SFRP4,-0.007699705503039722,0.7818892708440308,0.007699705503039722,0.8855049370761954
methy,BRCA2,0.007573032251824707,0.9428135637840535,0.007573032251824707,0.9712250748259202
methy,S100A4,-0.007444590080325164,0.8732947673806637,0.007444590080325164,0.9329028806147057
methy,BAG1,0.007325566300871653,0.8166920045460397,0.007325566300871653,0.9048723145498411
methy,WFDC2,0.007220963973069455,0.15703418752606937,0.007220963973069455,0.30042328364707527
rna,ALDH1A3,0.00698469618272355,0.8240676906653315,0.00698469618272355,0.9048723145498411
methy,DSTN,-0.006447632958252876,0.954142283775534,0.006447632958252876,0.9727009597790506
rna,CTF1,0.0062418251639877464,0.5592534958506007,0.0062418251639877464,0.7279261433967238
rna,SCUBE2,-0.0060860682985147685,0.6510244534114034,0.0060860682985147685,0.7903558551228159
rna,SERPINB5,0.006026094432763793,0.9929047831727744,0.006026094432763793,0.9944358645206174
rna,RASSF1,-0.0059520139121762294,0.5648511884958436,0.0059520139121762294,0.7315470526980068
rna,NME3,0.005913131887006651,0.8882618959897008,0.005913131887006651,0.9396190577285191
rna,IGF1R,-0.005900240043073046,0.6189101414437956,0.005900240043073046,0.767141482572033
methy,FLT1,-0.0057808406248356925,0.8148505862293598,0.0057808406248356925,0.9039205051340208
rna,RGS1,-0.005721472438116049,0.8770325158095944,0.005721472438116049,0.9338239656038222
rna,CHI3L1,-0.0056402539211135305,0.9513091451330311,0.0056402539211135305,0.9722663882988256
rna,RAB4A,0.005300336378427334,0.7964942356337934,0.005300336378427334,0.8934766943767682
rna,RARRES1,-0.004652372332741794,0.8323839464219613,0.004652372332741794,0.907864606550905
rna,PIK3R1,-0.004493593320566314,0.9815538424927043,0.004493593320566314,0.9884018925566069
rna,PDK4,-0.004247141183592706,0.947532590250577,0.004247141183592706,0.9722663882988256
methy,MYC,0.003951434203856588,0.9286691821725116,0.003951434203856588,0.9658456906662071
methy,ATP6V1B2,0.0038138913698490956,0.9513091451330311,0.0038138913698490956,0.9722663882988256
methy,CD55,0.003791662946486196,0.7004187049574827,0.003791662946486196,0.8271308161270637
methy,SERPINE1,-0.0037473705230865184,0.9352673634029117,0.0037473705230865184,0.9696027973347026
methy,FOXM1,0.003719067785499037,0.651878724383175,0.003719067785499037,0.7906540270529825
rna,CREG1,-0.003455375803206276,0.9929047854374448,0.003455375803206276,0.9944358645206174
rna,KRT23,0.0029814201636878743,0.9569760019997126,0.0029814201636878743,0.9727009597790506
methy,CDKN1B,0.0027857119496964844,0.8084137366661366,0.0027857119496964844,0.9006255951366307
rna,IGFBP3,-0.0027664732220772058,0.7700788482961443,0.0027664732220772058,0.8751814732604474
methy,HTATIP2,0.0026261638327103078,0.9730429597980919,0.0026261638327103078,0.9813531092994731
methy,PI4KB,0.00252117077151906,0.8555804486939624,0.00252117077151906,0.9238561952231564
rna,BRD4,0.002312881581864372,0.8314589744205558,0.002312881581864372,0.907864606550905
methy,RBP1,-0.0021591764695775006,0.8425736861913619,0.0021591764695775006,0.9159022747804009
rna,ERBB3,-0.002012639934715399,0.8574418511869357,0.002012639934715399,0.9243294312795266
rna,PPP1R1B,0.0016133856948493952,0.6264536710418414,0.0016133856948493952,0.7728046711142943
rna,FGF3,0.0013430070354706475,0.3560872175973778,0.0013430070354706475,0.5341308263960668
rna,NDUFS2,-0.0013243749550564815,0.9211344305669394,0.0013243749550564815,0.9603159111608783
rna,RSPO2,0.0008045712735305077,0.9701824409188152,0.0008045712735305077,0.9792528486778009
rna,ETV3,-0.0005721303608234238,0.6247739132693502,0.0005721303608234238,0.7721991563624033
