model,repeat,fold,metric,value
B0a_dummy_stratified,0,0,macro_f1,0.26016448430241534
B0a_dummy_stratified,0,1,macro_f1,0.30216594999203694
B0a_dummy_stratified,0,2,macro_f1,0.2726350335513787
B0a_dummy_stratified,0,3,macro_f1,0.26388144094128035
B0a_dummy_stratified,0,4,macro_f1,0.2725231207113211
B0a_dummy_stratified,1,0,macro_f1,0.3099153719843375
B0a_dummy_stratified,1,1,macro_f1,0.19025941852028808
B0a_dummy_stratified,1,2,macro_f1,0.28624637686320936
B0a_dummy_stratified,1,3,macro_f1,0.2884723451062914
B0a_dummy_stratified,1,4,macro_f1,0.25321047213952635
B0a_dummy_stratified,2,0,macro_f1,0.20590641797538348
B0a_dummy_stratified,2,1,macro_f1,0.2866273822795562
B0a_dummy_stratified,2,2,macro_f1,0.2878158304303297
B0a_dummy_stratified,2,3,macro_f1,0.22174818226266896
B0a_dummy_stratified,2,4,macro_f1,0.247915403104432
B0a_dummy_stratified,3,0,macro_f1,0.25770704391394045
B0a_dummy_stratified,3,1,macro_f1,0.3024747394312612
B0a_dummy_stratified,3,2,macro_f1,0.27514477283816324
B0a_dummy_stratified,3,3,macro_f1,0.26637941473207993
B0a_dummy_stratified,3,4,macro_f1,0.29151973007007237
B0a_dummy_stratified,4,0,macro_f1,0.24537001950795054
B0a_dummy_stratified,4,1,macro_f1,0.232137990833643
B0a_dummy_stratified,4,2,macro_f1,0.22176802461265444
B0a_dummy_stratified,4,3,macro_f1,0.25198334463668914
B0a_dummy_stratified,4,4,macro_f1,0.30200382801547065
B0b_dummy_mostfreq,0,0,macro_f1,0.17204301075268819
B0b_dummy_mostfreq,0,1,macro_f1,0.17204301075268819
B0b_dummy_mostfreq,0,2,macro_f1,0.17204301075268819
B0b_dummy_mostfreq,0,3,macro_f1,0.17204301075268819
B0b_dummy_mostfreq,0,4,macro_f1,0.17266187050359713
B0b_dummy_mostfreq,1,0,macro_f1,0.17204301075268819
B0b_dummy_mostfreq,1,1,macro_f1,0.17204301075268819
B0b_dummy_mostfreq,1,2,macro_f1,0.17204301075268819
B0b_dummy_mostfreq,1,3,macro_f1,0.17204301075268819
B0b_dummy_mostfreq,1,4,macro_f1,0.17266187050359713
B0b_dummy_mostfreq,2,0,macro_f1,0.17204301075268819
B0b_dummy_mostfreq,2,1,macro_f1,0.17204301075268819
B0b_dummy_mostfreq,2,2,macro_f1,0.17204301075268819
B0b_dummy_mostfreq,2,3,macro_f1,0.17204301075268819
B0b_dummy_mostfreq,2,4,macro_f1,0.17266187050359713
B0b_dummy_mostfreq,3,0,macro_f1,0.17204301075268819
B0b_dummy_mostfreq,3,1,macro_f1,0.17204301075268819
B0b_dummy_mostfreq,3,2,macro_f1,0.17204301075268819
B0b_dummy_mostfreq,3,3,macro_f1,0.17204301075268819
B0b_dummy_mostfreq,3,4,macro_f1,0.17266187050359713
B0b_dummy_mostfreq,4,0,macro_f1,0.17204301075268819
B0b_dummy_mostfreq,4,1,macro_f1,0.17204301075268819
B0b_dummy_mostfreq,4,2,macro_f1,0.17204301075268819
B0b_dummy_mostfreq,4,3,macro_f1,0.17204301075268819
B0b_dummy_mostfreq,4,4,macro_f1,0.17266187050359713
B1_pam50_centroid,0,0,macro_f1,0.9030414861082594
B1_pam50_centroid,0,1,macro_f1,0.8581888242279808
B1_pam50_centroid,0,2,macro_f1,0.8202082062977085
B1_pam50_centroid,0,3,macro_f1,0.8440036479708162
B1_pam50_centroid,0,4,macro_f1,0.8458728575989365
B1_pam50_centroid,1,0,macro_f1,0.8832412254842765
B1_pam50_centroid,1,1,macro_f1,0.8636960600375235
B1_pam50_centroid,1,2,macro_f1,0.8489789196310935
B1_pam50_centroid,1,3,macro_f1,0.7986234756710314
B1_pam50_centroid,1,4,macro_f1,0.8841002875869448
B1_pam50_centroid,2,0,macro_f1,0.8657027183342973
B1_pam50_centroid,2,1,macro_f1,0.8634246443269834
B1_pam50_centroid,2,2,macro_f1,0.9169591148642503
B1_pam50_centroid,2,3,macro_f1,0.8251420637077689
B1_pam50_centroid,2,4,macro_f1,0.8357819807368
B1_pam50_centroid,3,0,macro_f1,0.8978321460063032
B1_pam50_centroid,3,1,macro_f1,0.845857128448067
B1_pam50_centroid,3,2,macro_f1,0.8485069998491964
B1_pam50_centroid,3,3,macro_f1,0.8464863332643995
B1_pam50_centroid,3,4,macro_f1,0.8552489177489178
B1_pam50_centroid,4,0,macro_f1,0.8452702603464431
B1_pam50_centroid,4,1,macro_f1,0.8501145042886117
B1_pam50_centroid,4,2,macro_f1,0.8615845777301103
B1_pam50_centroid,4,3,macro_f1,0.8635408196454708
B1_pam50_centroid,4,4,macro_f1,0.893779975257173
B2_elasticnet_logreg,0,0,macro_f1,0.9089106037151703
B2_elasticnet_logreg,0,1,macro_f1,0.8940070077155771
B2_elasticnet_logreg,0,2,macro_f1,0.8845606788746847
B2_elasticnet_logreg,0,3,macro_f1,0.9372592319960741
B2_elasticnet_logreg,0,4,macro_f1,0.9169046113068884
B2_elasticnet_logreg,1,0,macro_f1,0.9198935211385693
B2_elasticnet_logreg,1,1,macro_f1,0.8706754744144344
B2_elasticnet_logreg,1,2,macro_f1,0.9067808783349406
B2_elasticnet_logreg,1,3,macro_f1,0.871821377918939
B2_elasticnet_logreg,1,4,macro_f1,0.888311656305111
B2_elasticnet_logreg,2,0,macro_f1,0.9176857625133488
B2_elasticnet_logreg,2,1,macro_f1,0.8980821682451733
B2_elasticnet_logreg,2,2,macro_f1,0.9518492527735329
B2_elasticnet_logreg,2,3,macro_f1,0.891155894583314
B2_elasticnet_logreg,2,4,macro_f1,0.8708105511384199
B2_elasticnet_logreg,3,0,macro_f1,0.8884370549393639
B2_elasticnet_logreg,3,1,macro_f1,0.9244147157190636
B2_elasticnet_logreg,3,2,macro_f1,0.8568681318681318
B2_elasticnet_logreg,3,3,macro_f1,0.9089425477768175
B2_elasticnet_logreg,3,4,macro_f1,0.9286929393784233
B2_elasticnet_logreg,4,0,macro_f1,0.9095797629187555
B2_elasticnet_logreg,4,1,macro_f1,0.901417475996027
B2_elasticnet_logreg,4,2,macro_f1,0.920772931297382
B2_elasticnet_logreg,4,3,macro_f1,0.8973799979306725
B2_elasticnet_logreg,4,4,macro_f1,0.9223741171109592
B3_linear_svm,0,0,macro_f1,0.9102935911206589
B3_linear_svm,0,1,macro_f1,0.8855660316674431
B3_linear_svm,0,2,macro_f1,0.9212591455228889
B3_linear_svm,0,3,macro_f1,0.875347874401361
B3_linear_svm,0,4,macro_f1,0.893553297755884
B3_linear_svm,1,0,macro_f1,0.8719729344729346
B3_linear_svm,1,1,macro_f1,0.8600178398197932
B3_linear_svm,1,2,macro_f1,0.8981031638926376
B3_linear_svm,1,3,macro_f1,0.8814052663643133
B3_linear_svm,1,4,macro_f1,0.8645655605359553
B3_linear_svm,2,0,macro_f1,0.8923971622840057
B3_linear_svm,2,1,macro_f1,0.875341860516491
B3_linear_svm,2,2,macro_f1,0.8438625100389805
B3_linear_svm,2,3,macro_f1,0.8898777876932692
B3_linear_svm,2,4,macro_f1,0.874501273344652
B3_linear_svm,3,0,macro_f1,0.8719358584956227
B3_linear_svm,3,1,macro_f1,0.9177291042498417
B3_linear_svm,3,2,macro_f1,0.8364933131589223
B3_linear_svm,3,3,macro_f1,0.8795317304568775
B3_linear_svm,3,4,macro_f1,0.9122023809523809
B3_linear_svm,4,0,macro_f1,0.8801442467575658
B3_linear_svm,4,1,macro_f1,0.859617447633718
B3_linear_svm,4,2,macro_f1,0.8952633587707381
B3_linear_svm,4,3,macro_f1,0.9053127825276848
B3_linear_svm,4,4,macro_f1,0.8783554641885702
B4_random_forest,0,0,macro_f1,0.9163021101389605
B4_random_forest,0,1,macro_f1,0.9412635393579751
B4_random_forest,0,2,macro_f1,0.9458664898320072
B4_random_forest,0,3,macro_f1,0.9207841031149302
B4_random_forest,0,4,macro_f1,0.9293827137972202
B4_random_forest,1,0,macro_f1,0.9062093132773762
B4_random_forest,1,1,macro_f1,0.9054812146165723
B4_random_forest,1,2,macro_f1,0.8789510798037808
B4_random_forest,1,3,macro_f1,0.9315017187532861
B4_random_forest,1,4,macro_f1,0.9224369914025087
B4_random_forest,2,0,macro_f1,0.9375023580456517
B4_random_forest,2,1,macro_f1,0.906682598817844
B4_random_forest,2,2,macro_f1,0.9331650916028282
B4_random_forest,2,3,macro_f1,0.9222014595457725
B4_random_forest,2,4,macro_f1,0.924032622344506
B4_random_forest,3,0,macro_f1,0.9089864158829677
B4_random_forest,3,1,macro_f1,0.9317697103411389
B4_random_forest,3,2,macro_f1,0.8907692307692308
B4_random_forest,3,3,macro_f1,0.9315167996132464
B4_random_forest,3,4,macro_f1,0.9359039428004946
B4_random_forest,4,0,macro_f1,0.9207225314368171
B4_random_forest,4,1,macro_f1,0.8767776073475555
B4_random_forest,4,2,macro_f1,0.9257149849131625
B4_random_forest,4,3,macro_f1,0.9187891471487517
B4_random_forest,4,4,macro_f1,0.9580322095866137
B5_xgboost,0,0,macro_f1,0.9233888177550149
B5_xgboost,0,1,macro_f1,0.9268996960486322
B5_xgboost,0,2,macro_f1,0.9471329538644286
B5_xgboost,0,3,macro_f1,0.9316991803964797
B5_xgboost,0,4,macro_f1,0.9173262212686493
B5_xgboost,1,0,macro_f1,0.8976391312778748
B5_xgboost,1,1,macro_f1,0.9287545787545787
B5_xgboost,1,2,macro_f1,0.9290962722880087
B5_xgboost,1,3,macro_f1,0.9237504105745715
B5_xgboost,1,4,macro_f1,0.9436925647451962
B5_xgboost,2,0,macro_f1,0.9175016116192587
B5_xgboost,2,1,macro_f1,0.9166666666666667
B5_xgboost,2,2,macro_f1,0.9388477825864396
B5_xgboost,2,3,macro_f1,0.9261595381538825
B5_xgboost,2,4,macro_f1,0.8957564314419153
B5_xgboost,3,0,macro_f1,0.9125042264075078
B5_xgboost,3,1,macro_f1,0.9656140734265735
B5_xgboost,3,2,macro_f1,0.8606624037003784
B5_xgboost,3,3,macro_f1,0.9176388926510821
B5_xgboost,3,4,macro_f1,0.9509500465133668
B5_xgboost,4,0,macro_f1,0.9234652194211017
B5_xgboost,4,1,macro_f1,0.9017454177028645
B5_xgboost,4,2,macro_f1,0.9357778663478146
B5_xgboost,4,3,macro_f1,0.9524816310199331
B5_xgboost,4,4,macro_f1,0.9634046052631579
B2_elasticnet_logreg__LATE,0,0,macro_f1,0.8624639836108908
B2_elasticnet_logreg__LATE,0,1,macro_f1,0.8242924447743725
B2_elasticnet_logreg__LATE,0,2,macro_f1,0.8503631177118361
B2_elasticnet_logreg__LATE,0,3,macro_f1,0.8727380952380953
B2_elasticnet_logreg__LATE,0,4,macro_f1,0.8756699649556793
B2_elasticnet_logreg__LATE,1,0,macro_f1,0.8394379897093007
B2_elasticnet_logreg__LATE,1,1,macro_f1,0.8397058823529413
B2_elasticnet_logreg__LATE,1,2,macro_f1,0.8538081481054198
B2_elasticnet_logreg__LATE,1,3,macro_f1,0.8180100183311974
B2_elasticnet_logreg__LATE,1,4,macro_f1,0.8266870816964935
B2_elasticnet_logreg__LATE,2,0,macro_f1,0.8447651386530843
B2_elasticnet_logreg__LATE,2,1,macro_f1,0.8126929233666854
B2_elasticnet_logreg__LATE,2,2,macro_f1,0.8695672143948006
B2_elasticnet_logreg__LATE,2,3,macro_f1,0.856046138662719
B2_elasticnet_logreg__LATE,2,4,macro_f1,0.8388606175608073
B2_elasticnet_logreg__LATE,3,0,macro_f1,0.851090224563644
B2_elasticnet_logreg__LATE,3,1,macro_f1,0.9111249929264635
B2_elasticnet_logreg__LATE,3,2,macro_f1,0.7785476679170501
B2_elasticnet_logreg__LATE,3,3,macro_f1,0.8331127457682737
B2_elasticnet_logreg__LATE,3,4,macro_f1,0.8672506203844998
B2_elasticnet_logreg__LATE,4,0,macro_f1,0.8690063904349619
B2_elasticnet_logreg__LATE,4,1,macro_f1,0.8585969910531315
B2_elasticnet_logreg__LATE,4,2,macro_f1,0.8322951390516592
B2_elasticnet_logreg__LATE,4,3,macro_f1,0.8384231683103862
B2_elasticnet_logreg__LATE,4,4,macro_f1,0.8418504560160651
B3_linear_svm__LATE,0,0,macro_f1,0.867742839889579
B3_linear_svm__LATE,0,1,macro_f1,0.8539197059187972
B3_linear_svm__LATE,0,2,macro_f1,0.8397824679976484
B3_linear_svm__LATE,0,3,macro_f1,0.8466756513926326
B3_linear_svm__LATE,0,4,macro_f1,0.8670013209903459
B3_linear_svm__LATE,1,0,macro_f1,0.8937900641025641
B3_linear_svm__LATE,1,1,macro_f1,0.8112150171774437
B3_linear_svm__LATE,1,2,macro_f1,0.8377255876433508
B3_linear_svm__LATE,1,3,macro_f1,0.8427867544341463
B3_linear_svm__LATE,1,4,macro_f1,0.8662091296237637
B3_linear_svm__LATE,2,0,macro_f1,0.8816666666666667
B3_linear_svm__LATE,2,1,macro_f1,0.8413298962898526
B3_linear_svm__LATE,2,2,macro_f1,0.8066861965700513
B3_linear_svm__LATE,2,3,macro_f1,0.8641089902809789
B3_linear_svm__LATE,2,4,macro_f1,0.8595490309399604
B3_linear_svm__LATE,3,0,macro_f1,0.8505009152525602
B3_linear_svm__LATE,3,1,macro_f1,0.8630748546181455
B3_linear_svm__LATE,3,2,macro_f1,0.8390997465748
B3_linear_svm__LATE,3,3,macro_f1,0.8555579236525528
B3_linear_svm__LATE,3,4,macro_f1,0.8859198981082947
B3_linear_svm__LATE,4,0,macro_f1,0.859021454367592
B3_linear_svm__LATE,4,1,macro_f1,0.8697081581067805
B3_linear_svm__LATE,4,2,macro_f1,0.8497087134579996
B3_linear_svm__LATE,4,3,macro_f1,0.8065134119611731
B3_linear_svm__LATE,4,4,macro_f1,0.8868606772733908
B4_random_forest__LATE,0,0,macro_f1,0.8004322811382367
B4_random_forest__LATE,0,1,macro_f1,0.7690399745458752
B4_random_forest__LATE,0,2,macro_f1,0.7897474397474398
B4_random_forest__LATE,0,3,macro_f1,0.7725212936074703
B4_random_forest__LATE,0,4,macro_f1,0.7833382419867602
B4_random_forest__LATE,1,0,macro_f1,0.7570233585858586
B4_random_forest__LATE,1,1,macro_f1,0.766384432560903
B4_random_forest__LATE,1,2,macro_f1,0.7607885742443464
B4_random_forest__LATE,1,3,macro_f1,0.7905414198224486
B4_random_forest__LATE,1,4,macro_f1,0.783214864757988
B4_random_forest__LATE,2,0,macro_f1,0.8183167834890965
B4_random_forest__LATE,2,1,macro_f1,0.7656060606060606
B4_random_forest__LATE,2,2,macro_f1,0.7488485092962704
B4_random_forest__LATE,2,3,macro_f1,0.7983698871250279
B4_random_forest__LATE,2,4,macro_f1,0.7936799774076451
B4_random_forest__LATE,3,0,macro_f1,0.7635727358438245
B4_random_forest__LATE,3,1,macro_f1,0.8316945515543646
B4_random_forest__LATE,3,2,macro_f1,0.7352838082315694
B4_random_forest__LATE,3,3,macro_f1,0.7845389377647441
B4_random_forest__LATE,3,4,macro_f1,0.7223489094985732
B4_random_forest__LATE,4,0,macro_f1,0.798543776484953
B4_random_forest__LATE,4,1,macro_f1,0.7855270379060371
B4_random_forest__LATE,4,2,macro_f1,0.7663020917934557
B4_random_forest__LATE,4,3,macro_f1,0.728030303030303
B4_random_forest__LATE,4,4,macro_f1,0.8172891118543293
B5_xgboost__LATE,0,0,macro_f1,0.8597058823529411
B5_xgboost__LATE,0,1,macro_f1,0.8171098612792896
B5_xgboost__LATE,0,2,macro_f1,0.8553518787944995
B5_xgboost__LATE,0,3,macro_f1,0.8488544801977638
B5_xgboost__LATE,0,4,macro_f1,0.8871499258902609
B5_xgboost__LATE,1,0,macro_f1,0.9050088901581803
B5_xgboost__LATE,1,1,macro_f1,0.9129574612704976
B5_xgboost__LATE,1,2,macro_f1,0.84386223532565
B5_xgboost__LATE,1,3,macro_f1,0.8163715486194477
B5_xgboost__LATE,1,4,macro_f1,0.9118555008210181
B5_xgboost__LATE,2,0,macro_f1,0.8749670198436393
B5_xgboost__LATE,2,1,macro_f1,0.8528198992263213
B5_xgboost__LATE,2,2,macro_f1,0.8588257975236664
B5_xgboost__LATE,2,3,macro_f1,0.8651214060753836
B5_xgboost__LATE,2,4,macro_f1,0.7947093103290047
B5_xgboost__LATE,3,0,macro_f1,0.8618524332810047
B5_xgboost__LATE,3,1,macro_f1,0.871559759338042
B5_xgboost__LATE,3,2,macro_f1,0.8378269940619483
B5_xgboost__LATE,3,3,macro_f1,0.8916381393475635
B5_xgboost__LATE,3,4,macro_f1,0.875787728026534
B5_xgboost__LATE,4,0,macro_f1,0.8603607301883164
B5_xgboost__LATE,4,1,macro_f1,0.8499798477384685
B5_xgboost__LATE,4,2,macro_f1,0.8605614973262031
B5_xgboost__LATE,4,3,macro_f1,0.8613654275418982
B5_xgboost__LATE,4,4,macro_f1,0.8675687429262421
B0a_dummy_stratified,0,0,weighted_f1,0.3637812891628606
B0a_dummy_stratified,0,1,weighted_f1,0.4120989646292568
B0a_dummy_stratified,0,2,weighted_f1,0.39217958105751344
B0a_dummy_stratified,0,3,weighted_f1,0.38747507164035006
B0a_dummy_stratified,0,4,weighted_f1,0.38028713535624975
B0a_dummy_stratified,1,0,weighted_f1,0.42039355029745085
B0a_dummy_stratified,1,1,weighted_f1,0.30243176216091394
B0a_dummy_stratified,1,2,weighted_f1,0.39014769189055837
B0a_dummy_stratified,1,3,weighted_f1,0.36980014182901405
B0a_dummy_stratified,1,4,weighted_f1,0.36597510543352785
B0a_dummy_stratified,2,0,weighted_f1,0.3020311598039128
B0a_dummy_stratified,2,1,weighted_f1,0.383124248840571
B0a_dummy_stratified,2,2,weighted_f1,0.39151189307003476
B0a_dummy_stratified,2,3,weighted_f1,0.3482446271999851
B0a_dummy_stratified,2,4,weighted_f1,0.3680363372728087
B0a_dummy_stratified,3,0,weighted_f1,0.3244645436844419
B0a_dummy_stratified,3,1,weighted_f1,0.39138853279979435
B0a_dummy_stratified,3,2,weighted_f1,0.3683533309162754
B0a_dummy_stratified,3,3,weighted_f1,0.369355507210876
B0a_dummy_stratified,3,4,weighted_f1,0.39898575457595215
B0a_dummy_stratified,4,0,weighted_f1,0.3347067813998283
B0a_dummy_stratified,4,1,weighted_f1,0.3467628382810136
B0a_dummy_stratified,4,2,weighted_f1,0.30906787554147447
B0a_dummy_stratified,4,3,weighted_f1,0.37070529578809297
B0a_dummy_stratified,4,4,weighted_f1,0.4046225326585506
B0b_dummy_mostfreq,0,0,weighted_f1,0.36100828485809977
B0b_dummy_mostfreq,0,1,weighted_f1,0.36100828485809977
B0b_dummy_mostfreq,0,2,weighted_f1,0.36100828485809977
B0b_dummy_mostfreq,0,3,weighted_f1,0.36100828485809977
B0b_dummy_mostfreq,0,4,weighted_f1,0.36429757293066645
B0b_dummy_mostfreq,1,0,weighted_f1,0.36100828485809977
B0b_dummy_mostfreq,1,1,weighted_f1,0.36100828485809977
B0b_dummy_mostfreq,1,2,weighted_f1,0.36100828485809977
B0b_dummy_mostfreq,1,3,weighted_f1,0.36100828485809977
B0b_dummy_mostfreq,1,4,weighted_f1,0.36429757293066645
B0b_dummy_mostfreq,2,0,weighted_f1,0.36100828485809977
B0b_dummy_mostfreq,2,1,weighted_f1,0.36100828485809977
B0b_dummy_mostfreq,2,2,weighted_f1,0.36100828485809977
B0b_dummy_mostfreq,2,3,weighted_f1,0.36100828485809977
B0b_dummy_mostfreq,2,4,weighted_f1,0.36429757293066645
B0b_dummy_mostfreq,3,0,weighted_f1,0.36100828485809977
B0b_dummy_mostfreq,3,1,weighted_f1,0.36100828485809977
B0b_dummy_mostfreq,3,2,weighted_f1,0.36100828485809977
B0b_dummy_mostfreq,3,3,weighted_f1,0.36100828485809977
B0b_dummy_mostfreq,3,4,weighted_f1,0.36429757293066645
B0b_dummy_mostfreq,4,0,weighted_f1,0.36100828485809977
B0b_dummy_mostfreq,4,1,weighted_f1,0.36100828485809977
B0b_dummy_mostfreq,4,2,weighted_f1,0.36100828485809977
B0b_dummy_mostfreq,4,3,weighted_f1,0.36100828485809977
B0b_dummy_mostfreq,4,4,weighted_f1,0.36429757293066645
B1_pam50_centroid,0,0,weighted_f1,0.908800266630905
B1_pam50_centroid,0,1,weighted_f1,0.8796816807087399
B1_pam50_centroid,0,2,weighted_f1,0.8480476590777376
B1_pam50_centroid,0,3,weighted_f1,0.8572878433365976
B1_pam50_centroid,0,4,weighted_f1,0.8618127194400828
B1_pam50_centroid,1,0,weighted_f1,0.8623732896010283
B1_pam50_centroid,1,1,weighted_f1,0.8959206061165278
B1_pam50_centroid,1,2,weighted_f1,0.8620448776317778
B1_pam50_centroid,1,3,weighted_f1,0.8353022741369476
B1_pam50_centroid,1,4,weighted_f1,0.8934134725627502
B1_pam50_centroid,2,0,weighted_f1,0.8614537605046664
B1_pam50_centroid,2,1,weighted_f1,0.8662729816307313
B1_pam50_centroid,2,2,weighted_f1,0.9359160775318007
B1_pam50_centroid,2,3,weighted_f1,0.8524978151466104
B1_pam50_centroid,2,4,weighted_f1,0.8654983379596117
B1_pam50_centroid,3,0,weighted_f1,0.8920644257538715
B1_pam50_centroid,3,1,weighted_f1,0.8727504494377631
B1_pam50_centroid,3,2,weighted_f1,0.8747870777640214
B1_pam50_centroid,3,3,weighted_f1,0.8563722901708668
B1_pam50_centroid,3,4,weighted_f1,0.8804231482802911
B1_pam50_centroid,4,0,weighted_f1,0.8635711532052917
B1_pam50_centroid,4,1,weighted_f1,0.87264176382499
B1_pam50_centroid,4,2,weighted_f1,0.8662671432815648
B1_pam50_centroid,4,3,weighted_f1,0.879048439170437
B1_pam50_centroid,4,4,weighted_f1,0.9033723788032599
B2_elasticnet_logreg,0,0,weighted_f1,0.9176690520902063
B2_elasticnet_logreg,0,1,weighted_f1,0.9095263590580237
B2_elasticnet_logreg,0,2,weighted_f1,0.9038598592454633
B2_elasticnet_logreg,0,3,weighted_f1,0.9458282298661936
B2_elasticnet_logreg,0,4,weighted_f1,0.9301302986041399
B2_elasticnet_logreg,1,0,weighted_f1,0.9242032554602716
B2_elasticnet_logreg,1,1,weighted_f1,0.8916609609245117
B2_elasticnet_logreg,1,2,weighted_f1,0.914861563410637
B2_elasticnet_logreg,1,3,weighted_f1,0.8932973902985898
B2_elasticnet_logreg,1,4,weighted_f1,0.9028242658548353
B2_elasticnet_logreg,2,0,weighted_f1,0.9207193786051897
B2_elasticnet_logreg,2,1,weighted_f1,0.909342827022417
B2_elasticnet_logreg,2,2,weighted_f1,0.9506314435827878
B2_elasticnet_logreg,2,3,weighted_f1,0.9079369975853319
B2_elasticnet_logreg,2,4,weighted_f1,0.8885728560561924
B2_elasticnet_logreg,3,0,weighted_f1,0.8880767437533209
B2_elasticnet_logreg,3,1,weighted_f1,0.9100791344554708
B2_elasticnet_logreg,3,2,weighted_f1,0.8925418843451631
B2_elasticnet_logreg,3,3,weighted_f1,0.9150492448751797
B2_elasticnet_logreg,3,4,weighted_f1,0.9518150116652421
B2_elasticnet_logreg,4,0,weighted_f1,0.9300825024687828
B2_elasticnet_logreg,4,1,weighted_f1,0.9149213919258843
B2_elasticnet_logreg,4,2,weighted_f1,0.919551969603671
B2_elasticnet_logreg,4,3,weighted_f1,0.9137439525330521
B2_elasticnet_logreg,4,4,weighted_f1,0.9402567357454577
B3_linear_svm,0,0,weighted_f1,0.9064812695282313
B3_linear_svm,0,1,weighted_f1,0.9124876924583063
B3_linear_svm,0,2,weighted_f1,0.9236394091846415
B3_linear_svm,0,3,weighted_f1,0.8827356763929364
B3_linear_svm,0,4,weighted_f1,0.9125321790962184
B3_linear_svm,1,0,weighted_f1,0.8901771674995719
B3_linear_svm,1,1,weighted_f1,0.8791955382795335
B3_linear_svm,1,2,weighted_f1,0.9081770560631647
B3_linear_svm,1,3,weighted_f1,0.8860160261354064
B3_linear_svm,1,4,weighted_f1,0.8757323359116302
B3_linear_svm,2,0,weighted_f1,0.907951719644472
B3_linear_svm,2,1,weighted_f1,0.880959905049107
B3_linear_svm,2,2,weighted_f1,0.8874515712509927
B3_linear_svm,2,3,weighted_f1,0.906285983182246
B3_linear_svm,2,4,weighted_f1,0.8804835444691131
B3_linear_svm,3,0,weighted_f1,0.8699411570015553
B3_linear_svm,3,1,weighted_f1,0.9283903915920235
B3_linear_svm,3,2,weighted_f1,0.8783888689740815
B3_linear_svm,3,3,weighted_f1,0.8919010757309921
B3_linear_svm,3,4,weighted_f1,0.9284733124018838
B3_linear_svm,4,0,weighted_f1,0.9017208026444672
B3_linear_svm,4,1,weighted_f1,0.902148793299617
B3_linear_svm,4,2,weighted_f1,0.9015696779247886
B3_linear_svm,4,3,weighted_f1,0.9099512114162682
B3_linear_svm,4,4,weighted_f1,0.9168852397419031
B4_random_forest,0,0,weighted_f1,0.9215074992476847
B4_random_forest,0,1,weighted_f1,0.9442476054072069
B4_random_forest,0,2,weighted_f1,0.945902001710368
B4_random_forest,0,3,weighted_f1,0.9227694529062703
B4_random_forest,0,4,weighted_f1,0.9507210950285179
B4_random_forest,1,0,weighted_f1,0.928645072438166
B4_random_forest,1,1,weighted_f1,0.910276767659723
B4_random_forest,1,2,weighted_f1,0.9055907513759273
B4_random_forest,1,3,weighted_f1,0.9437214223979237
B4_random_forest,1,4,weighted_f1,0.9165305766290988
B4_random_forest,2,0,weighted_f1,0.945771444299096
B4_random_forest,2,1,weighted_f1,0.9110369278294831
B4_random_forest,2,2,weighted_f1,0.9383068336453046
B4_random_forest,2,3,weighted_f1,0.9333604880757755
B4_random_forest,2,4,weighted_f1,0.9342826653540343
B4_random_forest,3,0,weighted_f1,0.9165390479127055
B4_random_forest,3,1,weighted_f1,0.9392340483675378
B4_random_forest,3,2,weighted_f1,0.900411937788987
B4_random_forest,3,3,weighted_f1,0.9335965318972725
B4_random_forest,3,4,weighted_f1,0.9448577779005971
B4_random_forest,4,0,weighted_f1,0.9338925104733067
B4_random_forest,4,1,weighted_f1,0.9114424662996253
B4_random_forest,4,2,weighted_f1,0.9198216346856148
B4_random_forest,4,3,weighted_f1,0.9279509972957415
B4_random_forest,4,4,weighted_f1,0.9614597097942768
B5_xgboost,0,0,weighted_f1,0.9272405421100874
B5_xgboost,0,1,weighted_f1,0.929357051505639
B5_xgboost,0,2,weighted_f1,0.946705479711265
B5_xgboost,0,3,weighted_f1,0.9402956098632473
B5_xgboost,0,4,weighted_f1,0.9352584678170233
B5_xgboost,1,0,weighted_f1,0.9180778209044738
B5_xgboost,1,1,weighted_f1,0.9332492643968054
B5_xgboost,1,2,weighted_f1,0.9402956236179818
B5_xgboost,1,3,weighted_f1,0.9336566439645767
B5_xgboost,1,4,weighted_f1,0.9512480835789107
B5_xgboost,2,0,weighted_f1,0.9198189410339843
B5_xgboost,2,1,weighted_f1,0.9176684881602915
B5_xgboost,2,2,weighted_f1,0.9502560593334447
B5_xgboost,2,3,weighted_f1,0.9340124089397429
B5_xgboost,2,4,weighted_f1,0.913641280634368
B5_xgboost,3,0,weighted_f1,0.9288434017333476
B5_xgboost,3,1,weighted_f1,0.9619549849058047
B5_xgboost,3,2,weighted_f1,0.892772063886403
B5_xgboost,3,3,weighted_f1,0.9397767788352872
B5_xgboost,3,4,weighted_f1,0.9670523491129243
B5_xgboost,4,0,weighted_f1,0.9353184807620678
B5_xgboost,4,1,weighted_f1,0.9195331661323987
B5_xgboost,4,2,weighted_f1,0.9399760860900757
B5_xgboost,4,3,weighted_f1,0.9510367248415634
B5_xgboost,4,4,weighted_f1,0.9670871891266628
B2_elasticnet_logreg__LATE,0,0,weighted_f1,0.8669441808262156
B2_elasticnet_logreg__LATE,0,1,weighted_f1,0.8512873819608958
B2_elasticnet_logreg__LATE,0,2,weighted_f1,0.870182977582766
B2_elasticnet_logreg__LATE,0,3,weighted_f1,0.8809679937548791
B2_elasticnet_logreg__LATE,0,4,weighted_f1,0.8841181494242718
B2_elasticnet_logreg__LATE,1,0,weighted_f1,0.8671933328841789
B2_elasticnet_logreg__LATE,1,1,weighted_f1,0.8575514060567099
B2_elasticnet_logreg__LATE,1,2,weighted_f1,0.86623209186817
B2_elasticnet_logreg__LATE,1,3,weighted_f1,0.8261212905986548
B2_elasticnet_logreg__LATE,1,4,weighted_f1,0.8518546054556531
B2_elasticnet_logreg__LATE,2,0,weighted_f1,0.8485958417991039
B2_elasticnet_logreg__LATE,2,1,weighted_f1,0.829797215284372
B2_elasticnet_logreg__LATE,2,2,weighted_f1,0.8847731879953474
B2_elasticnet_logreg__LATE,2,3,weighted_f1,0.8830538803476883
B2_elasticnet_logreg__LATE,2,4,weighted_f1,0.8543241388592433
B2_elasticnet_logreg__LATE,3,0,weighted_f1,0.8590401217120645
B2_elasticnet_logreg__LATE,3,1,weighted_f1,0.9126974850214966
B2_elasticnet_logreg__LATE,3,2,weighted_f1,0.8308107148534173
B2_elasticnet_logreg__LATE,3,3,weighted_f1,0.8577853050308221
B2_elasticnet_logreg__LATE,3,4,weighted_f1,0.9011939698408503
B2_elasticnet_logreg__LATE,4,0,weighted_f1,0.8739150172405442
B2_elasticnet_logreg__LATE,4,1,weighted_f1,0.8916756730772645
B2_elasticnet_logreg__LATE,4,2,weighted_f1,0.8442785167941771
B2_elasticnet_logreg__LATE,4,3,weighted_f1,0.8563974338656947
B2_elasticnet_logreg__LATE,4,4,weighted_f1,0.8823970435349221
B3_linear_svm__LATE,0,0,weighted_f1,0.8635124280170609
B3_linear_svm__LATE,0,1,weighted_f1,0.8769989615432446
B3_linear_svm__LATE,0,2,weighted_f1,0.852991055920683
B3_linear_svm__LATE,0,3,weighted_f1,0.8557097197060078
B3_linear_svm__LATE,0,4,weighted_f1,0.8957581995401078
B3_linear_svm__LATE,1,0,weighted_f1,0.8938796062771472
B3_linear_svm__LATE,1,1,weighted_f1,0.8380731115995229
B3_linear_svm__LATE,1,2,weighted_f1,0.8723296613989022
B3_linear_svm__LATE,1,3,weighted_f1,0.8503915171022722
B3_linear_svm__LATE,1,4,weighted_f1,0.8775434399127781
B3_linear_svm__LATE,2,0,weighted_f1,0.8878506375227686
B3_linear_svm__LATE,2,1,weighted_f1,0.861910346455633
B3_linear_svm__LATE,2,2,weighted_f1,0.8389412410436241
B3_linear_svm__LATE,2,3,weighted_f1,0.8970951275035347
B3_linear_svm__LATE,2,4,weighted_f1,0.8655829995315325
B3_linear_svm__LATE,3,0,weighted_f1,0.850613831546489
B3_linear_svm__LATE,3,1,weighted_f1,0.8673808587509524
B3_linear_svm__LATE,3,2,weighted_f1,0.8700459073517975
B3_linear_svm__LATE,3,3,weighted_f1,0.8736725069373595
B3_linear_svm__LATE,3,4,weighted_f1,0.9079783758406428
B3_linear_svm__LATE,4,0,weighted_f1,0.880144518561503
B3_linear_svm__LATE,4,1,weighted_f1,0.897415401938242
B3_linear_svm__LATE,4,2,weighted_f1,0.8541547426971214
B3_linear_svm__LATE,4,3,weighted_f1,0.836331811081016
B3_linear_svm__LATE,4,4,weighted_f1,0.902961130243279
B4_random_forest__LATE,0,0,weighted_f1,0.8250619395635723
B4_random_forest__LATE,0,1,weighted_f1,0.8188614684867694
B4_random_forest__LATE,0,2,weighted_f1,0.8026048747360223
B4_random_forest__LATE,0,3,weighted_f1,0.8234348271821901
B4_random_forest__LATE,0,4,weighted_f1,0.830419565562495
B4_random_forest__LATE,1,0,weighted_f1,0.8153926560688856
B4_random_forest__LATE,1,1,weighted_f1,0.8064973099688625
B4_random_forest__LATE,1,2,weighted_f1,0.8054311603799155
B4_random_forest__LATE,1,3,weighted_f1,0.8358269907787066
B4_random_forest__LATE,1,4,weighted_f1,0.805254023104387
B4_random_forest__LATE,2,0,weighted_f1,0.8520850356638238
B4_random_forest__LATE,2,1,weighted_f1,0.7965822155986089
B4_random_forest__LATE,2,2,weighted_f1,0.7919917470688207
B4_random_forest__LATE,2,3,weighted_f1,0.8464406752348358
B4_random_forest__LATE,2,4,weighted_f1,0.7980797956150947
B4_random_forest__LATE,3,0,weighted_f1,0.7901450598286556
B4_random_forest__LATE,3,1,weighted_f1,0.8532313506421059
B4_random_forest__LATE,3,2,weighted_f1,0.7870005412579428
B4_random_forest__LATE,3,3,weighted_f1,0.8294099108483032
B4_random_forest__LATE,3,4,weighted_f1,0.7808200767842025
B4_random_forest__LATE,4,0,weighted_f1,0.8149337358594831
B4_random_forest__LATE,4,1,weighted_f1,0.8338485400522275
B4_random_forest__LATE,4,2,weighted_f1,0.800876494566142
B4_random_forest__LATE,4,3,weighted_f1,0.7855936413313461
B4_random_forest__LATE,4,4,weighted_f1,0.8493176277457214
B5_xgboost__LATE,0,0,weighted_f1,0.8578142076502732
B5_xgboost__LATE,0,1,weighted_f1,0.8383161765141202
B5_xgboost__LATE,0,2,weighted_f1,0.8756686586890261
B5_xgboost__LATE,0,3,weighted_f1,0.8836357390308944
B5_xgboost__LATE,0,4,weighted_f1,0.9007104824483322
B5_xgboost__LATE,1,0,weighted_f1,0.9114714529492173
B5_xgboost__LATE,1,1,weighted_f1,0.920727831895365
B5_xgboost__LATE,1,2,weighted_f1,0.8687997328541112
B5_xgboost__LATE,1,3,weighted_f1,0.8422539507606321
B5_xgboost__LATE,1,4,weighted_f1,0.9045503046488268
B5_xgboost__LATE,2,0,weighted_f1,0.8747382360152186
B5_xgboost__LATE,2,1,weighted_f1,0.8517298788609534
B5_xgboost__LATE,2,2,weighted_f1,0.8804919446697431
B5_xgboost__LATE,2,3,weighted_f1,0.9009426354420135
B5_xgboost__LATE,2,4,weighted_f1,0.8138255403111091
B5_xgboost__LATE,3,0,weighted_f1,0.8684063789450206
B5_xgboost__LATE,3,1,weighted_f1,0.8769666860996436
B5_xgboost__LATE,3,2,weighted_f1,0.8624145270474701
B5_xgboost__LATE,3,3,weighted_f1,0.9131599796650006
B5_xgboost__LATE,3,4,weighted_f1,0.8922227409024195
B5_xgboost__LATE,4,0,weighted_f1,0.8720923620867091
B5_xgboost__LATE,4,1,weighted_f1,0.8834287149945713
B5_xgboost__LATE,4,2,weighted_f1,0.8501797142105724
B5_xgboost__LATE,4,3,weighted_f1,0.8714984110355375
B5_xgboost__LATE,4,4,weighted_f1,0.9059911260648004
B0a_dummy_stratified,0,0,balanced_accuracy,0.258213141025641
B0a_dummy_stratified,0,1,balanced_accuracy,0.3018590510366826
B0a_dummy_stratified,0,2,balanced_accuracy,0.2729858682983683
B0a_dummy_stratified,0,3,balanced_accuracy,0.26276587995337997
B0a_dummy_stratified,0,4,balanced_accuracy,0.27784455128205127
B0a_dummy_stratified,1,0,balanced_accuracy,0.3141025641025641
B0a_dummy_stratified,1,1,balanced_accuracy,0.19093899521531102
B0a_dummy_stratified,1,2,balanced_accuracy,0.2890661421911422
B0a_dummy_stratified,1,3,balanced_accuracy,0.28952870046620044
B0a_dummy_stratified,1,4,balanced_accuracy,0.25564903846153847
B0a_dummy_stratified,2,0,balanced_accuracy,0.20653044871794873
B0a_dummy_stratified,2,1,balanced_accuracy,0.2887509968102073
B0a_dummy_stratified,2,2,balanced_accuracy,0.28969259906759903
B0a_dummy_stratified,2,3,balanced_accuracy,0.22170017482517484
B0a_dummy_stratified,2,4,balanced_accuracy,0.24763621794871793
B0a_dummy_stratified,3,0,balanced_accuracy,0.2558092948717949
B0a_dummy_stratified,3,1,balanced_accuracy,0.2996037679425837
B0a_dummy_stratified,3,2,balanced_accuracy,0.2774839743589744
B0a_dummy_stratified,3,3,balanced_accuracy,0.26754079254079255
B0a_dummy_stratified,3,4,balanced_accuracy,0.2943509615384615
B0a_dummy_stratified,4,0,balanced_accuracy,0.24559294871794873
B0a_dummy_stratified,4,1,balanced_accuracy,0.2317459130781499
B0a_dummy_stratified,4,2,balanced_accuracy,0.22281832750582753
B0a_dummy_stratified,4,3,balanced_accuracy,0.2511472902097902
B0a_dummy_stratified,4,4,balanced_accuracy,0.30456730769230766
B0b_dummy_mostfreq,0,0,balanced_accuracy,0.25
B0b_dummy_mostfreq,0,1,balanced_accuracy,0.25
B0b_dummy_mostfreq,0,2,balanced_accuracy,0.25
B0b_dummy_mostfreq,0,3,balanced_accuracy,0.25
B0b_dummy_mostfreq,0,4,balanced_accuracy,0.25
B0b_dummy_mostfreq,1,0,balanced_accuracy,0.25
B0b_dummy_mostfreq,1,1,balanced_accuracy,0.25
B0b_dummy_mostfreq,1,2,balanced_accuracy,0.25
B0b_dummy_mostfreq,1,3,balanced_accuracy,0.25
B0b_dummy_mostfreq,1,4,balanced_accuracy,0.25
B0b_dummy_mostfreq,2,0,balanced_accuracy,0.25
B0b_dummy_mostfreq,2,1,balanced_accuracy,0.25
B0b_dummy_mostfreq,2,2,balanced_accuracy,0.25
B0b_dummy_mostfreq,2,3,balanced_accuracy,0.25
B0b_dummy_mostfreq,2,4,balanced_accuracy,0.25
B0b_dummy_mostfreq,3,0,balanced_accuracy,0.25
B0b_dummy_mostfreq,3,1,balanced_accuracy,0.25
B0b_dummy_mostfreq,3,2,balanced_accuracy,0.25
B0b_dummy_mostfreq,3,3,balanced_accuracy,0.25
B0b_dummy_mostfreq,3,4,balanced_accuracy,0.25
B0b_dummy_mostfreq,4,0,balanced_accuracy,0.25
B0b_dummy_mostfreq,4,1,balanced_accuracy,0.25
B0b_dummy_mostfreq,4,2,balanced_accuracy,0.25
B0b_dummy_mostfreq,4,3,balanced_accuracy,0.25
B0b_dummy_mostfreq,4,4,balanced_accuracy,0.25
B1_pam50_centroid,0,0,balanced_accuracy,0.936698717948718
B1_pam50_centroid,0,1,balanced_accuracy,0.9142618620414673
B1_pam50_centroid,0,2,balanced_accuracy,0.8852527680652681
B1_pam50_centroid,0,3,balanced_accuracy,0.8965945512820513
B1_pam50_centroid,0,4,balanced_accuracy,0.9208733974358974
B1_pam50_centroid,1,0,balanced_accuracy,0.9246794871794872
B1_pam50_centroid,1,1,balanced_accuracy,0.9050787480063796
B1_pam50_centroid,1,2,balanced_accuracy,0.913261217948718
B1_pam50_centroid,1,3,balanced_accuracy,0.8786057692307693
B1_pam50_centroid,1,4,balanced_accuracy,0.9350961538461537
B1_pam50_centroid,2,0,balanced_accuracy,0.9246794871794872
B1_pam50_centroid,2,1,balanced_accuracy,0.9150219298245614
B1_pam50_centroid,2,2,balanced_accuracy,0.9470753205128206
B1_pam50_centroid,2,3,balanced_accuracy,0.885212703962704
B1_pam50_centroid,2,4,balanced_accuracy,0.8966346153846153
B1_pam50_centroid,3,0,balanced_accuracy,0.9403044871794872
B1_pam50_centroid,3,1,balanced_accuracy,0.8866128389154706
B1_pam50_centroid,3,2,balanced_accuracy,0.9146634615384616
B1_pam50_centroid,3,3,balanced_accuracy,0.9171037296037297
B1_pam50_centroid,3,4,balanced_accuracy,0.9134615384615385
B1_pam50_centroid,4,0,balanced_accuracy,0.9080528846153846
B1_pam50_centroid,4,1,balanced_accuracy,0.9057017543859649
B1_pam50_centroid,4,2,balanced_accuracy,0.9132211538461539
B1_pam50_centroid,4,3,balanced_accuracy,0.9199082167832168
B1_pam50_centroid,4,4,balanced_accuracy,0.9417067307692308
B2_elasticnet_logreg,0,0,balanced_accuracy,0.9174679487179487
B2_elasticnet_logreg,0,1,balanced_accuracy,0.925912081339713
B2_elasticnet_logreg,0,2,balanced_accuracy,0.9177046911421911
B2_elasticnet_logreg,0,3,balanced_accuracy,0.9537623834498834
B2_elasticnet_logreg,0,4,balanced_accuracy,0.9252003205128205
B2_elasticnet_logreg,1,0,balanced_accuracy,0.9184695512820513
B2_elasticnet_logreg,1,1,balanced_accuracy,0.898225677830941
B2_elasticnet_logreg,1,2,balanced_accuracy,0.9369718822843822
B2_elasticnet_logreg,1,3,balanced_accuracy,0.8931490384615384
B2_elasticnet_logreg,1,4,balanced_accuracy,0.8969551282051282
B2_elasticnet_logreg,2,0,balanced_accuracy,0.9364983974358974
B2_elasticnet_logreg,2,1,balanced_accuracy,0.8967927631578947
B2_elasticnet_logreg,2,2,balanced_accuracy,0.9434695512820513
B2_elasticnet_logreg,2,3,balanced_accuracy,0.8997960372960373
B2_elasticnet_logreg,2,4,balanced_accuracy,0.9106570512820513
B2_elasticnet_logreg,3,0,balanced_accuracy,0.8796073717948718
B2_elasticnet_logreg,3,1,balanced_accuracy,0.9348584529505582
B2_elasticnet_logreg,3,2,balanced_accuracy,0.8767591783216784
B2_elasticnet_logreg,3,3,balanced_accuracy,0.9354931526806527
B2_elasticnet_logreg,3,4,balanced_accuracy,0.9444711538461539
B2_elasticnet_logreg,4,0,balanced_accuracy,0.914463141025641
B2_elasticnet_logreg,4,1,balanced_accuracy,0.9074461722488039
B2_elasticnet_logreg,4,2,balanced_accuracy,0.9278445512820513
B2_elasticnet_logreg,4,3,balanced_accuracy,0.9114911130536131
B2_elasticnet_logreg,4,4,balanced_accuracy,0.938261217948718
B3_linear_svm,0,0,balanced_accuracy,0.8954326923076923
B3_linear_svm,0,1,balanced_accuracy,0.8863760964912282
B3_linear_svm,0,2,balanced_accuracy,0.9319274475524475
B3_linear_svm,0,3,balanced_accuracy,0.8574519230769231
B3_linear_svm,0,4,balanced_accuracy,0.8881009615384615
B3_linear_svm,1,0,balanced_accuracy,0.8485576923076923
B3_linear_svm,1,1,balanced_accuracy,0.8498803827751196
B3_linear_svm,1,2,balanced_accuracy,0.8997960372960373
B3_linear_svm,1,3,balanced_accuracy,0.9072516025641025
B3_linear_svm,1,4,balanced_accuracy,0.8481971153846154
B3_linear_svm,2,0,balanced_accuracy,0.8886217948717949
B3_linear_svm,2,1,balanced_accuracy,0.8678728070175439
B3_linear_svm,2,2,balanced_accuracy,0.8292868589743589
B3_linear_svm,2,3,balanced_accuracy,0.8728365384615384
B3_linear_svm,2,4,balanced_accuracy,0.8839743589743589
B3_linear_svm,3,0,balanced_accuracy,0.8565705128205129
B3_linear_svm,3,1,balanced_accuracy,0.9063123006379585
B3_linear_svm,3,2,balanced_accuracy,0.8358136655011654
B3_linear_svm,3,3,balanced_accuracy,0.8790865384615385
B3_linear_svm,3,4,balanced_accuracy,0.903525641025641
B3_linear_svm,4,0,balanced_accuracy,0.8677884615384616
B3_linear_svm,4,1,balanced_accuracy,0.8531324760765551
B3_linear_svm,4,2,balanced_accuracy,0.880488782051282
B3_linear_svm,4,3,balanced_accuracy,0.9024038461538462
B3_linear_svm,4,4,balanced_accuracy,0.8780448717948719
B4_random_forest,0,0,balanced_accuracy,0.8902243589743589
B4_random_forest,0,1,balanced_accuracy,0.9331140350877193
B4_random_forest,0,2,balanced_accuracy,0.9396998834498834
B4_random_forest,0,3,balanced_accuracy,0.9049679487179487
B4_random_forest,0,4,balanced_accuracy,0.9215544871794872
B4_random_forest,1,0,balanced_accuracy,0.8896233974358974
B4_random_forest,1,1,balanced_accuracy,0.8795230263157895
B4_random_forest,1,2,balanced_accuracy,0.8590872668997669
B4_random_forest,1,3,balanced_accuracy,0.9294471153846153
B4_random_forest,1,4,balanced_accuracy,0.9074118589743589
B4_random_forest,2,0,balanced_accuracy,0.9364983974358974
B4_random_forest,2,1,balanced_accuracy,0.8834978070175439
B4_random_forest,2,2,balanced_accuracy,0.9127804487179487
B4_random_forest,2,3,balanced_accuracy,0.9139823717948719
B4_random_forest,2,4,balanced_accuracy,0.9252403846153846
B4_random_forest,3,0,balanced_accuracy,0.8876201923076923
B4_random_forest,3,1,balanced_accuracy,0.9164922248803827
B4_random_forest,3,2,balanced_accuracy,0.8869391025641026
B4_random_forest,3,3,balanced_accuracy,0.9139823717948719
B4_random_forest,3,4,balanced_accuracy,0.925400641025641
B4_random_forest,4,0,balanced_accuracy,0.905448717948718
B4_random_forest,4,1,balanced_accuracy,0.8553628389154706
B4_random_forest,4,2,balanced_accuracy,0.9038060897435898
B4_random_forest,4,3,balanced_accuracy,0.897315705128205
B4_random_forest,4,4,balanced_accuracy,0.9562900641025642
B5_xgboost,0,0,balanced_accuracy,0.9188701923076923
B5_xgboost,0,1,balanced_accuracy,0.9462719298245614
B5_xgboost,0,2,balanced_accuracy,0.947312062937063
B5_xgboost,0,3,balanced_accuracy,0.9370957167832168
B5_xgboost,0,4,balanced_accuracy,0.9137419871794872
B5_xgboost,1,0,balanced_accuracy,0.8806089743589743
B5_xgboost,1,1,balanced_accuracy,0.9369517543859649
B5_xgboost,1,2,balanced_accuracy,0.9321241258741259
B5_xgboost,1,3,balanced_accuracy,0.9280448717948717
B5_xgboost,1,4,balanced_accuracy,0.9458733974358975
B5_xgboost,2,0,balanced_accuracy,0.9312900641025641
B5_xgboost,2,1,balanced_accuracy,0.9030975877192982
B5_xgboost,2,2,balanced_accuracy,0.9294070512820513
B5_xgboost,2,3,balanced_accuracy,0.9318509615384616
B5_xgboost,2,4,balanced_accuracy,0.9110176282051282
B5_xgboost,3,0,balanced_accuracy,0.8950320512820513
B5_xgboost,3,1,balanced_accuracy,0.9648749003189793
B5_xgboost,3,2,balanced_accuracy,0.8741149475524475
B5_xgboost,3,3,balanced_accuracy,0.9177483974358975
B5_xgboost,3,4,balanced_accuracy,0.9536858974358975
B5_xgboost,4,0,balanced_accuracy,0.9352964743589743
B5_xgboost,4,1,balanced_accuracy,0.8919582336523126
B5_xgboost,4,2,balanced_accuracy,0.933289627039627
B5_xgboost,4,3,balanced_accuracy,0.947275641025641
B5_xgboost,4,4,balanced_accuracy,0.9729567307692308
B2_elasticnet_logreg__LATE,0,0,balanced_accuracy,0.8619791666666666
B2_elasticnet_logreg__LATE,0,1,balanced_accuracy,0.8342553827751196
B2_elasticnet_logreg__LATE,0,2,balanced_accuracy,0.8537223193473193
B2_elasticnet_logreg__LATE,0,3,balanced_accuracy,0.8639022435897435
B2_elasticnet_logreg__LATE,0,4,balanced_accuracy,0.8598557692307692
B2_elasticnet_logreg__LATE,1,0,balanced_accuracy,0.8215144230769231
B2_elasticnet_logreg__LATE,1,1,balanced_accuracy,0.8182191985645932
B2_elasticnet_logreg__LATE,1,2,balanced_accuracy,0.8602090617715618
B2_elasticnet_logreg__LATE,1,3,balanced_accuracy,0.8493189102564103
B2_elasticnet_logreg__LATE,1,4,balanced_accuracy,0.8225560897435897
B2_elasticnet_logreg__LATE,2,0,balanced_accuracy,0.8423477564102564
B2_elasticnet_logreg__LATE,2,1,balanced_accuracy,0.7891995614035088
B2_elasticnet_logreg__LATE,2,2,balanced_accuracy,0.8600925116550117
B2_elasticnet_logreg__LATE,2,3,balanced_accuracy,0.8510016025641026
B2_elasticnet_logreg__LATE,2,4,balanced_accuracy,0.8633413461538462
B2_elasticnet_logreg__LATE,3,0,balanced_accuracy,0.8383413461538461
B2_elasticnet_logreg__LATE,3,1,balanced_accuracy,0.9174890350877193
B2_elasticnet_logreg__LATE,3,2,balanced_accuracy,0.7727964743589744
B2_elasticnet_logreg__LATE,3,3,balanced_accuracy,0.8253969988344989
B2_elasticnet_logreg__LATE,3,4,balanced_accuracy,0.8686698717948718
B2_elasticnet_logreg__LATE,4,0,balanced_accuracy,0.8539663461538461
B2_elasticnet_logreg__LATE,4,1,balanced_accuracy,0.8539922248803827
B2_elasticnet_logreg__LATE,4,2,balanced_accuracy,0.8228328962703962
B2_elasticnet_logreg__LATE,4,3,balanced_accuracy,0.8253969988344989
B2_elasticnet_logreg__LATE,4,4,balanced_accuracy,0.843389423076923
B3_linear_svm__LATE,0,0,balanced_accuracy,0.8547676282051282
B3_linear_svm__LATE,0,1,balanced_accuracy,0.8429276315789473
B3_linear_svm__LATE,0,2,balanced_accuracy,0.8244755244755245
B3_linear_svm__LATE,0,3,balanced_accuracy,0.8191907051282051
B3_linear_svm__LATE,0,4,balanced_accuracy,0.8319310897435896
B3_linear_svm__LATE,1,0,balanced_accuracy,0.8661858974358975
B3_linear_svm__LATE,1,1,balanced_accuracy,0.7850877192982456
B3_linear_svm__LATE,1,2,balanced_accuracy,0.8156177156177157
B3_linear_svm__LATE,1,3,balanced_accuracy,0.8254006410256409
B3_linear_svm__LATE,1,4,balanced_accuracy,0.8510817307692308
B3_linear_svm__LATE,2,0,balanced_accuracy,0.8631810897435896
B3_linear_svm__LATE,2,1,balanced_accuracy,0.8127741228070176
B3_linear_svm__LATE,2,2,balanced_accuracy,0.7729967948717948
B3_linear_svm__LATE,2,3,balanced_accuracy,0.851201923076923
B3_linear_svm__LATE,2,4,balanced_accuracy,0.8354166666666666
B3_linear_svm__LATE,3,0,balanced_accuracy,0.8247195512820512
B3_linear_svm__LATE,3,1,balanced_accuracy,0.8324735845295056
B3_linear_svm__LATE,3,2,balanced_accuracy,0.8320112179487179
B3_linear_svm__LATE,3,3,balanced_accuracy,0.8293669871794872
B3_linear_svm__LATE,3,4,balanced_accuracy,0.8550080128205129
B3_linear_svm__LATE,4,0,balanced_accuracy,0.8255208333333333
B3_linear_svm__LATE,4,1,balanced_accuracy,0.8483727073365231
B3_linear_svm__LATE,4,2,balanced_accuracy,0.8241987179487179
B3_linear_svm__LATE,4,3,balanced_accuracy,0.774198717948718
B3_linear_svm__LATE,4,4,balanced_accuracy,0.8819310897435897
B4_random_forest__LATE,0,0,balanced_accuracy,0.7534054487179488
B4_random_forest__LATE,0,1,balanced_accuracy,0.7291666666666666
B4_random_forest__LATE,0,2,balanced_accuracy,0.7462303321678322
B4_random_forest__LATE,0,3,balanced_accuracy,0.7358573717948719
B4_random_forest__LATE,0,4,balanced_accuracy,0.7370592948717949
B4_random_forest__LATE,1,0,balanced_accuracy,0.7155448717948718
B4_random_forest__LATE,1,1,balanced_accuracy,0.7236842105263158
B4_random_forest__LATE,1,2,balanced_accuracy,0.7154611013986014
B4_random_forest__LATE,1,3,balanced_accuracy,0.7551282051282051
B4_random_forest__LATE,1,4,balanced_accuracy,0.7395432692307692
B4_random_forest__LATE,2,0,balanced_accuracy,0.7698317307692308
B4_random_forest__LATE,2,1,balanced_accuracy,0.7225503389154705
B4_random_forest__LATE,2,2,balanced_accuracy,0.7064102564102565
B4_random_forest__LATE,2,3,balanced_accuracy,0.7577287296037296
B4_random_forest__LATE,2,4,balanced_accuracy,0.7574519230769231
B4_random_forest__LATE,3,0,balanced_accuracy,0.7251602564102564
B4_random_forest__LATE,3,1,balanced_accuracy,0.784227970494418
B4_random_forest__LATE,3,2,balanced_accuracy,0.7038060897435898
B4_random_forest__LATE,3,3,balanced_accuracy,0.7384615384615385
B4_random_forest__LATE,3,4,balanced_accuracy,0.6805288461538461
B4_random_forest__LATE,4,0,balanced_accuracy,0.7602163461538461
B4_random_forest__LATE,4,1,balanced_accuracy,0.7413277511961722
B4_random_forest__LATE,4,2,balanced_accuracy,0.7268830128205128
B4_random_forest__LATE,4,3,balanced_accuracy,0.6844951923076923
B4_random_forest__LATE,4,4,balanced_accuracy,0.7679487179487179
B5_xgboost__LATE,0,0,balanced_accuracy,0.8609775641025641
B5_xgboost__LATE,0,1,balanced_accuracy,0.8167489035087718
B5_xgboost__LATE,0,2,balanced_accuracy,0.856326486013986
B5_xgboost__LATE,0,3,balanced_accuracy,0.8460300116550117
B5_xgboost__LATE,0,4,balanced_accuracy,0.8752804487179486
B5_xgboost__LATE,1,0,balanced_accuracy,0.8850160256410257
B5_xgboost__LATE,1,1,balanced_accuracy,0.8977521929824561
B5_xgboost__LATE,1,2,balanced_accuracy,0.8115348193473193
B5_xgboost__LATE,1,3,balanced_accuracy,0.8239983974358974
B5_xgboost__LATE,1,4,balanced_accuracy,0.8945913461538462
B5_xgboost__LATE,2,0,balanced_accuracy,0.8595753205128205
B5_xgboost__LATE,2,1,balanced_accuracy,0.8386787280701755
B5_xgboost__LATE,2,2,balanced_accuracy,0.8395833333333333
B5_xgboost__LATE,2,3,balanced_accuracy,0.8652607808857808
B5_xgboost__LATE,2,4,balanced_accuracy,0.8260817307692309
B5_xgboost__LATE,3,0,balanced_accuracy,0.8397435897435896
B5_xgboost__LATE,3,1,balanced_accuracy,0.8600229266347688
B5_xgboost__LATE,3,2,balanced_accuracy,0.8344150641025642
B5_xgboost__LATE,3,3,balanced_accuracy,0.8921437937062937
B5_xgboost__LATE,3,4,balanced_accuracy,0.8471955128205129
B5_xgboost__LATE,4,0,balanced_accuracy,0.8371394230769231
B5_xgboost__LATE,4,1,balanced_accuracy,0.834492125199362
B5_xgboost__LATE,4,2,balanced_accuracy,0.8497195512820512
B5_xgboost__LATE,4,3,balanced_accuracy,0.8381810897435897
B5_xgboost__LATE,4,4,balanced_accuracy,0.8690304487179487
B0a_dummy_stratified,0,0,mcc,0.009495715897456989
B0a_dummy_stratified,0,1,mcc,0.086280291186304
B0a_dummy_stratified,0,2,mcc,0.056417348774778435
B0a_dummy_stratified,0,3,mcc,0.047982402021686556
B0a_dummy_stratified,0,4,mcc,0.04227526850107154
B0a_dummy_stratified,1,0,mcc,0.10273901395394927
B0a_dummy_stratified,1,1,mcc,-0.08304188883614781
B0a_dummy_stratified,1,2,mcc,0.056417348774778435
B0a_dummy_stratified,1,3,mcc,0.02267756176241094
B0a_dummy_stratified,1,4,mcc,0.016798119934200613
B0a_dummy_stratified,2,0,mcc,-0.08374758215903529
B0a_dummy_stratified,2,1,mcc,0.04394974618069104
B0a_dummy_stratified,2,2,mcc,0.056417348774778435
B0a_dummy_stratified,2,3,mcc,-0.011062225249956556
B0a_dummy_stratified,2,4,mcc,0.016798119934200613
B0a_dummy_stratified,3,0,mcc,-0.049840928320310826
B0a_dummy_stratified,3,1,mcc,0.05241585518181363
B0a_dummy_stratified,3,2,mcc,0.02267756176241094
B0a_dummy_stratified,3,3,mcc,0.02267756176241094
B0a_dummy_stratified,3,4,mcc,0.06775241706794248
B0a_dummy_stratified,4,0,mcc,-0.032887601400948596
B0a_dummy_stratified,4,1,mcc,-0.015313016827167089
B0a_dummy_stratified,4,2,mcc,-0.07010685252159966
B0a_dummy_stratified,4,3,mcc,0.02267756176241094
B0a_dummy_stratified,4,4,mcc,0.07624479992356613
B0b_dummy_mostfreq,0,0,mcc,0.0
B0b_dummy_mostfreq,0,1,mcc,0.0
B0b_dummy_mostfreq,0,2,mcc,0.0
B0b_dummy_mostfreq,0,3,mcc,0.0
B0b_dummy_mostfreq,0,4,mcc,0.0
B0b_dummy_mostfreq,1,0,mcc,0.0
B0b_dummy_mostfreq,1,1,mcc,0.0
B0b_dummy_mostfreq,1,2,mcc,0.0
B0b_dummy_mostfreq,1,3,mcc,0.0
B0b_dummy_mostfreq,1,4,mcc,0.0
B0b_dummy_mostfreq,2,0,mcc,0.0
B0b_dummy_mostfreq,2,1,mcc,0.0
B0b_dummy_mostfreq,2,2,mcc,0.0
B0b_dummy_mostfreq,2,3,mcc,0.0
B0b_dummy_mostfreq,2,4,mcc,0.0
B0b_dummy_mostfreq,3,0,mcc,0.0
B0b_dummy_mostfreq,3,1,mcc,0.0
B0b_dummy_mostfreq,3,2,mcc,0.0
B0b_dummy_mostfreq,3,3,mcc,0.0
B0b_dummy_mostfreq,3,4,mcc,0.0
B0b_dummy_mostfreq,4,0,mcc,0.0
B0b_dummy_mostfreq,4,1,mcc,0.0
B0b_dummy_mostfreq,4,2,mcc,0.0
B0b_dummy_mostfreq,4,3,mcc,0.0
B0b_dummy_mostfreq,4,4,mcc,0.0
B1_pam50_centroid,0,0,mcc,0.8618942504507598
B1_pam50_centroid,0,1,mcc,0.8220747290447639
B1_pam50_centroid,0,2,mcc,0.7755657683929033
B1_pam50_centroid,0,3,mcc,0.793638385833979
B1_pam50_centroid,0,4,mcc,0.8063318753756715
B1_pam50_centroid,1,0,mcc,0.8088225873172583
B1_pam50_centroid,1,1,mcc,0.8394585242086778
B1_pam50_centroid,1,2,mcc,0.8034688445301713
B1_pam50_centroid,1,3,mcc,0.7593888073041224
B1_pam50_centroid,1,4,mcc,0.8455696856922583
B1_pam50_centroid,2,0,mcc,0.8097663965576671
B1_pam50_centroid,2,1,mcc,0.8071743226928358
B1_pam50_centroid,2,2,mcc,0.9022554451884417
B1_pam50_centroid,2,3,mcc,0.7843079116188152
B1_pam50_centroid,2,4,mcc,0.7964689615892512
B1_pam50_centroid,3,0,mcc,0.8451749236461719
B1_pam50_centroid,3,1,mcc,0.8107434351352564
B1_pam50_centroid,3,2,mcc,0.8162726276873166
B1_pam50_centroid,3,3,mcc,0.8013359623433237
B1_pam50_centroid,3,4,mcc,0.8201761369074305
B1_pam50_centroid,4,0,mcc,0.8029081181267507
B1_pam50_centroid,4,1,mcc,0.8118891022457552
B1_pam50_centroid,4,2,mcc,0.8132789920342447
B1_pam50_centroid,4,3,mcc,0.8214405049077934
B1_pam50_centroid,4,4,mcc,0.8577309075570597
B2_elasticnet_logreg,0,0,mcc,0.8725962523695747
B2_elasticnet_logreg,0,1,mcc,0.8607884504230267
B2_elasticnet_logreg,0,2,mcc,0.8513238938093554
B2_elasticnet_logreg,0,3,mcc,0.9156741505325215
B2_elasticnet_logreg,0,4,mcc,0.8916833393440626
B2_elasticnet_logreg,1,0,mcc,0.8814782088143623
B2_elasticnet_logreg,1,1,mcc,0.8329873582642465
B2_elasticnet_logreg,1,2,mcc,0.8703278853718069
B2_elasticnet_logreg,1,3,mcc,0.8345187309516627
B2_elasticnet_logreg,1,4,mcc,0.8475161959729653
B2_elasticnet_logreg,2,0,mcc,0.8794504209651691
B2_elasticnet_logreg,2,1,mcc,0.8584135303210342
B2_elasticnet_logreg,2,2,mcc,0.9228262543692385
B2_elasticnet_logreg,2,3,mcc,0.8565014295665859
B2_elasticnet_logreg,2,4,mcc,0.8291352918890336
B2_elasticnet_logreg,3,0,mcc,0.823760484260518
B2_elasticnet_logreg,3,1,mcc,0.8612224004458202
B2_elasticnet_logreg,3,2,mcc,0.8317638356616394
B2_elasticnet_logreg,3,3,mcc,0.8735270032240527
B2_elasticnet_logreg,3,4,mcc,0.923949114281096
B2_elasticnet_logreg,4,0,mcc,0.8902190300712666
B2_elasticnet_logreg,4,1,mcc,0.8667902434951528
B2_elasticnet_logreg,4,2,mcc,0.8747056235229473
B2_elasticnet_logreg,4,3,mcc,0.8649051058954802
B2_elasticnet_logreg,4,4,mcc,0.9064446797447604
B3_linear_svm,0,0,mcc,0.8538019577260583
B3_linear_svm,0,1,mcc,0.8645461587190423
B3_linear_svm,0,2,mcc,0.8811734262448293
B3_linear_svm,0,3,mcc,0.8186624232434339
B3_linear_svm,0,4,mcc,0.8621599513362916
B3_linear_svm,1,0,mcc,0.8280729298986902
B3_linear_svm,1,1,mcc,0.8113748498058613
B3_linear_svm,1,2,mcc,0.8558987269839675
B3_linear_svm,1,3,mcc,0.824775301303685
B3_linear_svm,1,4,mcc,0.8031996355923133
B3_linear_svm,2,0,mcc,0.8555347683927399
B3_linear_svm,2,1,mcc,0.812991527933563
B3_linear_svm,2,2,mcc,0.8278734696435576
B3_linear_svm,2,3,mcc,0.8543861545053693
B3_linear_svm,2,4,mcc,0.8122179757006673
B3_linear_svm,3,0,mcc,0.7945231413771273
B3_linear_svm,3,1,mcc,0.8884475627808619
B3_linear_svm,3,2,mcc,0.8113817413860679
B3_linear_svm,3,3,mcc,0.8309542850105608
B3_linear_svm,3,4,mcc,0.8879852478542803
B3_linear_svm,4,0,mcc,0.8456861386324827
B3_linear_svm,4,1,mcc,0.8499087682352846
B3_linear_svm,4,2,mcc,0.8457144975439543
B3_linear_svm,4,3,mcc,0.8632475667647368
B3_linear_svm,4,4,mcc,0.8706691010919062
B4_random_forest,0,0,mcc,0.8804338388817159
B4_random_forest,0,1,mcc,0.9148350967059632
B4_random_forest,0,2,mcc,0.9146471977011247
B4_random_forest,0,3,mcc,0.8795141690896736
B4_random_forest,0,4,mcc,0.9229969127359378
B4_random_forest,1,0,mcc,0.8902008549431502
B4_random_forest,1,1,mcc,0.8628991995926141
B4_random_forest,1,2,mcc,0.8532861268225291
B4_random_forest,1,3,mcc,0.9153397131858348
B4_random_forest,1,4,mcc,0.8698213801172876
B4_random_forest,2,0,mcc,0.9154365293686549
B4_random_forest,2,1,mcc,0.8624232212138511
B4_random_forest,2,2,mcc,0.9060284271235064
B4_random_forest,2,3,mcc,0.8971155126405804
B4_random_forest,2,4,mcc,0.8965787720578313
B4_random_forest,3,0,mcc,0.8709694941406413
B4_random_forest,3,1,mcc,0.9056790021387185
B4_random_forest,3,2,mcc,0.8455002511328682
B4_random_forest,3,3,mcc,0.8968811190833976
B4_random_forest,3,4,mcc,0.9133752524370731
B4_random_forest,4,0,mcc,0.8969218814023051
B4_random_forest,4,1,mcc,0.8638005972593514
B4_random_forest,4,2,mcc,0.8828064126197762
B4_random_forest,4,3,mcc,0.8880913891293528
B4_random_forest,4,4,mcc,0.93961456229518
B5_xgboost,0,0,mcc,0.889472334446798
B5_xgboost,0,1,mcc,0.8913897311926254
B5_xgboost,0,2,mcc,0.9165912429546479
B5_xgboost,0,3,mcc,0.9065181668858299
B5_xgboost,0,4,mcc,0.8990130830240067
B5_xgboost,1,0,mcc,0.8730843058016112
B5_xgboost,1,1,mcc,0.898420697981859
B5_xgboost,1,2,mcc,0.9062806784817808
B5_xgboost,1,3,mcc,0.8976885230272301
B5_xgboost,1,4,mcc,0.9232139255461564
B5_xgboost,2,0,mcc,0.8767080887445614
B5_xgboost,2,1,mcc,0.8712562872044946
B5_xgboost,2,2,mcc,0.9228143997375811
B5_xgboost,2,3,mcc,0.8978343930235472
B5_xgboost,2,4,mcc,0.8642851084219995
B5_xgboost,3,0,mcc,0.8889980020535018
B5_xgboost,3,1,mcc,0.9404041711575374
B5_xgboost,3,2,mcc,0.8315711493217
B5_xgboost,3,3,mcc,0.9067385566694866
B5_xgboost,3,4,mcc,0.9483948973235709
B5_xgboost,4,0,mcc,0.8991297032871752
B5_xgboost,4,1,mcc,0.8750318279604742
B5_xgboost,4,2,mcc,0.9058710020750335
B5_xgboost,4,3,mcc,0.9231314375439126
B5_xgboost,4,4,mcc,0.9486376806727179
B2_elasticnet_logreg__LATE,0,0,mcc,0.7947018345994006
B2_elasticnet_logreg__LATE,0,1,mcc,0.7679665275653021
B2_elasticnet_logreg__LATE,0,2,mcc,0.8034198047614228
B2_elasticnet_logreg__LATE,0,3,mcc,0.8195954745738825
B2_elasticnet_logreg__LATE,0,4,mcc,0.8172469087508218
B2_elasticnet_logreg__LATE,1,0,mcc,0.7927606089219803
B2_elasticnet_logreg__LATE,1,1,mcc,0.7848308763093148
B2_elasticnet_logreg__LATE,1,2,mcc,0.7944034575047971
B2_elasticnet_logreg__LATE,1,3,mcc,0.7348221154346385
B2_elasticnet_logreg__LATE,1,4,mcc,0.767300305832973
B2_elasticnet_logreg__LATE,2,0,mcc,0.7626240868743384
B2_elasticnet_logreg__LATE,2,1,mcc,0.7397496872649858
B2_elasticnet_logreg__LATE,2,2,mcc,0.8193126465798686
B2_elasticnet_logreg__LATE,2,3,mcc,0.8206436691943866
B2_elasticnet_logreg__LATE,2,4,mcc,0.7729002608124205
B2_elasticnet_logreg__LATE,3,0,mcc,0.7780270462543545
B2_elasticnet_logreg__LATE,3,1,mcc,0.8651782317518364
B2_elasticnet_logreg__LATE,3,2,mcc,0.7409501116724051
B2_elasticnet_logreg__LATE,3,3,mcc,0.7766847093743854
B2_elasticnet_logreg__LATE,3,4,mcc,0.8448063765850453
B2_elasticnet_logreg__LATE,4,0,mcc,0.8018703548288468
B2_elasticnet_logreg__LATE,4,1,mcc,0.830827910641138
B2_elasticnet_logreg__LATE,4,2,mcc,0.7583360013277363
B2_elasticnet_logreg__LATE,4,3,mcc,0.7756747542874735
B2_elasticnet_logreg__LATE,4,4,mcc,0.8191125285634493
B3_linear_svm__LATE,0,0,mcc,0.8057601255084632
B3_linear_svm__LATE,0,1,mcc,0.8106574842478677
B3_linear_svm__LATE,0,2,mcc,0.8027403597158732
B3_linear_svm__LATE,0,3,mcc,0.7998852100442154
B3_linear_svm__LATE,0,4,mcc,0.8454019144221526
B3_linear_svm__LATE,1,0,mcc,0.8503157321147257
B3_linear_svm__LATE,1,1,mcc,0.771500791689619
B3_linear_svm__LATE,1,2,mcc,0.8150337686441811
B3_linear_svm__LATE,1,3,mcc,0.7762069973645082
B3_linear_svm__LATE,1,4,mcc,0.8196806456742789
B3_linear_svm__LATE,2,0,mcc,0.8278073429835798
B3_linear_svm__LATE,2,1,mcc,0.7936792066079482
B3_linear_svm__LATE,2,2,mcc,0.7704468456954373
B3_linear_svm__LATE,2,3,mcc,0.8472085779600318
B3_linear_svm__LATE,2,4,mcc,0.790231289473745
B3_linear_svm__LATE,3,0,mcc,0.7757652573461388
B3_linear_svm__LATE,3,1,mcc,0.8037724107208951
B3_linear_svm__LATE,3,2,mcc,0.8162075274320821
B3_linear_svm__LATE,3,3,mcc,0.8106505194452559
B3_linear_svm__LATE,3,4,mcc,0.8635884939884163
B3_linear_svm__LATE,4,0,mcc,0.8201436110989064
B3_linear_svm__LATE,4,1,mcc,0.8456610867151111
B3_linear_svm__LATE,4,2,mcc,0.7859418294311058
B3_linear_svm__LATE,4,3,mcc,0.7582970636141438
B3_linear_svm__LATE,4,4,mcc,0.8543065506305406
B4_random_forest__LATE,0,0,mcc,0.757865483726032
B4_random_forest__LATE,0,1,mcc,0.744609544053928
B4_random_forest__LATE,0,2,mcc,0.7361571311729214
B4_random_forest__LATE,0,3,mcc,0.7537594924464772
B4_random_forest__LATE,0,4,mcc,0.7624358257156595
B4_random_forest__LATE,1,0,mcc,0.7440787261014098
B4_random_forest__LATE,1,1,mcc,0.7431669277065769
B4_random_forest__LATE,1,2,mcc,0.7307600686384739
B4_random_forest__LATE,1,3,mcc,0.7743475002941269
B4_random_forest__LATE,1,4,mcc,0.7269252096974981
B4_random_forest__LATE,2,0,mcc,0.7895901261918388
B4_random_forest__LATE,2,1,mcc,0.7225307625733606
B4_random_forest__LATE,2,2,mcc,0.7256462936829637
B4_random_forest__LATE,2,3,mcc,0.7764762809589654
B4_random_forest__LATE,2,4,mcc,0.7181538988574434
B4_random_forest__LATE,3,0,mcc,0.7123957154205934
B4_random_forest__LATE,3,1,mcc,0.7906289264373217
B4_random_forest__LATE,3,2,mcc,0.7142441299277746
B4_random_forest__LATE,3,3,mcc,0.7634289786797013
B4_random_forest__LATE,3,4,mcc,0.7038890639080778
B4_random_forest__LATE,4,0,mcc,0.7552307844241694
B4_random_forest__LATE,4,1,mcc,0.7593848601224183
B4_random_forest__LATE,4,2,mcc,0.7332875217912938
B4_random_forest__LATE,4,3,mcc,0.7004532332018237
B4_random_forest__LATE,4,4,mcc,0.7913807919056312
B5_xgboost__LATE,0,0,mcc,0.7861365801017437
B5_xgboost__LATE,0,1,mcc,0.7517764881824973
B5_xgboost__LATE,0,2,mcc,0.8118160966961571
B5_xgboost__LATE,0,3,mcc,0.8198782195316487
B5_xgboost__LATE,0,4,mcc,0.8440088927245889
B5_xgboost__LATE,1,0,mcc,0.8622609195337904
B5_xgboost__LATE,1,1,mcc,0.8810427560383238
B5_xgboost__LATE,1,2,mcc,0.8013850589647722
B5_xgboost__LATE,1,3,mcc,0.760708818605644
B5_xgboost__LATE,1,4,mcc,0.8525723607877767
B5_xgboost__LATE,2,0,mcc,0.8111473127491293
B5_xgboost__LATE,2,1,mcc,0.7759590393149062
B5_xgboost__LATE,2,2,mcc,0.819602897267772
B5_xgboost__LATE,2,3,mcc,0.8463038203731224
B5_xgboost__LATE,2,4,mcc,0.7127571749594014
B5_xgboost__LATE,3,0,mcc,0.7930600947487135
B5_xgboost__LATE,3,1,mcc,0.8106574842478677
B5_xgboost__LATE,3,2,mcc,0.7945869365895092
B5_xgboost__LATE,3,3,mcc,0.8638669979250244
B5_xgboost__LATE,3,4,mcc,0.8347808299736563
B5_xgboost__LATE,4,0,mcc,0.8010233424893667
B5_xgboost__LATE,4,1,mcc,0.8191976196678188
B5_xgboost__LATE,4,2,mcc,0.7767551894064595
B5_xgboost__LATE,4,3,mcc,0.8012527231054655
B5_xgboost__LATE,4,4,mcc,0.8535059488144338
B0a_dummy_stratified,0,0,f1__BRCA_Basal,0.14285714285714285
B0a_dummy_stratified,0,1,f1__BRCA_Basal,0.14492753623188406
B0a_dummy_stratified,0,2,f1__BRCA_Basal,0.22535211267605634
B0a_dummy_stratified,0,3,f1__BRCA_Basal,0.19718309859154928
B0a_dummy_stratified,0,4,f1__BRCA_Basal,0.36619718309859156
B0a_dummy_stratified,1,0,f1__BRCA_Basal,0.34285714285714286
B0a_dummy_stratified,1,1,f1__BRCA_Basal,0.11594202898550725
B0a_dummy_stratified,1,2,f1__BRCA_Basal,0.3380281690140845
B0a_dummy_stratified,1,3,f1__BRCA_Basal,0.19718309859154928
B0a_dummy_stratified,1,4,f1__BRCA_Basal,0.2535211267605634
B0a_dummy_stratified,2,0,f1__BRCA_Basal,0.17142857142857143
B0a_dummy_stratified,2,1,f1__BRCA_Basal,0.2898550724637681
B0a_dummy_stratified,2,2,f1__BRCA_Basal,0.22535211267605634
B0a_dummy_stratified,2,3,f1__BRCA_Basal,0.19718309859154928
B0a_dummy_stratified,2,4,f1__BRCA_Basal,0.16901408450704225
B0a_dummy_stratified,3,0,f1__BRCA_Basal,0.2
B0a_dummy_stratified,3,1,f1__BRCA_Basal,0.2028985507246377
B0a_dummy_stratified,3,2,f1__BRCA_Basal,0.30985915492957744
B0a_dummy_stratified,3,3,f1__BRCA_Basal,0.2535211267605634
B0a_dummy_stratified,3,4,f1__BRCA_Basal,0.28169014084507044
B0a_dummy_stratified,4,0,f1__BRCA_Basal,0.22857142857142856
B0a_dummy_stratified,4,1,f1__BRCA_Basal,0.08695652173913043
B0a_dummy_stratified,4,2,f1__BRCA_Basal,0.16901408450704225
B0a_dummy_stratified,4,3,f1__BRCA_Basal,0.19718309859154928
B0a_dummy_stratified,4,4,f1__BRCA_Basal,0.28169014084507044
B0b_dummy_mostfreq,0,0,f1__BRCA_Basal,0.0
B0b_dummy_mostfreq,0,1,f1__BRCA_Basal,0.0
B0b_dummy_mostfreq,0,2,f1__BRCA_Basal,0.0
B0b_dummy_mostfreq,0,3,f1__BRCA_Basal,0.0
B0b_dummy_mostfreq,0,4,f1__BRCA_Basal,0.0
B0b_dummy_mostfreq,1,0,f1__BRCA_Basal,0.0
B0b_dummy_mostfreq,1,1,f1__BRCA_Basal,0.0
B0b_dummy_mostfreq,1,2,f1__BRCA_Basal,0.0
B0b_dummy_mostfreq,1,3,f1__BRCA_Basal,0.0
B0b_dummy_mostfreq,1,4,f1__BRCA_Basal,0.0
B0b_dummy_mostfreq,2,0,f1__BRCA_Basal,0.0
B0b_dummy_mostfreq,2,1,f1__BRCA_Basal,0.0
B0b_dummy_mostfreq,2,2,f1__BRCA_Basal,0.0
B0b_dummy_mostfreq,2,3,f1__BRCA_Basal,0.0
B0b_dummy_mostfreq,2,4,f1__BRCA_Basal,0.0
B0b_dummy_mostfreq,3,0,f1__BRCA_Basal,0.0
B0b_dummy_mostfreq,3,1,f1__BRCA_Basal,0.0
B0b_dummy_mostfreq,3,2,f1__BRCA_Basal,0.0
B0b_dummy_mostfreq,3,3,f1__BRCA_Basal,0.0
B0b_dummy_mostfreq,3,4,f1__BRCA_Basal,0.0
B0b_dummy_mostfreq,4,0,f1__BRCA_Basal,0.0
B0b_dummy_mostfreq,4,1,f1__BRCA_Basal,0.0
B0b_dummy_mostfreq,4,2,f1__BRCA_Basal,0.0
B0b_dummy_mostfreq,4,3,f1__BRCA_Basal,0.0
B0b_dummy_mostfreq,4,4,f1__BRCA_Basal,0.0
B1_pam50_centroid,0,0,f1__BRCA_Basal,1.0
B1_pam50_centroid,0,1,f1__BRCA_Basal,0.9538461538461539
B1_pam50_centroid,0,2,f1__BRCA_Basal,0.9411764705882353
B1_pam50_centroid,0,3,f1__BRCA_Basal,0.9705882352941176
B1_pam50_centroid,0,4,f1__BRCA_Basal,0.9696969696969697
B1_pam50_centroid,1,0,f1__BRCA_Basal,0.9846153846153847
B1_pam50_centroid,1,1,f1__BRCA_Basal,0.9538461538461539
B1_pam50_centroid,1,2,f1__BRCA_Basal,0.9565217391304348
B1_pam50_centroid,1,3,f1__BRCA_Basal,0.9565217391304348
B1_pam50_centroid,1,4,f1__BRCA_Basal,0.96875
B1_pam50_centroid,2,0,f1__BRCA_Basal,0.9846153846153847
B1_pam50_centroid,2,1,f1__BRCA_Basal,0.9705882352941176
B1_pam50_centroid,2,2,f1__BRCA_Basal,0.9850746268656716
B1_pam50_centroid,2,3,f1__BRCA_Basal,0.927536231884058
B1_pam50_centroid,2,4,f1__BRCA_Basal,0.9841269841269841
B1_pam50_centroid,3,0,f1__BRCA_Basal,0.9846153846153847
B1_pam50_centroid,3,1,f1__BRCA_Basal,0.927536231884058
B1_pam50_centroid,3,2,f1__BRCA_Basal,0.9705882352941176
B1_pam50_centroid,3,3,f1__BRCA_Basal,0.9552238805970149
B1_pam50_centroid,3,4,f1__BRCA_Basal,1.0
B1_pam50_centroid,4,0,f1__BRCA_Basal,0.9538461538461539
B1_pam50_centroid,4,1,f1__BRCA_Basal,0.9565217391304348
B1_pam50_centroid,4,2,f1__BRCA_Basal,0.9565217391304348
B1_pam50_centroid,4,3,f1__BRCA_Basal,0.9846153846153847
B1_pam50_centroid,4,4,f1__BRCA_Basal,0.9846153846153847
B2_elasticnet_logreg,0,0,f1__BRCA_Basal,1.0
B2_elasticnet_logreg,0,1,f1__BRCA_Basal,0.96875
B2_elasticnet_logreg,0,2,f1__BRCA_Basal,0.9846153846153847
B2_elasticnet_logreg,0,3,f1__BRCA_Basal,0.9846153846153847
B2_elasticnet_logreg,0,4,f1__BRCA_Basal,0.9841269841269841
B2_elasticnet_logreg,1,0,f1__BRCA_Basal,1.0
B2_elasticnet_logreg,1,1,f1__BRCA_Basal,0.96875
B2_elasticnet_logreg,1,2,f1__BRCA_Basal,0.96875
B2_elasticnet_logreg,1,3,f1__BRCA_Basal,1.0
B2_elasticnet_logreg,1,4,f1__BRCA_Basal,0.9841269841269841
B2_elasticnet_logreg,2,0,f1__BRCA_Basal,1.0
B2_elasticnet_logreg,2,1,f1__BRCA_Basal,1.0
B2_elasticnet_logreg,2,2,f1__BRCA_Basal,1.0
B2_elasticnet_logreg,2,3,f1__BRCA_Basal,0.9696969696969697
B2_elasticnet_logreg,2,4,f1__BRCA_Basal,0.9508196721311475
B2_elasticnet_logreg,3,0,f1__BRCA_Basal,1.0
B2_elasticnet_logreg,3,1,f1__BRCA_Basal,0.9846153846153847
B2_elasticnet_logreg,3,2,f1__BRCA_Basal,0.9846153846153847
B2_elasticnet_logreg,3,3,f1__BRCA_Basal,0.9846153846153847
B2_elasticnet_logreg,3,4,f1__BRCA_Basal,0.967741935483871
B2_elasticnet_logreg,4,0,f1__BRCA_Basal,0.967741935483871
B2_elasticnet_logreg,4,1,f1__BRCA_Basal,0.9846153846153847
B2_elasticnet_logreg,4,2,f1__BRCA_Basal,1.0
B2_elasticnet_logreg,4,3,f1__BRCA_Basal,0.96875
B2_elasticnet_logreg,4,4,f1__BRCA_Basal,1.0
B3_linear_svm,0,0,f1__BRCA_Basal,1.0
B3_linear_svm,0,1,f1__BRCA_Basal,0.9850746268656716
B3_linear_svm,0,2,f1__BRCA_Basal,0.9846153846153847
B3_linear_svm,0,3,f1__BRCA_Basal,1.0
B3_linear_svm,0,4,f1__BRCA_Basal,0.9841269841269841
B3_linear_svm,1,0,f1__BRCA_Basal,1.0
B3_linear_svm,1,1,f1__BRCA_Basal,0.9696969696969697
B3_linear_svm,1,2,f1__BRCA_Basal,0.9846153846153847
B3_linear_svm,1,3,f1__BRCA_Basal,1.0
B3_linear_svm,1,4,f1__BRCA_Basal,0.96875
B3_linear_svm,2,0,f1__BRCA_Basal,0.9841269841269841
B3_linear_svm,2,1,f1__BRCA_Basal,1.0
B3_linear_svm,2,2,f1__BRCA_Basal,0.9705882352941176
B3_linear_svm,2,3,f1__BRCA_Basal,0.9705882352941176
B3_linear_svm,2,4,f1__BRCA_Basal,0.967741935483871
B3_linear_svm,3,0,f1__BRCA_Basal,1.0
B3_linear_svm,3,1,f1__BRCA_Basal,0.9538461538461539
B3_linear_svm,3,2,f1__BRCA_Basal,0.9846153846153847
B3_linear_svm,3,3,f1__BRCA_Basal,1.0
B3_linear_svm,3,4,f1__BRCA_Basal,0.96875
B3_linear_svm,4,0,f1__BRCA_Basal,0.967741935483871
B3_linear_svm,4,1,f1__BRCA_Basal,0.9538461538461539
B3_linear_svm,4,2,f1__BRCA_Basal,0.9850746268656716
B3_linear_svm,4,3,f1__BRCA_Basal,1.0
B3_linear_svm,4,4,f1__BRCA_Basal,0.9846153846153847
B4_random_forest,0,0,f1__BRCA_Basal,1.0
B4_random_forest,0,1,f1__BRCA_Basal,1.0
B4_random_forest,0,2,f1__BRCA_Basal,0.9846153846153847
B4_random_forest,0,3,f1__BRCA_Basal,1.0
B4_random_forest,0,4,f1__BRCA_Basal,0.9841269841269841
B4_random_forest,1,0,f1__BRCA_Basal,1.0
B4_random_forest,1,1,f1__BRCA_Basal,1.0
B4_random_forest,1,2,f1__BRCA_Basal,0.96875
B4_random_forest,1,3,f1__BRCA_Basal,0.9850746268656716
B4_random_forest,1,4,f1__BRCA_Basal,0.9841269841269841
B4_random_forest,2,0,f1__BRCA_Basal,1.0
B4_random_forest,2,1,f1__BRCA_Basal,1.0
B4_random_forest,2,2,f1__BRCA_Basal,1.0
B4_random_forest,2,3,f1__BRCA_Basal,0.9850746268656716
B4_random_forest,2,4,f1__BRCA_Basal,0.967741935483871
B4_random_forest,3,0,f1__BRCA_Basal,1.0
B4_random_forest,3,1,f1__BRCA_Basal,0.9696969696969697
B4_random_forest,3,2,f1__BRCA_Basal,1.0
B4_random_forest,3,3,f1__BRCA_Basal,1.0
B4_random_forest,3,4,f1__BRCA_Basal,0.9841269841269841
B4_random_forest,4,0,f1__BRCA_Basal,0.9841269841269841
B4_random_forest,4,1,f1__BRCA_Basal,0.9696969696969697
B4_random_forest,4,2,f1__BRCA_Basal,1.0
B4_random_forest,4,3,f1__BRCA_Basal,1.0
B4_random_forest,4,4,f1__BRCA_Basal,1.0
B5_xgboost,0,0,f1__BRCA_Basal,1.0
B5_xgboost,0,1,f1__BRCA_Basal,1.0
B5_xgboost,0,2,f1__BRCA_Basal,0.9846153846153847
B5_xgboost,0,3,f1__BRCA_Basal,0.9846153846153847
B5_xgboost,0,4,f1__BRCA_Basal,0.9841269841269841
B5_xgboost,1,0,f1__BRCA_Basal,1.0
B5_xgboost,1,1,f1__BRCA_Basal,1.0
B5_xgboost,1,2,f1__BRCA_Basal,0.96875
B5_xgboost,1,3,f1__BRCA_Basal,0.9850746268656716
B5_xgboost,1,4,f1__BRCA_Basal,0.9841269841269841
B5_xgboost,2,0,f1__BRCA_Basal,0.9841269841269841
B5_xgboost,2,1,f1__BRCA_Basal,1.0
B5_xgboost,2,2,f1__BRCA_Basal,1.0
B5_xgboost,2,3,f1__BRCA_Basal,0.9850746268656716
B5_xgboost,2,4,f1__BRCA_Basal,0.967741935483871
B5_xgboost,3,0,f1__BRCA_Basal,1.0
B5_xgboost,3,1,f1__BRCA_Basal,0.9846153846153847
B5_xgboost,3,2,f1__BRCA_Basal,0.9846153846153847
B5_xgboost,3,3,f1__BRCA_Basal,0.9850746268656716
B5_xgboost,3,4,f1__BRCA_Basal,0.96875
B5_xgboost,4,0,f1__BRCA_Basal,0.9841269841269841
B5_xgboost,4,1,f1__BRCA_Basal,0.9696969696969697
B5_xgboost,4,2,f1__BRCA_Basal,0.9846153846153847
B5_xgboost,4,3,f1__BRCA_Basal,1.0
B5_xgboost,4,4,f1__BRCA_Basal,1.0
B2_elasticnet_logreg__LATE,0,0,f1__BRCA_Basal,0.9846153846153847
B2_elasticnet_logreg__LATE,0,1,f1__BRCA_Basal,0.9846153846153847
B2_elasticnet_logreg__LATE,0,2,f1__BRCA_Basal,0.9552238805970149
B2_elasticnet_logreg__LATE,0,3,f1__BRCA_Basal,1.0
B2_elasticnet_logreg__LATE,0,4,f1__BRCA_Basal,0.9841269841269841
B2_elasticnet_logreg__LATE,1,0,f1__BRCA_Basal,0.9841269841269841
B2_elasticnet_logreg__LATE,1,1,f1__BRCA_Basal,0.9696969696969697
B2_elasticnet_logreg__LATE,1,2,f1__BRCA_Basal,0.96875
B2_elasticnet_logreg__LATE,1,3,f1__BRCA_Basal,0.9850746268656716
B2_elasticnet_logreg__LATE,1,4,f1__BRCA_Basal,0.96875
B2_elasticnet_logreg__LATE,2,0,f1__BRCA_Basal,1.0
B2_elasticnet_logreg__LATE,2,1,f1__BRCA_Basal,0.9850746268656716
B2_elasticnet_logreg__LATE,2,2,f1__BRCA_Basal,0.9846153846153847
B2_elasticnet_logreg__LATE,2,3,f1__BRCA_Basal,0.9428571428571428
B2_elasticnet_logreg__LATE,2,4,f1__BRCA_Basal,0.967741935483871
B2_elasticnet_logreg__LATE,3,0,f1__BRCA_Basal,1.0
B2_elasticnet_logreg__LATE,3,1,f1__BRCA_Basal,0.9705882352941176
B2_elasticnet_logreg__LATE,3,2,f1__BRCA_Basal,1.0
B2_elasticnet_logreg__LATE,3,3,f1__BRCA_Basal,0.9846153846153847
B2_elasticnet_logreg__LATE,3,4,f1__BRCA_Basal,0.9206349206349206
B2_elasticnet_logreg__LATE,4,0,f1__BRCA_Basal,0.9841269841269841
B2_elasticnet_logreg__LATE,4,1,f1__BRCA_Basal,0.9846153846153847
B2_elasticnet_logreg__LATE,4,2,f1__BRCA_Basal,0.9696969696969697
B2_elasticnet_logreg__LATE,4,3,f1__BRCA_Basal,0.9696969696969697
B2_elasticnet_logreg__LATE,4,4,f1__BRCA_Basal,0.9846153846153847
B3_linear_svm__LATE,0,0,f1__BRCA_Basal,1.0
B3_linear_svm__LATE,0,1,f1__BRCA_Basal,1.0
B3_linear_svm__LATE,0,2,f1__BRCA_Basal,0.9552238805970149
B3_linear_svm__LATE,0,3,f1__BRCA_Basal,1.0
B3_linear_svm__LATE,0,4,f1__BRCA_Basal,0.9841269841269841
B3_linear_svm__LATE,1,0,f1__BRCA_Basal,1.0
B3_linear_svm__LATE,1,1,f1__BRCA_Basal,0.9850746268656716
B3_linear_svm__LATE,1,2,f1__BRCA_Basal,0.96875
B3_linear_svm__LATE,1,3,f1__BRCA_Basal,0.9705882352941176
B3_linear_svm__LATE,1,4,f1__BRCA_Basal,0.9841269841269841
B3_linear_svm__LATE,2,0,f1__BRCA_Basal,1.0
B3_linear_svm__LATE,2,1,f1__BRCA_Basal,0.9850746268656716
B3_linear_svm__LATE,2,2,f1__BRCA_Basal,0.9705882352941176
B3_linear_svm__LATE,2,3,f1__BRCA_Basal,0.9565217391304348
B3_linear_svm__LATE,2,4,f1__BRCA_Basal,0.967741935483871
B3_linear_svm__LATE,3,0,f1__BRCA_Basal,1.0
B3_linear_svm__LATE,3,1,f1__BRCA_Basal,0.9696969696969697
B3_linear_svm__LATE,3,2,f1__BRCA_Basal,1.0
B3_linear_svm__LATE,3,3,f1__BRCA_Basal,1.0
B3_linear_svm__LATE,3,4,f1__BRCA_Basal,0.96875
B3_linear_svm__LATE,4,0,f1__BRCA_Basal,0.9841269841269841
B3_linear_svm__LATE,4,1,f1__BRCA_Basal,0.9846153846153847
B3_linear_svm__LATE,4,2,f1__BRCA_Basal,0.9705882352941176
B3_linear_svm__LATE,4,3,f1__BRCA_Basal,0.9850746268656716
B3_linear_svm__LATE,4,4,f1__BRCA_Basal,0.9846153846153847
B4_random_forest__LATE,0,0,f1__BRCA_Basal,1.0
B4_random_forest__LATE,0,1,f1__BRCA_Basal,0.9850746268656716
B4_random_forest__LATE,0,2,f1__BRCA_Basal,0.9846153846153847
B4_random_forest__LATE,0,3,f1__BRCA_Basal,0.9705882352941176
B4_random_forest__LATE,0,4,f1__BRCA_Basal,0.9841269841269841
B4_random_forest__LATE,1,0,f1__BRCA_Basal,1.0
B4_random_forest__LATE,1,1,f1__BRCA_Basal,0.9705882352941176
B4_random_forest__LATE,1,2,f1__BRCA_Basal,0.9846153846153847
B4_random_forest__LATE,1,3,f1__BRCA_Basal,0.9850746268656716
B4_random_forest__LATE,1,4,f1__BRCA_Basal,0.96875
B4_random_forest__LATE,2,0,f1__BRCA_Basal,1.0
B4_random_forest__LATE,2,1,f1__BRCA_Basal,0.9696969696969697
B4_random_forest__LATE,2,2,f1__BRCA_Basal,0.9850746268656716
B4_random_forest__LATE,2,3,f1__BRCA_Basal,0.9411764705882353
B4_random_forest__LATE,2,4,f1__BRCA_Basal,0.9841269841269841
B4_random_forest__LATE,3,0,f1__BRCA_Basal,0.9846153846153847
B4_random_forest__LATE,3,1,f1__BRCA_Basal,0.9696969696969697
B4_random_forest__LATE,3,2,f1__BRCA_Basal,0.9850746268656716
B4_random_forest__LATE,3,3,f1__BRCA_Basal,1.0
B4_random_forest__LATE,3,4,f1__BRCA_Basal,0.9375
B4_random_forest__LATE,4,0,f1__BRCA_Basal,0.9841269841269841
B4_random_forest__LATE,4,1,f1__BRCA_Basal,0.9696969696969697
B4_random_forest__LATE,4,2,f1__BRCA_Basal,0.9565217391304348
B4_random_forest__LATE,4,3,f1__BRCA_Basal,1.0
B4_random_forest__LATE,4,4,f1__BRCA_Basal,0.9846153846153847
B5_xgboost__LATE,0,0,f1__BRCA_Basal,1.0
B5_xgboost__LATE,0,1,f1__BRCA_Basal,0.9705882352941176
B5_xgboost__LATE,0,2,f1__BRCA_Basal,0.9696969696969697
B5_xgboost__LATE,0,3,f1__BRCA_Basal,0.9552238805970149
B5_xgboost__LATE,0,4,f1__BRCA_Basal,0.96875
B5_xgboost__LATE,1,0,f1__BRCA_Basal,1.0
B5_xgboost__LATE,1,1,f1__BRCA_Basal,0.9850746268656716
B5_xgboost__LATE,1,2,f1__BRCA_Basal,0.9846153846153847
B5_xgboost__LATE,1,3,f1__BRCA_Basal,0.9705882352941176
B5_xgboost__LATE,1,4,f1__BRCA_Basal,0.9841269841269841
B5_xgboost__LATE,2,0,f1__BRCA_Basal,1.0
B5_xgboost__LATE,2,1,f1__BRCA_Basal,1.0
B5_xgboost__LATE,2,2,f1__BRCA_Basal,0.9850746268656716
B5_xgboost__LATE,2,3,f1__BRCA_Basal,0.9411764705882353
B5_xgboost__LATE,2,4,f1__BRCA_Basal,0.967741935483871
B5_xgboost__LATE,3,0,f1__BRCA_Basal,1.0
B5_xgboost__LATE,3,1,f1__BRCA_Basal,0.9696969696969697
B5_xgboost__LATE,3,2,f1__BRCA_Basal,0.9850746268656716
B5_xgboost__LATE,3,3,f1__BRCA_Basal,0.9846153846153847
B5_xgboost__LATE,3,4,f1__BRCA_Basal,0.9538461538461539
B5_xgboost__LATE,4,0,f1__BRCA_Basal,0.9841269841269841
B5_xgboost__LATE,4,1,f1__BRCA_Basal,0.9393939393939394
B5_xgboost__LATE,4,2,f1__BRCA_Basal,1.0
B5_xgboost__LATE,4,3,f1__BRCA_Basal,0.9705882352941176
B5_xgboost__LATE,4,4,f1__BRCA_Basal,0.9846153846153847
B0a_dummy_stratified,0,0,precision__BRCA_Basal,0.13157894736842105
B0a_dummy_stratified,0,1,precision__BRCA_Basal,0.1388888888888889
B0a_dummy_stratified,0,2,precision__BRCA_Basal,0.21052631578947367
B0a_dummy_stratified,0,3,precision__BRCA_Basal,0.18421052631578946
B0a_dummy_stratified,0,4,precision__BRCA_Basal,0.3333333333333333
B0a_dummy_stratified,1,0,precision__BRCA_Basal,0.3157894736842105
B0a_dummy_stratified,1,1,precision__BRCA_Basal,0.1111111111111111
B0a_dummy_stratified,1,2,precision__BRCA_Basal,0.3157894736842105
B0a_dummy_stratified,1,3,precision__BRCA_Basal,0.18421052631578946
B0a_dummy_stratified,1,4,precision__BRCA_Basal,0.23076923076923078
B0a_dummy_stratified,2,0,precision__BRCA_Basal,0.15789473684210525
B0a_dummy_stratified,2,1,precision__BRCA_Basal,0.2777777777777778
B0a_dummy_stratified,2,2,precision__BRCA_Basal,0.21052631578947367
B0a_dummy_stratified,2,3,precision__BRCA_Basal,0.18421052631578946
B0a_dummy_stratified,2,4,precision__BRCA_Basal,0.15384615384615385
B0a_dummy_stratified,3,0,precision__BRCA_Basal,0.18421052631578946
B0a_dummy_stratified,3,1,precision__BRCA_Basal,0.19444444444444445
B0a_dummy_stratified,3,2,precision__BRCA_Basal,0.2894736842105263
B0a_dummy_stratified,3,3,precision__BRCA_Basal,0.23684210526315788
B0a_dummy_stratified,3,4,precision__BRCA_Basal,0.2564102564102564
B0a_dummy_stratified,4,0,precision__BRCA_Basal,0.21052631578947367
B0a_dummy_stratified,4,1,precision__BRCA_Basal,0.08333333333333333
B0a_dummy_stratified,4,2,precision__BRCA_Basal,0.15789473684210525
B0a_dummy_stratified,4,3,precision__BRCA_Basal,0.18421052631578946
B0a_dummy_stratified,4,4,precision__BRCA_Basal,0.2564102564102564
B0b_dummy_mostfreq,0,0,precision__BRCA_Basal,0.0
B0b_dummy_mostfreq,0,1,precision__BRCA_Basal,0.0
B0b_dummy_mostfreq,0,2,precision__BRCA_Basal,0.0
B0b_dummy_mostfreq,0,3,precision__BRCA_Basal,0.0
B0b_dummy_mostfreq,0,4,precision__BRCA_Basal,0.0
B0b_dummy_mostfreq,1,0,precision__BRCA_Basal,0.0
B0b_dummy_mostfreq,1,1,precision__BRCA_Basal,0.0
B0b_dummy_mostfreq,1,2,precision__BRCA_Basal,0.0
B0b_dummy_mostfreq,1,3,precision__BRCA_Basal,0.0
B0b_dummy_mostfreq,1,4,precision__BRCA_Basal,0.0
B0b_dummy_mostfreq,2,0,precision__BRCA_Basal,0.0
B0b_dummy_mostfreq,2,1,precision__BRCA_Basal,0.0
B0b_dummy_mostfreq,2,2,precision__BRCA_Basal,0.0
B0b_dummy_mostfreq,2,3,precision__BRCA_Basal,0.0
B0b_dummy_mostfreq,2,4,precision__BRCA_Basal,0.0
B0b_dummy_mostfreq,3,0,precision__BRCA_Basal,0.0
B0b_dummy_mostfreq,3,1,precision__BRCA_Basal,0.0
B0b_dummy_mostfreq,3,2,precision__BRCA_Basal,0.0
B0b_dummy_mostfreq,3,3,precision__BRCA_Basal,0.0
B0b_dummy_mostfreq,3,4,precision__BRCA_Basal,0.0
B0b_dummy_mostfreq,4,0,precision__BRCA_Basal,0.0
B0b_dummy_mostfreq,4,1,precision__BRCA_Basal,0.0
B0b_dummy_mostfreq,4,2,precision__BRCA_Basal,0.0
B0b_dummy_mostfreq,4,3,precision__BRCA_Basal,0.0
B0b_dummy_mostfreq,4,4,precision__BRCA_Basal,0.0
B1_pam50_centroid,0,0,precision__BRCA_Basal,1.0
B1_pam50_centroid,0,1,precision__BRCA_Basal,0.96875
B1_pam50_centroid,0,2,precision__BRCA_Basal,0.9142857142857143
B1_pam50_centroid,0,3,precision__BRCA_Basal,0.9428571428571428
B1_pam50_centroid,0,4,precision__BRCA_Basal,0.9411764705882353
B1_pam50_centroid,1,0,precision__BRCA_Basal,0.9696969696969697
B1_pam50_centroid,1,1,precision__BRCA_Basal,0.96875
B1_pam50_centroid,1,2,precision__BRCA_Basal,0.9166666666666666
B1_pam50_centroid,1,3,precision__BRCA_Basal,0.9166666666666666
B1_pam50_centroid,1,4,precision__BRCA_Basal,0.96875
B1_pam50_centroid,2,0,precision__BRCA_Basal,0.9696969696969697
B1_pam50_centroid,2,1,precision__BRCA_Basal,0.9428571428571428
B1_pam50_centroid,2,2,precision__BRCA_Basal,0.9705882352941176
B1_pam50_centroid,2,3,precision__BRCA_Basal,0.8888888888888888
B1_pam50_centroid,2,4,precision__BRCA_Basal,1.0
B1_pam50_centroid,3,0,precision__BRCA_Basal,0.9696969696969697
B1_pam50_centroid,3,1,precision__BRCA_Basal,0.8888888888888888
B1_pam50_centroid,3,2,precision__BRCA_Basal,0.9428571428571428
B1_pam50_centroid,3,3,precision__BRCA_Basal,0.9411764705882353
B1_pam50_centroid,3,4,precision__BRCA_Basal,1.0
B1_pam50_centroid,4,0,precision__BRCA_Basal,0.9393939393939394
B1_pam50_centroid,4,1,precision__BRCA_Basal,0.9166666666666666
B1_pam50_centroid,4,2,precision__BRCA_Basal,0.9166666666666666
B1_pam50_centroid,4,3,precision__BRCA_Basal,1.0
B1_pam50_centroid,4,4,precision__BRCA_Basal,0.9696969696969697
B2_elasticnet_logreg,0,0,precision__BRCA_Basal,1.0
B2_elasticnet_logreg,0,1,precision__BRCA_Basal,1.0
B2_elasticnet_logreg,0,2,precision__BRCA_Basal,1.0
B2_elasticnet_logreg,0,3,precision__BRCA_Basal,1.0
B2_elasticnet_logreg,0,4,precision__BRCA_Basal,1.0
B2_elasticnet_logreg,1,0,precision__BRCA_Basal,1.0
B2_elasticnet_logreg,1,1,precision__BRCA_Basal,1.0
B2_elasticnet_logreg,1,2,precision__BRCA_Basal,1.0
B2_elasticnet_logreg,1,3,precision__BRCA_Basal,1.0
B2_elasticnet_logreg,1,4,precision__BRCA_Basal,1.0
B2_elasticnet_logreg,2,0,precision__BRCA_Basal,1.0
B2_elasticnet_logreg,2,1,precision__BRCA_Basal,1.0
B2_elasticnet_logreg,2,2,precision__BRCA_Basal,1.0
B2_elasticnet_logreg,2,3,precision__BRCA_Basal,0.9696969696969697
B2_elasticnet_logreg,2,4,precision__BRCA_Basal,1.0
B2_elasticnet_logreg,3,0,precision__BRCA_Basal,1.0
B2_elasticnet_logreg,3,1,precision__BRCA_Basal,1.0
B2_elasticnet_logreg,3,2,precision__BRCA_Basal,1.0
B2_elasticnet_logreg,3,3,precision__BRCA_Basal,1.0
B2_elasticnet_logreg,3,4,precision__BRCA_Basal,1.0
B2_elasticnet_logreg,4,0,precision__BRCA_Basal,1.0
B2_elasticnet_logreg,4,1,precision__BRCA_Basal,1.0
B2_elasticnet_logreg,4,2,precision__BRCA_Basal,1.0
B2_elasticnet_logreg,4,3,precision__BRCA_Basal,1.0
B2_elasticnet_logreg,4,4,precision__BRCA_Basal,1.0
B3_linear_svm,0,0,precision__BRCA_Basal,1.0
B3_linear_svm,0,1,precision__BRCA_Basal,0.9705882352941176
B3_linear_svm,0,2,precision__BRCA_Basal,1.0
B3_linear_svm,0,3,precision__BRCA_Basal,1.0
B3_linear_svm,0,4,precision__BRCA_Basal,1.0
B3_linear_svm,1,0,precision__BRCA_Basal,1.0
B3_linear_svm,1,1,precision__BRCA_Basal,0.9696969696969697
B3_linear_svm,1,2,precision__BRCA_Basal,1.0
B3_linear_svm,1,3,precision__BRCA_Basal,1.0
B3_linear_svm,1,4,precision__BRCA_Basal,0.96875
B3_linear_svm,2,0,precision__BRCA_Basal,1.0
B3_linear_svm,2,1,precision__BRCA_Basal,1.0
B3_linear_svm,2,2,precision__BRCA_Basal,0.9428571428571428
B3_linear_svm,2,3,precision__BRCA_Basal,0.9428571428571428
B3_linear_svm,2,4,precision__BRCA_Basal,1.0
B3_linear_svm,3,0,precision__BRCA_Basal,1.0
B3_linear_svm,3,1,precision__BRCA_Basal,0.96875
B3_linear_svm,3,2,precision__BRCA_Basal,1.0
B3_linear_svm,3,3,precision__BRCA_Basal,1.0
B3_linear_svm,3,4,precision__BRCA_Basal,0.96875
B3_linear_svm,4,0,precision__BRCA_Basal,1.0
B3_linear_svm,4,1,precision__BRCA_Basal,0.96875
B3_linear_svm,4,2,precision__BRCA_Basal,0.9705882352941176
B3_linear_svm,4,3,precision__BRCA_Basal,1.0
B3_linear_svm,4,4,precision__BRCA_Basal,0.9696969696969697
B4_random_forest,0,0,precision__BRCA_Basal,1.0
B4_random_forest,0,1,precision__BRCA_Basal,1.0
B4_random_forest,0,2,precision__BRCA_Basal,1.0
B4_random_forest,0,3,precision__BRCA_Basal,1.0
B4_random_forest,0,4,precision__BRCA_Basal,1.0
B4_random_forest,1,0,precision__BRCA_Basal,1.0
B4_random_forest,1,1,precision__BRCA_Basal,1.0
B4_random_forest,1,2,precision__BRCA_Basal,1.0
B4_random_forest,1,3,precision__BRCA_Basal,0.9705882352941176
B4_random_forest,1,4,precision__BRCA_Basal,1.0
B4_random_forest,2,0,precision__BRCA_Basal,1.0
B4_random_forest,2,1,precision__BRCA_Basal,1.0
B4_random_forest,2,2,precision__BRCA_Basal,1.0
B4_random_forest,2,3,precision__BRCA_Basal,0.9705882352941176
B4_random_forest,2,4,precision__BRCA_Basal,1.0
B4_random_forest,3,0,precision__BRCA_Basal,1.0
B4_random_forest,3,1,precision__BRCA_Basal,0.9696969696969697
B4_random_forest,3,2,precision__BRCA_Basal,1.0
B4_random_forest,3,3,precision__BRCA_Basal,1.0
B4_random_forest,3,4,precision__BRCA_Basal,1.0
B4_random_forest,4,0,precision__BRCA_Basal,1.0
B4_random_forest,4,1,precision__BRCA_Basal,0.9696969696969697
B4_random_forest,4,2,precision__BRCA_Basal,1.0
B4_random_forest,4,3,precision__BRCA_Basal,1.0
B4_random_forest,4,4,precision__BRCA_Basal,1.0
B5_xgboost,0,0,precision__BRCA_Basal,1.0
B5_xgboost,0,1,precision__BRCA_Basal,1.0
B5_xgboost,0,2,precision__BRCA_Basal,1.0
B5_xgboost,0,3,precision__BRCA_Basal,1.0
B5_xgboost,0,4,precision__BRCA_Basal,1.0
B5_xgboost,1,0,precision__BRCA_Basal,1.0
B5_xgboost,1,1,precision__BRCA_Basal,1.0
B5_xgboost,1,2,precision__BRCA_Basal,1.0
B5_xgboost,1,3,precision__BRCA_Basal,0.9705882352941176
B5_xgboost,1,4,precision__BRCA_Basal,1.0
B5_xgboost,2,0,precision__BRCA_Basal,1.0
B5_xgboost,2,1,precision__BRCA_Basal,1.0
B5_xgboost,2,2,precision__BRCA_Basal,1.0
B5_xgboost,2,3,precision__BRCA_Basal,0.9705882352941176
B5_xgboost,2,4,precision__BRCA_Basal,1.0
B5_xgboost,3,0,precision__BRCA_Basal,1.0
B5_xgboost,3,1,precision__BRCA_Basal,1.0
B5_xgboost,3,2,precision__BRCA_Basal,1.0
B5_xgboost,3,3,precision__BRCA_Basal,0.9705882352941176
B5_xgboost,3,4,precision__BRCA_Basal,0.96875
B5_xgboost,4,0,precision__BRCA_Basal,1.0
B5_xgboost,4,1,precision__BRCA_Basal,0.9696969696969697
B5_xgboost,4,2,precision__BRCA_Basal,1.0
B5_xgboost,4,3,precision__BRCA_Basal,1.0
B5_xgboost,4,4,precision__BRCA_Basal,1.0
B2_elasticnet_logreg__LATE,0,0,precision__BRCA_Basal,0.9696969696969697
B2_elasticnet_logreg__LATE,0,1,precision__BRCA_Basal,1.0
B2_elasticnet_logreg__LATE,0,2,precision__BRCA_Basal,0.9411764705882353
B2_elasticnet_logreg__LATE,0,3,precision__BRCA_Basal,1.0
B2_elasticnet_logreg__LATE,0,4,precision__BRCA_Basal,1.0
B2_elasticnet_logreg__LATE,1,0,precision__BRCA_Basal,1.0
B2_elasticnet_logreg__LATE,1,1,precision__BRCA_Basal,0.9696969696969697
B2_elasticnet_logreg__LATE,1,2,precision__BRCA_Basal,1.0
B2_elasticnet_logreg__LATE,1,3,precision__BRCA_Basal,0.9705882352941176
B2_elasticnet_logreg__LATE,1,4,precision__BRCA_Basal,0.96875
B2_elasticnet_logreg__LATE,2,0,precision__BRCA_Basal,1.0
B2_elasticnet_logreg__LATE,2,1,precision__BRCA_Basal,0.9705882352941176
B2_elasticnet_logreg__LATE,2,2,precision__BRCA_Basal,1.0
B2_elasticnet_logreg__LATE,2,3,precision__BRCA_Basal,0.8918918918918919
B2_elasticnet_logreg__LATE,2,4,precision__BRCA_Basal,1.0
B2_elasticnet_logreg__LATE,3,0,precision__BRCA_Basal,1.0
B2_elasticnet_logreg__LATE,3,1,precision__BRCA_Basal,0.9428571428571428
B2_elasticnet_logreg__LATE,3,2,precision__BRCA_Basal,1.0
B2_elasticnet_logreg__LATE,3,3,precision__BRCA_Basal,1.0
B2_elasticnet_logreg__LATE,3,4,precision__BRCA_Basal,0.9354838709677419
B2_elasticnet_logreg__LATE,4,0,precision__BRCA_Basal,1.0
B2_elasticnet_logreg__LATE,4,1,precision__BRCA_Basal,1.0
B2_elasticnet_logreg__LATE,4,2,precision__BRCA_Basal,0.9696969696969697
B2_elasticnet_logreg__LATE,4,3,precision__BRCA_Basal,0.9696969696969697
B2_elasticnet_logreg__LATE,4,4,precision__BRCA_Basal,0.9696969696969697
B3_linear_svm__LATE,0,0,precision__BRCA_Basal,1.0
B3_linear_svm__LATE,0,1,precision__BRCA_Basal,1.0
B3_linear_svm__LATE,0,2,precision__BRCA_Basal,0.9411764705882353
B3_linear_svm__LATE,0,3,precision__BRCA_Basal,1.0
B3_linear_svm__LATE,0,4,precision__BRCA_Basal,1.0
B3_linear_svm__LATE,1,0,precision__BRCA_Basal,1.0
B3_linear_svm__LATE,1,1,precision__BRCA_Basal,0.9705882352941176
B3_linear_svm__LATE,1,2,precision__BRCA_Basal,1.0
B3_linear_svm__LATE,1,3,precision__BRCA_Basal,0.9428571428571428
B3_linear_svm__LATE,1,4,precision__BRCA_Basal,1.0
B3_linear_svm__LATE,2,0,precision__BRCA_Basal,1.0
B3_linear_svm__LATE,2,1,precision__BRCA_Basal,0.9705882352941176
B3_linear_svm__LATE,2,2,precision__BRCA_Basal,0.9428571428571428
B3_linear_svm__LATE,2,3,precision__BRCA_Basal,0.9166666666666666
B3_linear_svm__LATE,2,4,precision__BRCA_Basal,1.0
B3_linear_svm__LATE,3,0,precision__BRCA_Basal,1.0
B3_linear_svm__LATE,3,1,precision__BRCA_Basal,0.9696969696969697
B3_linear_svm__LATE,3,2,precision__BRCA_Basal,1.0
B3_linear_svm__LATE,3,3,precision__BRCA_Basal,1.0
B3_linear_svm__LATE,3,4,precision__BRCA_Basal,0.96875
B3_linear_svm__LATE,4,0,precision__BRCA_Basal,1.0
B3_linear_svm__LATE,4,1,precision__BRCA_Basal,1.0
B3_linear_svm__LATE,4,2,precision__BRCA_Basal,0.9428571428571428
B3_linear_svm__LATE,4,3,precision__BRCA_Basal,0.9705882352941176
B3_linear_svm__LATE,4,4,precision__BRCA_Basal,0.9696969696969697
B4_random_forest__LATE,0,0,precision__BRCA_Basal,1.0
B4_random_forest__LATE,0,1,precision__BRCA_Basal,0.9705882352941176
B4_random_forest__LATE,0,2,precision__BRCA_Basal,1.0
B4_random_forest__LATE,0,3,precision__BRCA_Basal,0.9428571428571428
B4_random_forest__LATE,0,4,precision__BRCA_Basal,1.0
B4_random_forest__LATE,1,0,precision__BRCA_Basal,1.0
B4_random_forest__LATE,1,1,precision__BRCA_Basal,0.9428571428571428
B4_random_forest__LATE,1,2,precision__BRCA_Basal,1.0
B4_random_forest__LATE,1,3,precision__BRCA_Basal,0.9705882352941176
B4_random_forest__LATE,1,4,precision__BRCA_Basal,0.96875
B4_random_forest__LATE,2,0,precision__BRCA_Basal,1.0
B4_random_forest__LATE,2,1,precision__BRCA_Basal,0.9696969696969697
B4_random_forest__LATE,2,2,precision__BRCA_Basal,0.9705882352941176
B4_random_forest__LATE,2,3,precision__BRCA_Basal,0.9142857142857143
B4_random_forest__LATE,2,4,precision__BRCA_Basal,1.0
B4_random_forest__LATE,3,0,precision__BRCA_Basal,0.9696969696969697
B4_random_forest__LATE,3,1,precision__BRCA_Basal,0.9696969696969697
B4_random_forest__LATE,3,2,precision__BRCA_Basal,0.9705882352941176
B4_random_forest__LATE,3,3,precision__BRCA_Basal,1.0
B4_random_forest__LATE,3,4,precision__BRCA_Basal,0.9375
B4_random_forest__LATE,4,0,precision__BRCA_Basal,1.0
B4_random_forest__LATE,4,1,precision__BRCA_Basal,0.9696969696969697
B4_random_forest__LATE,4,2,precision__BRCA_Basal,0.9166666666666666
B4_random_forest__LATE,4,3,precision__BRCA_Basal,1.0
B4_random_forest__LATE,4,4,precision__BRCA_Basal,0.9696969696969697
B5_xgboost__LATE,0,0,precision__BRCA_Basal,1.0
B5_xgboost__LATE,0,1,precision__BRCA_Basal,0.9428571428571428
B5_xgboost__LATE,0,2,precision__BRCA_Basal,0.9696969696969697
B5_xgboost__LATE,0,3,precision__BRCA_Basal,0.9411764705882353
B5_xgboost__LATE,0,4,precision__BRCA_Basal,0.96875
B5_xgboost__LATE,1,0,precision__BRCA_Basal,1.0
B5_xgboost__LATE,1,1,precision__BRCA_Basal,0.9705882352941176
B5_xgboost__LATE,1,2,precision__BRCA_Basal,1.0
B5_xgboost__LATE,1,3,precision__BRCA_Basal,0.9428571428571428
B5_xgboost__LATE,1,4,precision__BRCA_Basal,1.0
B5_xgboost__LATE,2,0,precision__BRCA_Basal,1.0
B5_xgboost__LATE,2,1,precision__BRCA_Basal,1.0
B5_xgboost__LATE,2,2,precision__BRCA_Basal,0.9705882352941176
B5_xgboost__LATE,2,3,precision__BRCA_Basal,0.9142857142857143
B5_xgboost__LATE,2,4,precision__BRCA_Basal,1.0
B5_xgboost__LATE,3,0,precision__BRCA_Basal,1.0
B5_xgboost__LATE,3,1,precision__BRCA_Basal,0.9696969696969697
B5_xgboost__LATE,3,2,precision__BRCA_Basal,0.9705882352941176
B5_xgboost__LATE,3,3,precision__BRCA_Basal,1.0
B5_xgboost__LATE,3,4,precision__BRCA_Basal,0.9393939393939394
B5_xgboost__LATE,4,0,precision__BRCA_Basal,1.0
B5_xgboost__LATE,4,1,precision__BRCA_Basal,0.9393939393939394
B5_xgboost__LATE,4,2,precision__BRCA_Basal,1.0
B5_xgboost__LATE,4,3,precision__BRCA_Basal,0.9428571428571428
B5_xgboost__LATE,4,4,precision__BRCA_Basal,0.9696969696969697
B0a_dummy_stratified,0,0,recall__BRCA_Basal,0.15625
B0a_dummy_stratified,0,1,recall__BRCA_Basal,0.15151515151515152
B0a_dummy_stratified,0,2,recall__BRCA_Basal,0.24242424242424243
B0a_dummy_stratified,0,3,recall__BRCA_Basal,0.21212121212121213
B0a_dummy_stratified,0,4,recall__BRCA_Basal,0.40625
B0a_dummy_stratified,1,0,recall__BRCA_Basal,0.375
B0a_dummy_stratified,1,1,recall__BRCA_Basal,0.12121212121212122
B0a_dummy_stratified,1,2,recall__BRCA_Basal,0.36363636363636365
B0a_dummy_stratified,1,3,recall__BRCA_Basal,0.21212121212121213
B0a_dummy_stratified,1,4,recall__BRCA_Basal,0.28125
B0a_dummy_stratified,2,0,recall__BRCA_Basal,0.1875
B0a_dummy_stratified,2,1,recall__BRCA_Basal,0.30303030303030304
B0a_dummy_stratified,2,2,recall__BRCA_Basal,0.24242424242424243
B0a_dummy_stratified,2,3,recall__BRCA_Basal,0.21212121212121213
B0a_dummy_stratified,2,4,recall__BRCA_Basal,0.1875
B0a_dummy_stratified,3,0,recall__BRCA_Basal,0.21875
B0a_dummy_stratified,3,1,recall__BRCA_Basal,0.21212121212121213
B0a_dummy_stratified,3,2,recall__BRCA_Basal,0.3333333333333333
B0a_dummy_stratified,3,3,recall__BRCA_Basal,0.2727272727272727
B0a_dummy_stratified,3,4,recall__BRCA_Basal,0.3125
B0a_dummy_stratified,4,0,recall__BRCA_Basal,0.25
B0a_dummy_stratified,4,1,recall__BRCA_Basal,0.09090909090909091
B0a_dummy_stratified,4,2,recall__BRCA_Basal,0.18181818181818182
B0a_dummy_stratified,4,3,recall__BRCA_Basal,0.21212121212121213
B0a_dummy_stratified,4,4,recall__BRCA_Basal,0.3125
B0b_dummy_mostfreq,0,0,recall__BRCA_Basal,0.0
B0b_dummy_mostfreq,0,1,recall__BRCA_Basal,0.0
B0b_dummy_mostfreq,0,2,recall__BRCA_Basal,0.0
B0b_dummy_mostfreq,0,3,recall__BRCA_Basal,0.0
B0b_dummy_mostfreq,0,4,recall__BRCA_Basal,0.0
B0b_dummy_mostfreq,1,0,recall__BRCA_Basal,0.0
B0b_dummy_mostfreq,1,1,recall__BRCA_Basal,0.0
B0b_dummy_mostfreq,1,2,recall__BRCA_Basal,0.0
B0b_dummy_mostfreq,1,3,recall__BRCA_Basal,0.0
B0b_dummy_mostfreq,1,4,recall__BRCA_Basal,0.0
B0b_dummy_mostfreq,2,0,recall__BRCA_Basal,0.0
B0b_dummy_mostfreq,2,1,recall__BRCA_Basal,0.0
B0b_dummy_mostfreq,2,2,recall__BRCA_Basal,0.0
B0b_dummy_mostfreq,2,3,recall__BRCA_Basal,0.0
B0b_dummy_mostfreq,2,4,recall__BRCA_Basal,0.0
B0b_dummy_mostfreq,3,0,recall__BRCA_Basal,0.0
B0b_dummy_mostfreq,3,1,recall__BRCA_Basal,0.0
B0b_dummy_mostfreq,3,2,recall__BRCA_Basal,0.0
B0b_dummy_mostfreq,3,3,recall__BRCA_Basal,0.0
B0b_dummy_mostfreq,3,4,recall__BRCA_Basal,0.0
B0b_dummy_mostfreq,4,0,recall__BRCA_Basal,0.0
B0b_dummy_mostfreq,4,1,recall__BRCA_Basal,0.0
B0b_dummy_mostfreq,4,2,recall__BRCA_Basal,0.0
B0b_dummy_mostfreq,4,3,recall__BRCA_Basal,0.0
B0b_dummy_mostfreq,4,4,recall__BRCA_Basal,0.0
B1_pam50_centroid,0,0,recall__BRCA_Basal,1.0
B1_pam50_centroid,0,1,recall__BRCA_Basal,0.9393939393939394
B1_pam50_centroid,0,2,recall__BRCA_Basal,0.9696969696969697
B1_pam50_centroid,0,3,recall__BRCA_Basal,1.0
B1_pam50_centroid,0,4,recall__BRCA_Basal,1.0
B1_pam50_centroid,1,0,recall__BRCA_Basal,1.0
B1_pam50_centroid,1,1,recall__BRCA_Basal,0.9393939393939394
B1_pam50_centroid,1,2,recall__BRCA_Basal,1.0
B1_pam50_centroid,1,3,recall__BRCA_Basal,1.0
B1_pam50_centroid,1,4,recall__BRCA_Basal,0.96875
B1_pam50_centroid,2,0,recall__BRCA_Basal,1.0
B1_pam50_centroid,2,1,recall__BRCA_Basal,1.0
B1_pam50_centroid,2,2,recall__BRCA_Basal,1.0
B1_pam50_centroid,2,3,recall__BRCA_Basal,0.9696969696969697
B1_pam50_centroid,2,4,recall__BRCA_Basal,0.96875
B1_pam50_centroid,3,0,recall__BRCA_Basal,1.0
B1_pam50_centroid,3,1,recall__BRCA_Basal,0.9696969696969697
B1_pam50_centroid,3,2,recall__BRCA_Basal,1.0
B1_pam50_centroid,3,3,recall__BRCA_Basal,0.9696969696969697
B1_pam50_centroid,3,4,recall__BRCA_Basal,1.0
B1_pam50_centroid,4,0,recall__BRCA_Basal,0.96875
B1_pam50_centroid,4,1,recall__BRCA_Basal,1.0
B1_pam50_centroid,4,2,recall__BRCA_Basal,1.0
B1_pam50_centroid,4,3,recall__BRCA_Basal,0.9696969696969697
B1_pam50_centroid,4,4,recall__BRCA_Basal,1.0
B2_elasticnet_logreg,0,0,recall__BRCA_Basal,1.0
B2_elasticnet_logreg,0,1,recall__BRCA_Basal,0.9393939393939394
B2_elasticnet_logreg,0,2,recall__BRCA_Basal,0.9696969696969697
B2_elasticnet_logreg,0,3,recall__BRCA_Basal,0.9696969696969697
B2_elasticnet_logreg,0,4,recall__BRCA_Basal,0.96875
B2_elasticnet_logreg,1,0,recall__BRCA_Basal,1.0
B2_elasticnet_logreg,1,1,recall__BRCA_Basal,0.9393939393939394
B2_elasticnet_logreg,1,2,recall__BRCA_Basal,0.9393939393939394
B2_elasticnet_logreg,1,3,recall__BRCA_Basal,1.0
B2_elasticnet_logreg,1,4,recall__BRCA_Basal,0.96875
B2_elasticnet_logreg,2,0,recall__BRCA_Basal,1.0
B2_elasticnet_logreg,2,1,recall__BRCA_Basal,1.0
B2_elasticnet_logreg,2,2,recall__BRCA_Basal,1.0
B2_elasticnet_logreg,2,3,recall__BRCA_Basal,0.9696969696969697
B2_elasticnet_logreg,2,4,recall__BRCA_Basal,0.90625
B2_elasticnet_logreg,3,0,recall__BRCA_Basal,1.0
B2_elasticnet_logreg,3,1,recall__BRCA_Basal,0.9696969696969697
B2_elasticnet_logreg,3,2,recall__BRCA_Basal,0.9696969696969697
B2_elasticnet_logreg,3,3,recall__BRCA_Basal,0.9696969696969697
B2_elasticnet_logreg,3,4,recall__BRCA_Basal,0.9375
B2_elasticnet_logreg,4,0,recall__BRCA_Basal,0.9375
B2_elasticnet_logreg,4,1,recall__BRCA_Basal,0.9696969696969697
B2_elasticnet_logreg,4,2,recall__BRCA_Basal,1.0
B2_elasticnet_logreg,4,3,recall__BRCA_Basal,0.9393939393939394
B2_elasticnet_logreg,4,4,recall__BRCA_Basal,1.0
B3_linear_svm,0,0,recall__BRCA_Basal,1.0
B3_linear_svm,0,1,recall__BRCA_Basal,1.0
B3_linear_svm,0,2,recall__BRCA_Basal,0.9696969696969697
B3_linear_svm,0,3,recall__BRCA_Basal,1.0
B3_linear_svm,0,4,recall__BRCA_Basal,0.96875
B3_linear_svm,1,0,recall__BRCA_Basal,1.0
B3_linear_svm,1,1,recall__BRCA_Basal,0.9696969696969697
B3_linear_svm,1,2,recall__BRCA_Basal,0.9696969696969697
B3_linear_svm,1,3,recall__BRCA_Basal,1.0
B3_linear_svm,1,4,recall__BRCA_Basal,0.96875
B3_linear_svm,2,0,recall__BRCA_Basal,0.96875
B3_linear_svm,2,1,recall__BRCA_Basal,1.0
B3_linear_svm,2,2,recall__BRCA_Basal,1.0
B3_linear_svm,2,3,recall__BRCA_Basal,1.0
B3_linear_svm,2,4,recall__BRCA_Basal,0.9375
B3_linear_svm,3,0,recall__BRCA_Basal,1.0
B3_linear_svm,3,1,recall__BRCA_Basal,0.9393939393939394
B3_linear_svm,3,2,recall__BRCA_Basal,0.9696969696969697
B3_linear_svm,3,3,recall__BRCA_Basal,1.0
B3_linear_svm,3,4,recall__BRCA_Basal,0.96875
B3_linear_svm,4,0,recall__BRCA_Basal,0.9375
B3_linear_svm,4,1,recall__BRCA_Basal,0.9393939393939394
B3_linear_svm,4,2,recall__BRCA_Basal,1.0
B3_linear_svm,4,3,recall__BRCA_Basal,1.0
B3_linear_svm,4,4,recall__BRCA_Basal,1.0
B4_random_forest,0,0,recall__BRCA_Basal,1.0
B4_random_forest,0,1,recall__BRCA_Basal,1.0
B4_random_forest,0,2,recall__BRCA_Basal,0.9696969696969697
B4_random_forest,0,3,recall__BRCA_Basal,1.0
B4_random_forest,0,4,recall__BRCA_Basal,0.96875
B4_random_forest,1,0,recall__BRCA_Basal,1.0
B4_random_forest,1,1,recall__BRCA_Basal,1.0
B4_random_forest,1,2,recall__BRCA_Basal,0.9393939393939394
B4_random_forest,1,3,recall__BRCA_Basal,1.0
B4_random_forest,1,4,recall__BRCA_Basal,0.96875
B4_random_forest,2,0,recall__BRCA_Basal,1.0
B4_random_forest,2,1,recall__BRCA_Basal,1.0
B4_random_forest,2,2,recall__BRCA_Basal,1.0
B4_random_forest,2,3,recall__BRCA_Basal,1.0
B4_random_forest,2,4,recall__BRCA_Basal,0.9375
B4_random_forest,3,0,recall__BRCA_Basal,1.0
B4_random_forest,3,1,recall__BRCA_Basal,0.9696969696969697
B4_random_forest,3,2,recall__BRCA_Basal,1.0
B4_random_forest,3,3,recall__BRCA_Basal,1.0
B4_random_forest,3,4,recall__BRCA_Basal,0.96875
B4_random_forest,4,0,recall__BRCA_Basal,0.96875
B4_random_forest,4,1,recall__BRCA_Basal,0.9696969696969697
B4_random_forest,4,2,recall__BRCA_Basal,1.0
B4_random_forest,4,3,recall__BRCA_Basal,1.0
B4_random_forest,4,4,recall__BRCA_Basal,1.0
B5_xgboost,0,0,recall__BRCA_Basal,1.0
B5_xgboost,0,1,recall__BRCA_Basal,1.0
B5_xgboost,0,2,recall__BRCA_Basal,0.9696969696969697
B5_xgboost,0,3,recall__BRCA_Basal,0.9696969696969697
B5_xgboost,0,4,recall__BRCA_Basal,0.96875
B5_xgboost,1,0,recall__BRCA_Basal,1.0
B5_xgboost,1,1,recall__BRCA_Basal,1.0
B5_xgboost,1,2,recall__BRCA_Basal,0.9393939393939394
B5_xgboost,1,3,recall__BRCA_Basal,1.0
B5_xgboost,1,4,recall__BRCA_Basal,0.96875
B5_xgboost,2,0,recall__BRCA_Basal,0.96875
B5_xgboost,2,1,recall__BRCA_Basal,1.0
B5_xgboost,2,2,recall__BRCA_Basal,1.0
B5_xgboost,2,3,recall__BRCA_Basal,1.0
B5_xgboost,2,4,recall__BRCA_Basal,0.9375
B5_xgboost,3,0,recall__BRCA_Basal,1.0
B5_xgboost,3,1,recall__BRCA_Basal,0.9696969696969697
B5_xgboost,3,2,recall__BRCA_Basal,0.9696969696969697
B5_xgboost,3,3,recall__BRCA_Basal,1.0
B5_xgboost,3,4,recall__BRCA_Basal,0.96875
B5_xgboost,4,0,recall__BRCA_Basal,0.96875
B5_xgboost,4,1,recall__BRCA_Basal,0.9696969696969697
B5_xgboost,4,2,recall__BRCA_Basal,0.9696969696969697
B5_xgboost,4,3,recall__BRCA_Basal,1.0
B5_xgboost,4,4,recall__BRCA_Basal,1.0
B2_elasticnet_logreg__LATE,0,0,recall__BRCA_Basal,1.0
B2_elasticnet_logreg__LATE,0,1,recall__BRCA_Basal,0.9696969696969697
B2_elasticnet_logreg__LATE,0,2,recall__BRCA_Basal,0.9696969696969697
B2_elasticnet_logreg__LATE,0,3,recall__BRCA_Basal,1.0
B2_elasticnet_logreg__LATE,0,4,recall__BRCA_Basal,0.96875
B2_elasticnet_logreg__LATE,1,0,recall__BRCA_Basal,0.96875
B2_elasticnet_logreg__LATE,1,1,recall__BRCA_Basal,0.9696969696969697
B2_elasticnet_logreg__LATE,1,2,recall__BRCA_Basal,0.9393939393939394
B2_elasticnet_logreg__LATE,1,3,recall__BRCA_Basal,1.0
B2_elasticnet_logreg__LATE,1,4,recall__BRCA_Basal,0.96875
B2_elasticnet_logreg__LATE,2,0,recall__BRCA_Basal,1.0
B2_elasticnet_logreg__LATE,2,1,recall__BRCA_Basal,1.0
B2_elasticnet_logreg__LATE,2,2,recall__BRCA_Basal,0.9696969696969697
B2_elasticnet_logreg__LATE,2,3,recall__BRCA_Basal,1.0
B2_elasticnet_logreg__LATE,2,4,recall__BRCA_Basal,0.9375
B2_elasticnet_logreg__LATE,3,0,recall__BRCA_Basal,1.0
B2_elasticnet_logreg__LATE,3,1,recall__BRCA_Basal,1.0
B2_elasticnet_logreg__LATE,3,2,recall__BRCA_Basal,1.0
B2_elasticnet_logreg__LATE,3,3,recall__BRCA_Basal,0.9696969696969697
B2_elasticnet_logreg__LATE,3,4,recall__BRCA_Basal,0.90625
B2_elasticnet_logreg__LATE,4,0,recall__BRCA_Basal,0.96875
B2_elasticnet_logreg__LATE,4,1,recall__BRCA_Basal,0.9696969696969697
B2_elasticnet_logreg__LATE,4,2,recall__BRCA_Basal,0.9696969696969697
B2_elasticnet_logreg__LATE,4,3,recall__BRCA_Basal,0.9696969696969697
B2_elasticnet_logreg__LATE,4,4,recall__BRCA_Basal,1.0
B3_linear_svm__LATE,0,0,recall__BRCA_Basal,1.0
B3_linear_svm__LATE,0,1,recall__BRCA_Basal,1.0
B3_linear_svm__LATE,0,2,recall__BRCA_Basal,0.9696969696969697
B3_linear_svm__LATE,0,3,recall__BRCA_Basal,1.0
B3_linear_svm__LATE,0,4,recall__BRCA_Basal,0.96875
B3_linear_svm__LATE,1,0,recall__BRCA_Basal,1.0
B3_linear_svm__LATE,1,1,recall__BRCA_Basal,1.0
B3_linear_svm__LATE,1,2,recall__BRCA_Basal,0.9393939393939394
B3_linear_svm__LATE,1,3,recall__BRCA_Basal,1.0
B3_linear_svm__LATE,1,4,recall__BRCA_Basal,0.96875
B3_linear_svm__LATE,2,0,recall__BRCA_Basal,1.0
B3_linear_svm__LATE,2,1,recall__BRCA_Basal,1.0
B3_linear_svm__LATE,2,2,recall__BRCA_Basal,1.0
B3_linear_svm__LATE,2,3,recall__BRCA_Basal,1.0
B3_linear_svm__LATE,2,4,recall__BRCA_Basal,0.9375
B3_linear_svm__LATE,3,0,recall__BRCA_Basal,1.0
B3_linear_svm__LATE,3,1,recall__BRCA_Basal,0.9696969696969697
B3_linear_svm__LATE,3,2,recall__BRCA_Basal,1.0
B3_linear_svm__LATE,3,3,recall__BRCA_Basal,1.0
B3_linear_svm__LATE,3,4,recall__BRCA_Basal,0.96875
B3_linear_svm__LATE,4,0,recall__BRCA_Basal,0.96875
B3_linear_svm__LATE,4,1,recall__BRCA_Basal,0.9696969696969697
B3_linear_svm__LATE,4,2,recall__BRCA_Basal,1.0
B3_linear_svm__LATE,4,3,recall__BRCA_Basal,1.0
B3_linear_svm__LATE,4,4,recall__BRCA_Basal,1.0
B4_random_forest__LATE,0,0,recall__BRCA_Basal,1.0
B4_random_forest__LATE,0,1,recall__BRCA_Basal,1.0
B4_random_forest__LATE,0,2,recall__BRCA_Basal,0.9696969696969697
B4_random_forest__LATE,0,3,recall__BRCA_Basal,1.0
B4_random_forest__LATE,0,4,recall__BRCA_Basal,0.96875
B4_random_forest__LATE,1,0,recall__BRCA_Basal,1.0
B4_random_forest__LATE,1,1,recall__BRCA_Basal,1.0
B4_random_forest__LATE,1,2,recall__BRCA_Basal,0.9696969696969697
B4_random_forest__LATE,1,3,recall__BRCA_Basal,1.0
B4_random_forest__LATE,1,4,recall__BRCA_Basal,0.96875
B4_random_forest__LATE,2,0,recall__BRCA_Basal,1.0
B4_random_forest__LATE,2,1,recall__BRCA_Basal,0.9696969696969697
B4_random_forest__LATE,2,2,recall__BRCA_Basal,1.0
B4_random_forest__LATE,2,3,recall__BRCA_Basal,0.9696969696969697
B4_random_forest__LATE,2,4,recall__BRCA_Basal,0.96875
B4_random_forest__LATE,3,0,recall__BRCA_Basal,1.0
B4_random_forest__LATE,3,1,recall__BRCA_Basal,0.9696969696969697
B4_random_forest__LATE,3,2,recall__BRCA_Basal,1.0
B4_random_forest__LATE,3,3,recall__BRCA_Basal,1.0
B4_random_forest__LATE,3,4,recall__BRCA_Basal,0.9375
B4_random_forest__LATE,4,0,recall__BRCA_Basal,0.96875
B4_random_forest__LATE,4,1,recall__BRCA_Basal,0.9696969696969697
B4_random_forest__LATE,4,2,recall__BRCA_Basal,1.0
B4_random_forest__LATE,4,3,recall__BRCA_Basal,1.0
B4_random_forest__LATE,4,4,recall__BRCA_Basal,1.0
B5_xgboost__LATE,0,0,recall__BRCA_Basal,1.0
B5_xgboost__LATE,0,1,recall__BRCA_Basal,1.0
B5_xgboost__LATE,0,2,recall__BRCA_Basal,0.9696969696969697
B5_xgboost__LATE,0,3,recall__BRCA_Basal,0.9696969696969697
B5_xgboost__LATE,0,4,recall__BRCA_Basal,0.96875
B5_xgboost__LATE,1,0,recall__BRCA_Basal,1.0
B5_xgboost__LATE,1,1,recall__BRCA_Basal,1.0
B5_xgboost__LATE,1,2,recall__BRCA_Basal,0.9696969696969697
B5_xgboost__LATE,1,3,recall__BRCA_Basal,1.0
B5_xgboost__LATE,1,4,recall__BRCA_Basal,0.96875
B5_xgboost__LATE,2,0,recall__BRCA_Basal,1.0
B5_xgboost__LATE,2,1,recall__BRCA_Basal,1.0
B5_xgboost__LATE,2,2,recall__BRCA_Basal,1.0
B5_xgboost__LATE,2,3,recall__BRCA_Basal,0.9696969696969697
B5_xgboost__LATE,2,4,recall__BRCA_Basal,0.9375
B5_xgboost__LATE,3,0,recall__BRCA_Basal,1.0
B5_xgboost__LATE,3,1,recall__BRCA_Basal,0.9696969696969697
B5_xgboost__LATE,3,2,recall__BRCA_Basal,1.0
B5_xgboost__LATE,3,3,recall__BRCA_Basal,0.9696969696969697
B5_xgboost__LATE,3,4,recall__BRCA_Basal,0.96875
B5_xgboost__LATE,4,0,recall__BRCA_Basal,0.96875
B5_xgboost__LATE,4,1,recall__BRCA_Basal,0.9393939393939394
B5_xgboost__LATE,4,2,recall__BRCA_Basal,1.0
B5_xgboost__LATE,4,3,recall__BRCA_Basal,1.0
B5_xgboost__LATE,4,4,recall__BRCA_Basal,1.0
B0a_dummy_stratified,0,0,f1__BRCA_Her2,0.13793103448275862
B0a_dummy_stratified,0,1,f1__BRCA_Her2,0.13333333333333333
B0a_dummy_stratified,0,2,f1__BRCA_Her2,0.06451612903225806
B0a_dummy_stratified,0,3,f1__BRCA_Her2,0.0
B0a_dummy_stratified,0,4,f1__BRCA_Her2,0.0
B0a_dummy_stratified,1,0,f1__BRCA_Her2,0.06896551724137931
B0a_dummy_stratified,1,1,f1__BRCA_Her2,0.0
B0a_dummy_stratified,1,2,f1__BRCA_Her2,0.06451612903225806
B0a_dummy_stratified,1,3,f1__BRCA_Her2,0.1935483870967742
B0a_dummy_stratified,1,4,f1__BRCA_Her2,0.06666666666666667
B0a_dummy_stratified,2,0,f1__BRCA_Her2,0.06896551724137931
B0a_dummy_stratified,2,1,f1__BRCA_Her2,0.06666666666666667
B0a_dummy_stratified,2,2,f1__BRCA_Her2,0.1935483870967742
B0a_dummy_stratified,2,3,f1__BRCA_Her2,0.0
B0a_dummy_stratified,2,4,f1__BRCA_Her2,0.06666666666666667
B0a_dummy_stratified,3,0,f1__BRCA_Her2,0.20689655172413793
B0a_dummy_stratified,3,1,f1__BRCA_Her2,0.26666666666666666
B0a_dummy_stratified,3,2,f1__BRCA_Her2,0.06451612903225806
B0a_dummy_stratified,3,3,f1__BRCA_Her2,0.06451612903225806
B0a_dummy_stratified,3,4,f1__BRCA_Her2,0.13333333333333333
B0a_dummy_stratified,4,0,f1__BRCA_Her2,0.13793103448275862
B0a_dummy_stratified,4,1,f1__BRCA_Her2,0.06666666666666667
B0a_dummy_stratified,4,2,f1__BRCA_Her2,0.12903225806451613
B0a_dummy_stratified,4,3,f1__BRCA_Her2,0.0
B0a_dummy_stratified,4,4,f1__BRCA_Her2,0.13333333333333333
B0b_dummy_mostfreq,0,0,f1__BRCA_Her2,0.0
B0b_dummy_mostfreq,0,1,f1__BRCA_Her2,0.0
B0b_dummy_mostfreq,0,2,f1__BRCA_Her2,0.0
B0b_dummy_mostfreq,0,3,f1__BRCA_Her2,0.0
B0b_dummy_mostfreq,0,4,f1__BRCA_Her2,0.0
B0b_dummy_mostfreq,1,0,f1__BRCA_Her2,0.0
B0b_dummy_mostfreq,1,1,f1__BRCA_Her2,0.0
B0b_dummy_mostfreq,1,2,f1__BRCA_Her2,0.0
B0b_dummy_mostfreq,1,3,f1__BRCA_Her2,0.0
B0b_dummy_mostfreq,1,4,f1__BRCA_Her2,0.0
B0b_dummy_mostfreq,2,0,f1__BRCA_Her2,0.0
B0b_dummy_mostfreq,2,1,f1__BRCA_Her2,0.0
B0b_dummy_mostfreq,2,2,f1__BRCA_Her2,0.0
B0b_dummy_mostfreq,2,3,f1__BRCA_Her2,0.0
B0b_dummy_mostfreq,2,4,f1__BRCA_Her2,0.0
B0b_dummy_mostfreq,3,0,f1__BRCA_Her2,0.0
B0b_dummy_mostfreq,3,1,f1__BRCA_Her2,0.0
B0b_dummy_mostfreq,3,2,f1__BRCA_Her2,0.0
B0b_dummy_mostfreq,3,3,f1__BRCA_Her2,0.0
B0b_dummy_mostfreq,3,4,f1__BRCA_Her2,0.0
B0b_dummy_mostfreq,4,0,f1__BRCA_Her2,0.0
B0b_dummy_mostfreq,4,1,f1__BRCA_Her2,0.0
B0b_dummy_mostfreq,4,2,f1__BRCA_Her2,0.0
B0b_dummy_mostfreq,4,3,f1__BRCA_Her2,0.0
B0b_dummy_mostfreq,4,4,f1__BRCA_Her2,0.0
B1_pam50_centroid,0,0,f1__BRCA_Her2,0.8648648648648649
B1_pam50_centroid,0,1,f1__BRCA_Her2,0.7619047619047619
B1_pam50_centroid,0,2,f1__BRCA_Her2,0.7317073170731707
B1_pam50_centroid,0,3,f1__BRCA_Her2,0.7777777777777778
B1_pam50_centroid,0,4,f1__BRCA_Her2,0.7317073170731707
B1_pam50_centroid,1,0,f1__BRCA_Her2,0.9411764705882353
B1_pam50_centroid,1,1,f1__BRCA_Her2,0.7317073170731707
B1_pam50_centroid,1,2,f1__BRCA_Her2,0.7894736842105263
B1_pam50_centroid,1,3,f1__BRCA_Her2,0.6382978723404256
B1_pam50_centroid,1,4,f1__BRCA_Her2,0.8333333333333334
B1_pam50_centroid,2,0,f1__BRCA_Her2,0.8421052631578947
B1_pam50_centroid,2,1,f1__BRCA_Her2,0.8421052631578947
B1_pam50_centroid,2,2,f1__BRCA_Her2,0.8235294117647058
B1_pam50_centroid,2,3,f1__BRCA_Her2,0.717948717948718
B1_pam50_centroid,2,4,f1__BRCA_Her2,0.7142857142857143
B1_pam50_centroid,3,0,f1__BRCA_Her2,0.8888888888888888
B1_pam50_centroid,3,1,f1__BRCA_Her2,0.7567567567567568
B1_pam50_centroid,3,2,f1__BRCA_Her2,0.7317073170731707
B1_pam50_centroid,3,3,f1__BRCA_Her2,0.7692307692307693
B1_pam50_centroid,3,4,f1__BRCA_Her2,0.75
B1_pam50_centroid,4,0,f1__BRCA_Her2,0.7619047619047619
B1_pam50_centroid,4,1,f1__BRCA_Her2,0.7804878048780488
B1_pam50_centroid,4,2,f1__BRCA_Her2,0.8235294117647058
B1_pam50_centroid,4,3,f1__BRCA_Her2,0.7692307692307693
B1_pam50_centroid,4,4,f1__BRCA_Her2,0.8333333333333334
B2_elasticnet_logreg,0,0,f1__BRCA_Her2,0.8823529411764706
B2_elasticnet_logreg,0,1,f1__BRCA_Her2,0.8421052631578947
B2_elasticnet_logreg,0,2,f1__BRCA_Her2,0.8333333333333334
B2_elasticnet_logreg,0,3,f1__BRCA_Her2,0.9090909090909091
B2_elasticnet_logreg,0,4,f1__BRCA_Her2,0.8666666666666667
B2_elasticnet_logreg,1,0,f1__BRCA_Her2,0.9032258064516129
B2_elasticnet_logreg,1,1,f1__BRCA_Her2,0.8205128205128205
B2_elasticnet_logreg,1,2,f1__BRCA_Her2,0.8823529411764706
B2_elasticnet_logreg,1,3,f1__BRCA_Her2,0.7878787878787878
B2_elasticnet_logreg,1,4,f1__BRCA_Her2,0.8387096774193549
B2_elasticnet_logreg,2,0,f1__BRCA_Her2,0.9090909090909091
B2_elasticnet_logreg,2,1,f1__BRCA_Her2,0.8666666666666667
B2_elasticnet_logreg,2,2,f1__BRCA_Her2,0.9655172413793104
B2_elasticnet_logreg,2,3,f1__BRCA_Her2,0.8387096774193549
B2_elasticnet_logreg,2,4,f1__BRCA_Her2,0.8108108108108109
B2_elasticnet_logreg,3,0,f1__BRCA_Her2,0.896551724137931
B2_elasticnet_logreg,3,1,f1__BRCA_Her2,1.0
B2_elasticnet_logreg,3,2,f1__BRCA_Her2,0.7428571428571429
B2_elasticnet_logreg,3,3,f1__BRCA_Her2,0.875
B2_elasticnet_logreg,3,4,f1__BRCA_Her2,0.8484848484848485
B2_elasticnet_logreg,4,0,f1__BRCA_Her2,0.8484848484848485
B2_elasticnet_logreg,4,1,f1__BRCA_Her2,0.875
B2_elasticnet_logreg,4,2,f1__BRCA_Her2,0.9333333333333333
B2_elasticnet_logreg,4,3,f1__BRCA_Her2,0.8484848484848485
B2_elasticnet_logreg,4,4,f1__BRCA_Her2,0.8484848484848485
B3_linear_svm,0,0,f1__BRCA_Her2,0.9333333333333333
B3_linear_svm,0,1,f1__BRCA_Her2,0.7741935483870968
B3_linear_svm,0,2,f1__BRCA_Her2,0.9375
B3_linear_svm,0,3,f1__BRCA_Her2,0.8571428571428571
B3_linear_svm,0,4,f1__BRCA_Her2,0.8275862068965517
B3_linear_svm,1,0,f1__BRCA_Her2,0.8148148148148148
B3_linear_svm,1,1,f1__BRCA_Her2,0.8
B3_linear_svm,1,2,f1__BRCA_Her2,0.8666666666666667
B3_linear_svm,1,3,f1__BRCA_Her2,0.8823529411764706
B3_linear_svm,1,4,f1__BRCA_Her2,0.8461538461538461
B3_linear_svm,2,0,f1__BRCA_Her2,0.8387096774193549
B3_linear_svm,2,1,f1__BRCA_Her2,0.8666666666666667
B3_linear_svm,2,2,f1__BRCA_Her2,0.6923076923076923
B3_linear_svm,2,3,f1__BRCA_Her2,0.8461538461538461
B3_linear_svm,2,4,f1__BRCA_Her2,0.875
B3_linear_svm,3,0,f1__BRCA_Her2,0.896551724137931
B3_linear_svm,3,1,f1__BRCA_Her2,0.9032258064516129
B3_linear_svm,3,2,f1__BRCA_Her2,0.6875
B3_linear_svm,3,3,f1__BRCA_Her2,0.8275862068965517
B3_linear_svm,3,4,f1__BRCA_Her2,0.8571428571428571
B3_linear_svm,4,0,f1__BRCA_Her2,0.8
B3_linear_svm,4,1,f1__BRCA_Her2,0.7142857142857143
B3_linear_svm,4,2,f1__BRCA_Her2,0.8888888888888888
B3_linear_svm,4,3,f1__BRCA_Her2,0.9032258064516129
B3_linear_svm,4,4,f1__BRCA_Her2,0.7333333333333333
B4_random_forest,0,0,f1__BRCA_Her2,0.896551724137931
B4_random_forest,0,1,f1__BRCA_Her2,0.9375
B4_random_forest,0,2,f1__BRCA_Her2,0.9655172413793104
B4_random_forest,0,3,f1__BRCA_Her2,0.9285714285714286
B4_random_forest,0,4,f1__BRCA_Her2,0.8571428571428571
B4_random_forest,1,0,f1__BRCA_Her2,0.8148148148148148
B4_random_forest,1,1,f1__BRCA_Her2,0.896551724137931
B4_random_forest,1,2,f1__BRCA_Her2,0.7857142857142857
B4_random_forest,1,3,f1__BRCA_Her2,0.9032258064516129
B4_random_forest,1,4,f1__BRCA_Her2,0.9655172413793104
B4_random_forest,2,0,f1__BRCA_Her2,0.9032258064516129
B4_random_forest,2,1,f1__BRCA_Her2,0.896551724137931
B4_random_forest,2,2,f1__BRCA_Her2,0.9285714285714286
B4_random_forest,2,3,f1__BRCA_Her2,0.896551724137931
B4_random_forest,2,4,f1__BRCA_Her2,0.9032258064516129
B4_random_forest,3,0,f1__BRCA_Her2,0.896551724137931
B4_random_forest,3,1,f1__BRCA_Her2,0.9333333333333333
B4_random_forest,3,2,f1__BRCA_Her2,0.8666666666666667
B4_random_forest,3,3,f1__BRCA_Her2,0.9285714285714286
B4_random_forest,3,4,f1__BRCA_Her2,0.896551724137931
B4_random_forest,4,0,f1__BRCA_Her2,0.8666666666666667
B4_random_forest,4,1,f1__BRCA_Her2,0.7692307692307693
B4_random_forest,4,2,f1__BRCA_Her2,0.9655172413793104
B4_random_forest,4,3,f1__BRCA_Her2,0.8888888888888888
B4_random_forest,4,4,f1__BRCA_Her2,0.9333333333333333
B5_xgboost,0,0,f1__BRCA_Her2,0.9090909090909091
B5_xgboost,0,1,f1__BRCA_Her2,0.9142857142857143
B5_xgboost,0,2,f1__BRCA_Her2,0.9655172413793104
B5_xgboost,0,3,f1__BRCA_Her2,0.9032258064516129
B5_xgboost,0,4,f1__BRCA_Her2,0.8571428571428571
B5_xgboost,1,0,f1__BRCA_Her2,0.8148148148148148
B5_xgboost,1,1,f1__BRCA_Her2,0.9142857142857143
B5_xgboost,1,2,f1__BRCA_Her2,0.9032258064516129
B5_xgboost,1,3,f1__BRCA_Her2,0.9032258064516129
B5_xgboost,1,4,f1__BRCA_Her2,0.9333333333333333
B5_xgboost,2,0,f1__BRCA_Her2,0.9090909090909091
B5_xgboost,2,1,f1__BRCA_Her2,0.9333333333333333
B5_xgboost,2,2,f1__BRCA_Her2,0.896551724137931
B5_xgboost,2,3,f1__BRCA_Her2,0.9032258064516129
B5_xgboost,2,4,f1__BRCA_Her2,0.8484848484848485
B5_xgboost,3,0,f1__BRCA_Her2,0.8571428571428571
B5_xgboost,3,1,f1__BRCA_Her2,1.0
B5_xgboost,3,2,f1__BRCA_Her2,0.7272727272727273
B5_xgboost,3,3,f1__BRCA_Her2,0.8275862068965517
B5_xgboost,3,4,f1__BRCA_Her2,0.9032258064516129
B5_xgboost,4,0,f1__BRCA_Her2,0.8823529411764706
B5_xgboost,4,1,f1__BRCA_Her2,0.8571428571428571
B5_xgboost,4,2,f1__BRCA_Her2,0.9333333333333333
B5_xgboost,4,3,f1__BRCA_Her2,0.9655172413793104
B5_xgboost,4,4,f1__BRCA_Her2,0.9375
B2_elasticnet_logreg__LATE,0,0,f1__BRCA_Her2,0.875
B2_elasticnet_logreg__LATE,0,1,f1__BRCA_Her2,0.7272727272727273
B2_elasticnet_logreg__LATE,0,2,f1__BRCA_Her2,0.8125
B2_elasticnet_logreg__LATE,0,3,f1__BRCA_Her2,0.8666666666666667
B2_elasticnet_logreg__LATE,0,4,f1__BRCA_Her2,0.8571428571428571
B2_elasticnet_logreg__LATE,1,0,f1__BRCA_Her2,0.7586206896551724
B2_elasticnet_logreg__LATE,1,1,f1__BRCA_Her2,0.8
B2_elasticnet_logreg__LATE,1,2,f1__BRCA_Her2,0.8484848484848485
B2_elasticnet_logreg__LATE,1,3,f1__BRCA_Her2,0.8
B2_elasticnet_logreg__LATE,1,4,f1__BRCA_Her2,0.7586206896551724
B2_elasticnet_logreg__LATE,2,0,f1__BRCA_Her2,0.8387096774193549
B2_elasticnet_logreg__LATE,2,1,f1__BRCA_Her2,0.7857142857142857
B2_elasticnet_logreg__LATE,2,2,f1__BRCA_Her2,0.8275862068965517
B2_elasticnet_logreg__LATE,2,3,f1__BRCA_Her2,0.7857142857142857
B2_elasticnet_logreg__LATE,2,4,f1__BRCA_Her2,0.8
B2_elasticnet_logreg__LATE,3,0,f1__BRCA_Her2,0.8275862068965517
B2_elasticnet_logreg__LATE,3,1,f1__BRCA_Her2,0.9375
B2_elasticnet_logreg__LATE,3,2,f1__BRCA_Her2,0.6
B2_elasticnet_logreg__LATE,3,3,f1__BRCA_Her2,0.7586206896551724
B2_elasticnet_logreg__LATE,3,4,f1__BRCA_Her2,0.7741935483870968
B2_elasticnet_logreg__LATE,4,0,f1__BRCA_Her2,0.8666666666666667
B2_elasticnet_logreg__LATE,4,1,f1__BRCA_Her2,0.7333333333333333
B2_elasticnet_logreg__LATE,4,2,f1__BRCA_Her2,0.8275862068965517
B2_elasticnet_logreg__LATE,4,3,f1__BRCA_Her2,0.7857142857142857
B2_elasticnet_logreg__LATE,4,4,f1__BRCA_Her2,0.6875
B3_linear_svm__LATE,0,0,f1__BRCA_Her2,0.9375
B3_linear_svm__LATE,0,1,f1__BRCA_Her2,0.7741935483870968
B3_linear_svm__LATE,0,2,f1__BRCA_Her2,0.8666666666666667
B3_linear_svm__LATE,0,3,f1__BRCA_Her2,0.8571428571428571
B3_linear_svm__LATE,0,4,f1__BRCA_Her2,0.7692307692307693
B3_linear_svm__LATE,1,0,f1__BRCA_Her2,0.9333333333333333
B3_linear_svm__LATE,1,1,f1__BRCA_Her2,0.7586206896551724
B3_linear_svm__LATE,1,2,f1__BRCA_Her2,0.7333333333333333
B3_linear_svm__LATE,1,3,f1__BRCA_Her2,0.8571428571428571
B3_linear_svm__LATE,1,4,f1__BRCA_Her2,0.8666666666666667
B3_linear_svm__LATE,2,0,f1__BRCA_Her2,0.8666666666666667
B3_linear_svm__LATE,2,1,f1__BRCA_Her2,0.7857142857142857
B3_linear_svm__LATE,2,2,f1__BRCA_Her2,0.72
B3_linear_svm__LATE,2,3,f1__BRCA_Her2,0.7586206896551724
B3_linear_svm__LATE,2,4,f1__BRCA_Her2,0.8571428571428571
B3_linear_svm__LATE,3,0,f1__BRCA_Her2,0.896551724137931
B3_linear_svm__LATE,3,1,f1__BRCA_Her2,0.896551724137931
B3_linear_svm__LATE,3,2,f1__BRCA_Her2,0.75
B3_linear_svm__LATE,3,3,f1__BRCA_Her2,0.8148148148148148
B3_linear_svm__LATE,3,4,f1__BRCA_Her2,0.8148148148148148
B3_linear_svm__LATE,4,0,f1__BRCA_Her2,0.7857142857142857
B3_linear_svm__LATE,4,1,f1__BRCA_Her2,0.8
B3_linear_svm__LATE,4,2,f1__BRCA_Her2,0.8888888888888888
B3_linear_svm__LATE,4,3,f1__BRCA_Her2,0.72
B3_linear_svm__LATE,4,4,f1__BRCA_Her2,0.8387096774193549
B4_random_forest__LATE,0,0,f1__BRCA_Her2,0.72
B4_random_forest__LATE,0,1,f1__BRCA_Her2,0.5833333333333334
B4_random_forest__LATE,0,2,f1__BRCA_Her2,0.8
B4_random_forest__LATE,0,3,f1__BRCA_Her2,0.6086956521739131
B4_random_forest__LATE,0,4,f1__BRCA_Her2,0.6086956521739131
B4_random_forest__LATE,1,0,f1__BRCA_Her2,0.5454545454545454
B4_random_forest__LATE,1,1,f1__BRCA_Her2,0.6666666666666666
B4_random_forest__LATE,1,2,f1__BRCA_Her2,0.6086956521739131
B4_random_forest__LATE,1,3,f1__BRCA_Her2,0.64
B4_random_forest__LATE,1,4,f1__BRCA_Her2,0.75
B4_random_forest__LATE,2,0,f1__BRCA_Her2,0.6666666666666666
B4_random_forest__LATE,2,1,f1__BRCA_Her2,0.72
B4_random_forest__LATE,2,2,f1__BRCA_Her2,0.6363636363636364
B4_random_forest__LATE,2,3,f1__BRCA_Her2,0.6363636363636364
B4_random_forest__LATE,2,4,f1__BRCA_Her2,0.8461538461538461
B4_random_forest__LATE,3,0,f1__BRCA_Her2,0.72
B4_random_forest__LATE,3,1,f1__BRCA_Her2,0.7692307692307693
B4_random_forest__LATE,3,2,f1__BRCA_Her2,0.5833333333333334
B4_random_forest__LATE,3,3,f1__BRCA_Her2,0.6363636363636364
B4_random_forest__LATE,3,4,f1__BRCA_Her2,0.5454545454545454
B4_random_forest__LATE,4,0,f1__BRCA_Her2,0.7857142857142857
B4_random_forest__LATE,4,1,f1__BRCA_Her2,0.6086956521739131
B4_random_forest__LATE,4,2,f1__BRCA_Her2,0.6956521739130435
B4_random_forest__LATE,4,3,f1__BRCA_Her2,0.5
B4_random_forest__LATE,4,4,f1__BRCA_Her2,0.6956521739130435
B5_xgboost__LATE,0,0,f1__BRCA_Her2,0.8823529411764706
B5_xgboost__LATE,0,1,f1__BRCA_Her2,0.75
B5_xgboost__LATE,0,2,f1__BRCA_Her2,0.8125
B5_xgboost__LATE,0,3,f1__BRCA_Her2,0.7333333333333333
B5_xgboost__LATE,0,4,f1__BRCA_Her2,0.8571428571428571
B5_xgboost__LATE,1,0,f1__BRCA_Her2,0.896551724137931
B5_xgboost__LATE,1,1,f1__BRCA_Her2,0.9032258064516129
B5_xgboost__LATE,1,2,f1__BRCA_Her2,0.7692307692307693
B5_xgboost__LATE,1,3,f1__BRCA_Her2,0.75
B5_xgboost__LATE,1,4,f1__BRCA_Her2,0.9655172413793104
B5_xgboost__LATE,2,0,f1__BRCA_Her2,0.9032258064516129
B5_xgboost__LATE,2,1,f1__BRCA_Her2,0.9032258064516129
B5_xgboost__LATE,2,2,f1__BRCA_Her2,0.7857142857142857
B5_xgboost__LATE,2,3,f1__BRCA_Her2,0.7333333333333333
B5_xgboost__LATE,2,4,f1__BRCA_Her2,0.7368421052631579
B5_xgboost__LATE,3,0,f1__BRCA_Her2,0.8571428571428571
B5_xgboost__LATE,3,1,f1__BRCA_Her2,0.9032258064516129
B5_xgboost__LATE,3,2,f1__BRCA_Her2,0.7741935483870968
B5_xgboost__LATE,3,3,f1__BRCA_Her2,0.8
B5_xgboost__LATE,3,4,f1__BRCA_Her2,0.8461538461538461
B5_xgboost__LATE,4,0,f1__BRCA_Her2,0.8275862068965517
B5_xgboost__LATE,4,1,f1__BRCA_Her2,0.7586206896551724
B5_xgboost__LATE,4,2,f1__BRCA_Her2,0.9333333333333333
B5_xgboost__LATE,4,3,f1__BRCA_Her2,0.8461538461538461
B5_xgboost__LATE,4,4,f1__BRCA_Her2,0.7096774193548387
B0a_dummy_stratified,0,0,precision__BRCA_Her2,0.15384615384615385
B0a_dummy_stratified,0,1,precision__BRCA_Her2,0.14285714285714285
B0a_dummy_stratified,0,2,precision__BRCA_Her2,0.0625
B0a_dummy_stratified,0,3,precision__BRCA_Her2,0.0
B0a_dummy_stratified,0,4,precision__BRCA_Her2,0.0
B0a_dummy_stratified,1,0,precision__BRCA_Her2,0.07692307692307693
B0a_dummy_stratified,1,1,precision__BRCA_Her2,0.0
B0a_dummy_stratified,1,2,precision__BRCA_Her2,0.0625
B0a_dummy_stratified,1,3,precision__BRCA_Her2,0.1875
B0a_dummy_stratified,1,4,precision__BRCA_Her2,0.06666666666666667
B0a_dummy_stratified,2,0,precision__BRCA_Her2,0.07692307692307693
B0a_dummy_stratified,2,1,precision__BRCA_Her2,0.07142857142857142
B0a_dummy_stratified,2,2,precision__BRCA_Her2,0.1875
B0a_dummy_stratified,2,3,precision__BRCA_Her2,0.0
B0a_dummy_stratified,2,4,precision__BRCA_Her2,0.06666666666666667
B0a_dummy_stratified,3,0,precision__BRCA_Her2,0.23076923076923078
B0a_dummy_stratified,3,1,precision__BRCA_Her2,0.2857142857142857
B0a_dummy_stratified,3,2,precision__BRCA_Her2,0.0625
B0a_dummy_stratified,3,3,precision__BRCA_Her2,0.0625
B0a_dummy_stratified,3,4,precision__BRCA_Her2,0.13333333333333333
B0a_dummy_stratified,4,0,precision__BRCA_Her2,0.15384615384615385
B0a_dummy_stratified,4,1,precision__BRCA_Her2,0.07142857142857142
B0a_dummy_stratified,4,2,precision__BRCA_Her2,0.125
B0a_dummy_stratified,4,3,precision__BRCA_Her2,0.0
B0a_dummy_stratified,4,4,precision__BRCA_Her2,0.13333333333333333
B0b_dummy_mostfreq,0,0,precision__BRCA_Her2,0.0
B0b_dummy_mostfreq,0,1,precision__BRCA_Her2,0.0
B0b_dummy_mostfreq,0,2,precision__BRCA_Her2,0.0
B0b_dummy_mostfreq,0,3,precision__BRCA_Her2,0.0
B0b_dummy_mostfreq,0,4,precision__BRCA_Her2,0.0
B0b_dummy_mostfreq,1,0,precision__BRCA_Her2,0.0
B0b_dummy_mostfreq,1,1,precision__BRCA_Her2,0.0
B0b_dummy_mostfreq,1,2,precision__BRCA_Her2,0.0
B0b_dummy_mostfreq,1,3,precision__BRCA_Her2,0.0
B0b_dummy_mostfreq,1,4,precision__BRCA_Her2,0.0
B0b_dummy_mostfreq,2,0,precision__BRCA_Her2,0.0
B0b_dummy_mostfreq,2,1,precision__BRCA_Her2,0.0
B0b_dummy_mostfreq,2,2,precision__BRCA_Her2,0.0
B0b_dummy_mostfreq,2,3,precision__BRCA_Her2,0.0
B0b_dummy_mostfreq,2,4,precision__BRCA_Her2,0.0
B0b_dummy_mostfreq,3,0,precision__BRCA_Her2,0.0
B0b_dummy_mostfreq,3,1,precision__BRCA_Her2,0.0
B0b_dummy_mostfreq,3,2,precision__BRCA_Her2,0.0
B0b_dummy_mostfreq,3,3,precision__BRCA_Her2,0.0
B0b_dummy_mostfreq,3,4,precision__BRCA_Her2,0.0
B0b_dummy_mostfreq,4,0,precision__BRCA_Her2,0.0
B0b_dummy_mostfreq,4,1,precision__BRCA_Her2,0.0
B0b_dummy_mostfreq,4,2,precision__BRCA_Her2,0.0
B0b_dummy_mostfreq,4,3,precision__BRCA_Her2,0.0
B0b_dummy_mostfreq,4,4,precision__BRCA_Her2,0.0
B1_pam50_centroid,0,0,precision__BRCA_Her2,0.7619047619047619
B1_pam50_centroid,0,1,precision__BRCA_Her2,0.6153846153846154
B1_pam50_centroid,0,2,precision__BRCA_Her2,0.5769230769230769
B1_pam50_centroid,0,3,precision__BRCA_Her2,0.6666666666666666
B1_pam50_centroid,0,4,precision__BRCA_Her2,0.5769230769230769
B1_pam50_centroid,1,0,precision__BRCA_Her2,0.8888888888888888
B1_pam50_centroid,1,1,precision__BRCA_Her2,0.6
B1_pam50_centroid,1,2,precision__BRCA_Her2,0.6521739130434783
B1_pam50_centroid,1,3,precision__BRCA_Her2,0.46875
B1_pam50_centroid,1,4,precision__BRCA_Her2,0.7142857142857143
B1_pam50_centroid,2,0,precision__BRCA_Her2,0.7272727272727273
B1_pam50_centroid,2,1,precision__BRCA_Her2,0.7272727272727273
B1_pam50_centroid,2,2,precision__BRCA_Her2,0.7368421052631579
B1_pam50_centroid,2,3,precision__BRCA_Her2,0.5833333333333334
B1_pam50_centroid,2,4,precision__BRCA_Her2,0.5555555555555556
B1_pam50_centroid,3,0,precision__BRCA_Her2,0.8
B1_pam50_centroid,3,1,precision__BRCA_Her2,0.6666666666666666
B1_pam50_centroid,3,2,precision__BRCA_Her2,0.5769230769230769
B1_pam50_centroid,3,3,precision__BRCA_Her2,0.625
B1_pam50_centroid,3,4,precision__BRCA_Her2,0.6
B1_pam50_centroid,4,0,precision__BRCA_Her2,0.6153846153846154
B1_pam50_centroid,4,1,precision__BRCA_Her2,0.64
B1_pam50_centroid,4,2,precision__BRCA_Her2,0.7368421052631579
B1_pam50_centroid,4,3,precision__BRCA_Her2,0.625
B1_pam50_centroid,4,4,precision__BRCA_Her2,0.7142857142857143
B2_elasticnet_logreg,0,0,precision__BRCA_Her2,0.8333333333333334
B2_elasticnet_logreg,0,1,precision__BRCA_Her2,0.7272727272727273
B2_elasticnet_logreg,0,2,precision__BRCA_Her2,0.7142857142857143
B2_elasticnet_logreg,0,3,precision__BRCA_Her2,0.8333333333333334
B2_elasticnet_logreg,0,4,precision__BRCA_Her2,0.8666666666666667
B2_elasticnet_logreg,1,0,precision__BRCA_Her2,0.9333333333333333
B2_elasticnet_logreg,1,1,precision__BRCA_Her2,0.6956521739130435
B2_elasticnet_logreg,1,2,precision__BRCA_Her2,0.7894736842105263
B2_elasticnet_logreg,1,3,precision__BRCA_Her2,0.7222222222222222
B2_elasticnet_logreg,1,4,precision__BRCA_Her2,0.8125
B2_elasticnet_logreg,2,0,precision__BRCA_Her2,0.8823529411764706
B2_elasticnet_logreg,2,1,precision__BRCA_Her2,0.9285714285714286
B2_elasticnet_logreg,2,2,precision__BRCA_Her2,1.0
B2_elasticnet_logreg,2,3,precision__BRCA_Her2,0.8125
B2_elasticnet_logreg,2,4,precision__BRCA_Her2,0.6818181818181818
B2_elasticnet_logreg,3,0,precision__BRCA_Her2,1.0
B2_elasticnet_logreg,3,1,precision__BRCA_Her2,1.0
B2_elasticnet_logreg,3,2,precision__BRCA_Her2,0.65
B2_elasticnet_logreg,3,3,precision__BRCA_Her2,0.8235294117647058
B2_elasticnet_logreg,3,4,precision__BRCA_Her2,0.7777777777777778
B2_elasticnet_logreg,4,0,precision__BRCA_Her2,0.8235294117647058
B2_elasticnet_logreg,4,1,precision__BRCA_Her2,0.875
B2_elasticnet_logreg,4,2,precision__BRCA_Her2,0.9333333333333333
B2_elasticnet_logreg,4,3,precision__BRCA_Her2,0.7777777777777778
B2_elasticnet_logreg,4,4,precision__BRCA_Her2,0.7777777777777778
B3_linear_svm,0,0,precision__BRCA_Her2,1.0
B3_linear_svm,0,1,precision__BRCA_Her2,0.8
B3_linear_svm,0,2,precision__BRCA_Her2,0.8823529411764706
B3_linear_svm,0,3,precision__BRCA_Her2,0.9230769230769231
B3_linear_svm,0,4,precision__BRCA_Her2,0.8571428571428571
B3_linear_svm,1,0,precision__BRCA_Her2,1.0
B3_linear_svm,1,1,precision__BRCA_Her2,0.8571428571428571
B3_linear_svm,1,2,precision__BRCA_Her2,0.8666666666666667
B3_linear_svm,1,3,precision__BRCA_Her2,0.7894736842105263
B3_linear_svm,1,4,precision__BRCA_Her2,1.0
B3_linear_svm,2,0,precision__BRCA_Her2,0.8666666666666667
B3_linear_svm,2,1,precision__BRCA_Her2,0.9285714285714286
B3_linear_svm,2,2,precision__BRCA_Her2,0.8181818181818182
B3_linear_svm,2,3,precision__BRCA_Her2,1.0
B3_linear_svm,2,4,precision__BRCA_Her2,0.8235294117647058
B3_linear_svm,3,0,precision__BRCA_Her2,1.0
B3_linear_svm,3,1,precision__BRCA_Her2,0.9333333333333333
B3_linear_svm,3,2,precision__BRCA_Her2,0.6470588235294118
B3_linear_svm,3,3,precision__BRCA_Her2,0.8571428571428571
B3_linear_svm,3,4,precision__BRCA_Her2,0.9230769230769231
B3_linear_svm,4,0,precision__BRCA_Her2,0.8571428571428571
B3_linear_svm,4,1,precision__BRCA_Her2,0.8333333333333334
B3_linear_svm,4,2,precision__BRCA_Her2,1.0
B3_linear_svm,4,3,precision__BRCA_Her2,0.875
B3_linear_svm,4,4,precision__BRCA_Her2,0.7333333333333333
B4_random_forest,0,0,precision__BRCA_Her2,1.0
B4_random_forest,0,1,precision__BRCA_Her2,0.9375
B4_random_forest,0,2,precision__BRCA_Her2,1.0
B4_random_forest,0,3,precision__BRCA_Her2,1.0
B4_random_forest,0,4,precision__BRCA_Her2,0.9230769230769231
B4_random_forest,1,0,precision__BRCA_Her2,1.0
B4_random_forest,1,1,precision__BRCA_Her2,1.0
B4_random_forest,1,2,precision__BRCA_Her2,0.8461538461538461
B4_random_forest,1,3,precision__BRCA_Her2,0.875
B4_random_forest,1,4,precision__BRCA_Her2,1.0
B4_random_forest,2,0,precision__BRCA_Her2,0.9333333333333333
B4_random_forest,2,1,precision__BRCA_Her2,1.0
B4_random_forest,2,2,precision__BRCA_Her2,1.0
B4_random_forest,2,3,precision__BRCA_Her2,0.9285714285714286
B4_random_forest,2,4,precision__BRCA_Her2,0.875
B4_random_forest,3,0,precision__BRCA_Her2,1.0
B4_random_forest,3,1,precision__BRCA_Her2,1.0
B4_random_forest,3,2,precision__BRCA_Her2,0.8666666666666667
B4_random_forest,3,3,precision__BRCA_Her2,1.0
B4_random_forest,3,4,precision__BRCA_Her2,0.9285714285714286
B4_random_forest,4,0,precision__BRCA_Her2,0.9285714285714286
B4_random_forest,4,1,precision__BRCA_Her2,1.0
B4_random_forest,4,2,precision__BRCA_Her2,1.0
B4_random_forest,4,3,precision__BRCA_Her2,1.0
B4_random_forest,4,4,precision__BRCA_Her2,0.9333333333333333
B5_xgboost,0,0,precision__BRCA_Her2,0.8823529411764706
B5_xgboost,0,1,precision__BRCA_Her2,0.8421052631578947
B5_xgboost,0,2,precision__BRCA_Her2,1.0
B5_xgboost,0,3,precision__BRCA_Her2,0.875
B5_xgboost,0,4,precision__BRCA_Her2,0.9230769230769231
B5_xgboost,1,0,precision__BRCA_Her2,1.0
B5_xgboost,1,1,precision__BRCA_Her2,0.8421052631578947
B5_xgboost,1,2,precision__BRCA_Her2,0.875
B5_xgboost,1,3,precision__BRCA_Her2,0.875
B5_xgboost,1,4,precision__BRCA_Her2,0.9333333333333333
B5_xgboost,2,0,precision__BRCA_Her2,0.8823529411764706
B5_xgboost,2,1,precision__BRCA_Her2,1.0
B5_xgboost,2,2,precision__BRCA_Her2,0.9285714285714286
B5_xgboost,2,3,precision__BRCA_Her2,0.875
B5_xgboost,2,4,precision__BRCA_Her2,0.7777777777777778
B5_xgboost,3,0,precision__BRCA_Her2,1.0
B5_xgboost,3,1,precision__BRCA_Her2,1.0
B5_xgboost,3,2,precision__BRCA_Her2,0.6666666666666666
B5_xgboost,3,3,precision__BRCA_Her2,0.8571428571428571
B5_xgboost,3,4,precision__BRCA_Her2,0.875
B5_xgboost,4,0,precision__BRCA_Her2,0.8333333333333334
B5_xgboost,4,1,precision__BRCA_Her2,1.0
B5_xgboost,4,2,precision__BRCA_Her2,0.9333333333333333
B5_xgboost,4,3,precision__BRCA_Her2,1.0
B5_xgboost,4,4,precision__BRCA_Her2,0.8823529411764706
B2_elasticnet_logreg__LATE,0,0,precision__BRCA_Her2,0.875
B2_elasticnet_logreg__LATE,0,1,precision__BRCA_Her2,0.7058823529411765
B2_elasticnet_logreg__LATE,0,2,precision__BRCA_Her2,0.7647058823529411
B2_elasticnet_logreg__LATE,0,3,precision__BRCA_Her2,0.8666666666666667
B2_elasticnet_logreg__LATE,0,4,precision__BRCA_Her2,0.9230769230769231
B2_elasticnet_logreg__LATE,1,0,precision__BRCA_Her2,0.8461538461538461
B2_elasticnet_logreg__LATE,1,1,precision__BRCA_Her2,0.8571428571428571
B2_elasticnet_logreg__LATE,1,2,precision__BRCA_Her2,0.7777777777777778
B2_elasticnet_logreg__LATE,1,3,precision__BRCA_Her2,0.7
B2_elasticnet_logreg__LATE,1,4,precision__BRCA_Her2,0.7857142857142857
B2_elasticnet_logreg__LATE,2,0,precision__BRCA_Her2,0.8666666666666667
B2_elasticnet_logreg__LATE,2,1,precision__BRCA_Her2,0.9166666666666666
B2_elasticnet_logreg__LATE,2,2,precision__BRCA_Her2,0.8571428571428571
B2_elasticnet_logreg__LATE,2,3,precision__BRCA_Her2,0.8461538461538461
B2_elasticnet_logreg__LATE,2,4,precision__BRCA_Her2,0.7
B2_elasticnet_logreg__LATE,3,0,precision__BRCA_Her2,0.9230769230769231
B2_elasticnet_logreg__LATE,3,1,precision__BRCA_Her2,0.9375
B2_elasticnet_logreg__LATE,3,2,precision__BRCA_Her2,0.6
B2_elasticnet_logreg__LATE,3,3,precision__BRCA_Her2,0.7857142857142857
B2_elasticnet_logreg__LATE,3,4,precision__BRCA_Her2,0.75
B2_elasticnet_logreg__LATE,4,0,precision__BRCA_Her2,0.9285714285714286
B2_elasticnet_logreg__LATE,4,1,precision__BRCA_Her2,0.7857142857142857
B2_elasticnet_logreg__LATE,4,2,precision__BRCA_Her2,0.8571428571428571
B2_elasticnet_logreg__LATE,4,3,precision__BRCA_Her2,0.8461538461538461
B2_elasticnet_logreg__LATE,4,4,precision__BRCA_Her2,0.6470588235294118
B3_linear_svm__LATE,0,0,precision__BRCA_Her2,0.9375
B3_linear_svm__LATE,0,1,precision__BRCA_Her2,0.8
B3_linear_svm__LATE,0,2,precision__BRCA_Her2,0.8666666666666667
B3_linear_svm__LATE,0,3,precision__BRCA_Her2,0.9230769230769231
B3_linear_svm__LATE,0,4,precision__BRCA_Her2,0.9090909090909091
B3_linear_svm__LATE,1,0,precision__BRCA_Her2,1.0
B3_linear_svm__LATE,1,1,precision__BRCA_Her2,0.8461538461538461
B3_linear_svm__LATE,1,2,precision__BRCA_Her2,0.7333333333333333
B3_linear_svm__LATE,1,3,precision__BRCA_Her2,0.9230769230769231
B3_linear_svm__LATE,1,4,precision__BRCA_Her2,0.8666666666666667
B3_linear_svm__LATE,2,0,precision__BRCA_Her2,0.9285714285714286
B3_linear_svm__LATE,2,1,precision__BRCA_Her2,0.9166666666666666
B3_linear_svm__LATE,2,2,precision__BRCA_Her2,0.9
B3_linear_svm__LATE,2,3,precision__BRCA_Her2,0.7857142857142857
B3_linear_svm__LATE,2,4,precision__BRCA_Her2,0.9230769230769231
B3_linear_svm__LATE,3,0,precision__BRCA_Her2,1.0
B3_linear_svm__LATE,3,1,precision__BRCA_Her2,1.0
B3_linear_svm__LATE,3,2,precision__BRCA_Her2,0.7058823529411765
B3_linear_svm__LATE,3,3,precision__BRCA_Her2,0.9166666666666666
B3_linear_svm__LATE,3,4,precision__BRCA_Her2,0.9166666666666666
B3_linear_svm__LATE,4,0,precision__BRCA_Her2,0.9166666666666666
B3_linear_svm__LATE,4,1,precision__BRCA_Her2,0.8571428571428571
B3_linear_svm__LATE,4,2,precision__BRCA_Her2,1.0
B3_linear_svm__LATE,4,3,precision__BRCA_Her2,0.9
B3_linear_svm__LATE,4,4,precision__BRCA_Her2,0.8125
B4_random_forest__LATE,0,0,precision__BRCA_Her2,1.0
B4_random_forest__LATE,0,1,precision__BRCA_Her2,0.875
B4_random_forest__LATE,0,2,precision__BRCA_Her2,1.0
B4_random_forest__LATE,0,3,precision__BRCA_Her2,0.875
B4_random_forest__LATE,0,4,precision__BRCA_Her2,0.875
B4_random_forest__LATE,1,0,precision__BRCA_Her2,1.0
B4_random_forest__LATE,1,1,precision__BRCA_Her2,1.0
B4_random_forest__LATE,1,2,precision__BRCA_Her2,0.875
B4_random_forest__LATE,1,3,precision__BRCA_Her2,0.8
B4_random_forest__LATE,1,4,precision__BRCA_Her2,1.0
B4_random_forest__LATE,2,0,precision__BRCA_Her2,1.0
B4_random_forest__LATE,2,1,precision__BRCA_Her2,1.0
B4_random_forest__LATE,2,2,precision__BRCA_Her2,1.0
B4_random_forest__LATE,2,3,precision__BRCA_Her2,1.0
B4_random_forest__LATE,2,4,precision__BRCA_Her2,1.0
B4_random_forest__LATE,3,0,precision__BRCA_Her2,1.0
B4_random_forest__LATE,3,1,precision__BRCA_Her2,1.0
B4_random_forest__LATE,3,2,precision__BRCA_Her2,0.7777777777777778
B4_random_forest__LATE,3,3,precision__BRCA_Her2,1.0
B4_random_forest__LATE,3,4,precision__BRCA_Her2,0.8571428571428571
B4_random_forest__LATE,4,0,precision__BRCA_Her2,0.9166666666666666
B4_random_forest__LATE,4,1,precision__BRCA_Her2,1.0
B4_random_forest__LATE,4,2,precision__BRCA_Her2,1.0
B4_random_forest__LATE,4,3,precision__BRCA_Her2,1.0
B4_random_forest__LATE,4,4,precision__BRCA_Her2,1.0
B5_xgboost__LATE,0,0,precision__BRCA_Her2,0.8333333333333334
B5_xgboost__LATE,0,1,precision__BRCA_Her2,0.75
B5_xgboost__LATE,0,2,precision__BRCA_Her2,0.7647058823529411
B5_xgboost__LATE,0,3,precision__BRCA_Her2,0.7333333333333333
B5_xgboost__LATE,0,4,precision__BRCA_Her2,0.9230769230769231
B5_xgboost__LATE,1,0,precision__BRCA_Her2,1.0
B5_xgboost__LATE,1,1,precision__BRCA_Her2,0.9333333333333333
B5_xgboost__LATE,1,2,precision__BRCA_Her2,0.9090909090909091
B5_xgboost__LATE,1,3,precision__BRCA_Her2,0.7058823529411765
B5_xgboost__LATE,1,4,precision__BRCA_Her2,1.0
B5_xgboost__LATE,2,0,precision__BRCA_Her2,0.9333333333333333
B5_xgboost__LATE,2,1,precision__BRCA_Her2,0.9333333333333333
B5_xgboost__LATE,2,2,precision__BRCA_Her2,0.8461538461538461
B5_xgboost__LATE,2,3,precision__BRCA_Her2,0.7333333333333333
B5_xgboost__LATE,2,4,precision__BRCA_Her2,0.6086956521739131
B5_xgboost__LATE,3,0,precision__BRCA_Her2,1.0
B5_xgboost__LATE,3,1,precision__BRCA_Her2,0.9333333333333333
B5_xgboost__LATE,3,2,precision__BRCA_Her2,0.75
B5_xgboost__LATE,3,3,precision__BRCA_Her2,0.8
B5_xgboost__LATE,3,4,precision__BRCA_Her2,1.0
B5_xgboost__LATE,4,0,precision__BRCA_Her2,0.9230769230769231
B5_xgboost__LATE,4,1,precision__BRCA_Her2,0.8461538461538461
B5_xgboost__LATE,4,2,precision__BRCA_Her2,0.9333333333333333
B5_xgboost__LATE,4,3,precision__BRCA_Her2,1.0
B5_xgboost__LATE,4,4,precision__BRCA_Her2,0.6875
B0a_dummy_stratified,0,0,recall__BRCA_Her2,0.125
B0a_dummy_stratified,0,1,recall__BRCA_Her2,0.125
B0a_dummy_stratified,0,2,recall__BRCA_Her2,0.06666666666666667
B0a_dummy_stratified,0,3,recall__BRCA_Her2,0.0
B0a_dummy_stratified,0,4,recall__BRCA_Her2,0.0
B0a_dummy_stratified,1,0,recall__BRCA_Her2,0.0625
B0a_dummy_stratified,1,1,recall__BRCA_Her2,0.0
B0a_dummy_stratified,1,2,recall__BRCA_Her2,0.06666666666666667
B0a_dummy_stratified,1,3,recall__BRCA_Her2,0.2
B0a_dummy_stratified,1,4,recall__BRCA_Her2,0.06666666666666667
B0a_dummy_stratified,2,0,recall__BRCA_Her2,0.0625
B0a_dummy_stratified,2,1,recall__BRCA_Her2,0.0625
B0a_dummy_stratified,2,2,recall__BRCA_Her2,0.2
B0a_dummy_stratified,2,3,recall__BRCA_Her2,0.0
B0a_dummy_stratified,2,4,recall__BRCA_Her2,0.06666666666666667
B0a_dummy_stratified,3,0,recall__BRCA_Her2,0.1875
B0a_dummy_stratified,3,1,recall__BRCA_Her2,0.25
B0a_dummy_stratified,3,2,recall__BRCA_Her2,0.06666666666666667
B0a_dummy_stratified,3,3,recall__BRCA_Her2,0.06666666666666667
B0a_dummy_stratified,3,4,recall__BRCA_Her2,0.13333333333333333
B0a_dummy_stratified,4,0,recall__BRCA_Her2,0.125
B0a_dummy_stratified,4,1,recall__BRCA_Her2,0.0625
B0a_dummy_stratified,4,2,recall__BRCA_Her2,0.13333333333333333
B0a_dummy_stratified,4,3,recall__BRCA_Her2,0.0
B0a_dummy_stratified,4,4,recall__BRCA_Her2,0.13333333333333333
B0b_dummy_mostfreq,0,0,recall__BRCA_Her2,0.0
B0b_dummy_mostfreq,0,1,recall__BRCA_Her2,0.0
B0b_dummy_mostfreq,0,2,recall__BRCA_Her2,0.0
B0b_dummy_mostfreq,0,3,recall__BRCA_Her2,0.0
B0b_dummy_mostfreq,0,4,recall__BRCA_Her2,0.0
B0b_dummy_mostfreq,1,0,recall__BRCA_Her2,0.0
B0b_dummy_mostfreq,1,1,recall__BRCA_Her2,0.0
B0b_dummy_mostfreq,1,2,recall__BRCA_Her2,0.0
B0b_dummy_mostfreq,1,3,recall__BRCA_Her2,0.0
B0b_dummy_mostfreq,1,4,recall__BRCA_Her2,0.0
B0b_dummy_mostfreq,2,0,recall__BRCA_Her2,0.0
B0b_dummy_mostfreq,2,1,recall__BRCA_Her2,0.0
B0b_dummy_mostfreq,2,2,recall__BRCA_Her2,0.0
B0b_dummy_mostfreq,2,3,recall__BRCA_Her2,0.0
B0b_dummy_mostfreq,2,4,recall__BRCA_Her2,0.0
B0b_dummy_mostfreq,3,0,recall__BRCA_Her2,0.0
B0b_dummy_mostfreq,3,1,recall__BRCA_Her2,0.0
B0b_dummy_mostfreq,3,2,recall__BRCA_Her2,0.0
B0b_dummy_mostfreq,3,3,recall__BRCA_Her2,0.0
B0b_dummy_mostfreq,3,4,recall__BRCA_Her2,0.0
B0b_dummy_mostfreq,4,0,recall__BRCA_Her2,0.0
B0b_dummy_mostfreq,4,1,recall__BRCA_Her2,0.0
B0b_dummy_mostfreq,4,2,recall__BRCA_Her2,0.0
B0b_dummy_mostfreq,4,3,recall__BRCA_Her2,0.0
B0b_dummy_mostfreq,4,4,recall__BRCA_Her2,0.0
B1_pam50_centroid,0,0,recall__BRCA_Her2,1.0
B1_pam50_centroid,0,1,recall__BRCA_Her2,1.0
B1_pam50_centroid,0,2,recall__BRCA_Her2,1.0
B1_pam50_centroid,0,3,recall__BRCA_Her2,0.9333333333333333
B1_pam50_centroid,0,4,recall__BRCA_Her2,1.0
B1_pam50_centroid,1,0,recall__BRCA_Her2,1.0
B1_pam50_centroid,1,1,recall__BRCA_Her2,0.9375
B1_pam50_centroid,1,2,recall__BRCA_Her2,1.0
B1_pam50_centroid,1,3,recall__BRCA_Her2,1.0
B1_pam50_centroid,1,4,recall__BRCA_Her2,1.0
B1_pam50_centroid,2,0,recall__BRCA_Her2,1.0
B1_pam50_centroid,2,1,recall__BRCA_Her2,1.0
B1_pam50_centroid,2,2,recall__BRCA_Her2,0.9333333333333333
B1_pam50_centroid,2,3,recall__BRCA_Her2,0.9333333333333333
B1_pam50_centroid,2,4,recall__BRCA_Her2,1.0
B1_pam50_centroid,3,0,recall__BRCA_Her2,1.0
B1_pam50_centroid,3,1,recall__BRCA_Her2,0.875
B1_pam50_centroid,3,2,recall__BRCA_Her2,1.0
B1_pam50_centroid,3,3,recall__BRCA_Her2,1.0
B1_pam50_centroid,3,4,recall__BRCA_Her2,1.0
B1_pam50_centroid,4,0,recall__BRCA_Her2,1.0
B1_pam50_centroid,4,1,recall__BRCA_Her2,1.0
B1_pam50_centroid,4,2,recall__BRCA_Her2,0.9333333333333333
B1_pam50_centroid,4,3,recall__BRCA_Her2,1.0
B1_pam50_centroid,4,4,recall__BRCA_Her2,1.0
B2_elasticnet_logreg,0,0,recall__BRCA_Her2,0.9375
B2_elasticnet_logreg,0,1,recall__BRCA_Her2,1.0
B2_elasticnet_logreg,0,2,recall__BRCA_Her2,1.0
B2_elasticnet_logreg,0,3,recall__BRCA_Her2,1.0
B2_elasticnet_logreg,0,4,recall__BRCA_Her2,0.8666666666666667
B2_elasticnet_logreg,1,0,recall__BRCA_Her2,0.875
B2_elasticnet_logreg,1,1,recall__BRCA_Her2,1.0
B2_elasticnet_logreg,1,2,recall__BRCA_Her2,1.0
B2_elasticnet_logreg,1,3,recall__BRCA_Her2,0.8666666666666667
B2_elasticnet_logreg,1,4,recall__BRCA_Her2,0.8666666666666667
B2_elasticnet_logreg,2,0,recall__BRCA_Her2,0.9375
B2_elasticnet_logreg,2,1,recall__BRCA_Her2,0.8125
B2_elasticnet_logreg,2,2,recall__BRCA_Her2,0.9333333333333333
B2_elasticnet_logreg,2,3,recall__BRCA_Her2,0.8666666666666667
B2_elasticnet_logreg,2,4,recall__BRCA_Her2,1.0
B2_elasticnet_logreg,3,0,recall__BRCA_Her2,0.8125
B2_elasticnet_logreg,3,1,recall__BRCA_Her2,1.0
B2_elasticnet_logreg,3,2,recall__BRCA_Her2,0.8666666666666667
B2_elasticnet_logreg,3,3,recall__BRCA_Her2,0.9333333333333333
B2_elasticnet_logreg,3,4,recall__BRCA_Her2,0.9333333333333333
B2_elasticnet_logreg,4,0,recall__BRCA_Her2,0.875
B2_elasticnet_logreg,4,1,recall__BRCA_Her2,0.875
B2_elasticnet_logreg,4,2,recall__BRCA_Her2,0.9333333333333333
B2_elasticnet_logreg,4,3,recall__BRCA_Her2,0.9333333333333333
B2_elasticnet_logreg,4,4,recall__BRCA_Her2,0.9333333333333333
B3_linear_svm,0,0,recall__BRCA_Her2,0.875
B3_linear_svm,0,1,recall__BRCA_Her2,0.75
B3_linear_svm,0,2,recall__BRCA_Her2,1.0
B3_linear_svm,0,3,recall__BRCA_Her2,0.8
B3_linear_svm,0,4,recall__BRCA_Her2,0.8
B3_linear_svm,1,0,recall__BRCA_Her2,0.6875
B3_linear_svm,1,1,recall__BRCA_Her2,0.75
B3_linear_svm,1,2,recall__BRCA_Her2,0.8666666666666667
B3_linear_svm,1,3,recall__BRCA_Her2,1.0
B3_linear_svm,1,4,recall__BRCA_Her2,0.7333333333333333
B3_linear_svm,2,0,recall__BRCA_Her2,0.8125
B3_linear_svm,2,1,recall__BRCA_Her2,0.8125
B3_linear_svm,2,2,recall__BRCA_Her2,0.6
B3_linear_svm,2,3,recall__BRCA_Her2,0.7333333333333333
B3_linear_svm,2,4,recall__BRCA_Her2,0.9333333333333333
B3_linear_svm,3,0,recall__BRCA_Her2,0.8125
B3_linear_svm,3,1,recall__BRCA_Her2,0.875
B3_linear_svm,3,2,recall__BRCA_Her2,0.7333333333333333
B3_linear_svm,3,3,recall__BRCA_Her2,0.8
B3_linear_svm,3,4,recall__BRCA_Her2,0.8
B3_linear_svm,4,0,recall__BRCA_Her2,0.75
B3_linear_svm,4,1,recall__BRCA_Her2,0.625
B3_linear_svm,4,2,recall__BRCA_Her2,0.8
B3_linear_svm,4,3,recall__BRCA_Her2,0.9333333333333333
B3_linear_svm,4,4,recall__BRCA_Her2,0.7333333333333333
B4_random_forest,0,0,recall__BRCA_Her2,0.8125
B4_random_forest,0,1,recall__BRCA_Her2,0.9375
B4_random_forest,0,2,recall__BRCA_Her2,0.9333333333333333
B4_random_forest,0,3,recall__BRCA_Her2,0.8666666666666667
B4_random_forest,0,4,recall__BRCA_Her2,0.8
B4_random_forest,1,0,recall__BRCA_Her2,0.6875
B4_random_forest,1,1,recall__BRCA_Her2,0.8125
B4_random_forest,1,2,recall__BRCA_Her2,0.7333333333333333
B4_random_forest,1,3,recall__BRCA_Her2,0.9333333333333333
B4_random_forest,1,4,recall__BRCA_Her2,0.9333333333333333
B4_random_forest,2,0,recall__BRCA_Her2,0.875
B4_random_forest,2,1,recall__BRCA_Her2,0.8125
B4_random_forest,2,2,recall__BRCA_Her2,0.8666666666666667
B4_random_forest,2,3,recall__BRCA_Her2,0.8666666666666667
B4_random_forest,2,4,recall__BRCA_Her2,0.9333333333333333
B4_random_forest,3,0,recall__BRCA_Her2,0.8125
B4_random_forest,3,1,recall__BRCA_Her2,0.875
B4_random_forest,3,2,recall__BRCA_Her2,0.8666666666666667
B4_random_forest,3,3,recall__BRCA_Her2,0.8666666666666667
B4_random_forest,3,4,recall__BRCA_Her2,0.8666666666666667
B4_random_forest,4,0,recall__BRCA_Her2,0.8125
B4_random_forest,4,1,recall__BRCA_Her2,0.625
B4_random_forest,4,2,recall__BRCA_Her2,0.9333333333333333
B4_random_forest,4,3,recall__BRCA_Her2,0.8
B4_random_forest,4,4,recall__BRCA_Her2,0.9333333333333333
B5_xgboost,0,0,recall__BRCA_Her2,0.9375
B5_xgboost,0,1,recall__BRCA_Her2,1.0
B5_xgboost,0,2,recall__BRCA_Her2,0.9333333333333333
B5_xgboost,0,3,recall__BRCA_Her2,0.9333333333333333
B5_xgboost,0,4,recall__BRCA_Her2,0.8
B5_xgboost,1,0,recall__BRCA_Her2,0.6875
B5_xgboost,1,1,recall__BRCA_Her2,1.0
B5_xgboost,1,2,recall__BRCA_Her2,0.9333333333333333
B5_xgboost,1,3,recall__BRCA_Her2,0.9333333333333333
B5_xgboost,1,4,recall__BRCA_Her2,0.9333333333333333
B5_xgboost,2,0,recall__BRCA_Her2,0.9375
B5_xgboost,2,1,recall__BRCA_Her2,0.875
B5_xgboost,2,2,recall__BRCA_Her2,0.8666666666666667
B5_xgboost,2,3,recall__BRCA_Her2,0.9333333333333333
B5_xgboost,2,4,recall__BRCA_Her2,0.9333333333333333
B5_xgboost,3,0,recall__BRCA_Her2,0.75
B5_xgboost,3,1,recall__BRCA_Her2,1.0
B5_xgboost,3,2,recall__BRCA_Her2,0.8
B5_xgboost,3,3,recall__BRCA_Her2,0.8
B5_xgboost,3,4,recall__BRCA_Her2,0.9333333333333333
B5_xgboost,4,0,recall__BRCA_Her2,0.9375
B5_xgboost,4,1,recall__BRCA_Her2,0.75
B5_xgboost,4,2,recall__BRCA_Her2,0.9333333333333333
B5_xgboost,4,3,recall__BRCA_Her2,0.9333333333333333
B5_xgboost,4,4,recall__BRCA_Her2,1.0
B2_elasticnet_logreg__LATE,0,0,recall__BRCA_Her2,0.875
B2_elasticnet_logreg__LATE,0,1,recall__BRCA_Her2,0.75
B2_elasticnet_logreg__LATE,0,2,recall__BRCA_Her2,0.8666666666666667
B2_elasticnet_logreg__LATE,0,3,recall__BRCA_Her2,0.8666666666666667
B2_elasticnet_logreg__LATE,0,4,recall__BRCA_Her2,0.8
B2_elasticnet_logreg__LATE,1,0,recall__BRCA_Her2,0.6875
B2_elasticnet_logreg__LATE,1,1,recall__BRCA_Her2,0.75
B2_elasticnet_logreg__LATE,1,2,recall__BRCA_Her2,0.9333333333333333
B2_elasticnet_logreg__LATE,1,3,recall__BRCA_Her2,0.9333333333333333
B2_elasticnet_logreg__LATE,1,4,recall__BRCA_Her2,0.7333333333333333
B2_elasticnet_logreg__LATE,2,0,recall__BRCA_Her2,0.8125
B2_elasticnet_logreg__LATE,2,1,recall__BRCA_Her2,0.6875
B2_elasticnet_logreg__LATE,2,2,recall__BRCA_Her2,0.8
B2_elasticnet_logreg__LATE,2,3,recall__BRCA_Her2,0.7333333333333333
B2_elasticnet_logreg__LATE,2,4,recall__BRCA_Her2,0.9333333333333333
B2_elasticnet_logreg__LATE,3,0,recall__BRCA_Her2,0.75
B2_elasticnet_logreg__LATE,3,1,recall__BRCA_Her2,0.9375
B2_elasticnet_logreg__LATE,3,2,recall__BRCA_Her2,0.6
B2_elasticnet_logreg__LATE,3,3,recall__BRCA_Her2,0.7333333333333333
B2_elasticnet_logreg__LATE,3,4,recall__BRCA_Her2,0.8
B2_elasticnet_logreg__LATE,4,0,recall__BRCA_Her2,0.8125
B2_elasticnet_logreg__LATE,4,1,recall__BRCA_Her2,0.6875
B2_elasticnet_logreg__LATE,4,2,recall__BRCA_Her2,0.8
B2_elasticnet_logreg__LATE,4,3,recall__BRCA_Her2,0.7333333333333333
B2_elasticnet_logreg__LATE,4,4,recall__BRCA_Her2,0.7333333333333333
B3_linear_svm__LATE,0,0,recall__BRCA_Her2,0.9375
B3_linear_svm__LATE,0,1,recall__BRCA_Her2,0.75
B3_linear_svm__LATE,0,2,recall__BRCA_Her2,0.8666666666666667
B3_linear_svm__LATE,0,3,recall__BRCA_Her2,0.8
B3_linear_svm__LATE,0,4,recall__BRCA_Her2,0.6666666666666666
B3_linear_svm__LATE,1,0,recall__BRCA_Her2,0.875
B3_linear_svm__LATE,1,1,recall__BRCA_Her2,0.6875
B3_linear_svm__LATE,1,2,recall__BRCA_Her2,0.7333333333333333
B3_linear_svm__LATE,1,3,recall__BRCA_Her2,0.8
B3_linear_svm__LATE,1,4,recall__BRCA_Her2,0.8666666666666667
B3_linear_svm__LATE,2,0,recall__BRCA_Her2,0.8125
B3_linear_svm__LATE,2,1,recall__BRCA_Her2,0.6875
B3_linear_svm__LATE,2,2,recall__BRCA_Her2,0.6
B3_linear_svm__LATE,2,3,recall__BRCA_Her2,0.7333333333333333
B3_linear_svm__LATE,2,4,recall__BRCA_Her2,0.8
B3_linear_svm__LATE,3,0,recall__BRCA_Her2,0.8125
B3_linear_svm__LATE,3,1,recall__BRCA_Her2,0.8125
B3_linear_svm__LATE,3,2,recall__BRCA_Her2,0.8
B3_linear_svm__LATE,3,3,recall__BRCA_Her2,0.7333333333333333
B3_linear_svm__LATE,3,4,recall__BRCA_Her2,0.7333333333333333
B3_linear_svm__LATE,4,0,recall__BRCA_Her2,0.6875
B3_linear_svm__LATE,4,1,recall__BRCA_Her2,0.75
B3_linear_svm__LATE,4,2,recall__BRCA_Her2,0.8
B3_linear_svm__LATE,4,3,recall__BRCA_Her2,0.6
B3_linear_svm__LATE,4,4,recall__BRCA_Her2,0.8666666666666667
B4_random_forest__LATE,0,0,recall__BRCA_Her2,0.5625
B4_random_forest__LATE,0,1,recall__BRCA_Her2,0.4375
B4_random_forest__LATE,0,2,recall__BRCA_Her2,0.6666666666666666
B4_random_forest__LATE,0,3,recall__BRCA_Her2,0.4666666666666667
B4_random_forest__LATE,0,4,recall__BRCA_Her2,0.4666666666666667
B4_random_forest__LATE,1,0,recall__BRCA_Her2,0.375
B4_random_forest__LATE,1,1,recall__BRCA_Her2,0.5
B4_random_forest__LATE,1,2,recall__BRCA_Her2,0.4666666666666667
B4_random_forest__LATE,1,3,recall__BRCA_Her2,0.5333333333333333
B4_random_forest__LATE,1,4,recall__BRCA_Her2,0.6
B4_random_forest__LATE,2,0,recall__BRCA_Her2,0.5
B4_random_forest__LATE,2,1,recall__BRCA_Her2,0.5625
B4_random_forest__LATE,2,2,recall__BRCA_Her2,0.4666666666666667
B4_random_forest__LATE,2,3,recall__BRCA_Her2,0.4666666666666667
B4_random_forest__LATE,2,4,recall__BRCA_Her2,0.7333333333333333
B4_random_forest__LATE,3,0,recall__BRCA_Her2,0.5625
B4_random_forest__LATE,3,1,recall__BRCA_Her2,0.625
B4_random_forest__LATE,3,2,recall__BRCA_Her2,0.4666666666666667
B4_random_forest__LATE,3,3,recall__BRCA_Her2,0.4666666666666667
B4_random_forest__LATE,3,4,recall__BRCA_Her2,0.4
B4_random_forest__LATE,4,0,recall__BRCA_Her2,0.6875
B4_random_forest__LATE,4,1,recall__BRCA_Her2,0.4375
B4_random_forest__LATE,4,2,recall__BRCA_Her2,0.5333333333333333
B4_random_forest__LATE,4,3,recall__BRCA_Her2,0.3333333333333333
B4_random_forest__LATE,4,4,recall__BRCA_Her2,0.5333333333333333
B5_xgboost__LATE,0,0,recall__BRCA_Her2,0.9375
B5_xgboost__LATE,0,1,recall__BRCA_Her2,0.75
B5_xgboost__LATE,0,2,recall__BRCA_Her2,0.8666666666666667
B5_xgboost__LATE,0,3,recall__BRCA_Her2,0.7333333333333333
B5_xgboost__LATE,0,4,recall__BRCA_Her2,0.8
B5_xgboost__LATE,1,0,recall__BRCA_Her2,0.8125
B5_xgboost__LATE,1,1,recall__BRCA_Her2,0.875
B5_xgboost__LATE,1,2,recall__BRCA_Her2,0.6666666666666666
B5_xgboost__LATE,1,3,recall__BRCA_Her2,0.8
B5_xgboost__LATE,1,4,recall__BRCA_Her2,0.9333333333333333
B5_xgboost__LATE,2,0,recall__BRCA_Her2,0.875
B5_xgboost__LATE,2,1,recall__BRCA_Her2,0.875
B5_xgboost__LATE,2,2,recall__BRCA_Her2,0.7333333333333333
B5_xgboost__LATE,2,3,recall__BRCA_Her2,0.7333333333333333
B5_xgboost__LATE,2,4,recall__BRCA_Her2,0.9333333333333333
B5_xgboost__LATE,3,0,recall__BRCA_Her2,0.75
B5_xgboost__LATE,3,1,recall__BRCA_Her2,0.875
B5_xgboost__LATE,3,2,recall__BRCA_Her2,0.8
B5_xgboost__LATE,3,3,recall__BRCA_Her2,0.8
B5_xgboost__LATE,3,4,recall__BRCA_Her2,0.7333333333333333
B5_xgboost__LATE,4,0,recall__BRCA_Her2,0.75
B5_xgboost__LATE,4,1,recall__BRCA_Her2,0.6875
B5_xgboost__LATE,4,2,recall__BRCA_Her2,0.9333333333333333
B5_xgboost__LATE,4,3,recall__BRCA_Her2,0.7333333333333333
B5_xgboost__LATE,4,4,recall__BRCA_Her2,0.7333333333333333
B0a_dummy_stratified,0,0,f1__BRCA_LumA,0.5291005291005291
B0a_dummy_stratified,0,1,f1__BRCA_LumA,0.5714285714285714
B0a_dummy_stratified,0,2,f1__BRCA_LumA,0.5638297872340425
B0a_dummy_stratified,0,3,f1__BRCA_LumA,0.5425531914893617
B0a_dummy_stratified,0,4,f1__BRCA_LumA,0.5133689839572193
B0a_dummy_stratified,1,0,f1__BRCA_LumA,0.5714285714285714
B0a_dummy_stratified,1,1,f1__BRCA_LumA,0.4656084656084656
B0a_dummy_stratified,1,2,f1__BRCA_LumA,0.5319148936170213
B0a_dummy_stratified,1,3,f1__BRCA_LumA,0.5
B0a_dummy_stratified,1,4,f1__BRCA_LumA,0.5347593582887701
B0a_dummy_stratified,2,0,f1__BRCA_LumA,0.455026455026455
B0a_dummy_stratified,2,1,f1__BRCA_LumA,0.5079365079365079
B0a_dummy_stratified,2,2,f1__BRCA_LumA,0.574468085106383
B0a_dummy_stratified,2,3,f1__BRCA_LumA,0.5319148936170213
B0a_dummy_stratified,2,4,f1__BRCA_LumA,0.5454545454545454
B0a_dummy_stratified,3,0,f1__BRCA_LumA,0.4444444444444444
B0a_dummy_stratified,3,1,f1__BRCA_LumA,0.5608465608465608
B0a_dummy_stratified,3,2,f1__BRCA_LumA,0.48936170212765956
B0a_dummy_stratified,3,3,f1__BRCA_LumA,0.5106382978723404
B0a_dummy_stratified,3,4,f1__BRCA_LumA,0.5668449197860963
B0a_dummy_stratified,4,0,f1__BRCA_LumA,0.48677248677248675
B0a_dummy_stratified,4,1,f1__BRCA_LumA,0.5185185185185185
B0a_dummy_stratified,4,2,f1__BRCA_LumA,0.4574468085106383
B0a_dummy_stratified,4,3,f1__BRCA_LumA,0.5212765957446809
B0a_dummy_stratified,4,4,f1__BRCA_LumA,0.5561497326203209
B0b_dummy_mostfreq,0,0,f1__BRCA_LumA,0.6881720430107527
B0b_dummy_mostfreq,0,1,f1__BRCA_LumA,0.6881720430107527
B0b_dummy_mostfreq,0,2,f1__BRCA_LumA,0.6881720430107527
B0b_dummy_mostfreq,0,3,f1__BRCA_LumA,0.6881720430107527
B0b_dummy_mostfreq,0,4,f1__BRCA_LumA,0.6906474820143885
B0b_dummy_mostfreq,1,0,f1__BRCA_LumA,0.6881720430107527
B0b_dummy_mostfreq,1,1,f1__BRCA_LumA,0.6881720430107527
B0b_dummy_mostfreq,1,2,f1__BRCA_LumA,0.6881720430107527
B0b_dummy_mostfreq,1,3,f1__BRCA_LumA,0.6881720430107527
B0b_dummy_mostfreq,1,4,f1__BRCA_LumA,0.6906474820143885
B0b_dummy_mostfreq,2,0,f1__BRCA_LumA,0.6881720430107527
B0b_dummy_mostfreq,2,1,f1__BRCA_LumA,0.6881720430107527
B0b_dummy_mostfreq,2,2,f1__BRCA_LumA,0.6881720430107527
B0b_dummy_mostfreq,2,3,f1__BRCA_LumA,0.6881720430107527
B0b_dummy_mostfreq,2,4,f1__BRCA_LumA,0.6906474820143885
B0b_dummy_mostfreq,3,0,f1__BRCA_LumA,0.6881720430107527
B0b_dummy_mostfreq,3,1,f1__BRCA_LumA,0.6881720430107527
B0b_dummy_mostfreq,3,2,f1__BRCA_LumA,0.6881720430107527
B0b_dummy_mostfreq,3,3,f1__BRCA_LumA,0.6881720430107527
B0b_dummy_mostfreq,3,4,f1__BRCA_LumA,0.6906474820143885
B0b_dummy_mostfreq,4,0,f1__BRCA_LumA,0.6881720430107527
B0b_dummy_mostfreq,4,1,f1__BRCA_LumA,0.6881720430107527
B0b_dummy_mostfreq,4,2,f1__BRCA_LumA,0.6881720430107527
B0b_dummy_mostfreq,4,3,f1__BRCA_LumA,0.6881720430107527
B0b_dummy_mostfreq,4,4,f1__BRCA_LumA,0.6906474820143885
B1_pam50_centroid,0,0,f1__BRCA_LumA,0.9180327868852459
B1_pam50_centroid,0,1,f1__BRCA_LumA,0.8977272727272727
B1_pam50_centroid,0,2,f1__BRCA_LumA,0.8850574712643678
B1_pam50_centroid,0,3,f1__BRCA_LumA,0.872093023255814
B1_pam50_centroid,0,4,f1__BRCA_LumA,0.863905325443787
B1_pam50_centroid,1,0,f1__BRCA_LumA,0.8520710059171598
B1_pam50_centroid,1,1,f1__BRCA_LumA,0.9230769230769231
B1_pam50_centroid,1,2,f1__BRCA_LumA,0.8771929824561403
B1_pam50_centroid,1,3,f1__BRCA_LumA,0.8654970760233918
B1_pam50_centroid,1,4,f1__BRCA_LumA,0.9028571428571428
B1_pam50_centroid,2,0,f1__BRCA_LumA,0.8571428571428571
B1_pam50_centroid,2,1,f1__BRCA_LumA,0.8735632183908046
B1_pam50_centroid,2,2,f1__BRCA_LumA,0.9456521739130435
B1_pam50_centroid,2,3,f1__BRCA_LumA,0.8786127167630058
B1_pam50_centroid,2,4,f1__BRCA_LumA,0.8977272727272727
B1_pam50_centroid,3,0,f1__BRCA_LumA,0.8863636363636364
B1_pam50_centroid,3,1,f1__BRCA_LumA,0.903954802259887
B1_pam50_centroid,3,2,f1__BRCA_LumA,0.896551724137931
B1_pam50_centroid,3,3,f1__BRCA_LumA,0.8571428571428571
B1_pam50_centroid,3,4,f1__BRCA_LumA,0.9090909090909091
B1_pam50_centroid,4,0,f1__BRCA_LumA,0.8837209302325582
B1_pam50_centroid,4,1,f1__BRCA_LumA,0.903954802259887
B1_pam50_centroid,4,2,f1__BRCA_LumA,0.8705882352941177
B1_pam50_centroid,4,3,f1__BRCA_LumA,0.8863636363636364
B1_pam50_centroid,4,4,f1__BRCA_LumA,0.9101123595505618
B2_elasticnet_logreg,0,0,f1__BRCA_LumA,0.9375
B2_elasticnet_logreg,0,1,f1__BRCA_LumA,0.9297297297297298
B2_elasticnet_logreg,0,2,f1__BRCA_LumA,0.9354838709677419
B2_elasticnet_logreg,0,3,f1__BRCA_LumA,0.9578947368421052
B2_elasticnet_logreg,0,4,f1__BRCA_LumA,0.946236559139785
B2_elasticnet_logreg,1,0,f1__BRCA_LumA,0.9368421052631579
B2_elasticnet_logreg,1,1,f1__BRCA_LumA,0.9263157894736842
B2_elasticnet_logreg,1,2,f1__BRCA_LumA,0.9289617486338798
B2_elasticnet_logreg,1,3,f1__BRCA_LumA,0.918918918918919
B2_elasticnet_logreg,1,4,f1__BRCA_LumA,0.925531914893617
B2_elasticnet_logreg,2,0,f1__BRCA_LumA,0.9340659340659341
B2_elasticnet_logreg,2,1,f1__BRCA_LumA,0.93048128342246
B2_elasticnet_logreg,2,2,f1__BRCA_LumA,0.9587628865979382
B2_elasticnet_logreg,2,3,f1__BRCA_LumA,0.9312169312169312
B2_elasticnet_logreg,2,4,f1__BRCA_LumA,0.9120879120879121
B2_elasticnet_logreg,3,0,f1__BRCA_LumA,0.9042553191489362
B2_elasticnet_logreg,3,1,f1__BRCA_LumA,0.9130434782608695
B2_elasticnet_logreg,3,2,f1__BRCA_LumA,0.9368421052631579
B2_elasticnet_logreg,3,3,f1__BRCA_LumA,0.9222222222222223
B2_elasticnet_logreg,3,4,f1__BRCA_LumA,0.9735449735449735
B2_elasticnet_logreg,4,0,f1__BRCA_LumA,0.9578947368421052
B2_elasticnet_logreg,4,1,f1__BRCA_LumA,0.9411764705882353
B2_elasticnet_logreg,4,2,f1__BRCA_LumA,0.93048128342246
B2_elasticnet_logreg,4,3,f1__BRCA_LumA,0.9368421052631579
B2_elasticnet_logreg,4,4,f1__BRCA_LumA,0.9578947368421052
B3_linear_svm,0,0,f1__BRCA_LumA,0.9183673469387755
B3_linear_svm,0,1,f1__BRCA_LumA,0.9368421052631579
B3_linear_svm,0,2,f1__BRCA_LumA,0.9424083769633508
B3_linear_svm,0,3,f1__BRCA_LumA,0.9045226130653267
B3_linear_svm,0,4,f1__BRCA_LumA,0.9375
B3_linear_svm,1,0,f1__BRCA_LumA,0.9230769230769231
B3_linear_svm,1,1,f1__BRCA_LumA,0.9072164948453608
B3_linear_svm,1,2,f1__BRCA_LumA,0.9263157894736842
B3_linear_svm,1,3,f1__BRCA_LumA,0.9090909090909091
B3_linear_svm,1,4,f1__BRCA_LumA,0.9052631578947369
B3_linear_svm,2,0,f1__BRCA_LumA,0.9319371727748691
B3_linear_svm,2,1,f1__BRCA_LumA,0.900523560209424
B3_linear_svm,2,2,f1__BRCA_LumA,0.9333333333333333
B3_linear_svm,2,3,f1__BRCA_LumA,0.9326424870466321
B3_linear_svm,2,4,f1__BRCA_LumA,0.9052631578947369
B3_linear_svm,3,0,f1__BRCA_LumA,0.8911917098445595
B3_linear_svm,3,1,f1__BRCA_LumA,0.9489795918367347
B3_linear_svm,3,2,f1__BRCA_LumA,0.9238578680203046
B3_linear_svm,3,3,f1__BRCA_LumA,0.91005291005291
B3_linear_svm,3,4,f1__BRCA_LumA,0.9479166666666666
B3_linear_svm,4,0,f1__BRCA_LumA,0.9278350515463918
B3_linear_svm,4,1,f1__BRCA_LumA,0.9468085106382979
B3_linear_svm,4,2,f1__BRCA_LumA,0.9222797927461139
B3_linear_svm,4,3,f1__BRCA_LumA,0.9292929292929293
B3_linear_svm,4,4,f1__BRCA_LumA,0.9533678756476683
B4_random_forest,0,0,f1__BRCA_LumA,0.9353233830845771
B4_random_forest,0,1,f1__BRCA_LumA,0.9543147208121827
B4_random_forest,0,2,f1__BRCA_LumA,0.9583333333333334
B4_random_forest,0,3,f1__BRCA_LumA,0.9387755102040817
B4_random_forest,0,4,f1__BRCA_LumA,0.9738219895287958
B4_random_forest,1,0,f1__BRCA_LumA,0.9528795811518325
B4_random_forest,1,1,f1__BRCA_LumA,0.9253731343283582
B4_random_forest,1,2,f1__BRCA_LumA,0.9346733668341709
B4_random_forest,1,3,f1__BRCA_LumA,0.9644670050761421
B4_random_forest,1,4,f1__BRCA_LumA,0.9292929292929293
B4_random_forest,2,0,f1__BRCA_LumA,0.9578947368421052
B4_random_forest,2,1,f1__BRCA_LumA,0.9246231155778895
B4_random_forest,2,2,f1__BRCA_LumA,0.9547738693467337
B4_random_forest,2,3,f1__BRCA_LumA,0.9538461538461539
B4_random_forest,2,4,f1__BRCA_LumA,0.9533678756476683
B4_random_forest,3,0,f1__BRCA_LumA,0.9393939393939394
B4_random_forest,3,1,f1__BRCA_LumA,0.9591836734693877
B4_random_forest,3,2,f1__BRCA_LumA,0.9230769230769231
B4_random_forest,3,3,f1__BRCA_LumA,0.9441624365482234
B4_random_forest,3,4,f1__BRCA_LumA,0.9538461538461539
B4_random_forest,4,0,f1__BRCA_LumA,0.9489795918367347
B4_random_forest,4,1,f1__BRCA_LumA,0.9533678756476683
B4_random_forest,4,2,f1__BRCA_LumA,0.9313725490196079
B4_random_forest,4,3,f1__BRCA_LumA,0.9441624365482234
B4_random_forest,4,4,f1__BRCA_LumA,0.9637305699481865
B5_xgboost,0,0,f1__BRCA_LumA,0.9393939393939394
B5_xgboost,0,1,f1__BRCA_LumA,0.9361702127659575
B5_xgboost,0,2,f1__BRCA_LumA,0.9574468085106383
B5_xgboost,0,3,f1__BRCA_LumA,0.9528795811518325
B5_xgboost,0,4,f1__BRCA_LumA,0.9574468085106383
B5_xgboost,1,0,f1__BRCA_LumA,0.9424083769633508
B5_xgboost,1,1,f1__BRCA_LumA,0.9435897435897436
B5_xgboost,1,2,f1__BRCA_LumA,0.9583333333333334
B5_xgboost,1,3,f1__BRCA_LumA,0.9533678756476683
B5_xgboost,1,4,f1__BRCA_LumA,0.968421052631579
B5_xgboost,2,0,f1__BRCA_LumA,0.9297297297297298
B5_xgboost,2,1,f1__BRCA_LumA,0.9333333333333333
B5_xgboost,2,2,f1__BRCA_LumA,0.9641025641025641
B5_xgboost,2,3,f1__BRCA_LumA,0.9479166666666666
B5_xgboost,2,4,f1__BRCA_LumA,0.9417989417989417
B5_xgboost,3,0,f1__BRCA_LumA,0.9533678756476683
B5_xgboost,3,1,f1__BRCA_LumA,0.96875
B5_xgboost,3,2,f1__BRCA_LumA,0.9206349206349206
B5_xgboost,3,3,f1__BRCA_LumA,0.9578947368421052
B5_xgboost,3,4,f1__BRCA_LumA,0.9844559585492227
B5_xgboost,4,0,f1__BRCA_LumA,0.9523809523809523
B5_xgboost,4,1,f1__BRCA_LumA,0.9468085106382979
B5_xgboost,4,2,f1__BRCA_LumA,0.9533678756476683
B5_xgboost,4,3,f1__BRCA_LumA,0.9583333333333334
B5_xgboost,4,4,f1__BRCA_LumA,0.96875
B2_elasticnet_logreg__LATE,0,0,f1__BRCA_LumA,0.8969072164948454
B2_elasticnet_logreg__LATE,0,1,f1__BRCA_LumA,0.8864864864864865
B2_elasticnet_logreg__LATE,0,2,f1__BRCA_LumA,0.9090909090909091
B2_elasticnet_logreg__LATE,0,3,f1__BRCA_LumA,0.91
B2_elasticnet_logreg__LATE,0,4,f1__BRCA_LumA,0.9081632653061225
B2_elasticnet_logreg__LATE,1,0,f1__BRCA_LumA,0.9137055837563451
B2_elasticnet_logreg__LATE,1,1,f1__BRCA_LumA,0.8921568627450981
B2_elasticnet_logreg__LATE,1,2,f1__BRCA_LumA,0.9035532994923858
B2_elasticnet_logreg__LATE,1,3,f1__BRCA_LumA,0.8540540540540541
B2_elasticnet_logreg__LATE,1,4,f1__BRCA_LumA,0.8958333333333334
B2_elasticnet_logreg__LATE,2,0,f1__BRCA_LumA,0.8736842105263158
B2_elasticnet_logreg__LATE,2,1,f1__BRCA_LumA,0.8712871287128713
B2_elasticnet_logreg__LATE,2,2,f1__BRCA_LumA,0.9128205128205128
B2_elasticnet_logreg__LATE,2,3,f1__BRCA_LumA,0.9222797927461139
B2_elasticnet_logreg__LATE,2,4,f1__BRCA_LumA,0.8877005347593583
B2_elasticnet_logreg__LATE,3,0,f1__BRCA_LumA,0.8854166666666666
B2_elasticnet_logreg__LATE,3,1,f1__BRCA_LumA,0.9312169312169312
B2_elasticnet_logreg__LATE,3,2,f1__BRCA_LumA,0.8944723618090452
B2_elasticnet_logreg__LATE,3,3,f1__BRCA_LumA,0.8969072164948454
B2_elasticnet_logreg__LATE,3,4,f1__BRCA_LumA,0.9430051813471503
B2_elasticnet_logreg__LATE,4,0,f1__BRCA_LumA,0.8979591836734694
B2_elasticnet_logreg__LATE,4,1,f1__BRCA_LumA,0.9263157894736842
B2_elasticnet_logreg__LATE,4,2,f1__BRCA_LumA,0.883248730964467
B2_elasticnet_logreg__LATE,4,3,f1__BRCA_LumA,0.8877551020408163
B2_elasticnet_logreg__LATE,4,4,f1__BRCA_LumA,0.9238578680203046
B3_linear_svm__LATE,0,0,f1__BRCA_LumA,0.8985507246376812
B3_linear_svm__LATE,0,1,f1__BRCA_LumA,0.9090909090909091
B3_linear_svm__LATE,0,2,f1__BRCA_LumA,0.9056603773584906
B3_linear_svm__LATE,0,3,f1__BRCA_LumA,0.8962264150943396
B3_linear_svm__LATE,0,4,f1__BRCA_LumA,0.9320388349514563
B3_linear_svm__LATE,1,0,f1__BRCA_LumA,0.9230769230769231
B3_linear_svm__LATE,1,1,f1__BRCA_LumA,0.8909952606635071
B3_linear_svm__LATE,1,2,f1__BRCA_LumA,0.9186602870813397
B3_linear_svm__LATE,1,3,f1__BRCA_LumA,0.8866995073891626
B3_linear_svm__LATE,1,4,f1__BRCA_LumA,0.9170731707317074
B3_linear_svm__LATE,2,0,f1__BRCA_LumA,0.91
B3_linear_svm__LATE,2,1,f1__BRCA_LumA,0.8975609756097561
B3_linear_svm__LATE,2,2,f1__BRCA_LumA,0.8909952606635071
B3_linear_svm__LATE,2,3,f1__BRCA_LumA,0.9353233830845771
B3_linear_svm__LATE,2,4,f1__BRCA_LumA,0.8910891089108911
B3_linear_svm__LATE,3,0,f1__BRCA_LumA,0.8878048780487805
B3_linear_svm__LATE,3,1,f1__BRCA_LumA,0.8985507246376812
B3_linear_svm__LATE,3,2,f1__BRCA_LumA,0.9178743961352657
B3_linear_svm__LATE,3,3,f1__BRCA_LumA,0.9117647058823529
B3_linear_svm__LATE,3,4,f1__BRCA_LumA,0.9365853658536586
B3_linear_svm__LATE,4,0,f1__BRCA_LumA,0.912621359223301
B3_linear_svm__LATE,4,1,f1__BRCA_LumA,0.9405940594059405
B3_linear_svm__LATE,4,2,f1__BRCA_LumA,0.8932038834951457
B3_linear_svm__LATE,4,3,f1__BRCA_LumA,0.8846153846153846
B3_linear_svm__LATE,4,4,f1__BRCA_LumA,0.93
B4_random_forest__LATE,0,0,f1__BRCA_LumA,0.8715596330275229
B4_random_forest__LATE,0,1,f1__BRCA_LumA,0.8744186046511628
B4_random_forest__LATE,0,2,f1__BRCA_LumA,0.8558558558558559
B4_random_forest__LATE,0,3,f1__BRCA_LumA,0.8878504672897196
B4_random_forest__LATE,0,4,f1__BRCA_LumA,0.8847926267281107
B4_random_forest__LATE,1,0,f1__BRCA_LumA,0.8888888888888888
B4_random_forest__LATE,1,1,f1__BRCA_LumA,0.8727272727272727
B4_random_forest__LATE,1,2,f1__BRCA_LumA,0.8636363636363636
B4_random_forest__LATE,1,3,f1__BRCA_LumA,0.8930232558139535
B4_random_forest__LATE,1,4,f1__BRCA_LumA,0.8623853211009175
B4_random_forest__LATE,2,0,f1__BRCA_LumA,0.8878504672897196
B4_random_forest__LATE,2,1,f1__BRCA_LumA,0.8636363636363636
B4_random_forest__LATE,2,2,f1__BRCA_LumA,0.8648648648648649
B4_random_forest__LATE,2,3,f1__BRCA_LumA,0.8995215311004785
B4_random_forest__LATE,2,4,f1__BRCA_LumA,0.8532110091743119
B4_random_forest__LATE,3,0,f1__BRCA_LumA,0.8584474885844748
B4_random_forest__LATE,3,1,f1__BRCA_LumA,0.8878504672897196
B4_random_forest__LATE,3,2,f1__BRCA_LumA,0.8636363636363636
B4_random_forest__LATE,3,3,f1__BRCA_LumA,0.8888888888888888
B4_random_forest__LATE,3,4,f1__BRCA_LumA,0.8609865470852018
B4_random_forest__LATE,4,0,f1__BRCA_LumA,0.8687782805429864
B4_random_forest__LATE,4,1,f1__BRCA_LumA,0.8867924528301887
B4_random_forest__LATE,4,2,f1__BRCA_LumA,0.867579908675799
B4_random_forest__LATE,4,3,f1__BRCA_LumA,0.8454545454545455
B4_random_forest__LATE,4,4,f1__BRCA_LumA,0.8888888888888888
B5_xgboost__LATE,0,0,f1__BRCA_LumA,0.88
B5_xgboost__LATE,0,1,f1__BRCA_LumA,0.8717948717948718
B5_xgboost__LATE,0,2,f1__BRCA_LumA,0.914572864321608
B5_xgboost__LATE,0,3,f1__BRCA_LumA,0.9230769230769231
B5_xgboost__LATE,0,4,f1__BRCA_LumA,0.9278350515463918
B5_xgboost__LATE,1,0,f1__BRCA_LumA,0.934010152284264
B5_xgboost__LATE,1,1,f1__BRCA_LumA,0.94
B5_xgboost__LATE,1,2,f1__BRCA_LumA,0.9073170731707317
B5_xgboost__LATE,1,3,f1__BRCA_LumA,0.8877551020408163
B5_xgboost__LATE,1,4,f1__BRCA_LumA,0.92
B5_xgboost__LATE,2,0,f1__BRCA_LumA,0.900990099009901
B5_xgboost__LATE,2,1,f1__BRCA_LumA,0.8811881188118812
B5_xgboost__LATE,2,2,f1__BRCA_LumA,0.9108910891089109
B5_xgboost__LATE,2,3,f1__BRCA_LumA,0.9326424870466321
B5_xgboost__LATE,2,4,f1__BRCA_LumA,0.8526315789473684
B5_xgboost__LATE,3,0,f1__BRCA_LumA,0.8979591836734694
B5_xgboost__LATE,3,1,f1__BRCA_LumA,0.9090909090909091
B5_xgboost__LATE,3,2,f1__BRCA_LumA,0.9054726368159204
B5_xgboost__LATE,3,3,f1__BRCA_LumA,0.9319371727748691
B5_xgboost__LATE,3,4,f1__BRCA_LumA,0.9253731343283582
B5_xgboost__LATE,4,0,f1__BRCA_LumA,0.9
B5_xgboost__LATE,4,1,f1__BRCA_LumA,0.9285714285714286
B5_xgboost__LATE,4,2,f1__BRCA_LumA,0.8725490196078431
B5_xgboost__LATE,4,3,f1__BRCA_LumA,0.898989898989899
B5_xgboost__LATE,4,4,f1__BRCA_LumA,0.9381443298969072
B0a_dummy_stratified,0,0,precision__BRCA_LumA,0.5376344086021505
B0a_dummy_stratified,0,1,precision__BRCA_LumA,0.5806451612903226
B0a_dummy_stratified,0,2,precision__BRCA_LumA,0.5760869565217391
B0a_dummy_stratified,0,3,precision__BRCA_LumA,0.5543478260869565
B0a_dummy_stratified,0,4,precision__BRCA_LumA,0.5274725274725275
B0a_dummy_stratified,1,0,precision__BRCA_LumA,0.5806451612903226
B0a_dummy_stratified,1,1,precision__BRCA_LumA,0.4731182795698925
B0a_dummy_stratified,1,2,precision__BRCA_LumA,0.5434782608695652
B0a_dummy_stratified,1,3,precision__BRCA_LumA,0.5108695652173914
B0a_dummy_stratified,1,4,precision__BRCA_LumA,0.5494505494505495
B0a_dummy_stratified,2,0,precision__BRCA_LumA,0.46236559139784944
B0a_dummy_stratified,2,1,precision__BRCA_LumA,0.5161290322580645
B0a_dummy_stratified,2,2,precision__BRCA_LumA,0.5869565217391305
B0a_dummy_stratified,2,3,precision__BRCA_LumA,0.5434782608695652
B0a_dummy_stratified,2,4,precision__BRCA_LumA,0.5604395604395604
B0a_dummy_stratified,3,0,precision__BRCA_LumA,0.45161290322580644
B0a_dummy_stratified,3,1,precision__BRCA_LumA,0.5698924731182796
B0a_dummy_stratified,3,2,precision__BRCA_LumA,0.5
B0a_dummy_stratified,3,3,precision__BRCA_LumA,0.5217391304347826
B0a_dummy_stratified,3,4,precision__BRCA_LumA,0.5824175824175825
B0a_dummy_stratified,4,0,precision__BRCA_LumA,0.4946236559139785
B0a_dummy_stratified,4,1,precision__BRCA_LumA,0.5268817204301075
B0a_dummy_stratified,4,2,precision__BRCA_LumA,0.4673913043478261
B0a_dummy_stratified,4,3,precision__BRCA_LumA,0.532608695652174
B0a_dummy_stratified,4,4,precision__BRCA_LumA,0.5714285714285714
B0b_dummy_mostfreq,0,0,precision__BRCA_LumA,0.5245901639344263
B0b_dummy_mostfreq,0,1,precision__BRCA_LumA,0.5245901639344263
B0b_dummy_mostfreq,0,2,precision__BRCA_LumA,0.5245901639344263
B0b_dummy_mostfreq,0,3,precision__BRCA_LumA,0.5245901639344263
B0b_dummy_mostfreq,0,4,precision__BRCA_LumA,0.5274725274725275
B0b_dummy_mostfreq,1,0,precision__BRCA_LumA,0.5245901639344263
B0b_dummy_mostfreq,1,1,precision__BRCA_LumA,0.5245901639344263
B0b_dummy_mostfreq,1,2,precision__BRCA_LumA,0.5245901639344263
B0b_dummy_mostfreq,1,3,precision__BRCA_LumA,0.5245901639344263
B0b_dummy_mostfreq,1,4,precision__BRCA_LumA,0.5274725274725275
B0b_dummy_mostfreq,2,0,precision__BRCA_LumA,0.5245901639344263
B0b_dummy_mostfreq,2,1,precision__BRCA_LumA,0.5245901639344263
B0b_dummy_mostfreq,2,2,precision__BRCA_LumA,0.5245901639344263
B0b_dummy_mostfreq,2,3,precision__BRCA_LumA,0.5245901639344263
B0b_dummy_mostfreq,2,4,precision__BRCA_LumA,0.5274725274725275
B0b_dummy_mostfreq,3,0,precision__BRCA_LumA,0.5245901639344263
B0b_dummy_mostfreq,3,1,precision__BRCA_LumA,0.5245901639344263
B0b_dummy_mostfreq,3,2,precision__BRCA_LumA,0.5245901639344263
B0b_dummy_mostfreq,3,3,precision__BRCA_LumA,0.5245901639344263
B0b_dummy_mostfreq,3,4,precision__BRCA_LumA,0.5274725274725275
B0b_dummy_mostfreq,4,0,precision__BRCA_LumA,0.5245901639344263
B0b_dummy_mostfreq,4,1,precision__BRCA_LumA,0.5245901639344263
B0b_dummy_mostfreq,4,2,precision__BRCA_LumA,0.5245901639344263
B0b_dummy_mostfreq,4,3,precision__BRCA_LumA,0.5245901639344263
B0b_dummy_mostfreq,4,4,precision__BRCA_LumA,0.5274725274725275
B1_pam50_centroid,0,0,precision__BRCA_LumA,0.9655172413793104
B1_pam50_centroid,0,1,precision__BRCA_LumA,0.9875
B1_pam50_centroid,0,2,precision__BRCA_LumA,0.9871794871794872
B1_pam50_centroid,0,3,precision__BRCA_LumA,0.9868421052631579
B1_pam50_centroid,0,4,precision__BRCA_LumA,1.0
B1_pam50_centroid,1,0,precision__BRCA_LumA,0.9863013698630136
B1_pam50_centroid,1,1,precision__BRCA_LumA,0.9767441860465116
B1_pam50_centroid,1,2,precision__BRCA_LumA,1.0
B1_pam50_centroid,1,3,precision__BRCA_LumA,0.9866666666666667
B1_pam50_centroid,1,4,precision__BRCA_LumA,1.0
B1_pam50_centroid,2,0,precision__BRCA_LumA,1.0
B1_pam50_centroid,2,1,precision__BRCA_LumA,0.9743589743589743
B1_pam50_centroid,2,2,precision__BRCA_LumA,0.9886363636363636
B1_pam50_centroid,2,3,precision__BRCA_LumA,0.987012987012987
B1_pam50_centroid,2,4,precision__BRCA_LumA,0.9875
B1_pam50_centroid,3,0,precision__BRCA_LumA,0.975
B1_pam50_centroid,3,1,precision__BRCA_LumA,0.9876543209876543
B1_pam50_centroid,3,2,precision__BRCA_LumA,1.0
B1_pam50_centroid,3,3,precision__BRCA_LumA,1.0
B1_pam50_centroid,3,4,precision__BRCA_LumA,1.0
B1_pam50_centroid,4,0,precision__BRCA_LumA,1.0
B1_pam50_centroid,4,1,precision__BRCA_LumA,0.9876543209876543
B1_pam50_centroid,4,2,precision__BRCA_LumA,1.0
B1_pam50_centroid,4,3,precision__BRCA_LumA,0.975
B1_pam50_centroid,4,4,precision__BRCA_LumA,0.9878048780487805
B2_elasticnet_logreg,0,0,precision__BRCA_LumA,0.9375
B2_elasticnet_logreg,0,1,precision__BRCA_LumA,0.9662921348314607
B2_elasticnet_logreg,0,2,precision__BRCA_LumA,0.9666666666666667
B2_elasticnet_logreg,0,3,precision__BRCA_LumA,0.9680851063829787
B2_elasticnet_logreg,0,4,precision__BRCA_LumA,0.9777777777777777
B2_elasticnet_logreg,1,0,precision__BRCA_LumA,0.9468085106382979
B2_elasticnet_logreg,1,1,precision__BRCA_LumA,0.9361702127659575
B2_elasticnet_logreg,1,2,precision__BRCA_LumA,0.9770114942528736
B2_elasticnet_logreg,1,3,precision__BRCA_LumA,0.9550561797752809
B2_elasticnet_logreg,1,4,precision__BRCA_LumA,0.9456521739130435
B2_elasticnet_logreg,2,0,precision__BRCA_LumA,0.9883720930232558
B2_elasticnet_logreg,2,1,precision__BRCA_LumA,0.9560439560439561
B2_elasticnet_logreg,2,2,precision__BRCA_LumA,0.9489795918367347
B2_elasticnet_logreg,2,3,precision__BRCA_LumA,0.946236559139785
B2_elasticnet_logreg,2,4,precision__BRCA_LumA,0.9651162790697675
B2_elasticnet_logreg,3,0,precision__BRCA_LumA,0.9239130434782609
B2_elasticnet_logreg,3,1,precision__BRCA_LumA,0.9545454545454546
B2_elasticnet_logreg,3,2,precision__BRCA_LumA,0.9468085106382979
B2_elasticnet_logreg,3,3,precision__BRCA_LumA,0.9880952380952381
B2_elasticnet_logreg,3,4,precision__BRCA_LumA,0.989247311827957
B2_elasticnet_logreg,4,0,precision__BRCA_LumA,0.9680851063829787
B2_elasticnet_logreg,4,1,precision__BRCA_LumA,0.967032967032967
B2_elasticnet_logreg,4,2,precision__BRCA_LumA,0.9560439560439561
B2_elasticnet_logreg,4,3,precision__BRCA_LumA,0.9468085106382979
B2_elasticnet_logreg,4,4,precision__BRCA_LumA,0.9680851063829787
B3_linear_svm,0,0,precision__BRCA_LumA,0.9
B3_linear_svm,0,1,precision__BRCA_LumA,0.9468085106382979
B3_linear_svm,0,2,precision__BRCA_LumA,0.9473684210526315
B3_linear_svm,0,3,precision__BRCA_LumA,0.8737864077669902
B3_linear_svm,0,4,precision__BRCA_LumA,0.9375
B3_linear_svm,1,0,precision__BRCA_LumA,0.9090909090909091
B3_linear_svm,1,1,precision__BRCA_LumA,0.8979591836734694
B3_linear_svm,1,2,precision__BRCA_LumA,0.9361702127659575
B3_linear_svm,1,3,precision__BRCA_LumA,0.9340659340659341
B3_linear_svm,1,4,precision__BRCA_LumA,0.9148936170212766
B3_linear_svm,2,0,precision__BRCA_LumA,0.9368421052631579
B3_linear_svm,2,1,precision__BRCA_LumA,0.9052631578947369
B3_linear_svm,2,2,precision__BRCA_LumA,0.9191919191919192
B3_linear_svm,2,3,precision__BRCA_LumA,0.9278350515463918
B3_linear_svm,2,4,precision__BRCA_LumA,0.9148936170212766
B3_linear_svm,3,0,precision__BRCA_LumA,0.8865979381443299
B3_linear_svm,3,1,precision__BRCA_LumA,0.93
B3_linear_svm,3,2,precision__BRCA_LumA,0.900990099009901
B3_linear_svm,3,3,precision__BRCA_LumA,0.9247311827956989
B3_linear_svm,3,4,precision__BRCA_LumA,0.9479166666666666
B3_linear_svm,4,0,precision__BRCA_LumA,0.9183673469387755
B3_linear_svm,4,1,precision__BRCA_LumA,0.967391304347826
B3_linear_svm,4,2,precision__BRCA_LumA,0.9175257731958762
B3_linear_svm,4,3,precision__BRCA_LumA,0.9019607843137255
B3_linear_svm,4,4,precision__BRCA_LumA,0.9484536082474226
B4_random_forest,0,0,precision__BRCA_LumA,0.8952380952380953
B4_random_forest,0,1,precision__BRCA_LumA,0.9306930693069307
B4_random_forest,0,2,precision__BRCA_LumA,0.9583333333333334
B4_random_forest,0,3,precision__BRCA_LumA,0.92
B4_random_forest,0,4,precision__BRCA_LumA,0.9789473684210527
B4_random_forest,1,0,precision__BRCA_LumA,0.9578947368421052
B4_random_forest,1,1,precision__BRCA_LumA,0.8857142857142857
B4_random_forest,1,2,precision__BRCA_LumA,0.9029126213592233
B4_random_forest,1,3,precision__BRCA_LumA,0.9405940594059405
B4_random_forest,1,4,precision__BRCA_LumA,0.9019607843137255
B4_random_forest,2,0,precision__BRCA_LumA,0.9680851063829787
B4_random_forest,2,1,precision__BRCA_LumA,0.8932038834951457
B4_random_forest,2,2,precision__BRCA_LumA,0.9223300970873787
B4_random_forest,2,3,precision__BRCA_LumA,0.9393939393939394
B4_random_forest,2,4,precision__BRCA_LumA,0.9484536082474226
B4_random_forest,3,0,precision__BRCA_LumA,0.9117647058823529
B4_random_forest,3,1,precision__BRCA_LumA,0.94
B4_random_forest,3,2,precision__BRCA_LumA,0.9090909090909091
B4_random_forest,3,3,precision__BRCA_LumA,0.9207920792079208
B4_random_forest,3,4,precision__BRCA_LumA,0.9393939393939394
B4_random_forest,4,0,precision__BRCA_LumA,0.93
B4_random_forest,4,1,precision__BRCA_LumA,0.9484536082474226
B4_random_forest,4,2,precision__BRCA_LumA,0.8796296296296297
B4_random_forest,4,3,precision__BRCA_LumA,0.9207920792079208
B4_random_forest,4,4,precision__BRCA_LumA,0.9587628865979382
B5_xgboost,0,0,precision__BRCA_LumA,0.9117647058823529
B5_xgboost,0,1,precision__BRCA_LumA,0.9565217391304348
B5_xgboost,0,2,precision__BRCA_LumA,0.9782608695652174
B5_xgboost,0,3,precision__BRCA_LumA,0.9578947368421052
B5_xgboost,0,4,precision__BRCA_LumA,0.9782608695652174
B5_xgboost,1,0,precision__BRCA_LumA,0.9473684210526315
B5_xgboost,1,1,precision__BRCA_LumA,0.9292929292929293
B5_xgboost,1,2,precision__BRCA_LumA,0.9583333333333334
B5_xgboost,1,3,precision__BRCA_LumA,0.9484536082474226
B5_xgboost,1,4,precision__BRCA_LumA,0.9787234042553191
B5_xgboost,2,0,precision__BRCA_LumA,0.9662921348314607
B5_xgboost,2,1,precision__BRCA_LumA,0.9191919191919192
B5_xgboost,2,2,precision__BRCA_LumA,0.9494949494949495
B5_xgboost,2,3,precision__BRCA_LumA,0.9479166666666666
B5_xgboost,2,4,precision__BRCA_LumA,0.956989247311828
B5_xgboost,3,0,precision__BRCA_LumA,0.9484536082474226
B5_xgboost,3,1,precision__BRCA_LumA,0.96875
B5_xgboost,3,2,precision__BRCA_LumA,0.9354838709677419
B5_xgboost,3,3,precision__BRCA_LumA,0.9680851063829787
B5_xgboost,3,4,precision__BRCA_LumA,0.979381443298969
B5_xgboost,4,0,precision__BRCA_LumA,0.967741935483871
B5_xgboost,4,1,precision__BRCA_LumA,0.967391304347826
B5_xgboost,4,2,precision__BRCA_LumA,0.9484536082474226
B5_xgboost,4,3,precision__BRCA_LumA,0.9583333333333334
B5_xgboost,4,4,precision__BRCA_LumA,0.96875
B2_elasticnet_logreg__LATE,0,0,precision__BRCA_LumA,0.8877551020408163
B2_elasticnet_logreg__LATE,0,1,precision__BRCA_LumA,0.9213483146067416
B2_elasticnet_logreg__LATE,0,2,precision__BRCA_LumA,0.8823529411764706
B2_elasticnet_logreg__LATE,0,3,precision__BRCA_LumA,0.875
B2_elasticnet_logreg__LATE,0,4,precision__BRCA_LumA,0.89
B2_elasticnet_logreg__LATE,1,0,precision__BRCA_LumA,0.8910891089108911
B2_elasticnet_logreg__LATE,1,1,precision__BRCA_LumA,0.8425925925925926
B2_elasticnet_logreg__LATE,1,2,precision__BRCA_LumA,0.8811881188118812
B2_elasticnet_logreg__LATE,1,3,precision__BRCA_LumA,0.8876404494382022
B2_elasticnet_logreg__LATE,1,4,precision__BRCA_LumA,0.8958333333333334
B2_elasticnet_logreg__LATE,2,0,precision__BRCA_LumA,0.8829787234042553
B2_elasticnet_logreg__LATE,2,1,precision__BRCA_LumA,0.8301886792452831
B2_elasticnet_logreg__LATE,2,2,precision__BRCA_LumA,0.898989898989899
B2_elasticnet_logreg__LATE,2,3,precision__BRCA_LumA,0.9175257731958762
B2_elasticnet_logreg__LATE,2,4,precision__BRCA_LumA,0.9120879120879121
B2_elasticnet_logreg__LATE,3,0,precision__BRCA_LumA,0.8854166666666666
B2_elasticnet_logreg__LATE,3,1,precision__BRCA_LumA,0.946236559139785
B2_elasticnet_logreg__LATE,3,2,precision__BRCA_LumA,0.8640776699029126
B2_elasticnet_logreg__LATE,3,3,precision__BRCA_LumA,0.8877551020408163
B2_elasticnet_logreg__LATE,3,4,precision__BRCA_LumA,0.9381443298969072
B2_elasticnet_logreg__LATE,4,0,precision__BRCA_LumA,0.88
B2_elasticnet_logreg__LATE,4,1,precision__BRCA_LumA,0.9361702127659575
B2_elasticnet_logreg__LATE,4,2,precision__BRCA_LumA,0.8613861386138614
B2_elasticnet_logreg__LATE,4,3,precision__BRCA_LumA,0.87
B2_elasticnet_logreg__LATE,4,4,precision__BRCA_LumA,0.900990099009901
B3_linear_svm__LATE,0,0,precision__BRCA_LumA,0.8378378378378378
B3_linear_svm__LATE,0,1,precision__BRCA_LumA,0.8823529411764706
B3_linear_svm__LATE,0,2,precision__BRCA_LumA,0.8275862068965517
B3_linear_svm__LATE,0,3,precision__BRCA_LumA,0.8189655172413793
B3_linear_svm__LATE,0,4,precision__BRCA_LumA,0.8727272727272727
B3_linear_svm__LATE,1,0,precision__BRCA_LumA,0.8571428571428571
B3_linear_svm__LATE,1,1,precision__BRCA_LumA,0.8173913043478261
B3_linear_svm__LATE,1,2,precision__BRCA_LumA,0.8495575221238938
B3_linear_svm__LATE,1,3,precision__BRCA_LumA,0.8411214953271028
B3_linear_svm__LATE,1,4,precision__BRCA_LumA,0.8623853211009175
B3_linear_svm__LATE,2,0,precision__BRCA_LumA,0.875
B3_linear_svm__LATE,2,1,precision__BRCA_LumA,0.8440366972477065
B3_linear_svm__LATE,2,2,precision__BRCA_LumA,0.8173913043478261
B3_linear_svm__LATE,2,3,precision__BRCA_LumA,0.8952380952380953
B3_linear_svm__LATE,2,4,precision__BRCA_LumA,0.8490566037735849
B3_linear_svm__LATE,3,0,precision__BRCA_LumA,0.8348623853211009
B3_linear_svm__LATE,3,1,precision__BRCA_LumA,0.8378378378378378
B3_linear_svm__LATE,3,2,precision__BRCA_LumA,0.8558558558558559
B3_linear_svm__LATE,3,3,precision__BRCA_LumA,0.8611111111111112
B3_linear_svm__LATE,3,4,precision__BRCA_LumA,0.8807339449541285
B3_linear_svm__LATE,4,0,precision__BRCA_LumA,0.8545454545454545
B3_linear_svm__LATE,4,1,precision__BRCA_LumA,0.8962264150943396
B3_linear_svm__LATE,4,2,precision__BRCA_LumA,0.8363636363636363
B3_linear_svm__LATE,4,3,precision__BRCA_LumA,0.8214285714285714
B3_linear_svm__LATE,4,4,precision__BRCA_LumA,0.8942307692307693
B4_random_forest__LATE,0,0,precision__BRCA_LumA,0.7786885245901639
B4_random_forest__LATE,0,1,precision__BRCA_LumA,0.7899159663865546
B4_random_forest__LATE,0,2,precision__BRCA_LumA,0.753968253968254
B4_random_forest__LATE,0,3,precision__BRCA_LumA,0.8050847457627118
B4_random_forest__LATE,0,4,precision__BRCA_LumA,0.7933884297520661
B4_random_forest__LATE,1,0,precision__BRCA_LumA,0.8
B4_random_forest__LATE,1,1,precision__BRCA_LumA,0.7741935483870968
B4_random_forest__LATE,1,2,precision__BRCA_LumA,0.7661290322580645
B4_random_forest__LATE,1,3,precision__BRCA_LumA,0.8067226890756303
B4_random_forest__LATE,1,4,precision__BRCA_LumA,0.7704918032786885
B4_random_forest__LATE,2,0,precision__BRCA_LumA,0.8050847457627118
B4_random_forest__LATE,2,1,precision__BRCA_LumA,0.7661290322580645
B4_random_forest__LATE,2,2,precision__BRCA_LumA,0.7619047619047619
B4_random_forest__LATE,2,3,precision__BRCA_LumA,0.831858407079646
B4_random_forest__LATE,2,4,precision__BRCA_LumA,0.7622950819672131
B4_random_forest__LATE,3,0,precision__BRCA_LumA,0.7642276422764228
B4_random_forest__LATE,3,1,precision__BRCA_LumA,0.8050847457627118
B4_random_forest__LATE,3,2,precision__BRCA_LumA,0.7661290322580645
B4_random_forest__LATE,3,3,precision__BRCA_LumA,0.8
B4_random_forest__LATE,3,4,precision__BRCA_LumA,0.7559055118110236
B4_random_forest__LATE,4,0,precision__BRCA_LumA,0.768
B4_random_forest__LATE,4,1,precision__BRCA_LumA,0.8103448275862069
B4_random_forest__LATE,4,2,precision__BRCA_LumA,0.7723577235772358
B4_random_forest__LATE,4,3,precision__BRCA_LumA,0.75
B4_random_forest__LATE,4,4,precision__BRCA_LumA,0.8
B5_xgboost__LATE,0,0,precision__BRCA_LumA,0.8461538461538461
B5_xgboost__LATE,0,1,precision__BRCA_LumA,0.8585858585858586
B5_xgboost__LATE,0,2,precision__BRCA_LumA,0.883495145631068
B5_xgboost__LATE,0,3,precision__BRCA_LumA,0.9090909090909091
B5_xgboost__LATE,0,4,precision__BRCA_LumA,0.9183673469387755
B5_xgboost__LATE,1,0,precision__BRCA_LumA,0.9108910891089109
B5_xgboost__LATE,1,1,precision__BRCA_LumA,0.9038461538461539
B5_xgboost__LATE,1,2,precision__BRCA_LumA,0.8532110091743119
B5_xgboost__LATE,1,3,precision__BRCA_LumA,0.87
B5_xgboost__LATE,1,4,precision__BRCA_LumA,0.8846153846153846
B5_xgboost__LATE,2,0,precision__BRCA_LumA,0.8584905660377359
B5_xgboost__LATE,2,1,precision__BRCA_LumA,0.839622641509434
B5_xgboost__LATE,2,2,precision__BRCA_LumA,0.8679245283018868
B5_xgboost__LATE,2,3,precision__BRCA_LumA,0.9278350515463918
B5_xgboost__LATE,2,4,precision__BRCA_LumA,0.8617021276595744
B5_xgboost__LATE,3,0,precision__BRCA_LumA,0.88
B5_xgboost__LATE,3,1,precision__BRCA_LumA,0.8823529411764706
B5_xgboost__LATE,3,2,precision__BRCA_LumA,0.8666666666666667
B5_xgboost__LATE,3,3,precision__BRCA_LumA,0.9368421052631579
B5_xgboost__LATE,3,4,precision__BRCA_LumA,0.8857142857142857
B5_xgboost__LATE,4,0,precision__BRCA_LumA,0.8653846153846154
B5_xgboost__LATE,4,1,precision__BRCA_LumA,0.91
B5_xgboost__LATE,4,2,precision__BRCA_LumA,0.8240740740740741
B5_xgboost__LATE,4,3,precision__BRCA_LumA,0.8725490196078431
B5_xgboost__LATE,4,4,precision__BRCA_LumA,0.9285714285714286
B0a_dummy_stratified,0,0,recall__BRCA_LumA,0.5208333333333334
B0a_dummy_stratified,0,1,recall__BRCA_LumA,0.5625
B0a_dummy_stratified,0,2,recall__BRCA_LumA,0.5520833333333334
B0a_dummy_stratified,0,3,recall__BRCA_LumA,0.53125
B0a_dummy_stratified,0,4,recall__BRCA_LumA,0.5
B0a_dummy_stratified,1,0,recall__BRCA_LumA,0.5625
B0a_dummy_stratified,1,1,recall__BRCA_LumA,0.4583333333333333
B0a_dummy_stratified,1,2,recall__BRCA_LumA,0.5208333333333334
B0a_dummy_stratified,1,3,recall__BRCA_LumA,0.4895833333333333
B0a_dummy_stratified,1,4,recall__BRCA_LumA,0.5208333333333334
B0a_dummy_stratified,2,0,recall__BRCA_LumA,0.4479166666666667
B0a_dummy_stratified,2,1,recall__BRCA_LumA,0.5
B0a_dummy_stratified,2,2,recall__BRCA_LumA,0.5625
B0a_dummy_stratified,2,3,recall__BRCA_LumA,0.5208333333333334
B0a_dummy_stratified,2,4,recall__BRCA_LumA,0.53125
B0a_dummy_stratified,3,0,recall__BRCA_LumA,0.4375
B0a_dummy_stratified,3,1,recall__BRCA_LumA,0.5520833333333334
B0a_dummy_stratified,3,2,recall__BRCA_LumA,0.4791666666666667
B0a_dummy_stratified,3,3,recall__BRCA_LumA,0.5
B0a_dummy_stratified,3,4,recall__BRCA_LumA,0.5520833333333334
B0a_dummy_stratified,4,0,recall__BRCA_LumA,0.4791666666666667
B0a_dummy_stratified,4,1,recall__BRCA_LumA,0.5104166666666666
B0a_dummy_stratified,4,2,recall__BRCA_LumA,0.4479166666666667
B0a_dummy_stratified,4,3,recall__BRCA_LumA,0.5104166666666666
B0a_dummy_stratified,4,4,recall__BRCA_LumA,0.5416666666666666
B0b_dummy_mostfreq,0,0,recall__BRCA_LumA,1.0
B0b_dummy_mostfreq,0,1,recall__BRCA_LumA,1.0
B0b_dummy_mostfreq,0,2,recall__BRCA_LumA,1.0
B0b_dummy_mostfreq,0,3,recall__BRCA_LumA,1.0
B0b_dummy_mostfreq,0,4,recall__BRCA_LumA,1.0
B0b_dummy_mostfreq,1,0,recall__BRCA_LumA,1.0
B0b_dummy_mostfreq,1,1,recall__BRCA_LumA,1.0
B0b_dummy_mostfreq,1,2,recall__BRCA_LumA,1.0
B0b_dummy_mostfreq,1,3,recall__BRCA_LumA,1.0
B0b_dummy_mostfreq,1,4,recall__BRCA_LumA,1.0
B0b_dummy_mostfreq,2,0,recall__BRCA_LumA,1.0
B0b_dummy_mostfreq,2,1,recall__BRCA_LumA,1.0
B0b_dummy_mostfreq,2,2,recall__BRCA_LumA,1.0
B0b_dummy_mostfreq,2,3,recall__BRCA_LumA,1.0
B0b_dummy_mostfreq,2,4,recall__BRCA_LumA,1.0
B0b_dummy_mostfreq,3,0,recall__BRCA_LumA,1.0
B0b_dummy_mostfreq,3,1,recall__BRCA_LumA,1.0
B0b_dummy_mostfreq,3,2,recall__BRCA_LumA,1.0
B0b_dummy_mostfreq,3,3,recall__BRCA_LumA,1.0
B0b_dummy_mostfreq,3,4,recall__BRCA_LumA,1.0
B0b_dummy_mostfreq,4,0,recall__BRCA_LumA,1.0
B0b_dummy_mostfreq,4,1,recall__BRCA_LumA,1.0
B0b_dummy_mostfreq,4,2,recall__BRCA_LumA,1.0
B0b_dummy_mostfreq,4,3,recall__BRCA_LumA,1.0
B0b_dummy_mostfreq,4,4,recall__BRCA_LumA,1.0
B1_pam50_centroid,0,0,recall__BRCA_LumA,0.875
B1_pam50_centroid,0,1,recall__BRCA_LumA,0.8229166666666666
B1_pam50_centroid,0,2,recall__BRCA_LumA,0.8020833333333334
B1_pam50_centroid,0,3,recall__BRCA_LumA,0.78125
B1_pam50_centroid,0,4,recall__BRCA_LumA,0.7604166666666666
B1_pam50_centroid,1,0,recall__BRCA_LumA,0.75
B1_pam50_centroid,1,1,recall__BRCA_LumA,0.875
B1_pam50_centroid,1,2,recall__BRCA_LumA,0.78125
B1_pam50_centroid,1,3,recall__BRCA_LumA,0.7708333333333334
B1_pam50_centroid,1,4,recall__BRCA_LumA,0.8229166666666666
B1_pam50_centroid,2,0,recall__BRCA_LumA,0.75
B1_pam50_centroid,2,1,recall__BRCA_LumA,0.7916666666666666
B1_pam50_centroid,2,2,recall__BRCA_LumA,0.90625
B1_pam50_centroid,2,3,recall__BRCA_LumA,0.7916666666666666
B1_pam50_centroid,2,4,recall__BRCA_LumA,0.8229166666666666
B1_pam50_centroid,3,0,recall__BRCA_LumA,0.8125
B1_pam50_centroid,3,1,recall__BRCA_LumA,0.8333333333333334
B1_pam50_centroid,3,2,recall__BRCA_LumA,0.8125
B1_pam50_centroid,3,3,recall__BRCA_LumA,0.75
B1_pam50_centroid,3,4,recall__BRCA_LumA,0.8333333333333334
B1_pam50_centroid,4,0,recall__BRCA_LumA,0.7916666666666666
B1_pam50_centroid,4,1,recall__BRCA_LumA,0.8333333333333334
B1_pam50_centroid,4,2,recall__BRCA_LumA,0.7708333333333334
B1_pam50_centroid,4,3,recall__BRCA_LumA,0.8125
B1_pam50_centroid,4,4,recall__BRCA_LumA,0.84375
B2_elasticnet_logreg,0,0,recall__BRCA_LumA,0.9375
B2_elasticnet_logreg,0,1,recall__BRCA_LumA,0.8958333333333334
B2_elasticnet_logreg,0,2,recall__BRCA_LumA,0.90625
B2_elasticnet_logreg,0,3,recall__BRCA_LumA,0.9479166666666666
B2_elasticnet_logreg,0,4,recall__BRCA_LumA,0.9166666666666666
B2_elasticnet_logreg,1,0,recall__BRCA_LumA,0.9270833333333334
B2_elasticnet_logreg,1,1,recall__BRCA_LumA,0.9166666666666666
B2_elasticnet_logreg,1,2,recall__BRCA_LumA,0.8854166666666666
B2_elasticnet_logreg,1,3,recall__BRCA_LumA,0.8854166666666666
B2_elasticnet_logreg,1,4,recall__BRCA_LumA,0.90625
B2_elasticnet_logreg,2,0,recall__BRCA_LumA,0.8854166666666666
B2_elasticnet_logreg,2,1,recall__BRCA_LumA,0.90625
B2_elasticnet_logreg,2,2,recall__BRCA_LumA,0.96875
B2_elasticnet_logreg,2,3,recall__BRCA_LumA,0.9166666666666666
B2_elasticnet_logreg,2,4,recall__BRCA_LumA,0.8645833333333334
B2_elasticnet_logreg,3,0,recall__BRCA_LumA,0.8854166666666666
B2_elasticnet_logreg,3,1,recall__BRCA_LumA,0.875
B2_elasticnet_logreg,3,2,recall__BRCA_LumA,0.9270833333333334
B2_elasticnet_logreg,3,3,recall__BRCA_LumA,0.8645833333333334
B2_elasticnet_logreg,3,4,recall__BRCA_LumA,0.9583333333333334
B2_elasticnet_logreg,4,0,recall__BRCA_LumA,0.9479166666666666
B2_elasticnet_logreg,4,1,recall__BRCA_LumA,0.9166666666666666
B2_elasticnet_logreg,4,2,recall__BRCA_LumA,0.90625
B2_elasticnet_logreg,4,3,recall__BRCA_LumA,0.9270833333333334
B2_elasticnet_logreg,4,4,recall__BRCA_LumA,0.9479166666666666
B3_linear_svm,0,0,recall__BRCA_LumA,0.9375
B3_linear_svm,0,1,recall__BRCA_LumA,0.9270833333333334
B3_linear_svm,0,2,recall__BRCA_LumA,0.9375
B3_linear_svm,0,3,recall__BRCA_LumA,0.9375
B3_linear_svm,0,4,recall__BRCA_LumA,0.9375
B3_linear_svm,1,0,recall__BRCA_LumA,0.9375
B3_linear_svm,1,1,recall__BRCA_LumA,0.9166666666666666
B3_linear_svm,1,2,recall__BRCA_LumA,0.9166666666666666
B3_linear_svm,1,3,recall__BRCA_LumA,0.8854166666666666
B3_linear_svm,1,4,recall__BRCA_LumA,0.8958333333333334
B3_linear_svm,2,0,recall__BRCA_LumA,0.9270833333333334
B3_linear_svm,2,1,recall__BRCA_LumA,0.8958333333333334
B3_linear_svm,2,2,recall__BRCA_LumA,0.9479166666666666
B3_linear_svm,2,3,recall__BRCA_LumA,0.9375
B3_linear_svm,2,4,recall__BRCA_LumA,0.8958333333333334
B3_linear_svm,3,0,recall__BRCA_LumA,0.8958333333333334
B3_linear_svm,3,1,recall__BRCA_LumA,0.96875
B3_linear_svm,3,2,recall__BRCA_LumA,0.9479166666666666
B3_linear_svm,3,3,recall__BRCA_LumA,0.8958333333333334
B3_linear_svm,3,4,recall__BRCA_LumA,0.9479166666666666
B3_linear_svm,4,0,recall__BRCA_LumA,0.9375
B3_linear_svm,4,1,recall__BRCA_LumA,0.9270833333333334
B3_linear_svm,4,2,recall__BRCA_LumA,0.9270833333333334
B3_linear_svm,4,3,recall__BRCA_LumA,0.9583333333333334
B3_linear_svm,4,4,recall__BRCA_LumA,0.9583333333333334
B4_random_forest,0,0,recall__BRCA_LumA,0.9791666666666666
B4_random_forest,0,1,recall__BRCA_LumA,0.9791666666666666
B4_random_forest,0,2,recall__BRCA_LumA,0.9583333333333334
B4_random_forest,0,3,recall__BRCA_LumA,0.9583333333333334
B4_random_forest,0,4,recall__BRCA_LumA,0.96875
B4_random_forest,1,0,recall__BRCA_LumA,0.9479166666666666
B4_random_forest,1,1,recall__BRCA_LumA,0.96875
B4_random_forest,1,2,recall__BRCA_LumA,0.96875
B4_random_forest,1,3,recall__BRCA_LumA,0.9895833333333334
B4_random_forest,1,4,recall__BRCA_LumA,0.9583333333333334
B4_random_forest,2,0,recall__BRCA_LumA,0.9479166666666666
B4_random_forest,2,1,recall__BRCA_LumA,0.9583333333333334
B4_random_forest,2,2,recall__BRCA_LumA,0.9895833333333334
B4_random_forest,2,3,recall__BRCA_LumA,0.96875
B4_random_forest,2,4,recall__BRCA_LumA,0.9583333333333334
B4_random_forest,3,0,recall__BRCA_LumA,0.96875
B4_random_forest,3,1,recall__BRCA_LumA,0.9791666666666666
B4_random_forest,3,2,recall__BRCA_LumA,0.9375
B4_random_forest,3,3,recall__BRCA_LumA,0.96875
B4_random_forest,3,4,recall__BRCA_LumA,0.96875
B4_random_forest,4,0,recall__BRCA_LumA,0.96875
B4_random_forest,4,1,recall__BRCA_LumA,0.9583333333333334
B4_random_forest,4,2,recall__BRCA_LumA,0.9895833333333334
B4_random_forest,4,3,recall__BRCA_LumA,0.96875
B4_random_forest,4,4,recall__BRCA_LumA,0.96875
B5_xgboost,0,0,recall__BRCA_LumA,0.96875
B5_xgboost,0,1,recall__BRCA_LumA,0.9166666666666666
B5_xgboost,0,2,recall__BRCA_LumA,0.9375
B5_xgboost,0,3,recall__BRCA_LumA,0.9479166666666666
B5_xgboost,0,4,recall__BRCA_LumA,0.9375
B5_xgboost,1,0,recall__BRCA_LumA,0.9375
B5_xgboost,1,1,recall__BRCA_LumA,0.9583333333333334
B5_xgboost,1,2,recall__BRCA_LumA,0.9583333333333334
B5_xgboost,1,3,recall__BRCA_LumA,0.9583333333333334
B5_xgboost,1,4,recall__BRCA_LumA,0.9583333333333334
B5_xgboost,2,0,recall__BRCA_LumA,0.8958333333333334
B5_xgboost,2,1,recall__BRCA_LumA,0.9479166666666666
B5_xgboost,2,2,recall__BRCA_LumA,0.9791666666666666
B5_xgboost,2,3,recall__BRCA_LumA,0.9479166666666666
B5_xgboost,2,4,recall__BRCA_LumA,0.9270833333333334
B5_xgboost,3,0,recall__BRCA_LumA,0.9583333333333334
B5_xgboost,3,1,recall__BRCA_LumA,0.96875
B5_xgboost,3,2,recall__BRCA_LumA,0.90625
B5_xgboost,3,3,recall__BRCA_LumA,0.9479166666666666
B5_xgboost,3,4,recall__BRCA_LumA,0.9895833333333334
B5_xgboost,4,0,recall__BRCA_LumA,0.9375
B5_xgboost,4,1,recall__BRCA_LumA,0.9270833333333334
B5_xgboost,4,2,recall__BRCA_LumA,0.9583333333333334
B5_xgboost,4,3,recall__BRCA_LumA,0.9583333333333334
B5_xgboost,4,4,recall__BRCA_LumA,0.96875
B2_elasticnet_logreg__LATE,0,0,recall__BRCA_LumA,0.90625
B2_elasticnet_logreg__LATE,0,1,recall__BRCA_LumA,0.8541666666666666
B2_elasticnet_logreg__LATE,0,2,recall__BRCA_LumA,0.9375
B2_elasticnet_logreg__LATE,0,3,recall__BRCA_LumA,0.9479166666666666
B2_elasticnet_logreg__LATE,0,4,recall__BRCA_LumA,0.9270833333333334
B2_elasticnet_logreg__LATE,1,0,recall__BRCA_LumA,0.9375
B2_elasticnet_logreg__LATE,1,1,recall__BRCA_LumA,0.9479166666666666
B2_elasticnet_logreg__LATE,1,2,recall__BRCA_LumA,0.9270833333333334
B2_elasticnet_logreg__LATE,1,3,recall__BRCA_LumA,0.8229166666666666
B2_elasticnet_logreg__LATE,1,4,recall__BRCA_LumA,0.8958333333333334
B2_elasticnet_logreg__LATE,2,0,recall__BRCA_LumA,0.8645833333333334
B2_elasticnet_logreg__LATE,2,1,recall__BRCA_LumA,0.9166666666666666
B2_elasticnet_logreg__LATE,2,2,recall__BRCA_LumA,0.9270833333333334
B2_elasticnet_logreg__LATE,2,3,recall__BRCA_LumA,0.9270833333333334
B2_elasticnet_logreg__LATE,2,4,recall__BRCA_LumA,0.8645833333333334
B2_elasticnet_logreg__LATE,3,0,recall__BRCA_LumA,0.8854166666666666
B2_elasticnet_logreg__LATE,3,1,recall__BRCA_LumA,0.9166666666666666
B2_elasticnet_logreg__LATE,3,2,recall__BRCA_LumA,0.9270833333333334
B2_elasticnet_logreg__LATE,3,3,recall__BRCA_LumA,0.90625
B2_elasticnet_logreg__LATE,3,4,recall__BRCA_LumA,0.9479166666666666
B2_elasticnet_logreg__LATE,4,0,recall__BRCA_LumA,0.9166666666666666
B2_elasticnet_logreg__LATE,4,1,recall__BRCA_LumA,0.9166666666666666
B2_elasticnet_logreg__LATE,4,2,recall__BRCA_LumA,0.90625
B2_elasticnet_logreg__LATE,4,3,recall__BRCA_LumA,0.90625
B2_elasticnet_logreg__LATE,4,4,recall__BRCA_LumA,0.9479166666666666
B3_linear_svm__LATE,0,0,recall__BRCA_LumA,0.96875
B3_linear_svm__LATE,0,1,recall__BRCA_LumA,0.9375
B3_linear_svm__LATE,0,2,recall__BRCA_LumA,1.0
B3_linear_svm__LATE,0,3,recall__BRCA_LumA,0.9895833333333334
B3_linear_svm__LATE,0,4,recall__BRCA_LumA,1.0
B3_linear_svm__LATE,1,0,recall__BRCA_LumA,1.0
B3_linear_svm__LATE,1,1,recall__BRCA_LumA,0.9791666666666666
B3_linear_svm__LATE,1,2,recall__BRCA_LumA,1.0
B3_linear_svm__LATE,1,3,recall__BRCA_LumA,0.9375
B3_linear_svm__LATE,1,4,recall__BRCA_LumA,0.9791666666666666
B3_linear_svm__LATE,2,0,recall__BRCA_LumA,0.9479166666666666
B3_linear_svm__LATE,2,1,recall__BRCA_LumA,0.9583333333333334
B3_linear_svm__LATE,2,2,recall__BRCA_LumA,0.9791666666666666
B3_linear_svm__LATE,2,3,recall__BRCA_LumA,0.9791666666666666
B3_linear_svm__LATE,2,4,recall__BRCA_LumA,0.9375
B3_linear_svm__LATE,3,0,recall__BRCA_LumA,0.9479166666666666
B3_linear_svm__LATE,3,1,recall__BRCA_LumA,0.96875
B3_linear_svm__LATE,3,2,recall__BRCA_LumA,0.9895833333333334
B3_linear_svm__LATE,3,3,recall__BRCA_LumA,0.96875
B3_linear_svm__LATE,3,4,recall__BRCA_LumA,1.0
B3_linear_svm__LATE,4,0,recall__BRCA_LumA,0.9791666666666666
B3_linear_svm__LATE,4,1,recall__BRCA_LumA,0.9895833333333334
B3_linear_svm__LATE,4,2,recall__BRCA_LumA,0.9583333333333334
B3_linear_svm__LATE,4,3,recall__BRCA_LumA,0.9583333333333334
B3_linear_svm__LATE,4,4,recall__BRCA_LumA,0.96875
B4_random_forest__LATE,0,0,recall__BRCA_LumA,0.9895833333333334
B4_random_forest__LATE,0,1,recall__BRCA_LumA,0.9791666666666666
B4_random_forest__LATE,0,2,recall__BRCA_LumA,0.9895833333333334
B4_random_forest__LATE,0,3,recall__BRCA_LumA,0.9895833333333334
B4_random_forest__LATE,0,4,recall__BRCA_LumA,1.0
B4_random_forest__LATE,1,0,recall__BRCA_LumA,1.0
B4_random_forest__LATE,1,1,recall__BRCA_LumA,1.0
B4_random_forest__LATE,1,2,recall__BRCA_LumA,0.9895833333333334
B4_random_forest__LATE,1,3,recall__BRCA_LumA,1.0
B4_random_forest__LATE,1,4,recall__BRCA_LumA,0.9791666666666666
B4_random_forest__LATE,2,0,recall__BRCA_LumA,0.9895833333333334
B4_random_forest__LATE,2,1,recall__BRCA_LumA,0.9895833333333334
B4_random_forest__LATE,2,2,recall__BRCA_LumA,1.0
B4_random_forest__LATE,2,3,recall__BRCA_LumA,0.9791666666666666
B4_random_forest__LATE,2,4,recall__BRCA_LumA,0.96875
B4_random_forest__LATE,3,0,recall__BRCA_LumA,0.9791666666666666
B4_random_forest__LATE,3,1,recall__BRCA_LumA,0.9895833333333334
B4_random_forest__LATE,3,2,recall__BRCA_LumA,0.9895833333333334
B4_random_forest__LATE,3,3,recall__BRCA_LumA,1.0
B4_random_forest__LATE,3,4,recall__BRCA_LumA,1.0
B4_random_forest__LATE,4,0,recall__BRCA_LumA,1.0
B4_random_forest__LATE,4,1,recall__BRCA_LumA,0.9791666666666666
B4_random_forest__LATE,4,2,recall__BRCA_LumA,0.9895833333333334
B4_random_forest__LATE,4,3,recall__BRCA_LumA,0.96875
B4_random_forest__LATE,4,4,recall__BRCA_LumA,1.0
B5_xgboost__LATE,0,0,recall__BRCA_LumA,0.9166666666666666
B5_xgboost__LATE,0,1,recall__BRCA_LumA,0.8854166666666666
B5_xgboost__LATE,0,2,recall__BRCA_LumA,0.9479166666666666
B5_xgboost__LATE,0,3,recall__BRCA_LumA,0.9375
B5_xgboost__LATE,0,4,recall__BRCA_LumA,0.9375
B5_xgboost__LATE,1,0,recall__BRCA_LumA,0.9583333333333334
B5_xgboost__LATE,1,1,recall__BRCA_LumA,0.9791666666666666
B5_xgboost__LATE,1,2,recall__BRCA_LumA,0.96875
B5_xgboost__LATE,1,3,recall__BRCA_LumA,0.90625
B5_xgboost__LATE,1,4,recall__BRCA_LumA,0.9583333333333334
B5_xgboost__LATE,2,0,recall__BRCA_LumA,0.9479166666666666
B5_xgboost__LATE,2,1,recall__BRCA_LumA,0.9270833333333334
B5_xgboost__LATE,2,2,recall__BRCA_LumA,0.9583333333333334
B5_xgboost__LATE,2,3,recall__BRCA_LumA,0.9375
B5_xgboost__LATE,2,4,recall__BRCA_LumA,0.84375
B5_xgboost__LATE,3,0,recall__BRCA_LumA,0.9166666666666666
B5_xgboost__LATE,3,1,recall__BRCA_LumA,0.9375
B5_xgboost__LATE,3,2,recall__BRCA_LumA,0.9479166666666666
B5_xgboost__LATE,3,3,recall__BRCA_LumA,0.9270833333333334
B5_xgboost__LATE,3,4,recall__BRCA_LumA,0.96875
B5_xgboost__LATE,4,0,recall__BRCA_LumA,0.9375
B5_xgboost__LATE,4,1,recall__BRCA_LumA,0.9479166666666666
B5_xgboost__LATE,4,2,recall__BRCA_LumA,0.9270833333333334
B5_xgboost__LATE,4,3,recall__BRCA_LumA,0.9270833333333334
B5_xgboost__LATE,4,4,recall__BRCA_LumA,0.9479166666666666
B0a_dummy_stratified,0,0,f1__BRCA_LumB,0.23076923076923078
B0a_dummy_stratified,0,1,f1__BRCA_LumB,0.358974358974359
B0a_dummy_stratified,0,2,f1__BRCA_LumB,0.23684210526315788
B0a_dummy_stratified,0,3,f1__BRCA_LumB,0.3157894736842105
B0a_dummy_stratified,0,4,f1__BRCA_LumB,0.21052631578947367
B0a_dummy_stratified,1,0,f1__BRCA_LumB,0.2564102564102564
B0a_dummy_stratified,1,1,f1__BRCA_LumB,0.1794871794871795
B0a_dummy_stratified,1,2,f1__BRCA_LumB,0.21052631578947367
B0a_dummy_stratified,1,3,f1__BRCA_LumB,0.2631578947368421
B0a_dummy_stratified,1,4,f1__BRCA_LumB,0.15789473684210525
B0a_dummy_stratified,2,0,f1__BRCA_LumB,0.1282051282051282
B0a_dummy_stratified,2,1,f1__BRCA_LumB,0.28205128205128205
B0a_dummy_stratified,2,2,f1__BRCA_LumB,0.15789473684210525
B0a_dummy_stratified,2,3,f1__BRCA_LumB,0.15789473684210525
B0a_dummy_stratified,2,4,f1__BRCA_LumB,0.21052631578947367
B0a_dummy_stratified,3,0,f1__BRCA_LumB,0.1794871794871795
B0a_dummy_stratified,3,1,f1__BRCA_LumB,0.1794871794871795
B0a_dummy_stratified,3,2,f1__BRCA_LumB,0.23684210526315788
B0a_dummy_stratified,3,3,f1__BRCA_LumB,0.23684210526315788
B0a_dummy_stratified,3,4,f1__BRCA_LumB,0.18421052631578946
B0a_dummy_stratified,4,0,f1__BRCA_LumB,0.1282051282051282
B0a_dummy_stratified,4,1,f1__BRCA_LumB,0.2564102564102564
B0a_dummy_stratified,4,2,f1__BRCA_LumB,0.13157894736842105
B0a_dummy_stratified,4,3,f1__BRCA_LumB,0.2894736842105263
B0a_dummy_stratified,4,4,f1__BRCA_LumB,0.23684210526315788
B0b_dummy_mostfreq,0,0,f1__BRCA_LumB,0.0
B0b_dummy_mostfreq,0,1,f1__BRCA_LumB,0.0
B0b_dummy_mostfreq,0,2,f1__BRCA_LumB,0.0
B0b_dummy_mostfreq,0,3,f1__BRCA_LumB,0.0
B0b_dummy_mostfreq,0,4,f1__BRCA_LumB,0.0
B0b_dummy_mostfreq,1,0,f1__BRCA_LumB,0.0
B0b_dummy_mostfreq,1,1,f1__BRCA_LumB,0.0
B0b_dummy_mostfreq,1,2,f1__BRCA_LumB,0.0
B0b_dummy_mostfreq,1,3,f1__BRCA_LumB,0.0
B0b_dummy_mostfreq,1,4,f1__BRCA_LumB,0.0
B0b_dummy_mostfreq,2,0,f1__BRCA_LumB,0.0
B0b_dummy_mostfreq,2,1,f1__BRCA_LumB,0.0
B0b_dummy_mostfreq,2,2,f1__BRCA_LumB,0.0
B0b_dummy_mostfreq,2,3,f1__BRCA_LumB,0.0
B0b_dummy_mostfreq,2,4,f1__BRCA_LumB,0.0
B0b_dummy_mostfreq,3,0,f1__BRCA_LumB,0.0
B0b_dummy_mostfreq,3,1,f1__BRCA_LumB,0.0
B0b_dummy_mostfreq,3,2,f1__BRCA_LumB,0.0
B0b_dummy_mostfreq,3,3,f1__BRCA_LumB,0.0
B0b_dummy_mostfreq,3,4,f1__BRCA_LumB,0.0
B0b_dummy_mostfreq,4,0,f1__BRCA_LumB,0.0
B0b_dummy_mostfreq,4,1,f1__BRCA_LumB,0.0
B0b_dummy_mostfreq,4,2,f1__BRCA_LumB,0.0
B0b_dummy_mostfreq,4,3,f1__BRCA_LumB,0.0
B0b_dummy_mostfreq,4,4,f1__BRCA_LumB,0.0
B1_pam50_centroid,0,0,f1__BRCA_LumB,0.8292682926829268
B1_pam50_centroid,0,1,f1__BRCA_LumB,0.8192771084337349
B1_pam50_centroid,0,2,f1__BRCA_LumB,0.7228915662650602
B1_pam50_centroid,0,3,f1__BRCA_LumB,0.7555555555555555
B1_pam50_centroid,0,4,f1__BRCA_LumB,0.8181818181818182
B1_pam50_centroid,1,0,f1__BRCA_LumB,0.7551020408163265
B1_pam50_centroid,1,1,f1__BRCA_LumB,0.8461538461538461
B1_pam50_centroid,1,2,f1__BRCA_LumB,0.7727272727272727
B1_pam50_centroid,1,3,f1__BRCA_LumB,0.7341772151898734
B1_pam50_centroid,1,4,f1__BRCA_LumB,0.8314606741573034
B1_pam50_centroid,2,0,f1__BRCA_LumB,0.7789473684210526
B1_pam50_centroid,2,1,f1__BRCA_LumB,0.7674418604651163
B1_pam50_centroid,2,2,f1__BRCA_LumB,0.9135802469135802
B1_pam50_centroid,2,3,f1__BRCA_LumB,0.7764705882352941
B1_pam50_centroid,2,4,f1__BRCA_LumB,0.7469879518072289
B1_pam50_centroid,3,0,f1__BRCA_LumB,0.8314606741573034
B1_pam50_centroid,3,1,f1__BRCA_LumB,0.7951807228915663
B1_pam50_centroid,3,2,f1__BRCA_LumB,0.7951807228915663
B1_pam50_centroid,3,3,f1__BRCA_LumB,0.8043478260869565
B1_pam50_centroid,3,4,f1__BRCA_LumB,0.7619047619047619
B1_pam50_centroid,4,0,f1__BRCA_LumB,0.7816091954022989
B1_pam50_centroid,4,1,f1__BRCA_LumB,0.759493670886076
B1_pam50_centroid,4,2,f1__BRCA_LumB,0.7956989247311828
B1_pam50_centroid,4,3,f1__BRCA_LumB,0.813953488372093
B1_pam50_centroid,4,4,f1__BRCA_LumB,0.8470588235294118
B2_elasticnet_logreg,0,0,f1__BRCA_LumB,0.8157894736842105
B2_elasticnet_logreg,0,1,f1__BRCA_LumB,0.8354430379746836
B2_elasticnet_logreg,0,2,f1__BRCA_LumB,0.7848101265822784
B2_elasticnet_logreg,0,3,f1__BRCA_LumB,0.8974358974358975
B2_elasticnet_logreg,0,4,f1__BRCA_LumB,0.8705882352941177
B2_elasticnet_logreg,1,0,f1__BRCA_LumB,0.8395061728395061
B2_elasticnet_logreg,1,1,f1__BRCA_LumB,0.7671232876712328
B2_elasticnet_logreg,1,2,f1__BRCA_LumB,0.8470588235294118
B2_elasticnet_logreg,1,3,f1__BRCA_LumB,0.7804878048780488
B2_elasticnet_logreg,1,4,f1__BRCA_LumB,0.8048780487804879
B2_elasticnet_logreg,2,0,f1__BRCA_LumB,0.8275862068965517
B2_elasticnet_logreg,2,1,f1__BRCA_LumB,0.7951807228915663
B2_elasticnet_logreg,2,2,f1__BRCA_LumB,0.8831168831168831
B2_elasticnet_logreg,2,3,f1__BRCA_LumB,0.825
B2_elasticnet_logreg,2,4,f1__BRCA_LumB,0.8095238095238095
B2_elasticnet_logreg,3,0,f1__BRCA_LumB,0.7529411764705882
B2_elasticnet_logreg,3,1,f1__BRCA_LumB,0.8
B2_elasticnet_logreg,3,2,f1__BRCA_LumB,0.7631578947368421
B2_elasticnet_logreg,3,3,f1__BRCA_LumB,0.8539325842696629
B2_elasticnet_logreg,3,4,f1__BRCA_LumB,0.925
B2_elasticnet_logreg,4,0,f1__BRCA_LumB,0.8641975308641975
B2_elasticnet_logreg,4,1,f1__BRCA_LumB,0.8048780487804879
B2_elasticnet_logreg,4,2,f1__BRCA_LumB,0.8192771084337349
B2_elasticnet_logreg,4,3,f1__BRCA_LumB,0.8354430379746836
B2_elasticnet_logreg,4,4,f1__BRCA_LumB,0.8831168831168831
B3_linear_svm,0,0,f1__BRCA_LumB,0.7894736842105263
B3_linear_svm,0,1,f1__BRCA_LumB,0.8461538461538461
B3_linear_svm,0,2,f1__BRCA_LumB,0.8205128205128205
B3_linear_svm,0,3,f1__BRCA_LumB,0.7397260273972602
B3_linear_svm,0,4,f1__BRCA_LumB,0.825
B3_linear_svm,1,0,f1__BRCA_LumB,0.75
B3_linear_svm,1,1,f1__BRCA_LumB,0.7631578947368421
B3_linear_svm,1,2,f1__BRCA_LumB,0.8148148148148148
B3_linear_svm,1,3,f1__BRCA_LumB,0.7341772151898734
B3_linear_svm,1,4,f1__BRCA_LumB,0.7380952380952381
B3_linear_svm,2,0,f1__BRCA_LumB,0.8148148148148148
B3_linear_svm,2,1,f1__BRCA_LumB,0.7341772151898734
B3_linear_svm,2,2,f1__BRCA_LumB,0.7792207792207793
B3_linear_svm,2,3,f1__BRCA_LumB,0.810126582278481
B3_linear_svm,2,4,f1__BRCA_LumB,0.75
B3_linear_svm,3,0,f1__BRCA_LumB,0.7
B3_linear_svm,3,1,f1__BRCA_LumB,0.8648648648648649
B3_linear_svm,3,2,f1__BRCA_LumB,0.75
B3_linear_svm,3,3,f1__BRCA_LumB,0.7804878048780488
B3_linear_svm,3,4,f1__BRCA_LumB,0.875
B3_linear_svm,4,0,f1__BRCA_LumB,0.825
B3_linear_svm,4,1,f1__BRCA_LumB,0.8235294117647058
B3_linear_svm,4,2,f1__BRCA_LumB,0.7848101265822784
B3_linear_svm,4,3,f1__BRCA_LumB,0.7887323943661971
B3_linear_svm,4,4,f1__BRCA_LumB,0.8421052631578947
B4_random_forest,0,0,f1__BRCA_LumB,0.8333333333333334
B4_random_forest,0,1,f1__BRCA_LumB,0.8732394366197183
B4_random_forest,0,2,f1__BRCA_LumB,0.875
B4_random_forest,0,3,f1__BRCA_LumB,0.8157894736842105
B4_random_forest,0,4,f1__BRCA_LumB,0.9024390243902439
B4_random_forest,1,0,f1__BRCA_LumB,0.8571428571428571
B4_random_forest,1,1,f1__BRCA_LumB,0.8
B4_random_forest,1,2,f1__BRCA_LumB,0.8266666666666667
B4_random_forest,1,3,f1__BRCA_LumB,0.8732394366197183
B4_random_forest,1,4,f1__BRCA_LumB,0.8108108108108109
B4_random_forest,2,0,f1__BRCA_LumB,0.8888888888888888
B4_random_forest,2,1,f1__BRCA_LumB,0.8055555555555556
B4_random_forest,2,2,f1__BRCA_LumB,0.8493150684931506
B4_random_forest,2,3,f1__BRCA_LumB,0.8533333333333334
B4_random_forest,2,4,f1__BRCA_LumB,0.8717948717948718
B4_random_forest,3,0,f1__BRCA_LumB,0.8
B4_random_forest,3,1,f1__BRCA_LumB,0.8648648648648649
B4_random_forest,3,2,f1__BRCA_LumB,0.7733333333333333
B4_random_forest,3,3,f1__BRCA_LumB,0.8533333333333334
B4_random_forest,3,4,f1__BRCA_LumB,0.9090909090909091
B4_random_forest,4,0,f1__BRCA_LumB,0.8831168831168831
B4_random_forest,4,1,f1__BRCA_LumB,0.8148148148148148
B4_random_forest,4,2,f1__BRCA_LumB,0.8059701492537313
B4_random_forest,4,3,f1__BRCA_LumB,0.8421052631578947
B4_random_forest,4,4,f1__BRCA_LumB,0.935064935064935
B5_xgboost,0,0,f1__BRCA_LumB,0.8450704225352113
B5_xgboost,0,1,f1__BRCA_LumB,0.8571428571428571
B5_xgboost,0,2,f1__BRCA_LumB,0.8809523809523809
B5_xgboost,0,3,f1__BRCA_LumB,0.8860759493670886
B5_xgboost,0,4,f1__BRCA_LumB,0.8705882352941177
B5_xgboost,1,0,f1__BRCA_LumB,0.8333333333333334
B5_xgboost,1,1,f1__BRCA_LumB,0.8571428571428571
B5_xgboost,1,2,f1__BRCA_LumB,0.8860759493670886
B5_xgboost,1,3,f1__BRCA_LumB,0.8533333333333334
B5_xgboost,1,4,f1__BRCA_LumB,0.8888888888888888
B5_xgboost,2,0,f1__BRCA_LumB,0.8470588235294118
B5_xgboost,2,1,f1__BRCA_LumB,0.8
B5_xgboost,2,2,f1__BRCA_LumB,0.8947368421052632
B5_xgboost,2,3,f1__BRCA_LumB,0.868421052631579
B5_xgboost,2,4,f1__BRCA_LumB,0.825
B5_xgboost,3,0,f1__BRCA_LumB,0.8395061728395061
B5_xgboost,3,1,f1__BRCA_LumB,0.9090909090909091
B5_xgboost,3,2,f1__BRCA_LumB,0.810126582278481
B5_xgboost,3,3,f1__BRCA_LumB,0.9
B5_xgboost,3,4,f1__BRCA_LumB,0.9473684210526315
B5_xgboost,4,0,f1__BRCA_LumB,0.875
B5_xgboost,4,1,f1__BRCA_LumB,0.8333333333333334
B5_xgboost,4,2,f1__BRCA_LumB,0.8717948717948718
B5_xgboost,4,3,f1__BRCA_LumB,0.8860759493670886
B5_xgboost,4,4,f1__BRCA_LumB,0.9473684210526315
B2_elasticnet_logreg__LATE,0,0,f1__BRCA_LumB,0.6933333333333334
B2_elasticnet_logreg__LATE,0,1,f1__BRCA_LumB,0.6987951807228916
B2_elasticnet_logreg__LATE,0,2,f1__BRCA_LumB,0.7246376811594203
B2_elasticnet_logreg__LATE,0,3,f1__BRCA_LumB,0.7142857142857143
B2_elasticnet_logreg__LATE,0,4,f1__BRCA_LumB,0.7532467532467533
B2_elasticnet_logreg__LATE,1,0,f1__BRCA_LumB,0.7012987012987013
B2_elasticnet_logreg__LATE,1,1,f1__BRCA_LumB,0.696969696969697
B2_elasticnet_logreg__LATE,1,2,f1__BRCA_LumB,0.6944444444444444
B2_elasticnet_logreg__LATE,1,3,f1__BRCA_LumB,0.6329113924050633
B2_elasticnet_logreg__LATE,1,4,f1__BRCA_LumB,0.6835443037974683
B2_elasticnet_logreg__LATE,2,0,f1__BRCA_LumB,0.6666666666666666
B2_elasticnet_logreg__LATE,2,1,f1__BRCA_LumB,0.6086956521739131
B2_elasticnet_logreg__LATE,2,2,f1__BRCA_LumB,0.7532467532467533
B2_elasticnet_logreg__LATE,2,3,f1__BRCA_LumB,0.7733333333333333
B2_elasticnet_logreg__LATE,2,4,f1__BRCA_LumB,0.7
B2_elasticnet_logreg__LATE,3,0,f1__BRCA_LumB,0.691358024691358
B2_elasticnet_logreg__LATE,3,1,f1__BRCA_LumB,0.8051948051948052
B2_elasticnet_logreg__LATE,3,2,f1__BRCA_LumB,0.6197183098591549
B2_elasticnet_logreg__LATE,3,3,f1__BRCA_LumB,0.6923076923076923
B2_elasticnet_logreg__LATE,3,4,f1__BRCA_LumB,0.8311688311688312
B2_elasticnet_logreg__LATE,4,0,f1__BRCA_LumB,0.7272727272727273
B2_elasticnet_logreg__LATE,4,1,f1__BRCA_LumB,0.7901234567901234
B2_elasticnet_logreg__LATE,4,2,f1__BRCA_LumB,0.6486486486486487
B2_elasticnet_logreg__LATE,4,3,f1__BRCA_LumB,0.7105263157894737
B2_elasticnet_logreg__LATE,4,4,f1__BRCA_LumB,0.7714285714285715
B3_linear_svm__LATE,0,0,f1__BRCA_LumB,0.6349206349206349
B3_linear_svm__LATE,0,1,f1__BRCA_LumB,0.7323943661971831
B3_linear_svm__LATE,0,2,f1__BRCA_LumB,0.631578947368421
B3_linear_svm__LATE,0,3,f1__BRCA_LumB,0.6333333333333333
B3_linear_svm__LATE,0,4,f1__BRCA_LumB,0.782608695652174
B3_linear_svm__LATE,1,0,f1__BRCA_LumB,0.71875
B3_linear_svm__LATE,1,1,f1__BRCA_LumB,0.6101694915254238
B3_linear_svm__LATE,1,2,f1__BRCA_LumB,0.7301587301587301
B3_linear_svm__LATE,1,3,f1__BRCA_LumB,0.6567164179104478
B3_linear_svm__LATE,1,4,f1__BRCA_LumB,0.696969696969697
B3_linear_svm__LATE,2,0,f1__BRCA_LumB,0.75
B3_linear_svm__LATE,2,1,f1__BRCA_LumB,0.696969696969697
B3_linear_svm__LATE,2,2,f1__BRCA_LumB,0.6451612903225806
B3_linear_svm__LATE,2,3,f1__BRCA_LumB,0.8059701492537313
B3_linear_svm__LATE,2,4,f1__BRCA_LumB,0.7222222222222222
B3_linear_svm__LATE,3,0,f1__BRCA_LumB,0.6176470588235294
B3_linear_svm__LATE,3,1,f1__BRCA_LumB,0.6875
B3_linear_svm__LATE,3,2,f1__BRCA_LumB,0.6885245901639344
B3_linear_svm__LATE,3,3,f1__BRCA_LumB,0.6956521739130435
B3_linear_svm__LATE,3,4,f1__BRCA_LumB,0.8235294117647058
B3_linear_svm__LATE,4,0,f1__BRCA_LumB,0.7536231884057971
B3_linear_svm__LATE,4,1,f1__BRCA_LumB,0.7536231884057971
B3_linear_svm__LATE,4,2,f1__BRCA_LumB,0.6461538461538462
B3_linear_svm__LATE,4,3,f1__BRCA_LumB,0.6363636363636364
B3_linear_svm__LATE,4,4,f1__BRCA_LumB,0.7941176470588235
B4_random_forest__LATE,0,0,f1__BRCA_LumB,0.6101694915254238
B4_random_forest__LATE,0,1,f1__BRCA_LumB,0.6333333333333333
B4_random_forest__LATE,0,2,f1__BRCA_LumB,0.5185185185185185
B4_random_forest__LATE,0,3,f1__BRCA_LumB,0.6229508196721312
B4_random_forest__LATE,0,4,f1__BRCA_LumB,0.6557377049180327
B4_random_forest__LATE,1,0,f1__BRCA_LumB,0.59375
B4_random_forest__LATE,1,1,f1__BRCA_LumB,0.5555555555555556
B4_random_forest__LATE,1,2,f1__BRCA_LumB,0.5862068965517241
B4_random_forest__LATE,1,3,f1__BRCA_LumB,0.6440677966101694
B4_random_forest__LATE,1,4,f1__BRCA_LumB,0.5517241379310345
B4_random_forest__LATE,2,0,f1__BRCA_LumB,0.71875
B4_random_forest__LATE,2,1,f1__BRCA_LumB,0.509090909090909
B4_random_forest__LATE,2,2,f1__BRCA_LumB,0.509090909090909
B4_random_forest__LATE,2,3,f1__BRCA_LumB,0.7164179104477612
B4_random_forest__LATE,2,4,f1__BRCA_LumB,0.49122807017543857
B4_random_forest__LATE,3,0,f1__BRCA_LumB,0.49122807017543857
B4_random_forest__LATE,3,1,f1__BRCA_LumB,0.7
B4_random_forest__LATE,3,2,f1__BRCA_LumB,0.509090909090909
B4_random_forest__LATE,3,3,f1__BRCA_LumB,0.6129032258064516
B4_random_forest__LATE,3,4,f1__BRCA_LumB,0.5454545454545454
B4_random_forest__LATE,4,0,f1__BRCA_LumB,0.5555555555555556
B4_random_forest__LATE,4,1,f1__BRCA_LumB,0.676923076923077
B4_random_forest__LATE,4,2,f1__BRCA_LumB,0.5454545454545454
B4_random_forest__LATE,4,3,f1__BRCA_LumB,0.5666666666666667
B4_random_forest__LATE,4,4,f1__BRCA_LumB,0.7
B5_xgboost__LATE,0,0,f1__BRCA_LumB,0.6764705882352942
B5_xgboost__LATE,0,1,f1__BRCA_LumB,0.676056338028169
B5_xgboost__LATE,0,2,f1__BRCA_LumB,0.7246376811594203
B5_xgboost__LATE,0,3,f1__BRCA_LumB,0.7837837837837838
B5_xgboost__LATE,0,4,f1__BRCA_LumB,0.7948717948717948
B5_xgboost__LATE,1,0,f1__BRCA_LumB,0.7894736842105263
B5_xgboost__LATE,1,1,f1__BRCA_LumB,0.8235294117647058
B5_xgboost__LATE,1,2,f1__BRCA_LumB,0.7142857142857143
B5_xgboost__LATE,1,3,f1__BRCA_LumB,0.6571428571428571
B5_xgboost__LATE,1,4,f1__BRCA_LumB,0.7777777777777778
B5_xgboost__LATE,2,0,f1__BRCA_LumB,0.6956521739130435
B5_xgboost__LATE,2,1,f1__BRCA_LumB,0.6268656716417911
B5_xgboost__LATE,2,2,f1__BRCA_LumB,0.7536231884057971
B5_xgboost__LATE,2,3,f1__BRCA_LumB,0.8533333333333334
B5_xgboost__LATE,2,4,f1__BRCA_LumB,0.6216216216216216
B5_xgboost__LATE,3,0,f1__BRCA_LumB,0.6923076923076923
B5_xgboost__LATE,3,1,f1__BRCA_LumB,0.704225352112676
B5_xgboost__LATE,3,2,f1__BRCA_LumB,0.6865671641791045
B5_xgboost__LATE,3,3,f1__BRCA_LumB,0.85
B5_xgboost__LATE,3,4,f1__BRCA_LumB,0.7777777777777778
B5_xgboost__LATE,4,0,f1__BRCA_LumB,0.7297297297297297
B5_xgboost__LATE,4,1,f1__BRCA_LumB,0.7733333333333333
B5_xgboost__LATE,4,2,f1__BRCA_LumB,0.6363636363636364
B5_xgboost__LATE,4,3,f1__BRCA_LumB,0.7297297297297297
B5_xgboost__LATE,4,4,f1__BRCA_LumB,0.8378378378378378
B0a_dummy_stratified,0,0,precision__BRCA_LumB,0.23076923076923078
B0a_dummy_stratified,0,1,precision__BRCA_LumB,0.35
B0a_dummy_stratified,0,2,precision__BRCA_LumB,0.24324324324324326
B0a_dummy_stratified,0,3,precision__BRCA_LumB,0.32432432432432434
B0a_dummy_stratified,0,4,precision__BRCA_LumB,0.21621621621621623
B0a_dummy_stratified,1,0,precision__BRCA_LumB,0.2564102564102564
B0a_dummy_stratified,1,1,precision__BRCA_LumB,0.175
B0a_dummy_stratified,1,2,precision__BRCA_LumB,0.21621621621621623
B0a_dummy_stratified,1,3,precision__BRCA_LumB,0.2702702702702703
B0a_dummy_stratified,1,4,precision__BRCA_LumB,0.16216216216216217
B0a_dummy_stratified,2,0,precision__BRCA_LumB,0.1282051282051282
B0a_dummy_stratified,2,1,precision__BRCA_LumB,0.275
B0a_dummy_stratified,2,2,precision__BRCA_LumB,0.16216216216216217
B0a_dummy_stratified,2,3,precision__BRCA_LumB,0.16216216216216217
B0a_dummy_stratified,2,4,precision__BRCA_LumB,0.21621621621621623
B0a_dummy_stratified,3,0,precision__BRCA_LumB,0.1794871794871795
B0a_dummy_stratified,3,1,precision__BRCA_LumB,0.175
B0a_dummy_stratified,3,2,precision__BRCA_LumB,0.24324324324324326
B0a_dummy_stratified,3,3,precision__BRCA_LumB,0.24324324324324326
B0a_dummy_stratified,3,4,precision__BRCA_LumB,0.1891891891891892
B0a_dummy_stratified,4,0,precision__BRCA_LumB,0.1282051282051282
B0a_dummy_stratified,4,1,precision__BRCA_LumB,0.25
B0a_dummy_stratified,4,2,precision__BRCA_LumB,0.13513513513513514
B0a_dummy_stratified,4,3,precision__BRCA_LumB,0.2972972972972973
B0a_dummy_stratified,4,4,precision__BRCA_LumB,0.24324324324324326
B0b_dummy_mostfreq,0,0,precision__BRCA_LumB,0.0
B0b_dummy_mostfreq,0,1,precision__BRCA_LumB,0.0
B0b_dummy_mostfreq,0,2,precision__BRCA_LumB,0.0
B0b_dummy_mostfreq,0,3,precision__BRCA_LumB,0.0
B0b_dummy_mostfreq,0,4,precision__BRCA_LumB,0.0
B0b_dummy_mostfreq,1,0,precision__BRCA_LumB,0.0
B0b_dummy_mostfreq,1,1,precision__BRCA_LumB,0.0
B0b_dummy_mostfreq,1,2,precision__BRCA_LumB,0.0
B0b_dummy_mostfreq,1,3,precision__BRCA_LumB,0.0
B0b_dummy_mostfreq,1,4,precision__BRCA_LumB,0.0
B0b_dummy_mostfreq,2,0,precision__BRCA_LumB,0.0
B0b_dummy_mostfreq,2,1,precision__BRCA_LumB,0.0
B0b_dummy_mostfreq,2,2,precision__BRCA_LumB,0.0
B0b_dummy_mostfreq,2,3,precision__BRCA_LumB,0.0
B0b_dummy_mostfreq,2,4,precision__BRCA_LumB,0.0
B0b_dummy_mostfreq,3,0,precision__BRCA_LumB,0.0
B0b_dummy_mostfreq,3,1,precision__BRCA_LumB,0.0
B0b_dummy_mostfreq,3,2,precision__BRCA_LumB,0.0
B0b_dummy_mostfreq,3,3,precision__BRCA_LumB,0.0
B0b_dummy_mostfreq,3,4,precision__BRCA_LumB,0.0
B0b_dummy_mostfreq,4,0,precision__BRCA_LumB,0.0
B0b_dummy_mostfreq,4,1,precision__BRCA_LumB,0.0
B0b_dummy_mostfreq,4,2,precision__BRCA_LumB,0.0
B0b_dummy_mostfreq,4,3,precision__BRCA_LumB,0.0
B0b_dummy_mostfreq,4,4,precision__BRCA_LumB,0.0
B1_pam50_centroid,0,0,precision__BRCA_LumB,0.7906976744186046
B1_pam50_centroid,0,1,precision__BRCA_LumB,0.7555555555555555
B1_pam50_centroid,0,2,precision__BRCA_LumB,0.6818181818181818
B1_pam50_centroid,0,3,precision__BRCA_LumB,0.6666666666666666
B1_pam50_centroid,0,4,precision__BRCA_LumB,0.7346938775510204
B1_pam50_centroid,1,0,precision__BRCA_LumB,0.6271186440677966
B1_pam50_centroid,1,1,precision__BRCA_LumB,0.825
B1_pam50_centroid,1,2,precision__BRCA_LumB,0.6938775510204082
B1_pam50_centroid,1,3,precision__BRCA_LumB,0.725
B1_pam50_centroid,1,4,precision__BRCA_LumB,0.74
B1_pam50_centroid,2,0,precision__BRCA_LumB,0.6607142857142857
B1_pam50_centroid,2,1,precision__BRCA_LumB,0.6875
B1_pam50_centroid,2,2,precision__BRCA_LumB,0.8809523809523809
B1_pam50_centroid,2,3,precision__BRCA_LumB,0.717391304347826
B1_pam50_centroid,2,4,precision__BRCA_LumB,0.7045454545454546
B1_pam50_centroid,3,0,precision__BRCA_LumB,0.74
B1_pam50_centroid,3,1,precision__BRCA_LumB,0.7333333333333333
B1_pam50_centroid,3,2,precision__BRCA_LumB,0.75
B1_pam50_centroid,3,3,precision__BRCA_LumB,0.6981132075471698
B1_pam50_centroid,3,4,precision__BRCA_LumB,0.7111111111111111
B1_pam50_centroid,4,0,precision__BRCA_LumB,0.7083333333333334
B1_pam50_centroid,4,1,precision__BRCA_LumB,0.7317073170731707
B1_pam50_centroid,4,2,precision__BRCA_LumB,0.6851851851851852
B1_pam50_centroid,4,3,precision__BRCA_LumB,0.7446808510638298
B1_pam50_centroid,4,4,precision__BRCA_LumB,0.782608695652174
B2_elasticnet_logreg,0,0,precision__BRCA_LumB,0.8378378378378378
B2_elasticnet_logreg,0,1,precision__BRCA_LumB,0.8048780487804879
B2_elasticnet_logreg,0,2,precision__BRCA_LumB,0.775
B2_elasticnet_logreg,0,3,precision__BRCA_LumB,0.8974358974358975
B2_elasticnet_logreg,0,4,precision__BRCA_LumB,0.8043478260869565
B2_elasticnet_logreg,1,0,precision__BRCA_LumB,0.8095238095238095
B2_elasticnet_logreg,1,1,precision__BRCA_LumB,0.8
B2_elasticnet_logreg,1,2,precision__BRCA_LumB,0.782608695652174
B2_elasticnet_logreg,1,3,precision__BRCA_LumB,0.7441860465116279
B2_elasticnet_logreg,1,4,precision__BRCA_LumB,0.7674418604651163
B2_elasticnet_logreg,2,0,precision__BRCA_LumB,0.75
B2_elasticnet_logreg,2,1,precision__BRCA_LumB,0.7333333333333333
B2_elasticnet_logreg,2,2,precision__BRCA_LumB,0.8947368421052632
B2_elasticnet_logreg,2,3,precision__BRCA_LumB,0.8048780487804879
B2_elasticnet_logreg,2,4,precision__BRCA_LumB,0.7555555555555555
B2_elasticnet_logreg,3,0,precision__BRCA_LumB,0.6956521739130435
B2_elasticnet_logreg,3,1,precision__BRCA_LumB,0.723404255319149
B2_elasticnet_logreg,3,2,precision__BRCA_LumB,0.7837837837837838
B2_elasticnet_logreg,3,3,precision__BRCA_LumB,0.76
B2_elasticnet_logreg,3,4,precision__BRCA_LumB,0.9024390243902439
B2_elasticnet_logreg,4,0,precision__BRCA_LumB,0.8333333333333334
B2_elasticnet_logreg,4,1,precision__BRCA_LumB,0.75
B2_elasticnet_logreg,4,2,precision__BRCA_LumB,0.7727272727272727
B2_elasticnet_logreg,4,3,precision__BRCA_LumB,0.825
B2_elasticnet_logreg,4,4,precision__BRCA_LumB,0.8947368421052632
B3_linear_svm,0,0,precision__BRCA_LumB,0.8108108108108109
B3_linear_svm,0,1,precision__BRCA_LumB,0.825
B3_linear_svm,0,2,precision__BRCA_LumB,0.8205128205128205
B3_linear_svm,0,3,precision__BRCA_LumB,0.7941176470588235
B3_linear_svm,0,4,precision__BRCA_LumB,0.8048780487804879
B3_linear_svm,1,0,precision__BRCA_LumB,0.7317073170731707
B3_linear_svm,1,1,precision__BRCA_LumB,0.7631578947368421
B3_linear_svm,1,2,precision__BRCA_LumB,0.7857142857142857
B3_linear_svm,1,3,precision__BRCA_LumB,0.725
B3_linear_svm,1,4,precision__BRCA_LumB,0.6888888888888889
B3_linear_svm,2,0,precision__BRCA_LumB,0.7857142857142857
B3_linear_svm,2,1,precision__BRCA_LumB,0.7073170731707317
B3_linear_svm,2,2,precision__BRCA_LumB,0.7894736842105263
B3_linear_svm,2,3,precision__BRCA_LumB,0.8
B3_linear_svm,2,4,precision__BRCA_LumB,0.7317073170731707
B3_linear_svm,3,0,precision__BRCA_LumB,0.6829268292682927
B3_linear_svm,3,1,precision__BRCA_LumB,0.8888888888888888
B3_linear_svm,3,2,precision__BRCA_LumB,0.8181818181818182
B3_linear_svm,3,3,precision__BRCA_LumB,0.7441860465116279
B3_linear_svm,3,4,precision__BRCA_LumB,0.8536585365853658
B3_linear_svm,4,0,precision__BRCA_LumB,0.8048780487804879
B3_linear_svm,4,1,precision__BRCA_LumB,0.7446808510638298
B3_linear_svm,4,2,precision__BRCA_LumB,0.775
B3_linear_svm,4,3,precision__BRCA_LumB,0.875
B3_linear_svm,4,4,precision__BRCA_LumB,0.8648648648648649
B4_random_forest,0,0,precision__BRCA_LumB,0.9090909090909091
B4_random_forest,0,1,precision__BRCA_LumB,0.9393939393939394
B4_random_forest,0,2,precision__BRCA_LumB,0.8536585365853658
B4_random_forest,0,3,precision__BRCA_LumB,0.8378378378378378
B4_random_forest,0,4,precision__BRCA_LumB,0.8604651162790697
B4_random_forest,1,0,precision__BRCA_LumB,0.8
B4_random_forest,1,1,precision__BRCA_LumB,0.875
B4_random_forest,1,2,precision__BRCA_LumB,0.8611111111111112
B4_random_forest,1,3,precision__BRCA_LumB,0.96875
B4_random_forest,1,4,precision__BRCA_LumB,0.8571428571428571
B4_random_forest,2,0,precision__BRCA_LumB,0.8571428571428571
B4_random_forest,2,1,precision__BRCA_LumB,0.8529411764705882
B4_random_forest,2,2,precision__BRCA_LumB,0.9117647058823529
B4_random_forest,2,3,precision__BRCA_LumB,0.8888888888888888
B4_random_forest,2,4,precision__BRCA_LumB,0.8717948717948718
B4_random_forest,3,0,precision__BRCA_LumB,0.8333333333333334
B4_random_forest,3,1,precision__BRCA_LumB,0.8888888888888888
B4_random_forest,3,2,precision__BRCA_LumB,0.8055555555555556
B4_random_forest,3,3,precision__BRCA_LumB,0.8888888888888888
B4_random_forest,3,4,precision__BRCA_LumB,0.9210526315789473
B4_random_forest,4,0,precision__BRCA_LumB,0.8947368421052632
B4_random_forest,4,1,precision__BRCA_LumB,0.7674418604651163
B4_random_forest,4,2,precision__BRCA_LumB,0.9642857142857143
B4_random_forest,4,3,precision__BRCA_LumB,0.8648648648648649
B4_random_forest,4,4,precision__BRCA_LumB,0.9473684210526315
B5_xgboost,0,0,precision__BRCA_LumB,0.9375
B5_xgboost,0,1,precision__BRCA_LumB,0.8461538461538461
B5_xgboost,0,2,precision__BRCA_LumB,0.8222222222222222
B5_xgboost,0,3,precision__BRCA_LumB,0.875
B5_xgboost,0,4,precision__BRCA_LumB,0.8043478260869565
B5_xgboost,1,0,precision__BRCA_LumB,0.7777777777777778
B5_xgboost,1,1,precision__BRCA_LumB,0.9375
B5_xgboost,1,2,precision__BRCA_LumB,0.875
B5_xgboost,1,3,precision__BRCA_LumB,0.8888888888888888
B5_xgboost,1,4,precision__BRCA_LumB,0.8571428571428571
B5_xgboost,2,0,precision__BRCA_LumB,0.782608695652174
B5_xgboost,2,1,precision__BRCA_LumB,0.8108108108108109
B5_xgboost,2,2,precision__BRCA_LumB,0.918918918918919
B5_xgboost,2,3,precision__BRCA_LumB,0.8918918918918919
B5_xgboost,2,4,precision__BRCA_LumB,0.8048780487804879
B5_xgboost,3,0,precision__BRCA_LumB,0.8095238095238095
B5_xgboost,3,1,precision__BRCA_LumB,0.8974358974358975
B5_xgboost,3,2,precision__BRCA_LumB,0.8
B5_xgboost,3,3,precision__BRCA_LumB,0.8780487804878049
B5_xgboost,3,4,precision__BRCA_LumB,0.972972972972973
B5_xgboost,4,0,precision__BRCA_LumB,0.8536585365853658
B5_xgboost,4,1,precision__BRCA_LumB,0.7608695652173914
B5_xgboost,4,2,precision__BRCA_LumB,0.8717948717948718
B5_xgboost,4,3,precision__BRCA_LumB,0.875
B5_xgboost,4,4,precision__BRCA_LumB,0.972972972972973
B2_elasticnet_logreg__LATE,0,0,precision__BRCA_LumB,0.7222222222222222
B2_elasticnet_logreg__LATE,0,1,precision__BRCA_LumB,0.6444444444444445
B2_elasticnet_logreg__LATE,0,2,precision__BRCA_LumB,0.8333333333333334
B2_elasticnet_logreg__LATE,0,3,precision__BRCA_LumB,0.8064516129032258
B2_elasticnet_logreg__LATE,0,4,precision__BRCA_LumB,0.7631578947368421
B2_elasticnet_logreg__LATE,1,0,precision__BRCA_LumB,0.7105263157894737
B2_elasticnet_logreg__LATE,1,1,precision__BRCA_LumB,0.8214285714285714
B2_elasticnet_logreg__LATE,1,2,precision__BRCA_LumB,0.7575757575757576
B2_elasticnet_logreg__LATE,1,3,precision__BRCA_LumB,0.625
B2_elasticnet_logreg__LATE,1,4,precision__BRCA_LumB,0.675
B2_elasticnet_logreg__LATE,2,0,precision__BRCA_LumB,0.6428571428571429
B2_elasticnet_logreg__LATE,2,1,precision__BRCA_LumB,0.6774193548387096
B2_elasticnet_logreg__LATE,2,2,precision__BRCA_LumB,0.7631578947368421
B2_elasticnet_logreg__LATE,2,3,precision__BRCA_LumB,0.8055555555555556
B2_elasticnet_logreg__LATE,2,4,precision__BRCA_LumB,0.6829268292682927
B2_elasticnet_logreg__LATE,3,0,precision__BRCA_LumB,0.6666666666666666
B2_elasticnet_logreg__LATE,3,1,precision__BRCA_LumB,0.7948717948717948
B2_elasticnet_logreg__LATE,3,2,precision__BRCA_LumB,0.6875
B2_elasticnet_logreg__LATE,3,3,precision__BRCA_LumB,0.6923076923076923
B2_elasticnet_logreg__LATE,3,4,precision__BRCA_LumB,0.8421052631578947
B2_elasticnet_logreg__LATE,4,0,precision__BRCA_LumB,0.7368421052631579
B2_elasticnet_logreg__LATE,4,1,precision__BRCA_LumB,0.7441860465116279
B2_elasticnet_logreg__LATE,4,2,precision__BRCA_LumB,0.6857142857142857
B2_elasticnet_logreg__LATE,4,3,precision__BRCA_LumB,0.7297297297297297
B2_elasticnet_logreg__LATE,4,4,precision__BRCA_LumB,0.8709677419354839
B3_linear_svm__LATE,0,0,precision__BRCA_LumB,0.8333333333333334
B3_linear_svm__LATE,0,1,precision__BRCA_LumB,0.7878787878787878
B3_linear_svm__LATE,0,2,precision__BRCA_LumB,1.0
B3_linear_svm__LATE,0,3,precision__BRCA_LumB,0.9047619047619048
B3_linear_svm__LATE,0,4,precision__BRCA_LumB,0.9
B3_linear_svm__LATE,1,0,precision__BRCA_LumB,0.92
B3_linear_svm__LATE,1,1,precision__BRCA_LumB,0.8571428571428571
B3_linear_svm__LATE,1,2,precision__BRCA_LumB,0.9583333333333334
B3_linear_svm__LATE,1,3,precision__BRCA_LumB,0.7857142857142857
B3_linear_svm__LATE,1,4,precision__BRCA_LumB,0.8518518518518519
B3_linear_svm__LATE,2,0,precision__BRCA_LumB,0.8181818181818182
B3_linear_svm__LATE,2,1,precision__BRCA_LumB,0.8214285714285714
B3_linear_svm__LATE,2,2,precision__BRCA_LumB,0.8695652173913043
B3_linear_svm__LATE,2,3,precision__BRCA_LumB,0.9642857142857143
B3_linear_svm__LATE,2,4,precision__BRCA_LumB,0.7878787878787878
B3_linear_svm__LATE,3,0,precision__BRCA_LumB,0.7241379310344828
B3_linear_svm__LATE,3,1,precision__BRCA_LumB,0.8461538461538461
B3_linear_svm__LATE,3,2,precision__BRCA_LumB,0.9545454545454546
B3_linear_svm__LATE,3,3,precision__BRCA_LumB,0.8
B3_linear_svm__LATE,3,4,precision__BRCA_LumB,0.9655172413793104
B3_linear_svm__LATE,4,0,precision__BRCA_LumB,0.8666666666666667
B3_linear_svm__LATE,4,1,precision__BRCA_LumB,0.8387096774193549
B3_linear_svm__LATE,4,2,precision__BRCA_LumB,0.8076923076923077
B3_linear_svm__LATE,4,3,precision__BRCA_LumB,0.7777777777777778
B3_linear_svm__LATE,4,4,precision__BRCA_LumB,0.9310344827586207
B4_random_forest__LATE,0,0,precision__BRCA_LumB,0.9
B4_random_forest__LATE,0,1,precision__BRCA_LumB,0.8636363636363636
B4_random_forest__LATE,0,2,precision__BRCA_LumB,0.9333333333333333
B4_random_forest__LATE,0,3,precision__BRCA_LumB,0.8636363636363636
B4_random_forest__LATE,0,4,precision__BRCA_LumB,0.9090909090909091
B4_random_forest__LATE,1,0,precision__BRCA_LumB,0.76
B4_random_forest__LATE,1,1,precision__BRCA_LumB,0.9375
B4_random_forest__LATE,1,2,precision__BRCA_LumB,0.8947368421052632
B4_random_forest__LATE,1,3,precision__BRCA_LumB,0.95
B4_random_forest__LATE,1,4,precision__BRCA_LumB,0.8421052631578947
B4_random_forest__LATE,2,0,precision__BRCA_LumB,0.92
B4_random_forest__LATE,2,1,precision__BRCA_LumB,0.8235294117647058
B4_random_forest__LATE,2,2,precision__BRCA_LumB,0.875
B4_random_forest__LATE,2,3,precision__BRCA_LumB,0.8571428571428571
B4_random_forest__LATE,2,4,precision__BRCA_LumB,0.7777777777777778
B4_random_forest__LATE,3,0,precision__BRCA_LumB,0.7777777777777778
B4_random_forest__LATE,3,1,precision__BRCA_LumB,0.9545454545454546
B4_random_forest__LATE,3,2,precision__BRCA_LumB,0.875
B4_random_forest__LATE,3,3,precision__BRCA_LumB,0.8260869565217391
B4_random_forest__LATE,3,4,precision__BRCA_LumB,0.9375
B4_random_forest__LATE,4,0,precision__BRCA_LumB,1.0
B4_random_forest__LATE,4,1,precision__BRCA_LumB,0.8148148148148148
B4_random_forest__LATE,4,2,precision__BRCA_LumB,0.9375
B4_random_forest__LATE,4,3,precision__BRCA_LumB,0.8095238095238095
B4_random_forest__LATE,4,4,precision__BRCA_LumB,1.0
B5_xgboost__LATE,0,0,precision__BRCA_LumB,0.7931034482758621
B5_xgboost__LATE,0,1,precision__BRCA_LumB,0.7272727272727273
B5_xgboost__LATE,0,2,precision__BRCA_LumB,0.8333333333333334
B5_xgboost__LATE,0,3,precision__BRCA_LumB,0.8285714285714286
B5_xgboost__LATE,0,4,precision__BRCA_LumB,0.7948717948717948
B5_xgboost__LATE,1,0,precision__BRCA_LumB,0.8108108108108109
B5_xgboost__LATE,1,1,precision__BRCA_LumB,0.9333333333333333
B5_xgboost__LATE,1,2,precision__BRCA_LumB,0.8064516129032258
B5_xgboost__LATE,1,3,precision__BRCA_LumB,0.7419354838709677
B5_xgboost__LATE,1,4,precision__BRCA_LumB,0.8484848484848485
B5_xgboost__LATE,2,0,precision__BRCA_LumB,0.8
B5_xgboost__LATE,2,1,precision__BRCA_LumB,0.7241379310344828
B5_xgboost__LATE,2,2,precision__BRCA_LumB,0.8666666666666667
B5_xgboost__LATE,2,3,precision__BRCA_LumB,0.8888888888888888
B5_xgboost__LATE,2,4,precision__BRCA_LumB,0.6571428571428571
B5_xgboost__LATE,3,0,precision__BRCA_LumB,0.6923076923076923
B5_xgboost__LATE,3,1,precision__BRCA_LumB,0.7575757575757576
B5_xgboost__LATE,3,2,precision__BRCA_LumB,0.8214285714285714
B5_xgboost__LATE,3,3,precision__BRCA_LumB,0.8292682926829268
B5_xgboost__LATE,3,4,precision__BRCA_LumB,0.8484848484848485
B5_xgboost__LATE,4,0,precision__BRCA_LumB,0.7714285714285715
B5_xgboost__LATE,4,1,precision__BRCA_LumB,0.7837837837837838
B5_xgboost__LATE,4,2,precision__BRCA_LumB,0.7777777777777778
B5_xgboost__LATE,4,3,precision__BRCA_LumB,0.7714285714285715
B5_xgboost__LATE,4,4,precision__BRCA_LumB,0.8857142857142857
B0a_dummy_stratified,0,0,recall__BRCA_LumB,0.23076923076923078
B0a_dummy_stratified,0,1,recall__BRCA_LumB,0.3684210526315789
B0a_dummy_stratified,0,2,recall__BRCA_LumB,0.23076923076923078
B0a_dummy_stratified,0,3,recall__BRCA_LumB,0.3076923076923077
B0a_dummy_stratified,0,4,recall__BRCA_LumB,0.20512820512820512
B0a_dummy_stratified,1,0,recall__BRCA_LumB,0.2564102564102564
B0a_dummy_stratified,1,1,recall__BRCA_LumB,0.18421052631578946
B0a_dummy_stratified,1,2,recall__BRCA_LumB,0.20512820512820512
B0a_dummy_stratified,1,3,recall__BRCA_LumB,0.2564102564102564
B0a_dummy_stratified,1,4,recall__BRCA_LumB,0.15384615384615385
B0a_dummy_stratified,2,0,recall__BRCA_LumB,0.1282051282051282
B0a_dummy_stratified,2,1,recall__BRCA_LumB,0.2894736842105263
B0a_dummy_stratified,2,2,recall__BRCA_LumB,0.15384615384615385
B0a_dummy_stratified,2,3,recall__BRCA_LumB,0.15384615384615385
B0a_dummy_stratified,2,4,recall__BRCA_LumB,0.20512820512820512
B0a_dummy_stratified,3,0,recall__BRCA_LumB,0.1794871794871795
B0a_dummy_stratified,3,1,recall__BRCA_LumB,0.18421052631578946
B0a_dummy_stratified,3,2,recall__BRCA_LumB,0.23076923076923078
B0a_dummy_stratified,3,3,recall__BRCA_LumB,0.23076923076923078
B0a_dummy_stratified,3,4,recall__BRCA_LumB,0.1794871794871795
B0a_dummy_stratified,4,0,recall__BRCA_LumB,0.1282051282051282
B0a_dummy_stratified,4,1,recall__BRCA_LumB,0.2631578947368421
B0a_dummy_stratified,4,2,recall__BRCA_LumB,0.1282051282051282
B0a_dummy_stratified,4,3,recall__BRCA_LumB,0.28205128205128205
B0a_dummy_stratified,4,4,recall__BRCA_LumB,0.23076923076923078
B0b_dummy_mostfreq,0,0,recall__BRCA_LumB,0.0
B0b_dummy_mostfreq,0,1,recall__BRCA_LumB,0.0
B0b_dummy_mostfreq,0,2,recall__BRCA_LumB,0.0
B0b_dummy_mostfreq,0,3,recall__BRCA_LumB,0.0
B0b_dummy_mostfreq,0,4,recall__BRCA_LumB,0.0
B0b_dummy_mostfreq,1,0,recall__BRCA_LumB,0.0
B0b_dummy_mostfreq,1,1,recall__BRCA_LumB,0.0
B0b_dummy_mostfreq,1,2,recall__BRCA_LumB,0.0
B0b_dummy_mostfreq,1,3,recall__BRCA_LumB,0.0
B0b_dummy_mostfreq,1,4,recall__BRCA_LumB,0.0
B0b_dummy_mostfreq,2,0,recall__BRCA_LumB,0.0
B0b_dummy_mostfreq,2,1,recall__BRCA_LumB,0.0
B0b_dummy_mostfreq,2,2,recall__BRCA_LumB,0.0
B0b_dummy_mostfreq,2,3,recall__BRCA_LumB,0.0
B0b_dummy_mostfreq,2,4,recall__BRCA_LumB,0.0
B0b_dummy_mostfreq,3,0,recall__BRCA_LumB,0.0
B0b_dummy_mostfreq,3,1,recall__BRCA_LumB,0.0
B0b_dummy_mostfreq,3,2,recall__BRCA_LumB,0.0
B0b_dummy_mostfreq,3,3,recall__BRCA_LumB,0.0
B0b_dummy_mostfreq,3,4,recall__BRCA_LumB,0.0
B0b_dummy_mostfreq,4,0,recall__BRCA_LumB,0.0
B0b_dummy_mostfreq,4,1,recall__BRCA_LumB,0.0
B0b_dummy_mostfreq,4,2,recall__BRCA_LumB,0.0
B0b_dummy_mostfreq,4,3,recall__BRCA_LumB,0.0
B0b_dummy_mostfreq,4,4,recall__BRCA_LumB,0.0
B1_pam50_centroid,0,0,recall__BRCA_LumB,0.8717948717948718
B1_pam50_centroid,0,1,recall__BRCA_LumB,0.8947368421052632
B1_pam50_centroid,0,2,recall__BRCA_LumB,0.7692307692307693
B1_pam50_centroid,0,3,recall__BRCA_LumB,0.8717948717948718
B1_pam50_centroid,0,4,recall__BRCA_LumB,0.9230769230769231
B1_pam50_centroid,1,0,recall__BRCA_LumB,0.9487179487179487
B1_pam50_centroid,1,1,recall__BRCA_LumB,0.868421052631579
B1_pam50_centroid,1,2,recall__BRCA_LumB,0.8717948717948718
B1_pam50_centroid,1,3,recall__BRCA_LumB,0.7435897435897436
B1_pam50_centroid,1,4,recall__BRCA_LumB,0.9487179487179487
B1_pam50_centroid,2,0,recall__BRCA_LumB,0.9487179487179487
B1_pam50_centroid,2,1,recall__BRCA_LumB,0.868421052631579
B1_pam50_centroid,2,2,recall__BRCA_LumB,0.9487179487179487
B1_pam50_centroid,2,3,recall__BRCA_LumB,0.8461538461538461
B1_pam50_centroid,2,4,recall__BRCA_LumB,0.7948717948717948
B1_pam50_centroid,3,0,recall__BRCA_LumB,0.9487179487179487
B1_pam50_centroid,3,1,recall__BRCA_LumB,0.868421052631579
B1_pam50_centroid,3,2,recall__BRCA_LumB,0.8461538461538461
B1_pam50_centroid,3,3,recall__BRCA_LumB,0.9487179487179487
B1_pam50_centroid,3,4,recall__BRCA_LumB,0.8205128205128205
B1_pam50_centroid,4,0,recall__BRCA_LumB,0.8717948717948718
B1_pam50_centroid,4,1,recall__BRCA_LumB,0.7894736842105263
B1_pam50_centroid,4,2,recall__BRCA_LumB,0.9487179487179487
B1_pam50_centroid,4,3,recall__BRCA_LumB,0.8974358974358975
B1_pam50_centroid,4,4,recall__BRCA_LumB,0.9230769230769231
B2_elasticnet_logreg,0,0,recall__BRCA_LumB,0.7948717948717948
B2_elasticnet_logreg,0,1,recall__BRCA_LumB,0.868421052631579
B2_elasticnet_logreg,0,2,recall__BRCA_LumB,0.7948717948717948
B2_elasticnet_logreg,0,3,recall__BRCA_LumB,0.8974358974358975
B2_elasticnet_logreg,0,4,recall__BRCA_LumB,0.9487179487179487
B2_elasticnet_logreg,1,0,recall__BRCA_LumB,0.8717948717948718
B2_elasticnet_logreg,1,1,recall__BRCA_LumB,0.7368421052631579
B2_elasticnet_logreg,1,2,recall__BRCA_LumB,0.9230769230769231
B2_elasticnet_logreg,1,3,recall__BRCA_LumB,0.8205128205128205
B2_elasticnet_logreg,1,4,recall__BRCA_LumB,0.8461538461538461
B2_elasticnet_logreg,2,0,recall__BRCA_LumB,0.9230769230769231
B2_elasticnet_logreg,2,1,recall__BRCA_LumB,0.868421052631579
B2_elasticnet_logreg,2,2,recall__BRCA_LumB,0.8717948717948718
B2_elasticnet_logreg,2,3,recall__BRCA_LumB,0.8461538461538461
B2_elasticnet_logreg,2,4,recall__BRCA_LumB,0.8717948717948718
B2_elasticnet_logreg,3,0,recall__BRCA_LumB,0.8205128205128205
B2_elasticnet_logreg,3,1,recall__BRCA_LumB,0.8947368421052632
B2_elasticnet_logreg,3,2,recall__BRCA_LumB,0.7435897435897436
B2_elasticnet_logreg,3,3,recall__BRCA_LumB,0.9743589743589743
B2_elasticnet_logreg,3,4,recall__BRCA_LumB,0.9487179487179487
B2_elasticnet_logreg,4,0,recall__BRCA_LumB,0.8974358974358975
B2_elasticnet_logreg,4,1,recall__BRCA_LumB,0.868421052631579
B2_elasticnet_logreg,4,2,recall__BRCA_LumB,0.8717948717948718
B2_elasticnet_logreg,4,3,recall__BRCA_LumB,0.8461538461538461
B2_elasticnet_logreg,4,4,recall__BRCA_LumB,0.8717948717948718
B3_linear_svm,0,0,recall__BRCA_LumB,0.7692307692307693
B3_linear_svm,0,1,recall__BRCA_LumB,0.868421052631579
B3_linear_svm,0,2,recall__BRCA_LumB,0.8205128205128205
B3_linear_svm,0,3,recall__BRCA_LumB,0.6923076923076923
B3_linear_svm,0,4,recall__BRCA_LumB,0.8461538461538461
B3_linear_svm,1,0,recall__BRCA_LumB,0.7692307692307693
B3_linear_svm,1,1,recall__BRCA_LumB,0.7631578947368421
B3_linear_svm,1,2,recall__BRCA_LumB,0.8461538461538461
B3_linear_svm,1,3,recall__BRCA_LumB,0.7435897435897436
B3_linear_svm,1,4,recall__BRCA_LumB,0.7948717948717948
B3_linear_svm,2,0,recall__BRCA_LumB,0.8461538461538461
B3_linear_svm,2,1,recall__BRCA_LumB,0.7631578947368421
B3_linear_svm,2,2,recall__BRCA_LumB,0.7692307692307693
B3_linear_svm,2,3,recall__BRCA_LumB,0.8205128205128205
B3_linear_svm,2,4,recall__BRCA_LumB,0.7692307692307693
B3_linear_svm,3,0,recall__BRCA_LumB,0.717948717948718
B3_linear_svm,3,1,recall__BRCA_LumB,0.8421052631578947
B3_linear_svm,3,2,recall__BRCA_LumB,0.6923076923076923
B3_linear_svm,3,3,recall__BRCA_LumB,0.8205128205128205
B3_linear_svm,3,4,recall__BRCA_LumB,0.8974358974358975
B3_linear_svm,4,0,recall__BRCA_LumB,0.8461538461538461
B3_linear_svm,4,1,recall__BRCA_LumB,0.9210526315789473
B3_linear_svm,4,2,recall__BRCA_LumB,0.7948717948717948
B3_linear_svm,4,3,recall__BRCA_LumB,0.717948717948718
B3_linear_svm,4,4,recall__BRCA_LumB,0.8205128205128205
B4_random_forest,0,0,recall__BRCA_LumB,0.7692307692307693
B4_random_forest,0,1,recall__BRCA_LumB,0.8157894736842105
B4_random_forest,0,2,recall__BRCA_LumB,0.8974358974358975
B4_random_forest,0,3,recall__BRCA_LumB,0.7948717948717948
B4_random_forest,0,4,recall__BRCA_LumB,0.9487179487179487
B4_random_forest,1,0,recall__BRCA_LumB,0.9230769230769231
B4_random_forest,1,1,recall__BRCA_LumB,0.7368421052631579
B4_random_forest,1,2,recall__BRCA_LumB,0.7948717948717948
B4_random_forest,1,3,recall__BRCA_LumB,0.7948717948717948
B4_random_forest,1,4,recall__BRCA_LumB,0.7692307692307693
B4_random_forest,2,0,recall__BRCA_LumB,0.9230769230769231
B4_random_forest,2,1,recall__BRCA_LumB,0.7631578947368421
B4_random_forest,2,2,recall__BRCA_LumB,0.7948717948717948
B4_random_forest,2,3,recall__BRCA_LumB,0.8205128205128205
B4_random_forest,2,4,recall__BRCA_LumB,0.8717948717948718
B4_random_forest,3,0,recall__BRCA_LumB,0.7692307692307693
B4_random_forest,3,1,recall__BRCA_LumB,0.8421052631578947
B4_random_forest,3,2,recall__BRCA_LumB,0.7435897435897436
B4_random_forest,3,3,recall__BRCA_LumB,0.8205128205128205
B4_random_forest,3,4,recall__BRCA_LumB,0.8974358974358975
B4_random_forest,4,0,recall__BRCA_LumB,0.8717948717948718
B4_random_forest,4,1,recall__BRCA_LumB,0.868421052631579
B4_random_forest,4,2,recall__BRCA_LumB,0.6923076923076923
B4_random_forest,4,3,recall__BRCA_LumB,0.8205128205128205
B4_random_forest,4,4,recall__BRCA_LumB,0.9230769230769231
B5_xgboost,0,0,recall__BRCA_LumB,0.7692307692307693
B5_xgboost,0,1,recall__BRCA_LumB,0.868421052631579
B5_xgboost,0,2,recall__BRCA_LumB,0.9487179487179487
B5_xgboost,0,3,recall__BRCA_LumB,0.8974358974358975
B5_xgboost,0,4,recall__BRCA_LumB,0.9487179487179487
B5_xgboost,1,0,recall__BRCA_LumB,0.8974358974358975
B5_xgboost,1,1,recall__BRCA_LumB,0.7894736842105263
B5_xgboost,1,2,recall__BRCA_LumB,0.8974358974358975
B5_xgboost,1,3,recall__BRCA_LumB,0.8205128205128205
B5_xgboost,1,4,recall__BRCA_LumB,0.9230769230769231
B5_xgboost,2,0,recall__BRCA_LumB,0.9230769230769231
B5_xgboost,2,1,recall__BRCA_LumB,0.7894736842105263
B5_xgboost,2,2,recall__BRCA_LumB,0.8717948717948718
B5_xgboost,2,3,recall__BRCA_LumB,0.8461538461538461
B5_xgboost,2,4,recall__BRCA_LumB,0.8461538461538461
B5_xgboost,3,0,recall__BRCA_LumB,0.8717948717948718
B5_xgboost,3,1,recall__BRCA_LumB,0.9210526315789473
B5_xgboost,3,2,recall__BRCA_LumB,0.8205128205128205
B5_xgboost,3,3,recall__BRCA_LumB,0.9230769230769231
B5_xgboost,3,4,recall__BRCA_LumB,0.9230769230769231
B5_xgboost,4,0,recall__BRCA_LumB,0.8974358974358975
B5_xgboost,4,1,recall__BRCA_LumB,0.9210526315789473
B5_xgboost,4,2,recall__BRCA_LumB,0.8717948717948718
B5_xgboost,4,3,recall__BRCA_LumB,0.8974358974358975
B5_xgboost,4,4,recall__BRCA_LumB,0.9230769230769231
B2_elasticnet_logreg__LATE,0,0,recall__BRCA_LumB,0.6666666666666666
B2_elasticnet_logreg__LATE,0,1,recall__BRCA_LumB,0.7631578947368421
B2_elasticnet_logreg__LATE,0,2,recall__BRCA_LumB,0.6410256410256411
B2_elasticnet_logreg__LATE,0,3,recall__BRCA_LumB,0.6410256410256411
B2_elasticnet_logreg__LATE,0,4,recall__BRCA_LumB,0.7435897435897436
B2_elasticnet_logreg__LATE,1,0,recall__BRCA_LumB,0.6923076923076923
B2_elasticnet_logreg__LATE,1,1,recall__BRCA_LumB,0.6052631578947368
B2_elasticnet_logreg__LATE,1,2,recall__BRCA_LumB,0.6410256410256411
B2_elasticnet_logreg__LATE,1,3,recall__BRCA_LumB,0.6410256410256411
B2_elasticnet_logreg__LATE,1,4,recall__BRCA_LumB,0.6923076923076923
B2_elasticnet_logreg__LATE,2,0,recall__BRCA_LumB,0.6923076923076923
B2_elasticnet_logreg__LATE,2,1,recall__BRCA_LumB,0.5526315789473685
B2_elasticnet_logreg__LATE,2,2,recall__BRCA_LumB,0.7435897435897436
B2_elasticnet_logreg__LATE,2,3,recall__BRCA_LumB,0.7435897435897436
B2_elasticnet_logreg__LATE,2,4,recall__BRCA_LumB,0.717948717948718
B2_elasticnet_logreg__LATE,3,0,recall__BRCA_LumB,0.717948717948718
B2_elasticnet_logreg__LATE,3,1,recall__BRCA_LumB,0.8157894736842105
B2_elasticnet_logreg__LATE,3,2,recall__BRCA_LumB,0.5641025641025641
B2_elasticnet_logreg__LATE,3,3,recall__BRCA_LumB,0.6923076923076923
B2_elasticnet_logreg__LATE,3,4,recall__BRCA_LumB,0.8205128205128205
B2_elasticnet_logreg__LATE,4,0,recall__BRCA_LumB,0.717948717948718
B2_elasticnet_logreg__LATE,4,1,recall__BRCA_LumB,0.8421052631578947
B2_elasticnet_logreg__LATE,4,2,recall__BRCA_LumB,0.6153846153846154
B2_elasticnet_logreg__LATE,4,3,recall__BRCA_LumB,0.6923076923076923
B2_elasticnet_logreg__LATE,4,4,recall__BRCA_LumB,0.6923076923076923
B3_linear_svm__LATE,0,0,recall__BRCA_LumB,0.5128205128205128
B3_linear_svm__LATE,0,1,recall__BRCA_LumB,0.6842105263157895
B3_linear_svm__LATE,0,2,recall__BRCA_LumB,0.46153846153846156
B3_linear_svm__LATE,0,3,recall__BRCA_LumB,0.48717948717948717
B3_linear_svm__LATE,0,4,recall__BRCA_LumB,0.6923076923076923
B3_linear_svm__LATE,1,0,recall__BRCA_LumB,0.5897435897435898
B3_linear_svm__LATE,1,1,recall__BRCA_LumB,0.47368421052631576
B3_linear_svm__LATE,1,2,recall__BRCA_LumB,0.5897435897435898
B3_linear_svm__LATE,1,3,recall__BRCA_LumB,0.5641025641025641
B3_linear_svm__LATE,1,4,recall__BRCA_LumB,0.5897435897435898
B3_linear_svm__LATE,2,0,recall__BRCA_LumB,0.6923076923076923
B3_linear_svm__LATE,2,1,recall__BRCA_LumB,0.6052631578947368
B3_linear_svm__LATE,2,2,recall__BRCA_LumB,0.5128205128205128
B3_linear_svm__LATE,2,3,recall__BRCA_LumB,0.6923076923076923
B3_linear_svm__LATE,2,4,recall__BRCA_LumB,0.6666666666666666
B3_linear_svm__LATE,3,0,recall__BRCA_LumB,0.5384615384615384
B3_linear_svm__LATE,3,1,recall__BRCA_LumB,0.5789473684210527
B3_linear_svm__LATE,3,2,recall__BRCA_LumB,0.5384615384615384
B3_linear_svm__LATE,3,3,recall__BRCA_LumB,0.6153846153846154
B3_linear_svm__LATE,3,4,recall__BRCA_LumB,0.717948717948718
B3_linear_svm__LATE,4,0,recall__BRCA_LumB,0.6666666666666666
B3_linear_svm__LATE,4,1,recall__BRCA_LumB,0.6842105263157895
B3_linear_svm__LATE,4,2,recall__BRCA_LumB,0.5384615384615384
B3_linear_svm__LATE,4,3,recall__BRCA_LumB,0.5384615384615384
B3_linear_svm__LATE,4,4,recall__BRCA_LumB,0.6923076923076923
B4_random_forest__LATE,0,0,recall__BRCA_LumB,0.46153846153846156
B4_random_forest__LATE,0,1,recall__BRCA_LumB,0.5
B4_random_forest__LATE,0,2,recall__BRCA_LumB,0.358974358974359
B4_random_forest__LATE,0,3,recall__BRCA_LumB,0.48717948717948717
B4_random_forest__LATE,0,4,recall__BRCA_LumB,0.5128205128205128
B4_random_forest__LATE,1,0,recall__BRCA_LumB,0.48717948717948717
B4_random_forest__LATE,1,1,recall__BRCA_LumB,0.39473684210526316
B4_random_forest__LATE,1,2,recall__BRCA_LumB,0.4358974358974359
B4_random_forest__LATE,1,3,recall__BRCA_LumB,0.48717948717948717
B4_random_forest__LATE,1,4,recall__BRCA_LumB,0.41025641025641024
B4_random_forest__LATE,2,0,recall__BRCA_LumB,0.5897435897435898
B4_random_forest__LATE,2,1,recall__BRCA_LumB,0.3684210526315789
B4_random_forest__LATE,2,2,recall__BRCA_LumB,0.358974358974359
B4_random_forest__LATE,2,3,recall__BRCA_LumB,0.6153846153846154
B4_random_forest__LATE,2,4,recall__BRCA_LumB,0.358974358974359
B4_random_forest__LATE,3,0,recall__BRCA_LumB,0.358974358974359
B4_random_forest__LATE,3,1,recall__BRCA_LumB,0.5526315789473685
B4_random_forest__LATE,3,2,recall__BRCA_LumB,0.358974358974359
B4_random_forest__LATE,3,3,recall__BRCA_LumB,0.48717948717948717
B4_random_forest__LATE,3,4,recall__BRCA_LumB,0.38461538461538464
B4_random_forest__LATE,4,0,recall__BRCA_LumB,0.38461538461538464
B4_random_forest__LATE,4,1,recall__BRCA_LumB,0.5789473684210527
B4_random_forest__LATE,4,2,recall__BRCA_LumB,0.38461538461538464
B4_random_forest__LATE,4,3,recall__BRCA_LumB,0.4358974358974359
B4_random_forest__LATE,4,4,recall__BRCA_LumB,0.5384615384615384
B5_xgboost__LATE,0,0,recall__BRCA_LumB,0.5897435897435898
B5_xgboost__LATE,0,1,recall__BRCA_LumB,0.631578947368421
B5_xgboost__LATE,0,2,recall__BRCA_LumB,0.6410256410256411
B5_xgboost__LATE,0,3,recall__BRCA_LumB,0.7435897435897436
B5_xgboost__LATE,0,4,recall__BRCA_LumB,0.7948717948717948
B5_xgboost__LATE,1,0,recall__BRCA_LumB,0.7692307692307693
B5_xgboost__LATE,1,1,recall__BRCA_LumB,0.7368421052631579
B5_xgboost__LATE,1,2,recall__BRCA_LumB,0.6410256410256411
B5_xgboost__LATE,1,3,recall__BRCA_LumB,0.5897435897435898
B5_xgboost__LATE,1,4,recall__BRCA_LumB,0.717948717948718
B5_xgboost__LATE,2,0,recall__BRCA_LumB,0.6153846153846154
B5_xgboost__LATE,2,1,recall__BRCA_LumB,0.5526315789473685
B5_xgboost__LATE,2,2,recall__BRCA_LumB,0.6666666666666666
B5_xgboost__LATE,2,3,recall__BRCA_LumB,0.8205128205128205
B5_xgboost__LATE,2,4,recall__BRCA_LumB,0.5897435897435898
B5_xgboost__LATE,3,0,recall__BRCA_LumB,0.6923076923076923
B5_xgboost__LATE,3,1,recall__BRCA_LumB,0.6578947368421053
B5_xgboost__LATE,3,2,recall__BRCA_LumB,0.5897435897435898
B5_xgboost__LATE,3,3,recall__BRCA_LumB,0.8717948717948718
B5_xgboost__LATE,3,4,recall__BRCA_LumB,0.717948717948718
B5_xgboost__LATE,4,0,recall__BRCA_LumB,0.6923076923076923
B5_xgboost__LATE,4,1,recall__BRCA_LumB,0.7631578947368421
B5_xgboost__LATE,4,2,recall__BRCA_LumB,0.5384615384615384
B5_xgboost__LATE,4,3,recall__BRCA_LumB,0.6923076923076923
B5_xgboost__LATE,4,4,recall__BRCA_LumB,0.7948717948717948
B0a_dummy_stratified,0,0,roc_auc_macro,0.5057318809219178
B0a_dummy_stratified,0,1,roc_auc_macro,0.5376658803947952
B0a_dummy_stratified,0,2,roc_auc_macro,0.5199921815492936
B0a_dummy_stratified,0,3,roc_auc_macro,0.5130354098726944
B0a_dummy_stratified,0,4,roc_auc_macro,0.518178413714529
B0a_dummy_stratified,1,0,roc_auc_macro,0.5453379734454595
B0a_dummy_stratified,1,1,roc_auc_macro,0.45947321431217747
B0a_dummy_stratified,1,2,roc_auc_macro,0.5261872514458722
B0a_dummy_stratified,1,3,roc_auc_macro,0.5211657254383547
B0a_dummy_stratified,1,4,roc_auc_macro,0.5056545519608855
B0a_dummy_stratified,2,0,roc_auc_macro,0.46644015285700613
B0a_dummy_stratified,2,1,roc_auc_macro,0.5233231204024882
B0a_dummy_stratified,2,2,roc_auc_macro,0.528666257114533
B0a_dummy_stratified,2,3,roc_auc_macro,0.48585744236606304
B0a_dummy_stratified,2,4,roc_auc_macro,0.50234988182482
B0a_dummy_stratified,3,0,roc_auc_macro,0.4937037259934053
B0a_dummy_stratified,3,1,roc_auc_macro,0.5322306471346204
B0a_dummy_stratified,3,2,roc_auc_macro,0.5146837633152288
B0a_dummy_stratified,3,3,roc_auc_macro,0.510919068957862
B0a_dummy_stratified,3,4,roc_auc_macro,0.5318219408170972
B0a_dummy_stratified,4,0,roc_auc_macro,0.49268587981767714
B0a_dummy_stratified,4,1,roc_auc_macro,0.4895619578468043
B0a_dummy_stratified,4,2,roc_auc_macro,0.4761457537912279
B0a_dummy_stratified,4,3,roc_auc_macro,0.5034844962269531
B0a_dummy_stratified,4,4,roc_auc_macro,0.5372248772701791
B0b_dummy_mostfreq,0,0,roc_auc_macro,0.5
B0b_dummy_mostfreq,0,1,roc_auc_macro,0.5
B0b_dummy_mostfreq,0,2,roc_auc_macro,0.5
B0b_dummy_mostfreq,0,3,roc_auc_macro,0.5
B0b_dummy_mostfreq,0,4,roc_auc_macro,0.5
B0b_dummy_mostfreq,1,0,roc_auc_macro,0.5
B0b_dummy_mostfreq,1,1,roc_auc_macro,0.5
B0b_dummy_mostfreq,1,2,roc_auc_macro,0.5
B0b_dummy_mostfreq,1,3,roc_auc_macro,0.5
B0b_dummy_mostfreq,1,4,roc_auc_macro,0.5
B0b_dummy_mostfreq,2,0,roc_auc_macro,0.5
B0b_dummy_mostfreq,2,1,roc_auc_macro,0.5
B0b_dummy_mostfreq,2,2,roc_auc_macro,0.5
B0b_dummy_mostfreq,2,3,roc_auc_macro,0.5
B0b_dummy_mostfreq,2,4,roc_auc_macro,0.5
B0b_dummy_mostfreq,3,0,roc_auc_macro,0.5
B0b_dummy_mostfreq,3,1,roc_auc_macro,0.5
B0b_dummy_mostfreq,3,2,roc_auc_macro,0.5
B0b_dummy_mostfreq,3,3,roc_auc_macro,0.5
B0b_dummy_mostfreq,3,4,roc_auc_macro,0.5
B0b_dummy_mostfreq,4,0,roc_auc_macro,0.5
B0b_dummy_mostfreq,4,1,roc_auc_macro,0.5
B0b_dummy_mostfreq,4,2,roc_auc_macro,0.5
B0b_dummy_mostfreq,4,3,roc_auc_macro,0.5
B0b_dummy_mostfreq,4,4,roc_auc_macro,0.5
B1_pam50_centroid,0,0,roc_auc_macro,0.9891825866025097
B1_pam50_centroid,0,1,roc_auc_macro,0.9848418197565163
B1_pam50_centroid,0,2,roc_auc_macro,0.978424641689728
B1_pam50_centroid,0,3,roc_auc_macro,0.9859360279726659
B1_pam50_centroid,0,4,roc_auc_macro,0.9891121919634779
B1_pam50_centroid,1,0,roc_auc_macro,0.9863279807396662
B1_pam50_centroid,1,1,roc_auc_macro,0.9881368759620943
B1_pam50_centroid,1,2,roc_auc_macro,0.986746295291554
B1_pam50_centroid,1,3,roc_auc_macro,0.9785132073386384
B1_pam50_centroid,1,4,roc_auc_macro,0.988092153945983
B1_pam50_centroid,2,0,roc_auc_macro,0.9851373175626309
B1_pam50_centroid,2,1,roc_auc_macro,0.9821823700533817
B1_pam50_centroid,2,2,roc_auc_macro,0.9910777440949855
B1_pam50_centroid,2,3,roc_auc_macro,0.9830399545377994
B1_pam50_centroid,2,4,roc_auc_macro,0.9843588359016359
B1_pam50_centroid,3,0,roc_auc_macro,0.9836113995483833
B1_pam50_centroid,3,1,roc_auc_macro,0.987947191500791
B1_pam50_centroid,3,2,roc_auc_macro,0.9821672201521339
B1_pam50_centroid,3,3,roc_auc_macro,0.984265936410333
B1_pam50_centroid,3,4,roc_auc_macro,0.9898159549077721
B1_pam50_centroid,4,0,roc_auc_macro,0.985603575909772
B1_pam50_centroid,4,1,roc_auc_macro,0.9836699881598514
B1_pam50_centroid,4,2,roc_auc_macro,0.9831196361907569
B1_pam50_centroid,4,3,roc_auc_macro,0.9840826877464809
B1_pam50_centroid,4,4,roc_auc_macro,0.9895578501915069
B2_elasticnet_logreg,0,0,roc_auc_macro,0.9879997777801309
B2_elasticnet_logreg,0,1,roc_auc_macro,0.9877855412888681
B2_elasticnet_logreg,0,2,roc_auc_macro,0.9839379841103979
B2_elasticnet_logreg,0,3,roc_auc_macro,0.9909135843403084
B2_elasticnet_logreg,0,4,roc_auc_macro,0.9910040472326985
B2_elasticnet_logreg,1,0,roc_auc_macro,0.9878612672238782
B2_elasticnet_logreg,1,1,roc_auc_macro,0.9891412445073555
B2_elasticnet_logreg,1,2,roc_auc_macro,0.988847662554559
B2_elasticnet_logreg,1,3,roc_auc_macro,0.9800047892720306
B2_elasticnet_logreg,1,4,roc_auc_macro,0.9893493336815492
B2_elasticnet_logreg,2,0,roc_auc_macro,0.987676949556531
B2_elasticnet_logreg,2,1,roc_auc_macro,0.9854691403641598
B2_elasticnet_logreg,2,2,roc_auc_macro,0.9956399423533044
B2_elasticnet_logreg,2,3,roc_auc_macro,0.9883091298069746
B2_elasticnet_logreg,2,4,roc_auc_macro,0.9836474561923915
B2_elasticnet_logreg,3,0,roc_auc_macro,0.983193326359365
B2_elasticnet_logreg,3,1,roc_auc_macro,0.9902084994683679
B2_elasticnet_logreg,3,2,roc_auc_macro,0.9825619184455392
B2_elasticnet_logreg,3,3,roc_auc_macro,0.9916267779953125
B2_elasticnet_logreg,3,4,roc_auc_macro,0.9950273771178948
B2_elasticnet_logreg,4,0,roc_auc_macro,0.9869884608701783
B2_elasticnet_logreg,4,1,roc_auc_macro,0.9881354628023281
B2_elasticnet_logreg,4,2,roc_auc_macro,0.9841334092950472
B2_elasticnet_logreg,4,3,roc_auc_macro,0.9894469985633778
B2_elasticnet_logreg,4,4,roc_auc_macro,0.9927951848033421
B3_linear_svm,0,0,roc_auc_macro,0.9839870803632935
B3_linear_svm,0,1,roc_auc_macro,0.984124448883128
B3_linear_svm,0,2,roc_auc_macro,0.9830234990903094
B3_linear_svm,0,3,roc_auc_macro,0.9765683111588284
B3_linear_svm,0,4,roc_auc_macro,0.9834477842808822
B3_linear_svm,1,0,roc_auc_macro,0.9789804003472571
B3_linear_svm,1,1,roc_auc_macro,0.9803833416184735
B3_linear_svm,1,2,roc_auc_macro,0.9841760251243009
B3_linear_svm,1,3,roc_auc_macro,0.9749557694062004
B3_linear_svm,1,4,roc_auc_macro,0.9799561680810726
B3_linear_svm,2,0,roc_auc_macro,0.9819255647196599
B3_linear_svm,2,1,roc_auc_macro,0.9706286289339048
B3_linear_svm,2,2,roc_auc_macro,0.9844695135643412
B3_linear_svm,2,3,roc_auc_macro,0.9847328138815208
B3_linear_svm,2,4,roc_auc_macro,0.981474659629819
B3_linear_svm,3,0,roc_auc_macro,0.9738217668332654
B3_linear_svm,3,1,roc_auc_macro,0.9909797715381535
B3_linear_svm,3,2,roc_auc_macro,0.9816393229216505
B3_linear_svm,3,3,roc_auc_macro,0.9815741091603161
B3_linear_svm,3,4,roc_auc_macro,0.9915468304317032
B3_linear_svm,4,0,roc_auc_macro,0.9840324574402605
B3_linear_svm,4,1,roc_auc_macro,0.9794449028852047
B3_linear_svm,4,2,roc_auc_macro,0.983400216482113
B3_linear_svm,4,3,roc_auc_macro,0.9863244573912678
B3_linear_svm,4,4,roc_auc_macro,0.9854827207426347
B4_random_forest,0,0,roc_auc_macro,0.9908629221442172
B4_random_forest,0,1,roc_auc_macro,0.9894824169341293
B4_random_forest,0,2,roc_auc_macro,0.9908473036382519
B4_random_forest,0,3,roc_auc_macro,0.9871195774213015
B4_random_forest,0,4,roc_auc_macro,0.9949934105535442
B4_random_forest,1,0,roc_auc_macro,0.9932735701967712
B4_random_forest,1,1,roc_auc_macro,0.9892176230569714
B4_random_forest,1,2,roc_auc_macro,0.9908580822912719
B4_random_forest,1,3,roc_auc_macro,0.9922855221885394
B4_random_forest,1,4,roc_auc_macro,0.9897784729538104
B4_random_forest,2,0,roc_auc_macro,0.9942999859035245
B4_random_forest,2,1,roc_auc_macro,0.9875501832088998
B4_random_forest,2,2,roc_auc_macro,0.9950990440753372
B4_random_forest,2,3,roc_auc_macro,0.9915834464864637
B4_random_forest,2,4,roc_auc_macro,0.9890604816823126
B4_random_forest,3,0,roc_auc_macro,0.9888066116514393
B4_random_forest,3,1,roc_auc_macro,0.9926024422995838
B4_random_forest,3,2,roc_auc_macro,0.9864782886334611
B4_random_forest,3,3,roc_auc_macro,0.9898528833873661
B4_random_forest,3,4,roc_auc_macro,0.9955837674958763
B4_random_forest,4,0,roc_auc_macro,0.9935987009550014
B4_random_forest,4,1,roc_auc_macro,0.9893023107939101
B4_random_forest,4,2,roc_auc_macro,0.9886076068726932
B4_random_forest,4,3,roc_auc_macro,0.9900148502519193
B4_random_forest,4,4,roc_auc_macro,0.9946978532949675
B5_xgboost,0,0,roc_auc_macro,0.9938179886542859
B5_xgboost,0,1,roc_auc_macro,0.992156425578969
B5_xgboost,0,2,roc_auc_macro,0.9940966026310855
B5_xgboost,0,3,roc_auc_macro,0.9926657665450769
B5_xgboost,0,4,roc_auc_macro,0.9940146687832974
B5_xgboost,1,0,roc_auc_macro,0.9923110050161981
B5_xgboost,1,1,roc_auc_macro,0.991763133216326
B5_xgboost,1,2,roc_auc_macro,0.9937346880450328
B5_xgboost,1,3,roc_auc_macro,0.9936098304632788
B5_xgboost,1,4,roc_auc_macro,0.9936247012391206
B5_xgboost,2,0,roc_auc_macro,0.9934860238262055
B5_xgboost,2,1,roc_auc_macro,0.9886684831335515
B5_xgboost,2,2,roc_auc_macro,0.9979309643102746
B5_xgboost,2,3,roc_auc_macro,0.9936831607090229
B5_xgboost,2,4,roc_auc_macro,0.990783436254953
B5_xgboost,3,0,roc_auc_macro,0.9915061703516045
B5_xgboost,3,1,roc_auc_macro,0.9968334490549782
B5_xgboost,3,2,roc_auc_macro,0.9865737889983579
B5_xgboost,3,3,roc_auc_macro,0.9948232881422536
B5_xgboost,3,4,roc_auc_macro,0.998858197328806
B5_xgboost,4,0,roc_auc_macro,0.9945345916625341
B5_xgboost,4,1,roc_auc_macro,0.9921431615677516
B5_xgboost,4,2,roc_auc_macro,0.9917482641081778
B5_xgboost,4,3,roc_auc_macro,0.995240463559429
B5_xgboost,4,4,roc_auc_macro,0.9980099755711128
B2_elasticnet_logreg__LATE,0,0,roc_auc_macro,0.9689856352355706
B2_elasticnet_logreg__LATE,0,1,roc_auc_macro,0.9695407977903842
B2_elasticnet_logreg__LATE,0,2,roc_auc_macro,0.9805794991247577
B2_elasticnet_logreg__LATE,0,3,roc_auc_macro,0.9621159591525972
B2_elasticnet_logreg__LATE,0,4,roc_auc_macro,0.9629907233840674
B2_elasticnet_logreg__LATE,1,0,roc_auc_macro,0.9697335690408064
B2_elasticnet_logreg__LATE,1,1,roc_auc_macro,0.9776148708673507
B2_elasticnet_logreg__LATE,1,2,roc_auc_macro,0.9667375285155457
B2_elasticnet_logreg__LATE,1,3,roc_auc_macro,0.950586883183866
B2_elasticnet_logreg__LATE,1,4,roc_auc_macro,0.9669862441393468
B2_elasticnet_logreg__LATE,2,0,roc_auc_macro,0.9660106869594145
B2_elasticnet_logreg__LATE,2,1,roc_auc_macro,0.9614339926468901
B2_elasticnet_logreg__LATE,2,2,roc_auc_macro,0.9752088289265013
B2_elasticnet_logreg__LATE,2,3,roc_auc_macro,0.9702886632843529
B2_elasticnet_logreg__LATE,2,4,roc_auc_macro,0.967541803625039
B2_elasticnet_logreg__LATE,3,0,roc_auc_macro,0.9577150407407997
B2_elasticnet_logreg__LATE,3,1,roc_auc_macro,0.9785402735405283
B2_elasticnet_logreg__LATE,3,2,roc_auc_macro,0.9676317356813047
B2_elasticnet_logreg__LATE,3,3,roc_auc_macro,0.9617289798324281
B2_elasticnet_logreg__LATE,3,4,roc_auc_macro,0.9846394161556167
B2_elasticnet_logreg__LATE,4,0,roc_auc_macro,0.9680544075479655
B2_elasticnet_logreg__LATE,4,1,roc_auc_macro,0.9725879777800721
B2_elasticnet_logreg__LATE,4,2,roc_auc_macro,0.9575456224809673
B2_elasticnet_logreg__LATE,4,3,roc_auc_macro,0.9672089245365108
B2_elasticnet_logreg__LATE,4,4,roc_auc_macro,0.9694624867476103
B3_linear_svm__LATE,0,0,roc_auc_macro,0.9765928741544321
B3_linear_svm__LATE,0,1,roc_auc_macro,0.9815673892686496
B3_linear_svm__LATE,0,2,roc_auc_macro,0.9931532157178709
B3_linear_svm__LATE,0,3,roc_auc_macro,0.9706598318667286
B3_linear_svm__LATE,0,4,roc_auc_macro,0.9806086540242196
B3_linear_svm__LATE,1,0,roc_auc_macro,0.9853110791385105
B3_linear_svm__LATE,1,1,roc_auc_macro,0.9797667709046517
B3_linear_svm__LATE,1,2,roc_auc_macro,0.9816968583778929
B3_linear_svm__LATE,1,3,roc_auc_macro,0.9696361907568805
B3_linear_svm__LATE,1,4,roc_auc_macro,0.9817366074111706
B3_linear_svm__LATE,2,0,roc_auc_macro,0.9742698051436178
B3_linear_svm__LATE,2,1,roc_auc_macro,0.9784823973498857
B3_linear_svm__LATE,2,2,roc_auc_macro,0.9844684390481804
B3_linear_svm__LATE,2,3,roc_auc_macro,0.9858480739407464
B3_linear_svm__LATE,2,4,roc_auc_macro,0.980361736019498
B3_linear_svm__LATE,3,0,roc_auc_macro,0.9658485489969074
B3_linear_svm__LATE,3,1,roc_auc_macro,0.9865408785012059
B3_linear_svm__LATE,3,2,roc_auc_macro,0.9819791359662049
B3_linear_svm__LATE,3,3,roc_auc_macro,0.9746554750326302
B3_linear_svm__LATE,3,4,roc_auc_macro,0.9885914093577797
B3_linear_svm__LATE,4,0,roc_auc_macro,0.9799280164775018
B3_linear_svm__LATE,4,1,roc_auc_macro,0.9800121432943936
B3_linear_svm__LATE,4,2,roc_auc_macro,0.9761585257813706
B3_linear_svm__LATE,4,3,roc_auc_macro,0.9802201530111012
B3_linear_svm__LATE,4,4,roc_auc_macro,0.9844351717849189
B4_random_forest__LATE,0,0,roc_auc_macro,0.9808843575007369
B4_random_forest__LATE,0,1,roc_auc_macro,0.9670353059349046
B4_random_forest__LATE,0,2,roc_auc_macro,0.9831052859177859
B4_random_forest__LATE,0,3,roc_auc_macro,0.9790320232130578
B4_random_forest__LATE,0,4,roc_auc_macro,0.9874526527441321
B4_random_forest__LATE,1,0,roc_auc_macro,0.982927914433438
B4_random_forest__LATE,1,1,roc_auc_macro,0.9867319898096344
B4_random_forest__LATE,1,2,roc_auc_macro,0.9763545344741466
B4_random_forest__LATE,1,3,roc_auc_macro,0.97937641660702
B4_random_forest__LATE,1,4,roc_auc_macro,0.9706828390940077
B4_random_forest__LATE,2,0,roc_auc_macro,0.9796900038340648
B4_random_forest__LATE,2,1,roc_auc_macro,0.9718790913710993
B4_random_forest__LATE,2,2,roc_auc_macro,0.9858400122785898
B4_random_forest__LATE,2,3,roc_auc_macro,0.9861110397425054
B4_random_forest__LATE,2,4,roc_auc_macro,0.9769786810945019
B4_random_forest__LATE,3,0,roc_auc_macro,0.9745328203194259
B4_random_forest__LATE,3,1,roc_auc_macro,0.9881305507900221
B4_random_forest__LATE,3,2,roc_auc_macro,0.9747434208910501
B4_random_forest__LATE,3,3,roc_auc_macro,0.9774083086852484
B4_random_forest__LATE,3,4,roc_auc_macro,0.9864359903772586
B4_random_forest__LATE,4,0,roc_auc_macro,0.9822770528353824
B4_random_forest__LATE,4,1,roc_auc_macro,0.9807986358101045
B4_random_forest__LATE,4,2,roc_auc_macro,0.9668789822884649
B4_random_forest__LATE,4,3,roc_auc_macro,0.9794134435567626
B4_random_forest__LATE,4,4,roc_auc_macro,0.9897770128449395
B5_xgboost__LATE,0,0,roc_auc_macro,0.9728509290731828
B5_xgboost__LATE,0,1,roc_auc_macro,0.9655054021569686
B5_xgboost__LATE,0,2,roc_auc_macro,0.9839507658688693
B5_xgboost__LATE,0,3,roc_auc_macro,0.9790612241366551
B5_xgboost__LATE,0,4,roc_auc_macro,0.9800212686983265
B5_xgboost__LATE,1,0,roc_auc_macro,0.9885039593300873
B5_xgboost__LATE,1,1,roc_auc_macro,0.989951903890344
B5_xgboost__LATE,1,2,roc_auc_macro,0.9779708095225338
B5_xgboost__LATE,1,3,roc_auc_macro,0.9670285593238179
B5_xgboost__LATE,1,4,roc_auc_macro,0.9832328994590349
B5_xgboost__LATE,2,0,roc_auc_macro,0.9728687702696581
B5_xgboost__LATE,2,1,roc_auc_macro,0.9679554608266829
B5_xgboost__LATE,2,2,roc_auc_macro,0.983536329172105
B5_xgboost__LATE,2,3,roc_auc_macro,0.9868343398300294
B5_xgboost__LATE,2,4,roc_auc_macro,0.9656562508801841
B5_xgboost__LATE,3,0,roc_auc_macro,0.9696973804012958
B5_xgboost__LATE,3,1,roc_auc_macro,0.9871806471270734
B5_xgboost__LATE,3,2,roc_auc_macro,0.9737677711815642
B5_xgboost__LATE,3,3,roc_auc_macro,0.982426332049177
B5_xgboost__LATE,3,4,roc_auc_macro,0.9873740282181612
B5_xgboost__LATE,4,0,roc_auc_macro,0.9784098268117327
B5_xgboost__LATE,4,1,roc_auc_macro,0.9793259702683946
B5_xgboost__LATE,4,2,roc_auc_macro,0.9729708749105301
B5_xgboost__LATE,4,3,roc_auc_macro,0.9798767683465959
B5_xgboost__LATE,4,4,roc_auc_macro,0.9853953236091648
B0a_dummy_stratified,0,0,pr_auc_macro,0.25310165026723574
B0a_dummy_stratified,0,1,pr_auc_macro,0.27115627999350067
B0a_dummy_stratified,0,2,pr_auc_macro,0.2603515676463067
B0a_dummy_stratified,0,3,pr_auc_macro,0.2627126703315503
B0a_dummy_stratified,0,4,pr_auc_macro,0.2660960239085239
B0a_dummy_stratified,1,0,pr_auc_macro,0.2737057101087617
B0a_dummy_stratified,1,1,pr_auc_macro,0.2405010714055114
B0a_dummy_stratified,1,2,pr_auc_macro,0.26460867475756855
B0a_dummy_stratified,1,3,pr_auc_macro,0.2574670088715268
B0a_dummy_stratified,1,4,pr_auc_macro,0.25445777852027857
B0a_dummy_stratified,2,0,pr_auc_macro,0.23935107918913384
B0a_dummy_stratified,2,1,pr_auc_macro,0.2609488719935278
B0a_dummy_stratified,2,2,pr_auc_macro,0.2639174022413533
B0a_dummy_stratified,2,3,pr_auc_macro,0.250705571049137
B0a_dummy_stratified,2,4,pr_auc_macro,0.2531846991221991
B0a_dummy_stratified,3,0,pr_auc_macro,0.24773930114441586
B0a_dummy_stratified,3,1,pr_auc_macro,0.26789029972596
B0a_dummy_stratified,3,2,pr_auc_macro,0.25756351640599917
B0a_dummy_stratified,3,3,pr_auc_macro,0.25491059271832145
B0a_dummy_stratified,3,4,pr_auc_macro,0.2644504153879154
B0a_dummy_stratified,4,0,pr_auc_macro,0.24799318455041974
B0a_dummy_stratified,4,1,pr_auc_macro,0.2506241083404552
B0a_dummy_stratified,4,2,pr_auc_macro,0.24151031101842274
B0a_dummy_stratified,4,3,pr_auc_macro,0.2571650451184761
B0a_dummy_stratified,4,4,pr_auc_macro,0.26561598686598686
B0b_dummy_mostfreq,0,0,pr_auc_macro,0.25
B0b_dummy_mostfreq,0,1,pr_auc_macro,0.25
B0b_dummy_mostfreq,0,2,pr_auc_macro,0.25
B0b_dummy_mostfreq,0,3,pr_auc_macro,0.25
B0b_dummy_mostfreq,0,4,pr_auc_macro,0.25
B0b_dummy_mostfreq,1,0,pr_auc_macro,0.25
B0b_dummy_mostfreq,1,1,pr_auc_macro,0.25
B0b_dummy_mostfreq,1,2,pr_auc_macro,0.25
B0b_dummy_mostfreq,1,3,pr_auc_macro,0.25
B0b_dummy_mostfreq,1,4,pr_auc_macro,0.25
B0b_dummy_mostfreq,2,0,pr_auc_macro,0.25
B0b_dummy_mostfreq,2,1,pr_auc_macro,0.25
B0b_dummy_mostfreq,2,2,pr_auc_macro,0.25
B0b_dummy_mostfreq,2,3,pr_auc_macro,0.25
B0b_dummy_mostfreq,2,4,pr_auc_macro,0.25
B0b_dummy_mostfreq,3,0,pr_auc_macro,0.25
B0b_dummy_mostfreq,3,1,pr_auc_macro,0.25
B0b_dummy_mostfreq,3,2,pr_auc_macro,0.25
B0b_dummy_mostfreq,3,3,pr_auc_macro,0.25
B0b_dummy_mostfreq,3,4,pr_auc_macro,0.25
B0b_dummy_mostfreq,4,0,pr_auc_macro,0.25
B0b_dummy_mostfreq,4,1,pr_auc_macro,0.25
B0b_dummy_mostfreq,4,2,pr_auc_macro,0.25
B0b_dummy_mostfreq,4,3,pr_auc_macro,0.25
B0b_dummy_mostfreq,4,4,pr_auc_macro,0.25
B1_pam50_centroid,0,0,pr_auc_macro,0.9649891128008822
B1_pam50_centroid,0,1,pr_auc_macro,0.9229567198981361
B1_pam50_centroid,0,2,pr_auc_macro,0.9238039612597644
B1_pam50_centroid,0,3,pr_auc_macro,0.9570122034314201
B1_pam50_centroid,0,4,pr_auc_macro,0.9545332636368562
B1_pam50_centroid,1,0,pr_auc_macro,0.9587361284463007
B1_pam50_centroid,1,1,pr_auc_macro,0.9474613590877332
B1_pam50_centroid,1,2,pr_auc_macro,0.9596672964305254
B1_pam50_centroid,1,3,pr_auc_macro,0.9134911942142168
B1_pam50_centroid,1,4,pr_auc_macro,0.950820262226326
B1_pam50_centroid,2,0,pr_auc_macro,0.9517206987138797
B1_pam50_centroid,2,1,pr_auc_macro,0.945511200165234
B1_pam50_centroid,2,2,pr_auc_macro,0.9526776779862048
B1_pam50_centroid,2,3,pr_auc_macro,0.9295790799080527
B1_pam50_centroid,2,4,pr_auc_macro,0.9384909673761466
B1_pam50_centroid,3,0,pr_auc_macro,0.9458543749360424
B1_pam50_centroid,3,1,pr_auc_macro,0.9592551470936497
B1_pam50_centroid,3,2,pr_auc_macro,0.9221367184329949
B1_pam50_centroid,3,3,pr_auc_macro,0.943448367574449
B1_pam50_centroid,3,4,pr_auc_macro,0.9611899072374857
B1_pam50_centroid,4,0,pr_auc_macro,0.9547770330332834
B1_pam50_centroid,4,1,pr_auc_macro,0.9417426952540189
B1_pam50_centroid,4,2,pr_auc_macro,0.9419512571604114
B1_pam50_centroid,4,3,pr_auc_macro,0.939444785910168
B1_pam50_centroid,4,4,pr_auc_macro,0.9536297246802363
B2_elasticnet_logreg,0,0,pr_auc_macro,0.9639397007610835
B2_elasticnet_logreg,0,1,pr_auc_macro,0.957831997943236
B2_elasticnet_logreg,0,2,pr_auc_macro,0.9458237293535283
B2_elasticnet_logreg,0,3,pr_auc_macro,0.9733108594167086
B2_elasticnet_logreg,0,4,pr_auc_macro,0.9686294917771682
B2_elasticnet_logreg,1,0,pr_auc_macro,0.9583668331044328
B2_elasticnet_logreg,1,1,pr_auc_macro,0.959310589106205
B2_elasticnet_logreg,1,2,pr_auc_macro,0.9666009413360197
B2_elasticnet_logreg,1,3,pr_auc_macro,0.9196504190650674
B2_elasticnet_logreg,1,4,pr_auc_macro,0.9647593624163335
B2_elasticnet_logreg,2,0,pr_auc_macro,0.9614936042934276
B2_elasticnet_logreg,2,1,pr_auc_macro,0.9454350911989282
B2_elasticnet_logreg,2,2,pr_auc_macro,0.9870433720169953
B2_elasticnet_logreg,2,3,pr_auc_macro,0.9580451309827699
B2_elasticnet_logreg,2,4,pr_auc_macro,0.9542285939858782
B2_elasticnet_logreg,3,0,pr_auc_macro,0.9492162883239343
B2_elasticnet_logreg,3,1,pr_auc_macro,0.9757999611166336
B2_elasticnet_logreg,3,2,pr_auc_macro,0.9283978803359731
B2_elasticnet_logreg,3,3,pr_auc_macro,0.9718017300446945
B2_elasticnet_logreg,3,4,pr_auc_macro,0.9795190930715643
B2_elasticnet_logreg,4,0,pr_auc_macro,0.963063314929558
B2_elasticnet_logreg,4,1,pr_auc_macro,0.9577598440527689
B2_elasticnet_logreg,4,2,pr_auc_macro,0.9531888687750526
B2_elasticnet_logreg,4,3,pr_auc_macro,0.9634312552910054
B2_elasticnet_logreg,4,4,pr_auc_macro,0.9677086475624432
B3_linear_svm,0,0,pr_auc_macro,0.9597067396130503
B3_linear_svm,0,1,pr_auc_macro,0.9395926551128175
B3_linear_svm,0,2,pr_auc_macro,0.9553812712490021
B3_linear_svm,0,3,pr_auc_macro,0.9286275302789002
B3_linear_svm,0,4,pr_auc_macro,0.9382372253812934
B3_linear_svm,1,0,pr_auc_macro,0.9320789609127317
B3_linear_svm,1,1,pr_auc_macro,0.9294821874575132
B3_linear_svm,1,2,pr_auc_macro,0.945984122322869
B3_linear_svm,1,3,pr_auc_macro,0.9153366793437224
B3_linear_svm,1,4,pr_auc_macro,0.9420595509301144
B3_linear_svm,2,0,pr_auc_macro,0.9398149392294345
B3_linear_svm,2,1,pr_auc_macro,0.9191752214646557
B3_linear_svm,2,2,pr_auc_macro,0.9515071581967588
B3_linear_svm,2,3,pr_auc_macro,0.9607545547657521
B3_linear_svm,2,4,pr_auc_macro,0.9466518999809235
B3_linear_svm,3,0,pr_auc_macro,0.9234387486084596
B3_linear_svm,3,1,pr_auc_macro,0.9687013799281821
B3_linear_svm,3,2,pr_auc_macro,0.9305276682017108
B3_linear_svm,3,3,pr_auc_macro,0.9500324628667046
B3_linear_svm,3,4,pr_auc_macro,0.9574820220919655
B3_linear_svm,4,0,pr_auc_macro,0.9534788637494768
B3_linear_svm,4,1,pr_auc_macro,0.9268296776295042
B3_linear_svm,4,2,pr_auc_macro,0.9566089315200978
B3_linear_svm,4,3,pr_auc_macro,0.9673852922547908
B3_linear_svm,4,4,pr_auc_macro,0.9522321526857821
B4_random_forest,0,0,pr_auc_macro,0.9808229830571374
B4_random_forest,0,1,pr_auc_macro,0.9753164179277602
B4_random_forest,0,2,pr_auc_macro,0.968440698094683
B4_random_forest,0,3,pr_auc_macro,0.9645445680996605
B4_random_forest,0,4,pr_auc_macro,0.970178491798033
B4_random_forest,1,0,pr_auc_macro,0.9775074590651218
B4_random_forest,1,1,pr_auc_macro,0.9685983637214293
B4_random_forest,1,2,pr_auc_macro,0.9658247929982253
B4_random_forest,1,3,pr_auc_macro,0.9774273830413542
B4_random_forest,1,4,pr_auc_macro,0.9675996587754948
B4_random_forest,2,0,pr_auc_macro,0.9842679427346741
B4_random_forest,2,1,pr_auc_macro,0.9669696555353132
B4_random_forest,2,2,pr_auc_macro,0.9856887407937547
B4_random_forest,2,3,pr_auc_macro,0.9769425270214855
B4_random_forest,2,4,pr_auc_macro,0.9671549725016799
B4_random_forest,3,0,pr_auc_macro,0.9763230564733477
B4_random_forest,3,1,pr_auc_macro,0.982504965775563
B4_random_forest,3,2,pr_auc_macro,0.9501347116069141
B4_random_forest,3,3,pr_auc_macro,0.9747491334519529
B4_random_forest,3,4,pr_auc_macro,0.9787404798152083
B4_random_forest,4,0,pr_auc_macro,0.9797886727777437
B4_random_forest,4,1,pr_auc_macro,0.9654780836757623
B4_random_forest,4,2,pr_auc_macro,0.9618447524417305
B4_random_forest,4,3,pr_auc_macro,0.9746302421119175
B4_random_forest,4,4,pr_auc_macro,0.9817822126832695
B5_xgboost,0,0,pr_auc_macro,0.9830837022826158
B5_xgboost,0,1,pr_auc_macro,0.9761567558289208
B5_xgboost,0,2,pr_auc_macro,0.9818485629717352
B5_xgboost,0,3,pr_auc_macro,0.9757636241628456
B5_xgboost,0,4,pr_auc_macro,0.9719317077831515
B5_xgboost,1,0,pr_auc_macro,0.972147964122459
B5_xgboost,1,1,pr_auc_macro,0.9785631125113082
B5_xgboost,1,2,pr_auc_macro,0.9797357322222577
B5_xgboost,1,3,pr_auc_macro,0.9747161795385104
B5_xgboost,1,4,pr_auc_macro,0.9758428729515424
B5_xgboost,2,0,pr_auc_macro,0.9796934282291963
B5_xgboost,2,1,pr_auc_macro,0.9659511037274366
B5_xgboost,2,2,pr_auc_macro,0.9922047714774251
B5_xgboost,2,3,pr_auc_macro,0.9813230323405708
B5_xgboost,2,4,pr_auc_macro,0.9693082687389674
B5_xgboost,3,0,pr_auc_macro,0.9779936645598072
B5_xgboost,3,1,pr_auc_macro,0.9910958279845823
B5_xgboost,3,2,pr_auc_macro,0.9479805738042989
B5_xgboost,3,3,pr_auc_macro,0.9835007049705831
B5_xgboost,3,4,pr_auc_macro,0.9935814160523441
B5_xgboost,4,0,pr_auc_macro,0.9800923718302867
B5_xgboost,4,1,pr_auc_macro,0.9708808680447358
B5_xgboost,4,2,pr_auc_macro,0.9755149968346221
B5_xgboost,4,3,pr_auc_macro,0.9879201591625202
B5_xgboost,4,4,pr_auc_macro,0.9945383790820079
B2_elasticnet_logreg__LATE,0,0,pr_auc_macro,0.9238317099610465
B2_elasticnet_logreg__LATE,0,1,pr_auc_macro,0.890399693789403
B2_elasticnet_logreg__LATE,0,2,pr_auc_macro,0.9383669232856114
B2_elasticnet_logreg__LATE,0,3,pr_auc_macro,0.900802563657489
B2_elasticnet_logreg__LATE,0,4,pr_auc_macro,0.8790997840961928
B2_elasticnet_logreg__LATE,1,0,pr_auc_macro,0.9070571614264025
B2_elasticnet_logreg__LATE,1,1,pr_auc_macro,0.9265280451547894
B2_elasticnet_logreg__LATE,1,2,pr_auc_macro,0.8924233281722731
B2_elasticnet_logreg__LATE,1,3,pr_auc_macro,0.8643837739010056
B2_elasticnet_logreg__LATE,1,4,pr_auc_macro,0.9033450321319778
B2_elasticnet_logreg__LATE,2,0,pr_auc_macro,0.9147330194599058
B2_elasticnet_logreg__LATE,2,1,pr_auc_macro,0.8823548997260793
B2_elasticnet_logreg__LATE,2,2,pr_auc_macro,0.9342748488125625
B2_elasticnet_logreg__LATE,2,3,pr_auc_macro,0.8987212617879856
B2_elasticnet_logreg__LATE,2,4,pr_auc_macro,0.9039793018455897
B2_elasticnet_logreg__LATE,3,0,pr_auc_macro,0.8845400944987021
B2_elasticnet_logreg__LATE,3,1,pr_auc_macro,0.9429106449535707
B2_elasticnet_logreg__LATE,3,2,pr_auc_macro,0.8798837204466137
B2_elasticnet_logreg__LATE,3,3,pr_auc_macro,0.8955656103404587
B2_elasticnet_logreg__LATE,3,4,pr_auc_macro,0.9195743640164379
B2_elasticnet_logreg__LATE,4,0,pr_auc_macro,0.9078866236669492
B2_elasticnet_logreg__LATE,4,1,pr_auc_macro,0.8922581578497161
B2_elasticnet_logreg__LATE,4,2,pr_auc_macro,0.8872117846692815
B2_elasticnet_logreg__LATE,4,3,pr_auc_macro,0.9116982445359282
B2_elasticnet_logreg__LATE,4,4,pr_auc_macro,0.8972251744026085
B3_linear_svm__LATE,0,0,pr_auc_macro,0.9432796428540788
B3_linear_svm__LATE,0,1,pr_auc_macro,0.9259951060459217
B3_linear_svm__LATE,0,2,pr_auc_macro,0.9772286081032654
B3_linear_svm__LATE,0,3,pr_auc_macro,0.9251168787810614
B3_linear_svm__LATE,0,4,pr_auc_macro,0.9182361844876548
B3_linear_svm__LATE,1,0,pr_auc_macro,0.9577481965115815
B3_linear_svm__LATE,1,1,pr_auc_macro,0.9284398922568217
B3_linear_svm__LATE,1,2,pr_auc_macro,0.9231576467984188
B3_linear_svm__LATE,1,3,pr_auc_macro,0.8983979313289974
B3_linear_svm__LATE,1,4,pr_auc_macro,0.9401967527092968
B3_linear_svm__LATE,2,0,pr_auc_macro,0.9273899468128574
B3_linear_svm__LATE,2,1,pr_auc_macro,0.9270331018073839
B3_linear_svm__LATE,2,2,pr_auc_macro,0.9401767378822699
B3_linear_svm__LATE,2,3,pr_auc_macro,0.9469600645262364
B3_linear_svm__LATE,2,4,pr_auc_macro,0.9390291037488008
B3_linear_svm__LATE,3,0,pr_auc_macro,0.9074965379834444
B3_linear_svm__LATE,3,1,pr_auc_macro,0.9585366345133002
B3_linear_svm__LATE,3,2,pr_auc_macro,0.917622461767037
B3_linear_svm__LATE,3,3,pr_auc_macro,0.927884378376202
B3_linear_svm__LATE,3,4,pr_auc_macro,0.9363383623687104
B3_linear_svm__LATE,4,0,pr_auc_macro,0.9364032475635041
B3_linear_svm__LATE,4,1,pr_auc_macro,0.9230861596157054
B3_linear_svm__LATE,4,2,pr_auc_macro,0.9308168204255695
B3_linear_svm__LATE,4,3,pr_auc_macro,0.9359726029362384
B3_linear_svm__LATE,4,4,pr_auc_macro,0.9415241442074272
B4_random_forest__LATE,0,0,pr_auc_macro,0.9605857419829437
B4_random_forest__LATE,0,1,pr_auc_macro,0.89120127569374
B4_random_forest__LATE,0,2,pr_auc_macro,0.9414819422463949
B4_random_forest__LATE,0,3,pr_auc_macro,0.9273996728716801
B4_random_forest__LATE,0,4,pr_auc_macro,0.9562545609398251
B4_random_forest__LATE,1,0,pr_auc_macro,0.9602017692118028
B4_random_forest__LATE,1,1,pr_auc_macro,0.9407948486250433
B4_random_forest__LATE,1,2,pr_auc_macro,0.9274009417419942
B4_random_forest__LATE,1,3,pr_auc_macro,0.925450749116753
B4_random_forest__LATE,1,4,pr_auc_macro,0.9200570631555844
B4_random_forest__LATE,2,0,pr_auc_macro,0.9506201084100052
B4_random_forest__LATE,2,1,pr_auc_macro,0.9279616130221024
B4_random_forest__LATE,2,2,pr_auc_macro,0.9410261846875307
B4_random_forest__LATE,2,3,pr_auc_macro,0.9470737982944584
B4_random_forest__LATE,2,4,pr_auc_macro,0.936533500085696
B4_random_forest__LATE,3,0,pr_auc_macro,0.9248103807471272
B4_random_forest__LATE,3,1,pr_auc_macro,0.9677115484547845
B4_random_forest__LATE,3,2,pr_auc_macro,0.913994311147811
B4_random_forest__LATE,3,3,pr_auc_macro,0.9410900397105455
B4_random_forest__LATE,3,4,pr_auc_macro,0.9339443555676014
B4_random_forest__LATE,4,0,pr_auc_macro,0.9511076124653604
B4_random_forest__LATE,4,1,pr_auc_macro,0.9192279648230408
B4_random_forest__LATE,4,2,pr_auc_macro,0.9233391519597602
B4_random_forest__LATE,4,3,pr_auc_macro,0.9390934624778906
B4_random_forest__LATE,4,4,pr_auc_macro,0.9619210641782076
B5_xgboost__LATE,0,0,pr_auc_macro,0.939262967230166
B5_xgboost__LATE,0,1,pr_auc_macro,0.8785724191239488
B5_xgboost__LATE,0,2,pr_auc_macro,0.9454843478225599
B5_xgboost__LATE,0,3,pr_auc_macro,0.926670843012804
B5_xgboost__LATE,0,4,pr_auc_macro,0.9329789869658107
B5_xgboost__LATE,1,0,pr_auc_macro,0.9707432239776396
B5_xgboost__LATE,1,1,pr_auc_macro,0.9662278372290702
B5_xgboost__LATE,1,2,pr_auc_macro,0.9325768638892173
B5_xgboost__LATE,1,3,pr_auc_macro,0.8888414132071593
B5_xgboost__LATE,1,4,pr_auc_macro,0.9537392000579183
B5_xgboost__LATE,2,0,pr_auc_macro,0.9176071312930136
B5_xgboost__LATE,2,1,pr_auc_macro,0.9177089401250587
B5_xgboost__LATE,2,2,pr_auc_macro,0.9229099727242976
B5_xgboost__LATE,2,3,pr_auc_macro,0.9465517941187028
B5_xgboost__LATE,2,4,pr_auc_macro,0.8998280575312815
B5_xgboost__LATE,3,0,pr_auc_macro,0.9124850898408269
B5_xgboost__LATE,3,1,pr_auc_macro,0.9639113107037582
B5_xgboost__LATE,3,2,pr_auc_macro,0.9069894143647799
B5_xgboost__LATE,3,3,pr_auc_macro,0.954237167267209
B5_xgboost__LATE,3,4,pr_auc_macro,0.9555298310309011
B5_xgboost__LATE,4,0,pr_auc_macro,0.9463440862905093
B5_xgboost__LATE,4,1,pr_auc_macro,0.91960293667891
B5_xgboost__LATE,4,2,pr_auc_macro,0.9306506699285395
B5_xgboost__LATE,4,3,pr_auc_macro,0.9501556678292904
B5_xgboost__LATE,4,4,pr_auc_macro,0.9389530413485332
B0a_dummy_stratified,0,0,roc_auc__BRCA_Basal,0.46885347682119205
B0a_dummy_stratified,0,1,roc_auc__BRCA_Basal,0.47242424242424247
B0a_dummy_stratified,0,2,roc_auc__BRCA_Basal,0.5212121212121212
B0a_dummy_stratified,0,3,roc_auc__BRCA_Basal,0.5027272727272727
B0a_dummy_stratified,0,4,roc_auc__BRCA_Basal,0.6164583333333333
B0a_dummy_stratified,1,0,roc_auc__BRCA_Basal,0.6014072847682119
B0a_dummy_stratified,1,1,roc_auc__BRCA_Basal,0.4539393939393939
B0a_dummy_stratified,1,2,roc_auc__BRCA_Basal,0.5951515151515152
B0a_dummy_stratified,1,3,roc_auc__BRCA_Basal,0.5027272727272727
B0a_dummy_stratified,1,4,roc_auc__BRCA_Basal,0.540625
B0a_dummy_stratified,2,0,roc_auc__BRCA_Basal,0.48778973509933776
B0a_dummy_stratified,2,1,roc_auc__BRCA_Basal,0.5648484848484849
B0a_dummy_stratified,2,2,roc_auc__BRCA_Basal,0.5212121212121212
B0a_dummy_stratified,2,3,roc_auc__BRCA_Basal,0.5027272727272727
B0a_dummy_stratified,2,4,roc_auc__BRCA_Basal,0.48375
B0a_dummy_stratified,3,0,roc_auc__BRCA_Basal,0.5067259933774835
B0a_dummy_stratified,3,1,roc_auc__BRCA_Basal,0.5093939393939394
B0a_dummy_stratified,3,2,roc_auc__BRCA_Basal,0.5766666666666667
B0a_dummy_stratified,3,3,roc_auc__BRCA_Basal,0.5396969696969697
B0a_dummy_stratified,3,4,roc_auc__BRCA_Basal,0.5595833333333332
B0a_dummy_stratified,4,0,roc_auc__BRCA_Basal,0.5256622516556291
B0a_dummy_stratified,4,1,roc_auc__BRCA_Basal,0.4354545454545454
B0a_dummy_stratified,4,2,roc_auc__BRCA_Basal,0.48424242424242425
B0a_dummy_stratified,4,3,roc_auc__BRCA_Basal,0.5027272727272727
B0a_dummy_stratified,4,4,roc_auc__BRCA_Basal,0.5595833333333332
B0b_dummy_mostfreq,0,0,roc_auc__BRCA_Basal,0.5
B0b_dummy_mostfreq,0,1,roc_auc__BRCA_Basal,0.5
B0b_dummy_mostfreq,0,2,roc_auc__BRCA_Basal,0.5
B0b_dummy_mostfreq,0,3,roc_auc__BRCA_Basal,0.5
B0b_dummy_mostfreq,0,4,roc_auc__BRCA_Basal,0.5
B0b_dummy_mostfreq,1,0,roc_auc__BRCA_Basal,0.5
B0b_dummy_mostfreq,1,1,roc_auc__BRCA_Basal,0.5
B0b_dummy_mostfreq,1,2,roc_auc__BRCA_Basal,0.5
B0b_dummy_mostfreq,1,3,roc_auc__BRCA_Basal,0.5
B0b_dummy_mostfreq,1,4,roc_auc__BRCA_Basal,0.5
B0b_dummy_mostfreq,2,0,roc_auc__BRCA_Basal,0.5
B0b_dummy_mostfreq,2,1,roc_auc__BRCA_Basal,0.5
B0b_dummy_mostfreq,2,2,roc_auc__BRCA_Basal,0.5
B0b_dummy_mostfreq,2,3,roc_auc__BRCA_Basal,0.5
B0b_dummy_mostfreq,2,4,roc_auc__BRCA_Basal,0.5
B0b_dummy_mostfreq,3,0,roc_auc__BRCA_Basal,0.5
B0b_dummy_mostfreq,3,1,roc_auc__BRCA_Basal,0.5
B0b_dummy_mostfreq,3,2,roc_auc__BRCA_Basal,0.5
B0b_dummy_mostfreq,3,3,roc_auc__BRCA_Basal,0.5
B0b_dummy_mostfreq,3,4,roc_auc__BRCA_Basal,0.5
B0b_dummy_mostfreq,4,0,roc_auc__BRCA_Basal,0.5
B0b_dummy_mostfreq,4,1,roc_auc__BRCA_Basal,0.5
B0b_dummy_mostfreq,4,2,roc_auc__BRCA_Basal,0.5
B0b_dummy_mostfreq,4,3,roc_auc__BRCA_Basal,0.5
B0b_dummy_mostfreq,4,4,roc_auc__BRCA_Basal,0.5
B1_pam50_centroid,0,0,roc_auc__BRCA_Basal,1.0
B1_pam50_centroid,0,1,roc_auc__BRCA_Basal,0.9995959595959596
B1_pam50_centroid,0,2,roc_auc__BRCA_Basal,0.9987878787878789
B1_pam50_centroid,0,3,roc_auc__BRCA_Basal,0.9997979797979798
B1_pam50_centroid,0,4,roc_auc__BRCA_Basal,0.9995833333333333
B1_pam50_centroid,1,0,roc_auc__BRCA_Basal,0.9995860927152318
B1_pam50_centroid,1,1,roc_auc__BRCA_Basal,0.9991919191919192
B1_pam50_centroid,1,2,roc_auc__BRCA_Basal,0.9993939393939394
B1_pam50_centroid,1,3,roc_auc__BRCA_Basal,1.0
B1_pam50_centroid,1,4,roc_auc__BRCA_Basal,0.9997916666666666
B1_pam50_centroid,2,0,roc_auc__BRCA_Basal,0.9995860927152318
B1_pam50_centroid,2,1,roc_auc__BRCA_Basal,0.9995959595959596
B1_pam50_centroid,2,2,roc_auc__BRCA_Basal,1.0
B1_pam50_centroid,2,3,roc_auc__BRCA_Basal,0.9989898989898991
B1_pam50_centroid,2,4,roc_auc__BRCA_Basal,1.0
B1_pam50_centroid,3,0,roc_auc__BRCA_Basal,1.0
B1_pam50_centroid,3,1,roc_auc__BRCA_Basal,0.9987878787878788
B1_pam50_centroid,3,2,roc_auc__BRCA_Basal,1.0
B1_pam50_centroid,3,3,roc_auc__BRCA_Basal,0.9991919191919193
B1_pam50_centroid,3,4,roc_auc__BRCA_Basal,1.0
B1_pam50_centroid,4,0,roc_auc__BRCA_Basal,0.9993791390728477
B1_pam50_centroid,4,1,roc_auc__BRCA_Basal,0.998989898989899
B1_pam50_centroid,4,2,roc_auc__BRCA_Basal,1.0
B1_pam50_centroid,4,3,roc_auc__BRCA_Basal,1.0
B1_pam50_centroid,4,4,roc_auc__BRCA_Basal,0.9997916666666666
B2_elasticnet_logreg,0,0,roc_auc__BRCA_Basal,1.0
B2_elasticnet_logreg,0,1,roc_auc__BRCA_Basal,1.0
B2_elasticnet_logreg,0,2,roc_auc__BRCA_Basal,0.9987878787878788
B2_elasticnet_logreg,0,3,roc_auc__BRCA_Basal,1.0
B2_elasticnet_logreg,0,4,roc_auc__BRCA_Basal,1.0
B2_elasticnet_logreg,1,0,roc_auc__BRCA_Basal,1.0
B2_elasticnet_logreg,1,1,roc_auc__BRCA_Basal,1.0
B2_elasticnet_logreg,1,2,roc_auc__BRCA_Basal,1.0
B2_elasticnet_logreg,1,3,roc_auc__BRCA_Basal,1.0
B2_elasticnet_logreg,1,4,roc_auc__BRCA_Basal,1.0
B2_elasticnet_logreg,2,0,roc_auc__BRCA_Basal,1.0
B2_elasticnet_logreg,2,1,roc_auc__BRCA_Basal,1.0
B2_elasticnet_logreg,2,2,roc_auc__BRCA_Basal,1.0
B2_elasticnet_logreg,2,3,roc_auc__BRCA_Basal,0.9997979797979798
B2_elasticnet_logreg,2,4,roc_auc__BRCA_Basal,0.9991666666666668
B2_elasticnet_logreg,3,0,roc_auc__BRCA_Basal,1.0
B2_elasticnet_logreg,3,1,roc_auc__BRCA_Basal,0.9993939393939394
B2_elasticnet_logreg,3,2,roc_auc__BRCA_Basal,1.0
B2_elasticnet_logreg,3,3,roc_auc__BRCA_Basal,1.0
B2_elasticnet_logreg,3,4,roc_auc__BRCA_Basal,1.0
B2_elasticnet_logreg,4,0,roc_auc__BRCA_Basal,0.9993791390728477
B2_elasticnet_logreg,4,1,roc_auc__BRCA_Basal,0.9991919191919193
B2_elasticnet_logreg,4,2,roc_auc__BRCA_Basal,1.0
B2_elasticnet_logreg,4,3,roc_auc__BRCA_Basal,0.9997979797979798
B2_elasticnet_logreg,4,4,roc_auc__BRCA_Basal,1.0
B3_linear_svm,0,0,roc_auc__BRCA_Basal,1.0
B3_linear_svm,0,1,roc_auc__BRCA_Basal,0.9997979797979798
B3_linear_svm,0,2,roc_auc__BRCA_Basal,0.9967676767676767
B3_linear_svm,0,3,roc_auc__BRCA_Basal,1.0
B3_linear_svm,0,4,roc_auc__BRCA_Basal,0.9995833333333334
B3_linear_svm,1,0,roc_auc__BRCA_Basal,1.0
B3_linear_svm,1,1,roc_auc__BRCA_Basal,0.9963636363636363
B3_linear_svm,1,2,roc_auc__BRCA_Basal,0.998989898989899
B3_linear_svm,1,3,roc_auc__BRCA_Basal,1.0
B3_linear_svm,1,4,roc_auc__BRCA_Basal,0.9979166666666667
B3_linear_svm,2,0,roc_auc__BRCA_Basal,0.9997930463576159
B3_linear_svm,2,1,roc_auc__BRCA_Basal,1.0
B3_linear_svm,2,2,roc_auc__BRCA_Basal,1.0
B3_linear_svm,2,3,roc_auc__BRCA_Basal,1.0
B3_linear_svm,2,4,roc_auc__BRCA_Basal,0.9981249999999999
B3_linear_svm,3,0,roc_auc__BRCA_Basal,1.0
B3_linear_svm,3,1,roc_auc__BRCA_Basal,0.996969696969697
B3_linear_svm,3,2,roc_auc__BRCA_Basal,0.9997979797979798
B3_linear_svm,3,3,roc_auc__BRCA_Basal,1.0
B3_linear_svm,3,4,roc_auc__BRCA_Basal,0.9989583333333334
B3_linear_svm,4,0,roc_auc__BRCA_Basal,0.9997930463576159
B3_linear_svm,4,1,roc_auc__BRCA_Basal,0.997979797979798
B3_linear_svm,4,2,roc_auc__BRCA_Basal,1.0
B3_linear_svm,4,3,roc_auc__BRCA_Basal,1.0
B3_linear_svm,4,4,roc_auc__BRCA_Basal,1.0
B4_random_forest,0,0,roc_auc__BRCA_Basal,1.0
B4_random_forest,0,1,roc_auc__BRCA_Basal,1.0
B4_random_forest,0,2,roc_auc__BRCA_Basal,0.9975757575757576
B4_random_forest,0,3,roc_auc__BRCA_Basal,1.0
B4_random_forest,0,4,roc_auc__BRCA_Basal,1.0
B4_random_forest,1,0,roc_auc__BRCA_Basal,1.0
B4_random_forest,1,1,roc_auc__BRCA_Basal,1.0
B4_random_forest,1,2,roc_auc__BRCA_Basal,1.0
B4_random_forest,1,3,roc_auc__BRCA_Basal,1.0
B4_random_forest,1,4,roc_auc__BRCA_Basal,0.9983333333333333
B4_random_forest,2,0,roc_auc__BRCA_Basal,1.0
B4_random_forest,2,1,roc_auc__BRCA_Basal,1.0
B4_random_forest,2,2,roc_auc__BRCA_Basal,1.0
B4_random_forest,2,3,roc_auc__BRCA_Basal,1.0
B4_random_forest,2,4,roc_auc__BRCA_Basal,0.9979166666666667
B4_random_forest,3,0,roc_auc__BRCA_Basal,1.0
B4_random_forest,3,1,roc_auc__BRCA_Basal,0.9971717171717172
B4_random_forest,3,2,roc_auc__BRCA_Basal,1.0
B4_random_forest,3,3,roc_auc__BRCA_Basal,1.0
B4_random_forest,3,4,roc_auc__BRCA_Basal,0.9997916666666666
B4_random_forest,4,0,roc_auc__BRCA_Basal,1.0
B4_random_forest,4,1,roc_auc__BRCA_Basal,0.9975757575757576
B4_random_forest,4,2,roc_auc__BRCA_Basal,1.0
B4_random_forest,4,3,roc_auc__BRCA_Basal,1.0
B4_random_forest,4,4,roc_auc__BRCA_Basal,1.0
B5_xgboost,0,0,roc_auc__BRCA_Basal,1.0
B5_xgboost,0,1,roc_auc__BRCA_Basal,1.0
B5_xgboost,0,2,roc_auc__BRCA_Basal,0.9995959595959596
B5_xgboost,0,3,roc_auc__BRCA_Basal,0.9997979797979798
B5_xgboost,0,4,roc_auc__BRCA_Basal,1.0
B5_xgboost,1,0,roc_auc__BRCA_Basal,1.0
B5_xgboost,1,1,roc_auc__BRCA_Basal,1.0
B5_xgboost,1,2,roc_auc__BRCA_Basal,0.9995959595959596
B5_xgboost,1,3,roc_auc__BRCA_Basal,1.0
B5_xgboost,1,4,roc_auc__BRCA_Basal,1.0
B5_xgboost,2,0,roc_auc__BRCA_Basal,1.0
B5_xgboost,2,1,roc_auc__BRCA_Basal,1.0
B5_xgboost,2,2,roc_auc__BRCA_Basal,1.0
B5_xgboost,2,3,roc_auc__BRCA_Basal,1.0
B5_xgboost,2,4,roc_auc__BRCA_Basal,0.9997916666666666
B5_xgboost,3,0,roc_auc__BRCA_Basal,1.0
B5_xgboost,3,1,roc_auc__BRCA_Basal,0.9993939393939394
B5_xgboost,3,2,roc_auc__BRCA_Basal,1.0
B5_xgboost,3,3,roc_auc__BRCA_Basal,1.0
B5_xgboost,3,4,roc_auc__BRCA_Basal,0.9997916666666666
B5_xgboost,4,0,roc_auc__BRCA_Basal,1.0
B5_xgboost,4,1,roc_auc__BRCA_Basal,0.9995959595959596
B5_xgboost,4,2,roc_auc__BRCA_Basal,1.0
B5_xgboost,4,3,roc_auc__BRCA_Basal,1.0
B5_xgboost,4,4,roc_auc__BRCA_Basal,1.0
B2_elasticnet_logreg__LATE,0,0,roc_auc__BRCA_Basal,1.0
B2_elasticnet_logreg__LATE,0,1,roc_auc__BRCA_Basal,1.0
B2_elasticnet_logreg__LATE,0,2,roc_auc__BRCA_Basal,0.9997979797979798
B2_elasticnet_logreg__LATE,0,3,roc_auc__BRCA_Basal,1.0
B2_elasticnet_logreg__LATE,0,4,roc_auc__BRCA_Basal,0.995
B2_elasticnet_logreg__LATE,1,0,roc_auc__BRCA_Basal,0.9989652317880795
B2_elasticnet_logreg__LATE,1,1,roc_auc__BRCA_Basal,0.9997979797979798
B2_elasticnet_logreg__LATE,1,2,roc_auc__BRCA_Basal,0.9943434343434343
B2_elasticnet_logreg__LATE,1,3,roc_auc__BRCA_Basal,1.0
B2_elasticnet_logreg__LATE,1,4,roc_auc__BRCA_Basal,0.9987499999999999
B2_elasticnet_logreg__LATE,2,0,roc_auc__BRCA_Basal,1.0
B2_elasticnet_logreg__LATE,2,1,roc_auc__BRCA_Basal,1.0
B2_elasticnet_logreg__LATE,2,2,roc_auc__BRCA_Basal,1.0
B2_elasticnet_logreg__LATE,2,3,roc_auc__BRCA_Basal,1.0
B2_elasticnet_logreg__LATE,2,4,roc_auc__BRCA_Basal,0.9987499999999999
B2_elasticnet_logreg__LATE,3,0,roc_auc__BRCA_Basal,1.0
B2_elasticnet_logreg__LATE,3,1,roc_auc__BRCA_Basal,0.9997979797979798
B2_elasticnet_logreg__LATE,3,2,roc_auc__BRCA_Basal,1.0
B2_elasticnet_logreg__LATE,3,3,roc_auc__BRCA_Basal,1.0
B2_elasticnet_logreg__LATE,3,4,roc_auc__BRCA_Basal,0.995
B2_elasticnet_logreg__LATE,4,0,roc_auc__BRCA_Basal,0.9958609271523179
B2_elasticnet_logreg__LATE,4,1,roc_auc__BRCA_Basal,1.0
B2_elasticnet_logreg__LATE,4,2,roc_auc__BRCA_Basal,0.9997979797979798
B2_elasticnet_logreg__LATE,4,3,roc_auc__BRCA_Basal,1.0
B2_elasticnet_logreg__LATE,4,4,roc_auc__BRCA_Basal,0.9997916666666666
B3_linear_svm__LATE,0,0,roc_auc__BRCA_Basal,1.0
B3_linear_svm__LATE,0,1,roc_auc__BRCA_Basal,1.0
B3_linear_svm__LATE,0,2,roc_auc__BRCA_Basal,0.9991919191919193
B3_linear_svm__LATE,0,3,roc_auc__BRCA_Basal,1.0
B3_linear_svm__LATE,0,4,roc_auc__BRCA_Basal,0.9989583333333334
B3_linear_svm__LATE,1,0,roc_auc__BRCA_Basal,1.0
B3_linear_svm__LATE,1,1,roc_auc__BRCA_Basal,1.0
B3_linear_svm__LATE,1,2,roc_auc__BRCA_Basal,0.9977777777777778
B3_linear_svm__LATE,1,3,roc_auc__BRCA_Basal,1.0
B3_linear_svm__LATE,1,4,roc_auc__BRCA_Basal,0.9981249999999999
B3_linear_svm__LATE,2,0,roc_auc__BRCA_Basal,1.0
B3_linear_svm__LATE,2,1,roc_auc__BRCA_Basal,1.0
B3_linear_svm__LATE,2,2,roc_auc__BRCA_Basal,1.0
B3_linear_svm__LATE,2,3,roc_auc__BRCA_Basal,1.0
B3_linear_svm__LATE,2,4,roc_auc__BRCA_Basal,0.9995833333333333
B3_linear_svm__LATE,3,0,roc_auc__BRCA_Basal,1.0
B3_linear_svm__LATE,3,1,roc_auc__BRCA_Basal,0.9997979797979798
B3_linear_svm__LATE,3,2,roc_auc__BRCA_Basal,1.0
B3_linear_svm__LATE,3,3,roc_auc__BRCA_Basal,1.0
B3_linear_svm__LATE,3,4,roc_auc__BRCA_Basal,0.9981249999999999
B3_linear_svm__LATE,4,0,roc_auc__BRCA_Basal,0.9993791390728477
B3_linear_svm__LATE,4,1,roc_auc__BRCA_Basal,0.9981818181818182
B3_linear_svm__LATE,4,2,roc_auc__BRCA_Basal,1.0
B3_linear_svm__LATE,4,3,roc_auc__BRCA_Basal,1.0
B3_linear_svm__LATE,4,4,roc_auc__BRCA_Basal,1.0
B4_random_forest__LATE,0,0,roc_auc__BRCA_Basal,1.0
B4_random_forest__LATE,0,1,roc_auc__BRCA_Basal,0.9997979797979797
B4_random_forest__LATE,0,2,roc_auc__BRCA_Basal,0.9977777777777778
B4_random_forest__LATE,0,3,roc_auc__BRCA_Basal,1.0
B4_random_forest__LATE,0,4,roc_auc__BRCA_Basal,0.9989583333333334
B4_random_forest__LATE,1,0,roc_auc__BRCA_Basal,1.0
B4_random_forest__LATE,1,1,roc_auc__BRCA_Basal,0.9995959595959596
B4_random_forest__LATE,1,2,roc_auc__BRCA_Basal,0.9997979797979798
B4_random_forest__LATE,1,3,roc_auc__BRCA_Basal,1.0
B4_random_forest__LATE,1,4,roc_auc__BRCA_Basal,0.9959375
B4_random_forest__LATE,2,0,roc_auc__BRCA_Basal,1.0
B4_random_forest__LATE,2,1,roc_auc__BRCA_Basal,1.0
B4_random_forest__LATE,2,2,roc_auc__BRCA_Basal,0.9997979797979798
B4_random_forest__LATE,2,3,roc_auc__BRCA_Basal,0.9995959595959596
B4_random_forest__LATE,2,4,roc_auc__BRCA_Basal,0.9979166666666667
B4_random_forest__LATE,3,0,roc_auc__BRCA_Basal,1.0
B4_random_forest__LATE,3,1,roc_auc__BRCA_Basal,0.9986868686868687
B4_random_forest__LATE,3,2,roc_auc__BRCA_Basal,0.9999999999999999
B4_random_forest__LATE,3,3,roc_auc__BRCA_Basal,1.0
B4_random_forest__LATE,3,4,roc_auc__BRCA_Basal,0.9995833333333334
B4_random_forest__LATE,4,0,roc_auc__BRCA_Basal,0.9997930463576158
B4_random_forest__LATE,4,1,roc_auc__BRCA_Basal,0.9978787878787879
B4_random_forest__LATE,4,2,roc_auc__BRCA_Basal,1.0
B4_random_forest__LATE,4,3,roc_auc__BRCA_Basal,1.0
B4_random_forest__LATE,4,4,roc_auc__BRCA_Basal,1.0
B5_xgboost__LATE,0,0,roc_auc__BRCA_Basal,1.0
B5_xgboost__LATE,0,1,roc_auc__BRCA_Basal,1.0
B5_xgboost__LATE,0,2,roc_auc__BRCA_Basal,0.9985858585858586
B5_xgboost__LATE,0,3,roc_auc__BRCA_Basal,0.9993939393939394
B5_xgboost__LATE,0,4,roc_auc__BRCA_Basal,0.9991666666666668
B5_xgboost__LATE,1,0,roc_auc__BRCA_Basal,1.0
B5_xgboost__LATE,1,1,roc_auc__BRCA_Basal,1.0
B5_xgboost__LATE,1,2,roc_auc__BRCA_Basal,0.9993939393939394
B5_xgboost__LATE,1,3,roc_auc__BRCA_Basal,1.0
B5_xgboost__LATE,1,4,roc_auc__BRCA_Basal,0.9981249999999999
B5_xgboost__LATE,2,0,roc_auc__BRCA_Basal,1.0
B5_xgboost__LATE,2,1,roc_auc__BRCA_Basal,1.0
B5_xgboost__LATE,2,2,roc_auc__BRCA_Basal,1.0
B5_xgboost__LATE,2,3,roc_auc__BRCA_Basal,0.9993939393939394
B5_xgboost__LATE,2,4,roc_auc__BRCA_Basal,0.9983333333333334
B5_xgboost__LATE,3,0,roc_auc__BRCA_Basal,1.0
B5_xgboost__LATE,3,1,roc_auc__BRCA_Basal,0.9993939393939394
B5_xgboost__LATE,3,2,roc_auc__BRCA_Basal,1.0
B5_xgboost__LATE,3,3,roc_auc__BRCA_Basal,1.0
B5_xgboost__LATE,3,4,roc_auc__BRCA_Basal,0.9983333333333334
B5_xgboost__LATE,4,0,roc_auc__BRCA_Basal,0.9985513245033113
B5_xgboost__LATE,4,1,roc_auc__BRCA_Basal,0.9981818181818182
B5_xgboost__LATE,4,2,roc_auc__BRCA_Basal,1.0
B5_xgboost__LATE,4,3,roc_auc__BRCA_Basal,1.0
B5_xgboost__LATE,4,4,roc_auc__BRCA_Basal,0.9997916666666666
B0a_dummy_stratified,0,0,pr_auc__BRCA_Basal,0.16810019413287317
B0a_dummy_stratified,0,1,pr_auc__BRCA_Basal,0.17404923552464535
B0a_dummy_stratified,0,2,pr_auc__BRCA_Basal,0.1876487044735535
B0a_dummy_stratified,0,3,pr_auc__BRCA_Basal,0.18115146285983214
B0a_dummy_stratified,0,4,pr_auc__BRCA_Basal,0.23981227106227104
B0a_dummy_stratified,1,0,pr_auc__BRCA_Basal,0.22771067011791774
B0a_dummy_stratified,1,1,pr_auc__BRCA_Basal,0.17193795882320473
B0a_dummy_stratified,1,2,pr_auc__BRCA_Basal,0.2295866342458232
B0a_dummy_stratified,1,3,pr_auc__BRCA_Basal,0.18115146285983214
B0a_dummy_stratified,1,4,pr_auc__BRCA_Basal,0.19127747252747257
B0a_dummy_stratified,2,0,pr_auc__BRCA_Basal,0.17168176589013517
B0a_dummy_stratified,2,1,pr_auc__BRCA_Basal,0.2098581442843738
B0a_dummy_stratified,2,2,pr_auc__BRCA_Basal,0.1876487044735535
B0a_dummy_stratified,2,3,pr_auc__BRCA_Basal,0.18115146285983214
B0a_dummy_stratified,2,4,pr_auc__BRCA_Basal,0.17170329670329673
B0a_dummy_stratified,3,0,pr_auc__BRCA_Basal,0.17690807448950246
B0a_dummy_stratified,3,1,pr_auc__BRCA_Basal,0.18332229397803168
B0a_dummy_stratified,3,2,pr_auc__BRCA_Basal,0.21670980730514813
B0a_dummy_stratified,3,3,pr_auc__BRCA_Basal,0.19574084241901324
B0a_dummy_stratified,3,4,pr_auc__BRCA_Basal,0.20100732600732601
B0a_dummy_stratified,4,0,pr_auc__BRCA_Basal,0.18377911993097498
B0a_dummy_stratified,4,1,pr_auc__BRCA_Basal,0.17151018380526575
B0a_dummy_stratified,4,2,pr_auc__BRCA_Basal,0.17624911757784925
B0a_dummy_stratified,4,3,pr_auc__BRCA_Basal,0.18115146285983214
B0a_dummy_stratified,4,4,pr_auc__BRCA_Basal,0.20100732600732601
B0b_dummy_mostfreq,0,0,pr_auc__BRCA_Basal,0.17486338797814208
B0b_dummy_mostfreq,0,1,pr_auc__BRCA_Basal,0.18032786885245902
B0b_dummy_mostfreq,0,2,pr_auc__BRCA_Basal,0.18032786885245902
B0b_dummy_mostfreq,0,3,pr_auc__BRCA_Basal,0.18032786885245902
B0b_dummy_mostfreq,0,4,pr_auc__BRCA_Basal,0.17582417582417584
B0b_dummy_mostfreq,1,0,pr_auc__BRCA_Basal,0.17486338797814208
B0b_dummy_mostfreq,1,1,pr_auc__BRCA_Basal,0.18032786885245902
B0b_dummy_mostfreq,1,2,pr_auc__BRCA_Basal,0.18032786885245902
B0b_dummy_mostfreq,1,3,pr_auc__BRCA_Basal,0.18032786885245902
B0b_dummy_mostfreq,1,4,pr_auc__BRCA_Basal,0.17582417582417584
B0b_dummy_mostfreq,2,0,pr_auc__BRCA_Basal,0.17486338797814208
B0b_dummy_mostfreq,2,1,pr_auc__BRCA_Basal,0.18032786885245902
B0b_dummy_mostfreq,2,2,pr_auc__BRCA_Basal,0.18032786885245902
B0b_dummy_mostfreq,2,3,pr_auc__BRCA_Basal,0.18032786885245902
B0b_dummy_mostfreq,2,4,pr_auc__BRCA_Basal,0.17582417582417584
B0b_dummy_mostfreq,3,0,pr_auc__BRCA_Basal,0.17486338797814208
B0b_dummy_mostfreq,3,1,pr_auc__BRCA_Basal,0.18032786885245902
B0b_dummy_mostfreq,3,2,pr_auc__BRCA_Basal,0.18032786885245902
B0b_dummy_mostfreq,3,3,pr_auc__BRCA_Basal,0.18032786885245902
B0b_dummy_mostfreq,3,4,pr_auc__BRCA_Basal,0.17582417582417584
B0b_dummy_mostfreq,4,0,pr_auc__BRCA_Basal,0.17486338797814208
B0b_dummy_mostfreq,4,1,pr_auc__BRCA_Basal,0.18032786885245902
B0b_dummy_mostfreq,4,2,pr_auc__BRCA_Basal,0.18032786885245902
B0b_dummy_mostfreq,4,3,pr_auc__BRCA_Basal,0.18032786885245902
B0b_dummy_mostfreq,4,4,pr_auc__BRCA_Basal,0.17582417582417584
B1_pam50_centroid,0,0,pr_auc__BRCA_Basal,1.0
B1_pam50_centroid,0,1,pr_auc__BRCA_Basal,0.9982683982683981
B1_pam50_centroid,0,2,pr_auc__BRCA_Basal,0.9949414655297006
B1_pam50_centroid,0,3,pr_auc__BRCA_Basal,0.9991087344028519
B1_pam50_centroid,0,4,pr_auc__BRCA_Basal,0.9980764678030303
B1_pam50_centroid,1,0,pr_auc__BRCA_Basal,0.9980764678030303
B1_pam50_centroid,1,1,pr_auc__BRCA_Basal,0.996556473829201
B1_pam50_centroid,1,2,pr_auc__BRCA_Basal,0.9974747474747472
B1_pam50_centroid,1,3,pr_auc__BRCA_Basal,0.9999999999999998
B1_pam50_centroid,1,4,pr_auc__BRCA_Basal,0.9990530303030303
B1_pam50_centroid,2,0,pr_auc__BRCA_Basal,0.9980764678030303
B1_pam50_centroid,2,1,pr_auc__BRCA_Basal,0.9982683982683981
B1_pam50_centroid,2,2,pr_auc__BRCA_Basal,0.9999999999999998
B1_pam50_centroid,2,3,pr_auc__BRCA_Basal,0.9958057230784502
B1_pam50_centroid,2,4,pr_auc__BRCA_Basal,1.0
B1_pam50_centroid,3,0,pr_auc__BRCA_Basal,1.0
B1_pam50_centroid,3,1,pr_auc__BRCA_Basal,0.9950944855251074
B1_pam50_centroid,3,2,pr_auc__BRCA_Basal,0.9999999999999998
B1_pam50_centroid,3,3,pr_auc__BRCA_Basal,0.9967239967239965
B1_pam50_centroid,3,4,pr_auc__BRCA_Basal,1.0
B1_pam50_centroid,4,0,pr_auc__BRCA_Basal,0.9971852022058824
B1_pam50_centroid,4,1,pr_auc__BRCA_Basal,0.9954256378193327
B1_pam50_centroid,4,2,pr_auc__BRCA_Basal,0.9999999999999998
B1_pam50_centroid,4,3,pr_auc__BRCA_Basal,0.9999999999999998
B1_pam50_centroid,4,4,pr_auc__BRCA_Basal,0.9990530303030303
B2_elasticnet_logreg,0,0,pr_auc__BRCA_Basal,1.0
B2_elasticnet_logreg,0,1,pr_auc__BRCA_Basal,0.9999999999999998
B2_elasticnet_logreg,0,2,pr_auc__BRCA_Basal,0.995337995337995
B2_elasticnet_logreg,0,3,pr_auc__BRCA_Basal,0.9999999999999998
B2_elasticnet_logreg,0,4,pr_auc__BRCA_Basal,1.0
B2_elasticnet_logreg,1,0,pr_auc__BRCA_Basal,1.0
B2_elasticnet_logreg,1,1,pr_auc__BRCA_Basal,0.9999999999999998
B2_elasticnet_logreg,1,2,pr_auc__BRCA_Basal,0.9999999999999998
B2_elasticnet_logreg,1,3,pr_auc__BRCA_Basal,0.9999999999999998
B2_elasticnet_logreg,1,4,pr_auc__BRCA_Basal,1.0
B2_elasticnet_logreg,2,0,pr_auc__BRCA_Basal,1.0
B2_elasticnet_logreg,2,1,pr_auc__BRCA_Basal,0.9999999999999998
B2_elasticnet_logreg,2,2,pr_auc__BRCA_Basal,0.9999999999999998
B2_elasticnet_logreg,2,3,pr_auc__BRCA_Basal,0.9991087344028519
B2_elasticnet_logreg,2,4,pr_auc__BRCA_Basal,0.9965277777777778
B2_elasticnet_logreg,3,0,pr_auc__BRCA_Basal,1.0
B2_elasticnet_logreg,3,1,pr_auc__BRCA_Basal,0.9974747474747472
B2_elasticnet_logreg,3,2,pr_auc__BRCA_Basal,0.9999999999999998
B2_elasticnet_logreg,3,3,pr_auc__BRCA_Basal,0.9999999999999998
B2_elasticnet_logreg,3,4,pr_auc__BRCA_Basal,1.0
B2_elasticnet_logreg,4,0,pr_auc__BRCA_Basal,0.9971852022058824
B2_elasticnet_logreg,4,1,pr_auc__BRCA_Basal,0.9967239967239965
B2_elasticnet_logreg,4,2,pr_auc__BRCA_Basal,0.9999999999999998
B2_elasticnet_logreg,4,3,pr_auc__BRCA_Basal,0.9991087344028519
B2_elasticnet_logreg,4,4,pr_auc__BRCA_Basal,1.0
B3_linear_svm,0,0,pr_auc__BRCA_Basal,1.0
B3_linear_svm,0,1,pr_auc__BRCA_Basal,0.9991087344028519
B3_linear_svm,0,2,pr_auc__BRCA_Basal,0.9896120293847565
B3_linear_svm,0,3,pr_auc__BRCA_Basal,0.9999999999999998
B3_linear_svm,0,4,pr_auc__BRCA_Basal,0.9981617647058824
B3_linear_svm,1,0,pr_auc__BRCA_Basal,1.0
B3_linear_svm,1,1,pr_auc__BRCA_Basal,0.9893048128342244
B3_linear_svm,1,2,pr_auc__BRCA_Basal,0.9960127591706537
B3_linear_svm,1,3,pr_auc__BRCA_Basal,0.9999999999999998
B3_linear_svm,1,4,pr_auc__BRCA_Basal,0.9925595238095238
B3_linear_svm,2,0,pr_auc__BRCA_Basal,0.9990530303030303
B3_linear_svm,2,1,pr_auc__BRCA_Basal,0.9999999999999998
B3_linear_svm,2,2,pr_auc__BRCA_Basal,0.9999999999999998
B3_linear_svm,2,3,pr_auc__BRCA_Basal,0.9999999999999998
B3_linear_svm,2,4,pr_auc__BRCA_Basal,0.993140243902439
B3_linear_svm,3,0,pr_auc__BRCA_Basal,1.0
B3_linear_svm,3,1,pr_auc__BRCA_Basal,0.988721804511278
B3_linear_svm,3,2,pr_auc__BRCA_Basal,0.9991087344028519
B3_linear_svm,3,3,pr_auc__BRCA_Basal,0.9999999999999998
B3_linear_svm,3,4,pr_auc__BRCA_Basal,0.995777027027027
B3_linear_svm,4,0,pr_auc__BRCA_Basal,0.9990530303030303
B3_linear_svm,4,1,pr_auc__BRCA_Basal,0.9923046824051127
B3_linear_svm,4,2,pr_auc__BRCA_Basal,0.9999999999999998
B3_linear_svm,4,3,pr_auc__BRCA_Basal,0.9999999999999998
B3_linear_svm,4,4,pr_auc__BRCA_Basal,1.0
B4_random_forest,0,0,pr_auc__BRCA_Basal,1.0
B4_random_forest,0,1,pr_auc__BRCA_Basal,1.0
B4_random_forest,0,2,pr_auc__BRCA_Basal,0.9919191919191919
B4_random_forest,0,3,pr_auc__BRCA_Basal,1.0
B4_random_forest,0,4,pr_auc__BRCA_Basal,1.0
B4_random_forest,1,0,pr_auc__BRCA_Basal,1.0
B4_random_forest,1,1,pr_auc__BRCA_Basal,1.0
B4_random_forest,1,2,pr_auc__BRCA_Basal,1.0
B4_random_forest,1,3,pr_auc__BRCA_Basal,0.9999999999999998
B4_random_forest,1,4,pr_auc__BRCA_Basal,0.99375
B4_random_forest,2,0,pr_auc__BRCA_Basal,1.0
B4_random_forest,2,1,pr_auc__BRCA_Basal,1.0
B4_random_forest,2,2,pr_auc__BRCA_Basal,1.0
B4_random_forest,2,3,pr_auc__BRCA_Basal,0.9999999999999998
B4_random_forest,2,4,pr_auc__BRCA_Basal,0.9925595238095238
B4_random_forest,3,0,pr_auc__BRCA_Basal,1.0
B4_random_forest,3,1,pr_auc__BRCA_Basal,0.9909735654416505
B4_random_forest,3,2,pr_auc__BRCA_Basal,1.0
B4_random_forest,3,3,pr_auc__BRCA_Basal,1.0
B4_random_forest,3,4,pr_auc__BRCA_Basal,0.9990530303030303
B4_random_forest,4,0,pr_auc__BRCA_Basal,1.0
B4_random_forest,4,1,pr_auc__BRCA_Basal,0.9919191919191916
B4_random_forest,4,2,pr_auc__BRCA_Basal,0.9999999999999998
B4_random_forest,4,3,pr_auc__BRCA_Basal,0.9999999999999998
B4_random_forest,4,4,pr_auc__BRCA_Basal,1.0
B5_xgboost,0,0,pr_auc__BRCA_Basal,1.0
B5_xgboost,0,1,pr_auc__BRCA_Basal,0.9999999999999998
B5_xgboost,0,2,pr_auc__BRCA_Basal,0.9982683982683981
B5_xgboost,0,3,pr_auc__BRCA_Basal,0.9991087344028519
B5_xgboost,0,4,pr_auc__BRCA_Basal,1.0
B5_xgboost,1,0,pr_auc__BRCA_Basal,1.0
B5_xgboost,1,1,pr_auc__BRCA_Basal,0.9999999999999998
B5_xgboost,1,2,pr_auc__BRCA_Basal,0.9981904607573056
B5_xgboost,1,3,pr_auc__BRCA_Basal,0.9999999999999998
B5_xgboost,1,4,pr_auc__BRCA_Basal,1.0
B5_xgboost,2,0,pr_auc__BRCA_Basal,1.0
B5_xgboost,2,1,pr_auc__BRCA_Basal,0.9999999999999998
B5_xgboost,2,2,pr_auc__BRCA_Basal,0.9999999999999998
B5_xgboost,2,3,pr_auc__BRCA_Basal,0.9999999999999998
B5_xgboost,2,4,pr_auc__BRCA_Basal,0.9990530303030303
B5_xgboost,3,0,pr_auc__BRCA_Basal,1.0
B5_xgboost,3,1,pr_auc__BRCA_Basal,0.9974747474747472
B5_xgboost,3,2,pr_auc__BRCA_Basal,0.9999999999999998
B5_xgboost,3,3,pr_auc__BRCA_Basal,0.9999999999999998
B5_xgboost,3,4,pr_auc__BRCA_Basal,0.9990530303030303
B5_xgboost,4,0,pr_auc__BRCA_Basal,1.0
B5_xgboost,4,1,pr_auc__BRCA_Basal,0.9982683982683981
B5_xgboost,4,2,pr_auc__BRCA_Basal,0.9999999999999998
B5_xgboost,4,3,pr_auc__BRCA_Basal,0.9999999999999998
B5_xgboost,4,4,pr_auc__BRCA_Basal,1.0
B2_elasticnet_logreg__LATE,0,0,pr_auc__BRCA_Basal,1.0
B2_elasticnet_logreg__LATE,0,1,pr_auc__BRCA_Basal,0.9999999999999998
B2_elasticnet_logreg__LATE,0,2,pr_auc__BRCA_Basal,0.9991087344028519
B2_elasticnet_logreg__LATE,0,3,pr_auc__BRCA_Basal,0.9999999999999998
B2_elasticnet_logreg__LATE,0,4,pr_auc__BRCA_Basal,0.9866071428571428
B2_elasticnet_logreg__LATE,1,0,pr_auc__BRCA_Basal,0.995777027027027
B2_elasticnet_logreg__LATE,1,1,pr_auc__BRCA_Basal,0.9991087344028519
B2_elasticnet_logreg__LATE,1,2,pr_auc__BRCA_Basal,0.9860904123199203
B2_elasticnet_logreg__LATE,1,3,pr_auc__BRCA_Basal,0.9999999999999998
B2_elasticnet_logreg__LATE,1,4,pr_auc__BRCA_Basal,0.9950657894736842
B2_elasticnet_logreg__LATE,2,0,pr_auc__BRCA_Basal,1.0
B2_elasticnet_logreg__LATE,2,1,pr_auc__BRCA_Basal,0.9999999999999998
B2_elasticnet_logreg__LATE,2,2,pr_auc__BRCA_Basal,0.9999999999999998
B2_elasticnet_logreg__LATE,2,3,pr_auc__BRCA_Basal,0.9999999999999998
B2_elasticnet_logreg__LATE,2,4,pr_auc__BRCA_Basal,0.9950657894736842
B2_elasticnet_logreg__LATE,3,0,pr_auc__BRCA_Basal,1.0
B2_elasticnet_logreg__LATE,3,1,pr_auc__BRCA_Basal,0.9991087344028519
B2_elasticnet_logreg__LATE,3,2,pr_auc__BRCA_Basal,0.9999999999999998
B2_elasticnet_logreg__LATE,3,3,pr_auc__BRCA_Basal,0.9999999999999998
B2_elasticnet_logreg__LATE,3,4,pr_auc__BRCA_Basal,0.9852838915023895
B2_elasticnet_logreg__LATE,4,0,pr_auc__BRCA_Basal,0.9879807692307692
B2_elasticnet_logreg__LATE,4,1,pr_auc__BRCA_Basal,0.9999999999999998
B2_elasticnet_logreg__LATE,4,2,pr_auc__BRCA_Basal,0.9991087344028519
B2_elasticnet_logreg__LATE,4,3,pr_auc__BRCA_Basal,0.9999999999999998
B2_elasticnet_logreg__LATE,4,4,pr_auc__BRCA_Basal,0.9990530303030303
B3_linear_svm__LATE,0,0,pr_auc__BRCA_Basal,1.0
B3_linear_svm__LATE,0,1,pr_auc__BRCA_Basal,0.9999999999999998
B3_linear_svm__LATE,0,2,pr_auc__BRCA_Basal,0.9967239967239965
B3_linear_svm__LATE,0,3,pr_auc__BRCA_Basal,0.9999999999999998
B3_linear_svm__LATE,0,4,pr_auc__BRCA_Basal,0.995777027027027
B3_linear_svm__LATE,1,0,pr_auc__BRCA_Basal,1.0
B3_linear_svm__LATE,1,1,pr_auc__BRCA_Basal,0.9999999999999998
B3_linear_svm__LATE,1,2,pr_auc__BRCA_Basal,0.9924242424242422
B3_linear_svm__LATE,1,3,pr_auc__BRCA_Basal,0.9999999999999998
B3_linear_svm__LATE,1,4,pr_auc__BRCA_Basal,0.993140243902439
B3_linear_svm__LATE,2,0,pr_auc__BRCA_Basal,1.0
B3_linear_svm__LATE,2,1,pr_auc__BRCA_Basal,0.9999999999999998
B3_linear_svm__LATE,2,2,pr_auc__BRCA_Basal,0.9999999999999998
B3_linear_svm__LATE,2,3,pr_auc__BRCA_Basal,0.9999999999999998
B3_linear_svm__LATE,2,4,pr_auc__BRCA_Basal,0.9980764678030303
B3_linear_svm__LATE,3,0,pr_auc__BRCA_Basal,1.0
B3_linear_svm__LATE,3,1,pr_auc__BRCA_Basal,0.9991087344028519
B3_linear_svm__LATE,3,2,pr_auc__BRCA_Basal,0.9999999999999998
B3_linear_svm__LATE,3,3,pr_auc__BRCA_Basal,0.9999999999999998
B3_linear_svm__LATE,3,4,pr_auc__BRCA_Basal,0.993140243902439
B3_linear_svm__LATE,4,0,pr_auc__BRCA_Basal,0.9973214285714286
B3_linear_svm__LATE,4,1,pr_auc__BRCA_Basal,0.9935064935064933
B3_linear_svm__LATE,4,2,pr_auc__BRCA_Basal,0.9999999999999998
B3_linear_svm__LATE,4,3,pr_auc__BRCA_Basal,0.9999999999999998
B3_linear_svm__LATE,4,4,pr_auc__BRCA_Basal,1.0
B4_random_forest__LATE,0,0,pr_auc__BRCA_Basal,1.0
B4_random_forest__LATE,0,1,pr_auc__BRCA_Basal,0.999108734402852
B4_random_forest__LATE,0,2,pr_auc__BRCA_Basal,0.9924242424242423
B4_random_forest__LATE,0,3,pr_auc__BRCA_Basal,0.9999999999999998
B4_random_forest__LATE,0,4,pr_auc__BRCA_Basal,0.995777027027027
B4_random_forest__LATE,1,0,pr_auc__BRCA_Basal,1.0
B4_random_forest__LATE,1,1,pr_auc__BRCA_Basal,0.9981904607573056
B4_random_forest__LATE,1,2,pr_auc__BRCA_Basal,0.999108734402852
B4_random_forest__LATE,1,3,pr_auc__BRCA_Basal,0.9999999999999999
B4_random_forest__LATE,1,4,pr_auc__BRCA_Basal,0.9879807692307692
B4_random_forest__LATE,2,0,pr_auc__BRCA_Basal,1.0
B4_random_forest__LATE,2,1,pr_auc__BRCA_Basal,0.9999999999999998
B4_random_forest__LATE,2,2,pr_auc__BRCA_Basal,0.9991087344028519
B4_random_forest__LATE,2,3,pr_auc__BRCA_Basal,0.9981904607573056
B4_random_forest__LATE,2,4,pr_auc__BRCA_Basal,0.992163681402439
B4_random_forest__LATE,3,0,pr_auc__BRCA_Basal,1.0
B4_random_forest__LATE,3,1,pr_auc__BRCA_Basal,0.9944197216924491
B4_random_forest__LATE,3,2,pr_auc__BRCA_Basal,1.0
B4_random_forest__LATE,3,3,pr_auc__BRCA_Basal,0.9999999999999999
B4_random_forest__LATE,3,4,pr_auc__BRCA_Basal,0.9981617647058824
B4_random_forest__LATE,4,0,pr_auc__BRCA_Basal,0.9990530303030303
B4_random_forest__LATE,4,1,pr_auc__BRCA_Basal,0.9924242424242422
B4_random_forest__LATE,4,2,pr_auc__BRCA_Basal,0.9999999999999999
B4_random_forest__LATE,4,3,pr_auc__BRCA_Basal,0.9999999999999998
B4_random_forest__LATE,4,4,pr_auc__BRCA_Basal,1.0
B5_xgboost__LATE,0,0,pr_auc__BRCA_Basal,1.0
B5_xgboost__LATE,0,1,pr_auc__BRCA_Basal,0.9999999999999998
B5_xgboost__LATE,0,2,pr_auc__BRCA_Basal,0.9946969696969695
B5_xgboost__LATE,0,3,pr_auc__BRCA_Basal,0.9974747474747472
B5_xgboost__LATE,0,4,pr_auc__BRCA_Basal,0.9965277777777778
B5_xgboost__LATE,1,0,pr_auc__BRCA_Basal,1.0
B5_xgboost__LATE,1,1,pr_auc__BRCA_Basal,0.9999999999999998
B5_xgboost__LATE,1,2,pr_auc__BRCA_Basal,0.9974747474747472
B5_xgboost__LATE,1,3,pr_auc__BRCA_Basal,0.9999999999999998
B5_xgboost__LATE,1,4,pr_auc__BRCA_Basal,0.993140243902439
B5_xgboost__LATE,2,0,pr_auc__BRCA_Basal,1.0
B5_xgboost__LATE,2,1,pr_auc__BRCA_Basal,0.9999999999999998
B5_xgboost__LATE,2,2,pr_auc__BRCA_Basal,0.9999999999999998
B5_xgboost__LATE,2,3,pr_auc__BRCA_Basal,0.9973501246228518
B5_xgboost__LATE,2,4,pr_auc__BRCA_Basal,0.9929563492063492
B5_xgboost__LATE,3,0,pr_auc__BRCA_Basal,1.0
B5_xgboost__LATE,3,1,pr_auc__BRCA_Basal,0.9974747474747472
B5_xgboost__LATE,3,2,pr_auc__BRCA_Basal,0.9999999999999998
B5_xgboost__LATE,3,3,pr_auc__BRCA_Basal,0.9999999999999998
B5_xgboost__LATE,3,4,pr_auc__BRCA_Basal,0.9934144631410257
B5_xgboost__LATE,4,0,pr_auc__BRCA_Basal,0.9943910256410257
B5_xgboost__LATE,4,1,pr_auc__BRCA_Basal,0.9929144385026736
B5_xgboost__LATE,4,2,pr_auc__BRCA_Basal,0.9999999999999998
B5_xgboost__LATE,4,3,pr_auc__BRCA_Basal,0.9999999999999998
B5_xgboost__LATE,4,4,pr_auc__BRCA_Basal,0.9990530303030303
B0a_dummy_stratified,0,0,roc_auc__BRCA_Her2,0.5295658682634731
B0a_dummy_stratified,0,1,roc_auc__BRCA_Her2,0.5265718562874251
B0a_dummy_stratified,0,2,roc_auc__BRCA_Her2,0.4886904761904762
B0a_dummy_stratified,0,3,roc_auc__BRCA_Her2,0.4523809523809524
B0a_dummy_stratified,0,4,roc_auc__BRCA_Her2,0.4550898203592814
B0a_dummy_stratified,1,0,roc_auc__BRCA_Her2,0.49532185628742514
B0a_dummy_stratified,1,1,roc_auc__BRCA_Her2,0.45808383233532934
B0a_dummy_stratified,1,2,roc_auc__BRCA_Her2,0.4886904761904762
B0a_dummy_stratified,1,3,roc_auc__BRCA_Her2,0.5613095238095238
B0a_dummy_stratified,1,4,roc_auc__BRCA_Her2,0.49141716566866267
B0a_dummy_stratified,2,0,roc_auc__BRCA_Her2,0.49532185628742514
B0a_dummy_stratified,2,1,roc_auc__BRCA_Her2,0.4923278443113772
B0a_dummy_stratified,2,2,roc_auc__BRCA_Her2,0.5613095238095238
B0a_dummy_stratified,2,3,roc_auc__BRCA_Her2,0.4523809523809524
B0a_dummy_stratified,2,4,roc_auc__BRCA_Her2,0.49141716566866267
B0a_dummy_stratified,3,0,roc_auc__BRCA_Her2,0.5638098802395209
B0a_dummy_stratified,3,1,roc_auc__BRCA_Her2,0.5950598802395209
B0a_dummy_stratified,3,2,roc_auc__BRCA_Her2,0.4886904761904762
B0a_dummy_stratified,3,3,roc_auc__BRCA_Her2,0.4886904761904762
B0a_dummy_stratified,3,4,roc_auc__BRCA_Her2,0.5277445109780439
B0a_dummy_stratified,4,0,roc_auc__BRCA_Her2,0.5295658682634731
B0a_dummy_stratified,4,1,roc_auc__BRCA_Her2,0.4923278443113772
B0a_dummy_stratified,4,2,roc_auc__BRCA_Her2,0.5249999999999999
B0a_dummy_stratified,4,3,roc_auc__BRCA_Her2,0.4523809523809524
B0a_dummy_stratified,4,4,roc_auc__BRCA_Her2,0.5277445109780439
B0b_dummy_mostfreq,0,0,roc_auc__BRCA_Her2,0.5
B0b_dummy_mostfreq,0,1,roc_auc__BRCA_Her2,0.5
B0b_dummy_mostfreq,0,2,roc_auc__BRCA_Her2,0.5
B0b_dummy_mostfreq,0,3,roc_auc__BRCA_Her2,0.5
B0b_dummy_mostfreq,0,4,roc_auc__BRCA_Her2,0.5
B0b_dummy_mostfreq,1,0,roc_auc__BRCA_Her2,0.5
B0b_dummy_mostfreq,1,1,roc_auc__BRCA_Her2,0.5
B0b_dummy_mostfreq,1,2,roc_auc__BRCA_Her2,0.5
B0b_dummy_mostfreq,1,3,roc_auc__BRCA_Her2,0.5
B0b_dummy_mostfreq,1,4,roc_auc__BRCA_Her2,0.5
B0b_dummy_mostfreq,2,0,roc_auc__BRCA_Her2,0.5
B0b_dummy_mostfreq,2,1,roc_auc__BRCA_Her2,0.5
B0b_dummy_mostfreq,2,2,roc_auc__BRCA_Her2,0.5
B0b_dummy_mostfreq,2,3,roc_auc__BRCA_Her2,0.5
B0b_dummy_mostfreq,2,4,roc_auc__BRCA_Her2,0.5
B0b_dummy_mostfreq,3,0,roc_auc__BRCA_Her2,0.5
B0b_dummy_mostfreq,3,1,roc_auc__BRCA_Her2,0.5
B0b_dummy_mostfreq,3,2,roc_auc__BRCA_Her2,0.5
B0b_dummy_mostfreq,3,3,roc_auc__BRCA_Her2,0.5
B0b_dummy_mostfreq,3,4,roc_auc__BRCA_Her2,0.5
B0b_dummy_mostfreq,4,0,roc_auc__BRCA_Her2,0.5
B0b_dummy_mostfreq,4,1,roc_auc__BRCA_Her2,0.5
B0b_dummy_mostfreq,4,2,roc_auc__BRCA_Her2,0.5
B0b_dummy_mostfreq,4,3,roc_auc__BRCA_Her2,0.5
B0b_dummy_mostfreq,4,4,roc_auc__BRCA_Her2,0.5
B1_pam50_centroid,0,0,roc_auc__BRCA_Her2,0.9966317365269461
B1_pam50_centroid,0,1,roc_auc__BRCA_Her2,0.9850299401197604
B1_pam50_centroid,0,2,roc_auc__BRCA_Her2,0.9876984126984126
B1_pam50_centroid,0,3,roc_auc__BRCA_Her2,0.9964285714285714
B1_pam50_centroid,0,4,roc_auc__BRCA_Her2,0.9964071856287424
B1_pam50_centroid,1,0,roc_auc__BRCA_Her2,0.998502994011976
B1_pam50_centroid,1,1,roc_auc__BRCA_Her2,0.9898952095808383
B1_pam50_centroid,1,2,roc_auc__BRCA_Her2,1.0
B1_pam50_centroid,1,3,roc_auc__BRCA_Her2,0.9777777777777779
B1_pam50_centroid,1,4,roc_auc__BRCA_Her2,0.9932135728542915
B1_pam50_centroid,2,0,roc_auc__BRCA_Her2,0.9958832335329342
B1_pam50_centroid,2,1,roc_auc__BRCA_Her2,0.9951347305389222
B1_pam50_centroid,2,2,roc_auc__BRCA_Her2,0.9908730158730158
B1_pam50_centroid,2,3,roc_auc__BRCA_Her2,0.9900793650793651
B1_pam50_centroid,2,4,roc_auc__BRCA_Her2,0.9928143712574851
B1_pam50_centroid,3,0,roc_auc__BRCA_Her2,0.999625748502994
B1_pam50_centroid,3,1,roc_auc__BRCA_Her2,0.9928892215568862
B1_pam50_centroid,3,2,roc_auc__BRCA_Her2,0.9837301587301587
B1_pam50_centroid,3,3,roc_auc__BRCA_Her2,0.9924603174603175
B1_pam50_centroid,3,4,roc_auc__BRCA_Her2,0.9956087824351297
B1_pam50_centroid,4,0,roc_auc__BRCA_Her2,0.99625748502994
B1_pam50_centroid,4,1,roc_auc__BRCA_Her2,0.9936377245508982
B1_pam50_centroid,4,2,roc_auc__BRCA_Her2,0.9928571428571428
B1_pam50_centroid,4,3,roc_auc__BRCA_Her2,0.9940476190476191
B1_pam50_centroid,4,4,roc_auc__BRCA_Her2,0.9912175648702595
B2_elasticnet_logreg,0,0,roc_auc__BRCA_Her2,0.9970059880239521
B2_elasticnet_logreg,0,1,roc_auc__BRCA_Her2,0.9913922155688624
B2_elasticnet_logreg,0,2,roc_auc__BRCA_Her2,0.996031746031746
B2_elasticnet_logreg,0,3,roc_auc__BRCA_Her2,0.9972222222222221
B2_elasticnet_logreg,0,4,roc_auc__BRCA_Her2,0.9960079840319361
B2_elasticnet_logreg,1,0,roc_auc__BRCA_Her2,0.9910179640718564
B2_elasticnet_logreg,1,1,roc_auc__BRCA_Her2,0.9936377245508983
B2_elasticnet_logreg,1,2,roc_auc__BRCA_Her2,0.9992063492063492
B2_elasticnet_logreg,1,3,roc_auc__BRCA_Her2,0.986111111111111
B2_elasticnet_logreg,1,4,roc_auc__BRCA_Her2,0.9940119760479041
B2_elasticnet_logreg,2,0,roc_auc__BRCA_Her2,0.9955089820359281
B2_elasticnet_logreg,2,1,roc_auc__BRCA_Her2,0.9962574850299402
B2_elasticnet_logreg,2,2,roc_auc__BRCA_Her2,0.9988095238095238
B2_elasticnet_logreg,2,3,roc_auc__BRCA_Her2,0.9932539682539682
B2_elasticnet_logreg,2,4,roc_auc__BRCA_Her2,0.9964071856287425
B2_elasticnet_logreg,3,0,roc_auc__BRCA_Her2,0.9985029940119761
B2_elasticnet_logreg,3,1,roc_auc__BRCA_Her2,1.0
B2_elasticnet_logreg,3,2,roc_auc__BRCA_Her2,0.9841269841269841
B2_elasticnet_logreg,3,3,roc_auc__BRCA_Her2,0.996031746031746
B2_elasticnet_logreg,3,4,roc_auc__BRCA_Her2,0.9972055888223553
B2_elasticnet_logreg,4,0,roc_auc__BRCA_Her2,0.9947604790419161
B2_elasticnet_logreg,4,1,roc_auc__BRCA_Her2,0.9932634730538922
B2_elasticnet_logreg,4,2,roc_auc__BRCA_Her2,0.9988095238095238
B2_elasticnet_logreg,4,3,roc_auc__BRCA_Her2,0.9956349206349207
B2_elasticnet_logreg,4,4,roc_auc__BRCA_Her2,0.9924151696606787
B3_linear_svm,0,0,roc_auc__BRCA_Her2,0.9977544910179641
B3_linear_svm,0,1,roc_auc__BRCA_Her2,0.9854041916167664
B3_linear_svm,0,2,roc_auc__BRCA_Her2,0.9984126984126984
B3_linear_svm,0,3,roc_auc__BRCA_Her2,0.9900793650793651
B3_linear_svm,0,4,roc_auc__BRCA_Her2,0.9840319361277444
B3_linear_svm,1,0,roc_auc__BRCA_Her2,0.9831586826347305
B3_linear_svm,1,1,roc_auc__BRCA_Her2,0.9883982035928144
B3_linear_svm,1,2,roc_auc__BRCA_Her2,0.9873015873015873
B3_linear_svm,1,3,roc_auc__BRCA_Her2,0.990079365079365
B3_linear_svm,1,4,roc_auc__BRCA_Her2,0.9932135728542913
B3_linear_svm,2,0,roc_auc__BRCA_Her2,0.9921407185628743
B3_linear_svm,2,1,roc_auc__BRCA_Her2,0.9839071856287426
B3_linear_svm,2,2,roc_auc__BRCA_Her2,0.9940476190476191
B3_linear_svm,2,3,roc_auc__BRCA_Her2,0.9972222222222221
B3_linear_svm,2,4,roc_auc__BRCA_Her2,0.9968063872255488
B3_linear_svm,3,0,roc_auc__BRCA_Her2,0.9880239520958084
B3_linear_svm,3,1,roc_auc__BRCA_Her2,0.9977544910179641
B3_linear_svm,3,2,roc_auc__BRCA_Her2,0.9837301587301587
B3_linear_svm,3,3,roc_auc__BRCA_Her2,0.9964285714285713
B3_linear_svm,3,4,roc_auc__BRCA_Her2,0.9928143712574851
B3_linear_svm,4,0,roc_auc__BRCA_Her2,0.9917664670658682
B3_linear_svm,4,1,roc_auc__BRCA_Her2,0.9794161676646707
B3_linear_svm,4,2,roc_auc__BRCA_Her2,0.9968253968253968
B3_linear_svm,4,3,roc_auc__BRCA_Her2,0.9984126984126984
B3_linear_svm,4,4,roc_auc__BRCA_Her2,0.9880239520958084
B4_random_forest,0,0,roc_auc__BRCA_Her2,0.999251497005988
B4_random_forest,0,1,roc_auc__BRCA_Her2,0.9985029940119761
B4_random_forest,0,2,roc_auc__BRCA_Her2,0.9992063492063492
B4_random_forest,0,3,roc_auc__BRCA_Her2,0.9968253968253968
B4_random_forest,0,4,roc_auc__BRCA_Her2,0.9940119760479043
B4_random_forest,1,0,roc_auc__BRCA_Her2,0.9958832335329342
B4_random_forest,1,1,roc_auc__BRCA_Her2,0.9977544910179641
B4_random_forest,1,2,roc_auc__BRCA_Her2,0.9936507936507936
B4_random_forest,1,3,roc_auc__BRCA_Her2,0.998015873015873
B4_random_forest,1,4,roc_auc__BRCA_Her2,0.9988023952095808
B4_random_forest,2,0,roc_auc__BRCA_Her2,0.9985029940119761
B4_random_forest,2,1,roc_auc__BRCA_Her2,0.9981287425149702
B4_random_forest,2,2,roc_auc__BRCA_Her2,0.9992063492063492
B4_random_forest,2,3,roc_auc__BRCA_Her2,0.9984126984126984
B4_random_forest,2,4,roc_auc__BRCA_Her2,0.9996007984031936
B4_random_forest,3,0,roc_auc__BRCA_Her2,1.0
B4_random_forest,3,1,roc_auc__BRCA_Her2,1.0
B4_random_forest,3,2,roc_auc__BRCA_Her2,0.9944444444444444
B4_random_forest,3,3,roc_auc__BRCA_Her2,0.9972222222222222
B4_random_forest,3,4,roc_auc__BRCA_Her2,0.9964071856287425
B4_random_forest,4,0,roc_auc__BRCA_Her2,0.997380239520958
B4_random_forest,4,1,roc_auc__BRCA_Her2,0.9958832335329341
B4_random_forest,4,2,roc_auc__BRCA_Her2,0.998015873015873
B4_random_forest,4,3,roc_auc__BRCA_Her2,0.9988095238095238
B4_random_forest,4,4,roc_auc__BRCA_Her2,0.9972055888223552
B5_xgboost,0,0,roc_auc__BRCA_Her2,0.9985029940119761
B5_xgboost,0,1,roc_auc__BRCA_Her2,0.997380239520958
B5_xgboost,0,2,roc_auc__BRCA_Her2,1.0
B5_xgboost,0,3,roc_auc__BRCA_Her2,0.9968253968253967
B5_xgboost,0,4,roc_auc__BRCA_Her2,0.9920159680638723
B5_xgboost,1,0,roc_auc__BRCA_Her2,0.9925149700598802
B5_xgboost,1,1,roc_auc__BRCA_Her2,0.998877245508982
B5_xgboost,1,2,roc_auc__BRCA_Her2,0.9976190476190476
B5_xgboost,1,3,roc_auc__BRCA_Her2,0.9956349206349207
B5_xgboost,1,4,roc_auc__BRCA_Her2,0.9952095808383233
B5_xgboost,2,0,roc_auc__BRCA_Her2,0.9966317365269461
B5_xgboost,2,1,roc_auc__BRCA_Her2,0.9966317365269461
B5_xgboost,2,2,roc_auc__BRCA_Her2,0.9988095238095238
B5_xgboost,2,3,roc_auc__BRCA_Her2,0.998015873015873
B5_xgboost,2,4,roc_auc__BRCA_Her2,0.9968063872255489
B5_xgboost,3,0,roc_auc__BRCA_Her2,0.998877245508982
B5_xgboost,3,1,roc_auc__BRCA_Her2,1.0
B5_xgboost,3,2,roc_auc__BRCA_Her2,0.9904761904761905
B5_xgboost,3,3,roc_auc__BRCA_Her2,0.9972222222222222
B5_xgboost,3,4,roc_auc__BRCA_Her2,0.9984031936127745
B5_xgboost,4,0,roc_auc__BRCA_Her2,0.9958832335329341
B5_xgboost,4,1,roc_auc__BRCA_Her2,0.9940119760479043
B5_xgboost,4,2,roc_auc__BRCA_Her2,0.998015873015873
B5_xgboost,4,3,roc_auc__BRCA_Her2,0.9996031746031746
B5_xgboost,4,4,roc_auc__BRCA_Her2,0.9992015968063872
B2_elasticnet_logreg__LATE,0,0,roc_auc__BRCA_Her2,0.9921407185628742
B2_elasticnet_logreg__LATE,0,1,roc_auc__BRCA_Her2,0.9805389221556886
B2_elasticnet_logreg__LATE,0,2,roc_auc__BRCA_Her2,0.9916666666666666
B2_elasticnet_logreg__LATE,0,3,roc_auc__BRCA_Her2,0.9821428571428571
B2_elasticnet_logreg__LATE,0,4,roc_auc__BRCA_Her2,0.9600798403193613
B2_elasticnet_logreg__LATE,1,0,roc_auc__BRCA_Her2,0.9782934131736527
B2_elasticnet_logreg__LATE,1,1,roc_auc__BRCA_Her2,0.9842814371257484
B2_elasticnet_logreg__LATE,1,2,roc_auc__BRCA_Her2,0.9821428571428571
B2_elasticnet_logreg__LATE,1,3,roc_auc__BRCA_Her2,0.9892857142857142
B2_elasticnet_logreg__LATE,1,4,roc_auc__BRCA_Her2,0.9824351297405189
B2_elasticnet_logreg__LATE,2,0,roc_auc__BRCA_Her2,0.9925149700598802
B2_elasticnet_logreg__LATE,2,1,roc_auc__BRCA_Her2,0.9809131736526946
B2_elasticnet_logreg__LATE,2,2,roc_auc__BRCA_Her2,0.9880952380952381
B2_elasticnet_logreg__LATE,2,3,roc_auc__BRCA_Her2,0.9718253968253968
B2_elasticnet_logreg__LATE,2,4,roc_auc__BRCA_Her2,0.9924151696606787
B2_elasticnet_logreg__LATE,3,0,roc_auc__BRCA_Her2,0.9749251497005987
B2_elasticnet_logreg__LATE,3,1,roc_auc__BRCA_Her2,0.9981287425149701
B2_elasticnet_logreg__LATE,3,2,roc_auc__BRCA_Her2,0.9722222222222222
B2_elasticnet_logreg__LATE,3,3,roc_auc__BRCA_Her2,0.984920634920635
B2_elasticnet_logreg__LATE,3,4,roc_auc__BRCA_Her2,0.9720558882235528
B2_elasticnet_logreg__LATE,4,0,roc_auc__BRCA_Her2,0.9925149700598802
B2_elasticnet_logreg__LATE,4,1,roc_auc__BRCA_Her2,0.9595808383233533
B2_elasticnet_logreg__LATE,4,2,roc_auc__BRCA_Her2,0.9853174603174604
B2_elasticnet_logreg__LATE,4,3,roc_auc__BRCA_Her2,0.9924603174603175
B2_elasticnet_logreg__LATE,4,4,roc_auc__BRCA_Her2,0.9688622754491019
B3_linear_svm__LATE,0,0,roc_auc__BRCA_Her2,0.9977544910179641
B3_linear_svm__LATE,0,1,roc_auc__BRCA_Her2,0.9839071856287425
B3_linear_svm__LATE,0,2,roc_auc__BRCA_Her2,0.9976190476190476
B3_linear_svm__LATE,0,3,roc_auc__BRCA_Her2,0.9773809523809524
B3_linear_svm__LATE,0,4,roc_auc__BRCA_Her2,0.9812375249500999
B3_linear_svm__LATE,1,0,roc_auc__BRCA_Her2,0.9936377245508982
B3_linear_svm__LATE,1,1,roc_auc__BRCA_Her2,0.9820359281437125
B3_linear_svm__LATE,1,2,roc_auc__BRCA_Her2,0.9837301587301588
B3_linear_svm__LATE,1,3,roc_auc__BRCA_Her2,0.9932539682539683
B3_linear_svm__LATE,1,4,roc_auc__BRCA_Her2,0.9864271457085828
B3_linear_svm__LATE,2,0,roc_auc__BRCA_Her2,0.9928892215568862
B3_linear_svm__LATE,2,1,roc_auc__BRCA_Her2,0.9910179640718563
B3_linear_svm__LATE,2,2,roc_auc__BRCA_Her2,0.9857142857142858
B3_linear_svm__LATE,2,3,roc_auc__BRCA_Her2,0.988095238095238
B3_linear_svm__LATE,2,4,roc_auc__BRCA_Her2,0.994810379241517
B3_linear_svm__LATE,3,0,roc_auc__BRCA_Her2,0.9700598802395209
B3_linear_svm__LATE,3,1,roc_auc__BRCA_Her2,0.9981287425149701
B3_linear_svm__LATE,3,2,roc_auc__BRCA_Her2,0.9805555555555555
B3_linear_svm__LATE,3,3,roc_auc__BRCA_Her2,0.9896825396825397
B3_linear_svm__LATE,3,4,roc_auc__BRCA_Her2,0.9848303393213573
B3_linear_svm__LATE,4,0,roc_auc__BRCA_Her2,0.9913922155688623
B3_linear_svm__LATE,4,1,roc_auc__BRCA_Her2,0.9655688622754491
B3_linear_svm__LATE,4,2,roc_auc__BRCA_Her2,0.9948412698412699
B3_linear_svm__LATE,4,3,roc_auc__BRCA_Her2,0.9916666666666666
B3_linear_svm__LATE,4,4,roc_auc__BRCA_Her2,0.9868263473053893
B4_random_forest__LATE,0,0,roc_auc__BRCA_Her2,0.9999999999999999
B4_random_forest__LATE,0,1,roc_auc__BRCA_Her2,0.9842814371257484
B4_random_forest__LATE,0,2,roc_auc__BRCA_Her2,0.9938492063492064
B4_random_forest__LATE,0,3,roc_auc__BRCA_Her2,0.9900793650793651
B4_random_forest__LATE,0,4,roc_auc__BRCA_Her2,0.9936127744510977
B4_random_forest__LATE,1,0,roc_auc__BRCA_Her2,0.9977544910179642
B4_random_forest__LATE,1,1,roc_auc__BRCA_Her2,0.9854041916167665
B4_random_forest__LATE,1,2,roc_auc__BRCA_Her2,0.9912698412698414
B4_random_forest__LATE,1,3,roc_auc__BRCA_Her2,0.9880952380952381
B4_random_forest__LATE,1,4,roc_auc__BRCA_Her2,0.9936127744510979
B4_random_forest__LATE,2,0,roc_auc__BRCA_Her2,0.9966317365269461
B4_random_forest__LATE,2,1,roc_auc__BRCA_Her2,0.9966317365269461
B4_random_forest__LATE,2,2,roc_auc__BRCA_Her2,0.9908730158730158
B4_random_forest__LATE,2,3,roc_auc__BRCA_Her2,0.9938492063492064
B4_random_forest__LATE,2,4,roc_auc__BRCA_Her2,0.9964071856287425
B4_random_forest__LATE,3,0,roc_auc__BRCA_Her2,0.9960703592814372
B4_random_forest__LATE,3,1,roc_auc__BRCA_Her2,0.999251497005988
B4_random_forest__LATE,3,2,roc_auc__BRCA_Her2,0.9874999999999999
B4_random_forest__LATE,3,3,roc_auc__BRCA_Her2,0.9938492063492064
B4_random_forest__LATE,3,4,roc_auc__BRCA_Her2,0.9892215568862275
B4_random_forest__LATE,4,0,roc_auc__BRCA_Her2,0.9883982035928143
B4_random_forest__LATE,4,1,roc_auc__BRCA_Her2,0.9824101796407185
B4_random_forest__LATE,4,2,roc_auc__BRCA_Her2,0.9988095238095238
B4_random_forest__LATE,4,3,roc_auc__BRCA_Her2,0.9946428571428572
B4_random_forest__LATE,4,4,roc_auc__BRCA_Her2,0.9922155688622755
B5_xgboost__LATE,0,0,roc_auc__BRCA_Her2,0.9955089820359281
B5_xgboost__LATE,0,1,roc_auc__BRCA_Her2,0.9831586826347306
B5_xgboost__LATE,0,2,roc_auc__BRCA_Her2,0.9936507936507937
B5_xgboost__LATE,0,3,roc_auc__BRCA_Her2,0.9876984126984126
B5_xgboost__LATE,0,4,roc_auc__BRCA_Her2,0.9856287425149701
B5_xgboost__LATE,1,0,roc_auc__BRCA_Her2,0.9973802395209581
B5_xgboost__LATE,1,1,roc_auc__BRCA_Her2,0.9947604790419161
B5_xgboost__LATE,1,2,roc_auc__BRCA_Her2,0.9896825396825397
B5_xgboost__LATE,1,3,roc_auc__BRCA_Her2,0.9785714285714285
B5_xgboost__LATE,1,4,roc_auc__BRCA_Her2,0.9960079840319361
B5_xgboost__LATE,2,0,roc_auc__BRCA_Her2,0.9906437125748504
B5_xgboost__LATE,2,1,roc_auc__BRCA_Her2,0.9977544910179641
B5_xgboost__LATE,2,2,roc_auc__BRCA_Her2,0.9880952380952381
B5_xgboost__LATE,2,3,roc_auc__BRCA_Her2,0.9841269841269841
B5_xgboost__LATE,2,4,roc_auc__BRCA_Her2,0.9888223552894211
B5_xgboost__LATE,3,0,roc_auc__BRCA_Her2,0.9869011976047904
B5_xgboost__LATE,3,1,roc_auc__BRCA_Her2,0.9977544910179641
B5_xgboost__LATE,3,2,roc_auc__BRCA_Her2,0.9841269841269842
B5_xgboost__LATE,3,3,roc_auc__BRCA_Her2,0.9892857142857143
B5_xgboost__LATE,3,4,roc_auc__BRCA_Her2,0.9912175648702595
B5_xgboost__LATE,4,0,roc_auc__BRCA_Her2,0.9891467065868264
B5_xgboost__LATE,4,1,roc_auc__BRCA_Her2,0.9846556886227545
B5_xgboost__LATE,4,2,roc_auc__BRCA_Her2,0.996031746031746
B5_xgboost__LATE,4,3,roc_auc__BRCA_Her2,0.9972222222222222
B5_xgboost__LATE,4,4,roc_auc__BRCA_Her2,0.9792415169660679
B0a_dummy_stratified,0,0,pr_auc__BRCA_Her2,0.09573350147120639
B0a_dummy_stratified,0,1,pr_auc__BRCA_Her2,0.09435987509758001
B0a_dummy_stratified,0,2,pr_auc__BRCA_Her2,0.08066939890710383
B0a_dummy_stratified,0,3,pr_auc__BRCA_Her2,0.08196721311475409
B0a_dummy_stratified,0,4,pr_auc__BRCA_Her2,0.08241758241758242
B0a_dummy_stratified,1,0,pr_auc__BRCA_Her2,0.0867749054224464
B0a_dummy_stratified,1,1,pr_auc__BRCA_Her2,0.08743169398907104
B0a_dummy_stratified,1,2,pr_auc__BRCA_Her2,0.08066939890710383
B0a_dummy_stratified,1,3,pr_auc__BRCA_Her2,0.10307377049180329
B0a_dummy_stratified,1,4,pr_auc__BRCA_Her2,0.08136752136752137
B0a_dummy_stratified,2,0,pr_auc__BRCA_Her2,0.0867749054224464
B0a_dummy_stratified,2,1,pr_auc__BRCA_Her2,0.0864314988290398
B0a_dummy_stratified,2,2,pr_auc__BRCA_Her2,0.10307377049180329
B0a_dummy_stratified,2,3,pr_auc__BRCA_Her2,0.08196721311475409
B0a_dummy_stratified,2,4,pr_auc__BRCA_Her2,0.08136752136752137
B0a_dummy_stratified,3,0,pr_auc__BRCA_Her2,0.11430748213535098
B0a_dummy_stratified,3,1,pr_auc__BRCA_Her2,0.1370023419203747
B0a_dummy_stratified,3,2,pr_auc__BRCA_Her2,0.08066939890710383
B0a_dummy_stratified,3,3,pr_auc__BRCA_Her2,0.08066939890710383
B0a_dummy_stratified,3,4,pr_auc__BRCA_Her2,0.0892063492063492
B0a_dummy_stratified,4,0,pr_auc__BRCA_Her2,0.09573350147120639
B0a_dummy_stratified,4,1,pr_auc__BRCA_Her2,0.0864314988290398
B0a_dummy_stratified,4,2,pr_auc__BRCA_Her2,0.08770491803278688
B0a_dummy_stratified,4,3,pr_auc__BRCA_Her2,0.08196721311475409
B0a_dummy_stratified,4,4,pr_auc__BRCA_Her2,0.0892063492063492
B0b_dummy_mostfreq,0,0,pr_auc__BRCA_Her2,0.08743169398907104
B0b_dummy_mostfreq,0,1,pr_auc__BRCA_Her2,0.08743169398907104
B0b_dummy_mostfreq,0,2,pr_auc__BRCA_Her2,0.08196721311475409
B0b_dummy_mostfreq,0,3,pr_auc__BRCA_Her2,0.08196721311475409
B0b_dummy_mostfreq,0,4,pr_auc__BRCA_Her2,0.08241758241758242
B0b_dummy_mostfreq,1,0,pr_auc__BRCA_Her2,0.08743169398907104
B0b_dummy_mostfreq,1,1,pr_auc__BRCA_Her2,0.08743169398907104
B0b_dummy_mostfreq,1,2,pr_auc__BRCA_Her2,0.08196721311475409
B0b_dummy_mostfreq,1,3,pr_auc__BRCA_Her2,0.08196721311475409
B0b_dummy_mostfreq,1,4,pr_auc__BRCA_Her2,0.08241758241758242
B0b_dummy_mostfreq,2,0,pr_auc__BRCA_Her2,0.08743169398907104
B0b_dummy_mostfreq,2,1,pr_auc__BRCA_Her2,0.08743169398907104
B0b_dummy_mostfreq,2,2,pr_auc__BRCA_Her2,0.08196721311475409
B0b_dummy_mostfreq,2,3,pr_auc__BRCA_Her2,0.08196721311475409
B0b_dummy_mostfreq,2,4,pr_auc__BRCA_Her2,0.08241758241758242
B0b_dummy_mostfreq,3,0,pr_auc__BRCA_Her2,0.08743169398907104
B0b_dummy_mostfreq,3,1,pr_auc__BRCA_Her2,0.08743169398907104
B0b_dummy_mostfreq,3,2,pr_auc__BRCA_Her2,0.08196721311475409
B0b_dummy_mostfreq,3,3,pr_auc__BRCA_Her2,0.08196721311475409
B0b_dummy_mostfreq,3,4,pr_auc__BRCA_Her2,0.08241758241758242
B0b_dummy_mostfreq,4,0,pr_auc__BRCA_Her2,0.08743169398907104
B0b_dummy_mostfreq,4,1,pr_auc__BRCA_Her2,0.08743169398907104
B0b_dummy_mostfreq,4,2,pr_auc__BRCA_Her2,0.08196721311475409
B0b_dummy_mostfreq,4,3,pr_auc__BRCA_Her2,0.08196721311475409
B0b_dummy_mostfreq,4,4,pr_auc__BRCA_Her2,0.08241758241758242
B1_pam50_centroid,0,0,pr_auc__BRCA_Her2,0.9613738181752888
B1_pam50_centroid,0,1,pr_auc__BRCA_Her2,0.8305298000610501
B1_pam50_centroid,0,2,pr_auc__BRCA_Her2,0.8914102564102564
B1_pam50_centroid,0,3,pr_auc__BRCA_Her2,0.9704545454545455
B1_pam50_centroid,0,4,pr_auc__BRCA_Her2,0.94747520997521
B1_pam50_centroid,1,0,pr_auc__BRCA_Her2,0.9837863270308124
B1_pam50_centroid,1,1,pr_auc__BRCA_Her2,0.9028598933745993
B1_pam50_centroid,1,2,pr_auc__BRCA_Her2,1.0
B1_pam50_centroid,1,3,pr_auc__BRCA_Her2,0.8100451228624603
B1_pam50_centroid,1,4,pr_auc__BRCA_Her2,0.9181528278509701
B1_pam50_centroid,2,0,pr_auc__BRCA_Her2,0.9554198762838468
B1_pam50_centroid,2,1,pr_auc__BRCA_Her2,0.9500133090593618
B1_pam50_centroid,2,2,pr_auc__BRCA_Her2,0.8855842852824276
B1_pam50_centroid,2,3,pr_auc__BRCA_Her2,0.9114037814037814
B1_pam50_centroid,2,4,pr_auc__BRCA_Her2,0.9123519852467221
B1_pam50_centroid,3,0,pr_auc__BRCA_Her2,0.9963235294117647
B1_pam50_centroid,3,1,pr_auc__BRCA_Her2,0.9463981244671782
B1_pam50_centroid,3,2,pr_auc__BRCA_Her2,0.8438791523234248
B1_pam50_centroid,3,3,pr_auc__BRCA_Her2,0.9082250011197379
B1_pam50_centroid,3,4,pr_auc__BRCA_Her2,0.9546275568256992
B1_pam50_centroid,4,0,pr_auc__BRCA_Her2,0.9604858264155864
B1_pam50_centroid,4,1,pr_auc__BRCA_Her2,0.939196965476474
B1_pam50_centroid,4,2,pr_auc__BRCA_Her2,0.924375326766631
B1_pam50_centroid,4,3,pr_auc__BRCA_Her2,0.9230704480704479
B1_pam50_centroid,4,4,pr_auc__BRCA_Her2,0.907356055250792
B2_elasticnet_logreg,0,0,pr_auc__BRCA_Her2,0.9725818452380952
B2_elasticnet_logreg,0,1,pr_auc__BRCA_Her2,0.9134569525654085
B2_elasticnet_logreg,0,2,pr_auc__BRCA_Her2,0.9587545409526832
B2_elasticnet_logreg,0,3,pr_auc__BRCA_Her2,0.9706654456654455
B2_elasticnet_logreg,0,4,pr_auc__BRCA_Her2,0.961259987575777
B2_elasticnet_logreg,1,0,pr_auc__BRCA_Her2,0.9592347756410257
B2_elasticnet_logreg,1,1,pr_auc__BRCA_Her2,0.9447960128107187
B2_elasticnet_logreg,1,2,pr_auc__BRCA_Her2,0.9921568627450981
B2_elasticnet_logreg,1,3,pr_auc__BRCA_Her2,0.8135615310615311
B2_elasticnet_logreg,1,4,pr_auc__BRCA_Her2,0.9526797385620915
B2_elasticnet_logreg,2,0,pr_auc__BRCA_Her2,0.9408895882991277
B2_elasticnet_logreg,2,1,pr_auc__BRCA_Her2,0.9665296052631579
B2_elasticnet_logreg,2,2,pr_auc__BRCA_Her2,0.9888888888888889
B2_elasticnet_logreg,2,3,pr_auc__BRCA_Her2,0.9242778626602155
B2_elasticnet_logreg,2,4,pr_auc__BRCA_Her2,0.9666178266178265
B2_elasticnet_logreg,3,0,pr_auc__BRCA_Her2,0.9875
B2_elasticnet_logreg,3,1,pr_auc__BRCA_Her2,1.0
B2_elasticnet_logreg,3,2,pr_auc__BRCA_Her2,0.8322834332277057
B2_elasticnet_logreg,3,3,pr_auc__BRCA_Her2,0.9644257703081232
B2_elasticnet_logreg,3,4,pr_auc__BRCA_Her2,0.9742002063983488
B2_elasticnet_logreg,4,0,pr_auc__BRCA_Her2,0.9480381790874245
B2_elasticnet_logreg,4,1,pr_auc__BRCA_Her2,0.9324679170467214
B2_elasticnet_logreg,4,2,pr_auc__BRCA_Her2,0.9877124183006536
B2_elasticnet_logreg,4,3,pr_auc__BRCA_Her2,0.9550016650016648
B2_elasticnet_logreg,4,4,pr_auc__BRCA_Her2,0.9220214045214046
B3_linear_svm,0,0,pr_auc__BRCA_Her2,0.9812127976190477
B3_linear_svm,0,1,pr_auc__BRCA_Her2,0.8680886492578304
B3_linear_svm,0,2,pr_auc__BRCA_Her2,0.9838235294117645
B3_linear_svm,0,3,pr_auc__BRCA_Her2,0.9077094649675295
B3_linear_svm,0,4,pr_auc__BRCA_Her2,0.8693341843341842
B3_linear_svm,1,0,pr_auc__BRCA_Her2,0.9004511293304396
B3_linear_svm,1,1,pr_auc__BRCA_Her2,0.8831558589830648
B3_linear_svm,1,2,pr_auc__BRCA_Her2,0.9123040713443189
B3_linear_svm,1,3,pr_auc__BRCA_Her2,0.879650578466368
B3_linear_svm,1,4,pr_auc__BRCA_Her2,0.9525210084033613
B3_linear_svm,2,0,pr_auc__BRCA_Her2,0.9260150218789924
B3_linear_svm,2,1,pr_auc__BRCA_Her2,0.9018056081849186
B3_linear_svm,2,2,pr_auc__BRCA_Her2,0.9391588150411678
B3_linear_svm,2,3,pr_auc__BRCA_Her2,0.9706654456654455
B3_linear_svm,2,4,pr_auc__BRCA_Her2,0.962938172938173
B3_linear_svm,3,0,pr_auc__BRCA_Her2,0.9229393115942028
B3_linear_svm,3,1,pr_auc__BRCA_Her2,0.9757106608669108
B3_linear_svm,3,2,pr_auc__BRCA_Her2,0.8613152198678513
B3_linear_svm,3,3,pr_auc__BRCA_Her2,0.9562715062715061
B3_linear_svm,3,4,pr_auc__BRCA_Her2,0.9019288119288119
B3_linear_svm,4,0,pr_auc__BRCA_Her2,0.9360878704628705
B3_linear_svm,4,1,pr_auc__BRCA_Her2,0.8754757973507974
B3_linear_svm,4,2,pr_auc__BRCA_Her2,0.9715686274509803
B3_linear_svm,4,3,pr_auc__BRCA_Her2,0.9844444444444445
B3_linear_svm,4,4,pr_auc__BRCA_Her2,0.9109320309320308
B4_random_forest,0,0,pr_auc__BRCA_Her2,0.9924172794117647
B4_random_forest,0,1,pr_auc__BRCA_Her2,0.9875
B4_random_forest,0,2,pr_auc__BRCA_Her2,0.9921568627450981
B4_random_forest,0,3,pr_auc__BRCA_Her2,0.9672340731164261
B4_random_forest,0,4,pr_auc__BRCA_Her2,0.9195597104420633
B4_random_forest,1,0,pr_auc__BRCA_Her2,0.9615896358543417
B4_random_forest,1,1,pr_auc__BRCA_Her2,0.9786119711042311
B4_random_forest,1,2,pr_auc__BRCA_Her2,0.9308434596592491
B4_random_forest,1,3,pr_auc__BRCA_Her2,0.9778223084105436
B4_random_forest,1,4,pr_auc__BRCA_Her2,0.9888888888888889
B4_random_forest,2,0,pr_auc__BRCA_Her2,0.985702614379085
B4_random_forest,2,1,pr_auc__BRCA_Her2,0.9815359477124184
B4_random_forest,2,2,pr_auc__BRCA_Her2,0.9913888888888889
B4_random_forest,2,3,pr_auc__BRCA_Her2,0.981498778998779
B4_random_forest,2,4,pr_auc__BRCA_Her2,0.9958333333333333
B4_random_forest,3,0,pr_auc__BRCA_Her2,1.0
B4_random_forest,3,1,pr_auc__BRCA_Her2,1.0
B4_random_forest,3,2,pr_auc__BRCA_Her2,0.954025974025974
B4_random_forest,3,3,pr_auc__BRCA_Her2,0.9742002063983488
B4_random_forest,3,4,pr_auc__BRCA_Her2,0.9590492840492839
B4_random_forest,4,0,pr_auc__BRCA_Her2,0.9722639696904404
B4_random_forest,4,1,pr_auc__BRCA_Her2,0.9603521671826625
B4_random_forest,4,2,pr_auc__BRCA_Her2,0.980952380952381
B4_random_forest,4,3,pr_auc__BRCA_Her2,0.9888888888888889
B4_random_forest,4,4,pr_auc__BRCA_Her2,0.9716303579461474
B5_xgboost,0,0,pr_auc__BRCA_Her2,0.9849826388888889
B5_xgboost,0,1,pr_auc__BRCA_Her2,0.9680884832079686
B5_xgboost,0,2,pr_auc__BRCA_Her2,1.0
B5_xgboost,0,3,pr_auc__BRCA_Her2,0.9682352941176469
B5_xgboost,0,4,pr_auc__BRCA_Her2,0.9310861051573125
B5_xgboost,1,0,pr_auc__BRCA_Her2,0.9436762918031935
B5_xgboost,1,1,pr_auc__BRCA_Her2,0.9901315789473684
B5_xgboost,1,2,pr_auc__BRCA_Her2,0.9749346405228758
B5_xgboost,1,3,pr_auc__BRCA_Her2,0.9519983233141127
B5_xgboost,1,4,pr_auc__BRCA_Her2,0.9703703703703703
B5_xgboost,2,0,pr_auc__BRCA_Her2,0.9691351540616246
B5_xgboost,2,1,pr_auc__BRCA_Her2,0.9736253196930946
B5_xgboost,2,2,pr_auc__BRCA_Her2,0.9866269841269841
B5_xgboost,2,3,pr_auc__BRCA_Her2,0.9778223084105437
B5_xgboost,2,4,pr_auc__BRCA_Her2,0.9717460317460316
B5_xgboost,3,0,pr_auc__BRCA_Her2,0.9901315789473684
B5_xgboost,3,1,pr_auc__BRCA_Her2,1.0
B5_xgboost,3,2,pr_auc__BRCA_Her2,0.9102405002405001
B5_xgboost,3,3,pr_auc__BRCA_Her2,0.9698064353946707
B5_xgboost,3,4,pr_auc__BRCA_Her2,0.9829505135387488
B5_xgboost,4,0,pr_auc__BRCA_Her2,0.9603521671826626
B5_xgboost,4,1,pr_auc__BRCA_Her2,0.9549073101462807
B5_xgboost,4,2,pr_auc__BRCA_Her2,0.9833333333333332
B5_xgboost,4,3,pr_auc__BRCA_Her2,0.9958333333333333
B5_xgboost,4,4,pr_auc__BRCA_Her2,0.9913888888888889
B2_elasticnet_logreg__LATE,0,0,pr_auc__BRCA_Her2,0.9488095238095238
B2_elasticnet_logreg__LATE,0,1,pr_auc__BRCA_Her2,0.8178022966563021
B2_elasticnet_logreg__LATE,0,2,pr_auc__BRCA_Her2,0.9274158827019239
B2_elasticnet_logreg__LATE,0,3,pr_auc__BRCA_Her2,0.8969593369593369
B2_elasticnet_logreg__LATE,0,4,pr_auc__BRCA_Her2,0.7490488727190855
B2_elasticnet_logreg__LATE,1,0,pr_auc__BRCA_Her2,0.8595059636281394
B2_elasticnet_logreg__LATE,1,1,pr_auc__BRCA_Her2,0.8884364880288793
B2_elasticnet_logreg__LATE,1,2,pr_auc__BRCA_Her2,0.8089466851231558
B2_elasticnet_logreg__LATE,1,3,pr_auc__BRCA_Her2,0.8551694455641825
B2_elasticnet_logreg__LATE,1,4,pr_auc__BRCA_Her2,0.8830133533477187
B2_elasticnet_logreg__LATE,2,0,pr_auc__BRCA_Her2,0.919768426018426
B2_elasticnet_logreg__LATE,2,1,pr_auc__BRCA_Her2,0.8685668917775773
B2_elasticnet_logreg__LATE,2,2,pr_auc__BRCA_Her2,0.9064940899286249
B2_elasticnet_logreg__LATE,2,3,pr_auc__BRCA_Her2,0.8030843883324221
B2_elasticnet_logreg__LATE,2,4,pr_auc__BRCA_Her2,0.9186260036260037
B2_elasticnet_logreg__LATE,3,0,pr_auc__BRCA_Her2,0.8698539052858906
B2_elasticnet_logreg__LATE,3,1,pr_auc__BRCA_Her2,0.9851190476190477
B2_elasticnet_logreg__LATE,3,2,pr_auc__BRCA_Her2,0.7551102429275803
B2_elasticnet_logreg__LATE,3,3,pr_auc__BRCA_Her2,0.8821029627208117
B2_elasticnet_logreg__LATE,3,4,pr_auc__BRCA_Her2,0.7715771616633686
B2_elasticnet_logreg__LATE,4,0,pr_auc__BRCA_Her2,0.8800461884391839
B2_elasticnet_logreg__LATE,4,1,pr_auc__BRCA_Her2,0.7713339222482025
B2_elasticnet_logreg__LATE,4,2,pr_auc__BRCA_Her2,0.9024511784511784
B2_elasticnet_logreg__LATE,4,3,pr_auc__BRCA_Her2,0.9251537042249116
B2_elasticnet_logreg__LATE,4,4,pr_auc__BRCA_Her2,0.7672343147049029
B3_linear_svm__LATE,0,0,pr_auc__BRCA_Her2,0.9829545454545454
B3_linear_svm__LATE,0,1,pr_auc__BRCA_Her2,0.8515183986342708
B3_linear_svm__LATE,0,2,pr_auc__BRCA_Her2,0.9739334195216547
B3_linear_svm__LATE,0,3,pr_auc__BRCA_Her2,0.9135770547535254
B3_linear_svm__LATE,0,4,pr_auc__BRCA_Her2,0.8303736334937669
B3_linear_svm__LATE,1,0,pr_auc__BRCA_Her2,0.9604166666666667
B3_linear_svm__LATE,1,1,pr_auc__BRCA_Her2,0.8815366787817446
B3_linear_svm__LATE,1,2,pr_auc__BRCA_Her2,0.809028564028564
B3_linear_svm__LATE,1,3,pr_auc__BRCA_Her2,0.8647496460654356
B3_linear_svm__LATE,1,4,pr_auc__BRCA_Her2,0.9033085433085433
B3_linear_svm__LATE,2,0,pr_auc__BRCA_Her2,0.9072801741387267
B3_linear_svm__LATE,2,1,pr_auc__BRCA_Her2,0.9278391421698058
B3_linear_svm__LATE,2,2,pr_auc__BRCA_Her2,0.8821804883569588
B3_linear_svm__LATE,2,3,pr_auc__BRCA_Her2,0.8767509179273885
B3_linear_svm__LATE,2,4,pr_auc__BRCA_Her2,0.9441713463694887
B3_linear_svm__LATE,3,0,pr_auc__BRCA_Her2,0.8956823671497585
B3_linear_svm__LATE,3,1,pr_auc__BRCA_Her2,0.9815359477124184
B3_linear_svm__LATE,3,2,pr_auc__BRCA_Her2,0.8072705267442108
B3_linear_svm__LATE,3,3,pr_auc__BRCA_Her2,0.899023569023569
B3_linear_svm__LATE,3,4,pr_auc__BRCA_Her2,0.8105017966782673
B3_linear_svm__LATE,4,0,pr_auc__BRCA_Her2,0.8869935540559112
B3_linear_svm__LATE,4,1,pr_auc__BRCA_Her2,0.8072044276298923
B3_linear_svm__LATE,4,2,pr_auc__BRCA_Her2,0.9515775074598603
B3_linear_svm__LATE,4,3,pr_auc__BRCA_Her2,0.91246015995242
B3_linear_svm__LATE,4,4,pr_auc__BRCA_Her2,0.855247791424262
B4_random_forest__LATE,0,0,pr_auc__BRCA_Her2,1.0
B4_random_forest__LATE,0,1,pr_auc__BRCA_Her2,0.8453817338492261
B4_random_forest__LATE,0,2,pr_auc__BRCA_Her2,0.9452661064425771
B4_random_forest__LATE,0,3,pr_auc__BRCA_Her2,0.8882416007338608
B4_random_forest__LATE,0,4,pr_auc__BRCA_Her2,0.9177126090283985
B4_random_forest__LATE,1,0,pr_auc__BRCA_Her2,0.9770716619981326
B4_random_forest__LATE,1,1,pr_auc__BRCA_Her2,0.8802794491334546
B4_random_forest__LATE,1,2,pr_auc__BRCA_Her2,0.8950556034379563
B4_random_forest__LATE,1,3,pr_auc__BRCA_Her2,0.8508168519933226
B4_random_forest__LATE,1,4,pr_auc__BRCA_Her2,0.9406521110468478
B4_random_forest__LATE,2,0,pr_auc__BRCA_Her2,0.9647490887380593
B4_random_forest__LATE,2,1,pr_auc__BRCA_Her2,0.9707149621212121
B4_random_forest__LATE,2,2,pr_auc__BRCA_Her2,0.919465811965812
B4_random_forest__LATE,2,3,pr_auc__BRCA_Her2,0.9299233283056811
B4_random_forest__LATE,2,4,pr_auc__BRCA_Her2,0.9685185185185183
B4_random_forest__LATE,3,0,pr_auc__BRCA_Her2,0.9649627976190476
B4_random_forest__LATE,3,1,pr_auc__BRCA_Her2,0.9930555555555556
B4_random_forest__LATE,3,2,pr_auc__BRCA_Her2,0.8691854132566206
B4_random_forest__LATE,3,3,pr_auc__BRCA_Her2,0.9291927138908562
B4_random_forest__LATE,3,4,pr_auc__BRCA_Her2,0.8437885878597953
B4_random_forest__LATE,4,0,pr_auc__BRCA_Her2,0.9225207390648567
B4_random_forest__LATE,4,1,pr_auc__BRCA_Her2,0.8648799984737485
B4_random_forest__LATE,4,2,pr_auc__BRCA_Her2,0.9888888888888889
B4_random_forest__LATE,4,3,pr_auc__BRCA_Her2,0.9435707323865219
B4_random_forest__LATE,4,4,pr_auc__BRCA_Her2,0.9179575163398692
B5_xgboost__LATE,0,0,pr_auc__BRCA_Her2,0.9576179029304029
B5_xgboost__LATE,0,1,pr_auc__BRCA_Her2,0.7762355409897979
B5_xgboost__LATE,0,2,pr_auc__BRCA_Her2,0.9448900027847396
B5_xgboost__LATE,0,3,pr_auc__BRCA_Her2,0.8905411738767506
B5_xgboost__LATE,0,4,pr_auc__BRCA_Her2,0.8943285125865771
B5_xgboost__LATE,1,0,pr_auc__BRCA_Her2,0.9777661064425771
B5_xgboost__LATE,1,1,pr_auc__BRCA_Her2,0.9441235847485847
B5_xgboost__LATE,1,2,pr_auc__BRCA_Her2,0.919337880079568
B5_xgboost__LATE,1,3,pr_auc__BRCA_Her2,0.7882351592709649
B5_xgboost__LATE,1,4,pr_auc__BRCA_Her2,0.9733333333333332
B5_xgboost__LATE,2,0,pr_auc__BRCA_Her2,0.8743781171170878
B5_xgboost__LATE,2,1,pr_auc__BRCA_Her2,0.9770716619981326
B5_xgboost__LATE,2,2,pr_auc__BRCA_Her2,0.8413729788729789
B5_xgboost__LATE,2,3,pr_auc__BRCA_Her2,0.8594955768868813
B5_xgboost__LATE,2,4,pr_auc__BRCA_Her2,0.89559460265982
B5_xgboost__LATE,3,0,pr_auc__BRCA_Her2,0.9177487762530332
B5_xgboost__LATE,3,1,pr_auc__BRCA_Her2,0.9794270833333334
B5_xgboost__LATE,3,2,pr_auc__BRCA_Her2,0.8354843304843305
B5_xgboost__LATE,3,3,pr_auc__BRCA_Her2,0.914782913165266
B5_xgboost__LATE,3,4,pr_auc__BRCA_Her2,0.9261655773420479
B5_xgboost__LATE,4,0,pr_auc__BRCA_Her2,0.9307014472455649
B5_xgboost__LATE,4,1,pr_auc__BRCA_Her2,0.8549032700687113
B5_xgboost__LATE,4,2,pr_auc__BRCA_Her2,0.9437987393869747
B5_xgboost__LATE,4,3,pr_auc__BRCA_Her2,0.9749999999999999
B5_xgboost__LATE,4,4,pr_auc__BRCA_Her2,0.8350417710944027
B0a_dummy_stratified,0,0,roc_auc__BRCA_LumA,0.5132902298850576
B0a_dummy_stratified,0,1,roc_auc__BRCA_LumA,0.5571120689655172
B0a_dummy_stratified,0,2,roc_auc__BRCA_LumA,0.551903735632184
B0a_dummy_stratified,0,3,roc_auc__BRCA_LumA,0.529992816091954
B0a_dummy_stratified,0,4,roc_auc__BRCA_LumA,0.5
B0a_dummy_stratified,1,0,roc_auc__BRCA_LumA,0.5571120689655172
B0a_dummy_stratified,1,1,roc_auc__BRCA_LumA,0.44755747126436785
B0a_dummy_stratified,1,2,roc_auc__BRCA_LumA,0.5190373563218391
B0a_dummy_stratified,1,3,roc_auc__BRCA_LumA,0.48617097701149425
B0a_dummy_stratified,1,4,roc_auc__BRCA_LumA,0.522044573643411
B0a_dummy_stratified,2,0,roc_auc__BRCA_LumA,0.43660201149425293
B0a_dummy_stratified,2,1,roc_auc__BRCA_LumA,0.4913793103448275
B0a_dummy_stratified,2,2,roc_auc__BRCA_LumA,0.5628591954022988
B0a_dummy_stratified,2,3,roc_auc__BRCA_LumA,0.5190373563218391
B0a_dummy_stratified,2,4,roc_auc__BRCA_LumA,0.5330668604651163
B0a_dummy_stratified,3,0,roc_auc__BRCA_LumA,0.4256465517241379
B0a_dummy_stratified,3,1,roc_auc__BRCA_LumA,0.5461566091954024
B0a_dummy_stratified,3,2,roc_auc__BRCA_LumA,0.47521551724137934
B0a_dummy_stratified,3,3,roc_auc__BRCA_LumA,0.49712643678160917
B0a_dummy_stratified,3,4,roc_auc__BRCA_LumA,0.5551114341085271
B0a_dummy_stratified,4,0,roc_auc__BRCA_LumA,0.46946839080459773
B0a_dummy_stratified,4,1,roc_auc__BRCA_LumA,0.5023347701149425
B0a_dummy_stratified,4,2,roc_auc__BRCA_LumA,0.4423491379310345
B0a_dummy_stratified,4,3,roc_auc__BRCA_LumA,0.5080818965517241
B0a_dummy_stratified,4,4,roc_auc__BRCA_LumA,0.5440891472868217
B0b_dummy_mostfreq,0,0,roc_auc__BRCA_LumA,0.5
B0b_dummy_mostfreq,0,1,roc_auc__BRCA_LumA,0.5
B0b_dummy_mostfreq,0,2,roc_auc__BRCA_LumA,0.5
B0b_dummy_mostfreq,0,3,roc_auc__BRCA_LumA,0.5
B0b_dummy_mostfreq,0,4,roc_auc__BRCA_LumA,0.5
B0b_dummy_mostfreq,1,0,roc_auc__BRCA_LumA,0.5
B0b_dummy_mostfreq,1,1,roc_auc__BRCA_LumA,0.5
B0b_dummy_mostfreq,1,2,roc_auc__BRCA_LumA,0.5
B0b_dummy_mostfreq,1,3,roc_auc__BRCA_LumA,0.5
B0b_dummy_mostfreq,1,4,roc_auc__BRCA_LumA,0.5
B0b_dummy_mostfreq,2,0,roc_auc__BRCA_LumA,0.5
B0b_dummy_mostfreq,2,1,roc_auc__BRCA_LumA,0.5
B0b_dummy_mostfreq,2,2,roc_auc__BRCA_LumA,0.5
B0b_dummy_mostfreq,2,3,roc_auc__BRCA_LumA,0.5
B0b_dummy_mostfreq,2,4,roc_auc__BRCA_LumA,0.5
B0b_dummy_mostfreq,3,0,roc_auc__BRCA_LumA,0.5
B0b_dummy_mostfreq,3,1,roc_auc__BRCA_LumA,0.5
B0b_dummy_mostfreq,3,2,roc_auc__BRCA_LumA,0.5
B0b_dummy_mostfreq,3,3,roc_auc__BRCA_LumA,0.5
B0b_dummy_mostfreq,3,4,roc_auc__BRCA_LumA,0.5
B0b_dummy_mostfreq,4,0,roc_auc__BRCA_LumA,0.5
B0b_dummy_mostfreq,4,1,roc_auc__BRCA_LumA,0.5
B0b_dummy_mostfreq,4,2,roc_auc__BRCA_LumA,0.5
B0b_dummy_mostfreq,4,3,roc_auc__BRCA_LumA,0.5
B0b_dummy_mostfreq,4,4,roc_auc__BRCA_LumA,0.5
B1_pam50_centroid,0,0,roc_auc__BRCA_LumA,0.9843151340996169
B1_pam50_centroid,0,1,roc_auc__BRCA_LumA,0.9892241379310345
B1_pam50_centroid,0,2,roc_auc__BRCA_LumA,0.9838362068965517
B1_pam50_centroid,0,3,roc_auc__BRCA_LumA,0.9845545977011494
B1_pam50_centroid,0,4,roc_auc__BRCA_LumA,0.9882509689922481
B1_pam50_centroid,1,0,roc_auc__BRCA_LumA,0.984794061302682
B1_pam50_centroid,1,1,roc_auc__BRCA_LumA,0.9885057471264367
B1_pam50_centroid,1,2,roc_auc__BRCA_LumA,0.9862308429118775
B1_pam50_centroid,1,3,roc_auc__BRCA_LumA,0.9816810344827587
B1_pam50_centroid,1,4,roc_auc__BRCA_LumA,0.986797480620155
B1_pam50_centroid,2,0,roc_auc__BRCA_LumA,0.9840756704980843
B1_pam50_centroid,2,1,roc_auc__BRCA_LumA,0.9770114942528736
B1_pam50_centroid,2,2,roc_auc__BRCA_LumA,0.9894636015325671
B1_pam50_centroid,2,3,roc_auc__BRCA_LumA,0.9874281609195402
B1_pam50_centroid,2,4,roc_auc__BRCA_LumA,0.9883720930232558
B1_pam50_centroid,3,0,roc_auc__BRCA_LumA,0.97808908045977
B1_pam50_centroid,3,1,roc_auc__BRCA_LumA,0.984794061302682
B1_pam50_centroid,3,2,roc_auc__BRCA_LumA,0.9883860153256705
B1_pam50_centroid,3,3,roc_auc__BRCA_LumA,0.9812021072796936
B1_pam50_centroid,3,4,roc_auc__BRCA_LumA,0.9950339147286822
B1_pam50_centroid,4,0,roc_auc__BRCA_LumA,0.9813218390804597
B1_pam50_centroid,4,1,roc_auc__BRCA_LumA,0.9877873563218391
B1_pam50_centroid,4,2,roc_auc__BRCA_LumA,0.9773706896551724
B1_pam50_centroid,4,3,roc_auc__BRCA_LumA,0.9832375478927203
B1_pam50_centroid,4,4,roc_auc__BRCA_LumA,0.993580426356589
B2_elasticnet_logreg,0,0,roc_auc__BRCA_LumA,0.9841954022988506
B2_elasticnet_logreg,0,1,roc_auc__BRCA_LumA,0.9904214559386973
B2_elasticnet_logreg,0,2,roc_auc__BRCA_LumA,0.9849137931034482
B2_elasticnet_logreg,0,3,roc_auc__BRCA_LumA,0.9892241379310345
B2_elasticnet_logreg,0,4,roc_auc__BRCA_LumA,0.9897044573643411
B2_elasticnet_logreg,1,0,roc_auc__BRCA_LumA,0.9880268199233717
B2_elasticnet_logreg,1,1,roc_auc__BRCA_LumA,0.9874281609195403
B2_elasticnet_logreg,1,2,roc_auc__BRCA_LumA,0.9846743295019158
B2_elasticnet_logreg,1,3,roc_auc__BRCA_LumA,0.9825191570881227
B2_elasticnet_logreg,1,4,roc_auc__BRCA_LumA,0.9881298449612402
B2_elasticnet_logreg,2,0,roc_auc__BRCA_LumA,0.9874281609195402
B2_elasticnet_logreg,2,1,roc_auc__BRCA_LumA,0.98227969348659
B2_elasticnet_logreg,2,2,roc_auc__BRCA_LumA,0.9946120689655172
B2_elasticnet_logreg,2,3,roc_auc__BRCA_LumA,0.9874281609195403
B2_elasticnet_logreg,2,4,roc_auc__BRCA_LumA,0.9802567829457364
B2_elasticnet_logreg,3,0,roc_auc__BRCA_LumA,0.9762931034482759
B2_elasticnet_logreg,3,1,roc_auc__BRCA_LumA,0.9850335249042146
B2_elasticnet_logreg,3,2,roc_auc__BRCA_LumA,0.9877873563218391
B2_elasticnet_logreg,3,3,roc_auc__BRCA_LumA,0.9900622605363985
B2_elasticnet_logreg,3,4,roc_auc__BRCA_LumA,0.9952761627906976
B2_elasticnet_logreg,4,0,roc_auc__BRCA_LumA,0.9851532567049809
B2_elasticnet_logreg,4,1,roc_auc__BRCA_LumA,0.9929358237547894
B2_elasticnet_logreg,4,2,roc_auc__BRCA_LumA,0.977610153256705
B2_elasticnet_logreg,4,3,roc_auc__BRCA_LumA,0.9844348659003831
B2_elasticnet_logreg,4,4,roc_auc__BRCA_LumA,0.9941860465116279
B3_linear_svm,0,0,roc_auc__BRCA_LumA,0.9770114942528736
B3_linear_svm,0,1,roc_auc__BRCA_LumA,0.9832375478927203
B3_linear_svm,0,2,roc_auc__BRCA_LumA,0.9800047892720306
B3_linear_svm,0,3,roc_auc__BRCA_LumA,0.9724616858237548
B3_linear_svm,0,4,roc_auc__BRCA_LumA,0.9835271317829457
B3_linear_svm,1,0,roc_auc__BRCA_LumA,0.9804837164750958
B3_linear_svm,1,1,roc_auc__BRCA_LumA,0.9779693486590038
B3_linear_svm,1,2,roc_auc__BRCA_LumA,0.9829980842911877
B3_linear_svm,1,3,roc_auc__BRCA_LumA,0.9677921455938697
B3_linear_svm,1,4,roc_auc__BRCA_LumA,0.9771075581395348
B3_linear_svm,2,0,roc_auc__BRCA_LumA,0.9779693486590039
B3_linear_svm,2,1,roc_auc__BRCA_LumA,0.9713840996168582
B3_linear_svm,2,2,roc_auc__BRCA_LumA,0.9837164750957854
B3_linear_svm,2,3,roc_auc__BRCA_LumA,0.9785680076628352
B3_linear_svm,2,4,roc_auc__BRCA_LumA,0.9772286821705427
B3_linear_svm,3,0,roc_auc__BRCA_LumA,0.9692289272030651
B3_linear_svm,3,1,roc_auc__BRCA_LumA,0.9897030651340997
B3_linear_svm,3,2,roc_auc__BRCA_LumA,0.9802442528735633
B3_linear_svm,3,3,roc_auc__BRCA_LumA,0.975095785440613
B3_linear_svm,3,4,roc_auc__BRCA_LumA,0.9905523255813954
B3_linear_svm,4,0,roc_auc__BRCA_LumA,0.9800047892720306
B3_linear_svm,4,1,roc_auc__BRCA_LumA,0.9853927203065134
B3_linear_svm,4,2,roc_auc__BRCA_LumA,0.9777298850574712
B3_linear_svm,4,3,roc_auc__BRCA_LumA,0.9800047892720307
B3_linear_svm,4,4,roc_auc__BRCA_LumA,0.9854651162790697
B4_random_forest,0,0,roc_auc__BRCA_LumA,0.9850335249042146
B4_random_forest,0,1,roc_auc__BRCA_LumA,0.9866499042145593
B4_random_forest,0,2,roc_auc__BRCA_LumA,0.9888649425287357
B4_random_forest,0,3,roc_auc__BRCA_LumA,0.9822796934865899
B4_random_forest,0,4,roc_auc__BRCA_LumA,0.9960029069767442
B4_random_forest,1,0,roc_auc__BRCA_LumA,0.9934147509578544
B4_random_forest,1,1,roc_auc__BRCA_LumA,0.9874281609195402
B4_random_forest,1,2,roc_auc__BRCA_LumA,0.9887452107279693
B4_random_forest,1,3,roc_auc__BRCA_LumA,0.9898227969348659
B4_random_forest,1,4,roc_auc__BRCA_LumA,0.9856468023255814
B4_random_forest,2,0,roc_auc__BRCA_LumA,0.993654214559387
B4_random_forest,2,1,roc_auc__BRCA_LumA,0.9841954022988506
B4_random_forest,2,2,roc_auc__BRCA_LumA,0.993654214559387
B4_random_forest,2,3,roc_auc__BRCA_LumA,0.9898227969348659
B4_random_forest,2,4,roc_auc__BRCA_LumA,0.9836482558139535
B4_random_forest,3,0,roc_auc__BRCA_LumA,0.9837164750957855
B4_random_forest,3,1,roc_auc__BRCA_LumA,0.9906609195402298
B4_random_forest,3,2,roc_auc__BRCA_LumA,0.9815613026819923
B4_random_forest,3,3,roc_auc__BRCA_LumA,0.9858716475095786
B4_random_forest,3,4,roc_auc__BRCA_LumA,0.9956395348837209
B4_random_forest,4,0,roc_auc__BRCA_LumA,0.9912595785440612
B4_random_forest,4,1,roc_auc__BRCA_LumA,0.9897030651340997
B4_random_forest,4,2,roc_auc__BRCA_LumA,0.9838362068965518
B4_random_forest,4,3,roc_auc__BRCA_LumA,0.9870689655172413
B4_random_forest,4,4,roc_auc__BRCA_LumA,0.9950339147286822
B5_xgboost,0,0,roc_auc__BRCA_LumA,0.990301724137931
B5_xgboost,0,1,roc_auc__BRCA_LumA,0.990301724137931
B5_xgboost,0,2,roc_auc__BRCA_LumA,0.992816091954023
B5_xgboost,0,3,roc_auc__BRCA_LumA,0.9904214559386973
B5_xgboost,0,4,roc_auc__BRCA_LumA,0.9955184108527131
B5_xgboost,1,0,roc_auc__BRCA_LumA,0.9925766283524904
B5_xgboost,1,1,roc_auc__BRCA_LumA,0.9888649425287357
B5_xgboost,1,2,roc_auc__BRCA_LumA,0.9909003831417624
B5_xgboost,1,3,roc_auc__BRCA_LumA,0.9923371647509579
B5_xgboost,1,4,roc_auc__BRCA_LumA,0.9930959302325582
B5_xgboost,2,0,roc_auc__BRCA_LumA,0.9913793103448276
B5_xgboost,2,1,roc_auc__BRCA_LumA,0.9859913793103448
B5_xgboost,2,2,roc_auc__BRCA_LumA,0.9973659003831417
B5_xgboost,2,3,roc_auc__BRCA_LumA,0.991139846743295
B5_xgboost,2,4,roc_auc__BRCA_LumA,0.986797480620155
B5_xgboost,3,0,roc_auc__BRCA_LumA,0.9895833333333333
B5_xgboost,3,1,roc_auc__BRCA_LumA,0.9962883141762452
B5_xgboost,3,2,roc_auc__BRCA_LumA,0.9835967432950192
B5_xgboost,3,3,roc_auc__BRCA_LumA,0.9925766283524904
B5_xgboost,3,4,roc_auc__BRCA_LumA,0.999031007751938
B5_xgboost,4,0,roc_auc__BRCA_LumA,0.9932950191570882
B5_xgboost,4,1,roc_auc__BRCA_LumA,0.9932950191570882
B5_xgboost,4,2,roc_auc__BRCA_LumA,0.9883860153256705
B5_xgboost,4,3,roc_auc__BRCA_LumA,0.9925766283524904
B5_xgboost,4,4,roc_auc__BRCA_LumA,0.9962451550387598
B2_elasticnet_logreg__LATE,0,0,roc_auc__BRCA_LumA,0.9534243295019158
B2_elasticnet_logreg__LATE,0,1,roc_auc__BRCA_LumA,0.9613266283524905
B2_elasticnet_logreg__LATE,0,2,roc_auc__BRCA_LumA,0.979286398467433
B2_elasticnet_logreg__LATE,0,3,roc_auc__BRCA_LumA,0.9498323754789272
B2_elasticnet_logreg__LATE,0,4,roc_auc__BRCA_LumA,0.9623304263565892
B2_elasticnet_logreg__LATE,1,0,roc_auc__BRCA_LumA,0.9682710727969348
B2_elasticnet_logreg__LATE,1,1,roc_auc__BRCA_LumA,0.9766522988505747
B2_elasticnet_logreg__LATE,1,2,roc_auc__BRCA_LumA,0.9620450191570882
B2_elasticnet_logreg__LATE,1,3,roc_auc__BRCA_LumA,0.9268438697318008
B2_elasticnet_logreg__LATE,1,4,roc_auc__BRCA_LumA,0.9606346899224806
B2_elasticnet_logreg__LATE,2,0,roc_auc__BRCA_LumA,0.9548611111111112
B2_elasticnet_logreg__LATE,2,1,roc_auc__BRCA_LumA,0.95102969348659
B2_elasticnet_logreg__LATE,2,2,roc_auc__BRCA_LumA,0.9711446360153257
B2_elasticnet_logreg__LATE,2,3,roc_auc__BRCA_LumA,0.967911877394636
B2_elasticnet_logreg__LATE,2,4,roc_auc__BRCA_LumA,0.9570009689922481
B2_elasticnet_logreg__LATE,3,0,roc_auc__BRCA_LumA,0.9499521072796935
B2_elasticnet_logreg__LATE,3,1,roc_auc__BRCA_LumA,0.9692289272030651
B2_elasticnet_logreg__LATE,3,2,roc_auc__BRCA_LumA,0.9627634099616857
B2_elasticnet_logreg__LATE,3,3,roc_auc__BRCA_LumA,0.9506704980842912
B2_elasticnet_logreg__LATE,3,4,roc_auc__BRCA_LumA,0.9917635658914729
B2_elasticnet_logreg__LATE,4,0,roc_auc__BRCA_LumA,0.9511494252873562
B2_elasticnet_logreg__LATE,4,1,roc_auc__BRCA_LumA,0.9790469348659004
B2_elasticnet_logreg__LATE,4,2,roc_auc__BRCA_LumA,0.9492337164750958
B2_elasticnet_logreg__LATE,4,3,roc_auc__BRCA_LumA,0.9525862068965516
B2_elasticnet_logreg__LATE,4,4,roc_auc__BRCA_LumA,0.9669331395348837
B3_linear_svm__LATE,0,0,roc_auc__BRCA_LumA,0.9609674329501915
B3_linear_svm__LATE,0,1,roc_auc__BRCA_LumA,0.9755747126436782
B3_linear_svm__LATE,0,2,roc_auc__BRCA_LumA,0.9952107279693487
B3_linear_svm__LATE,0,3,roc_auc__BRCA_LumA,0.9638409961685824
B3_linear_svm__LATE,0,4,roc_auc__BRCA_LumA,0.9798934108527132
B3_linear_svm__LATE,1,0,roc_auc__BRCA_LumA,0.9810823754789272
B3_linear_svm__LATE,1,1,roc_auc__BRCA_LumA,0.9820402298850575
B3_linear_svm__LATE,1,2,roc_auc__BRCA_LumA,0.9796455938697317
B3_linear_svm__LATE,1,3,roc_auc__BRCA_LumA,0.954022988505747
B3_linear_svm__LATE,1,4,roc_auc__BRCA_LumA,0.9780765503875969
B3_linear_svm__LATE,2,0,roc_auc__BRCA_LumA,0.9638409961685825
B3_linear_svm__LATE,2,1,roc_auc__BRCA_LumA,0.9728208812260537
B3_linear_svm__LATE,2,2,roc_auc__BRCA_LumA,0.9859913793103449
B3_linear_svm__LATE,2,3,roc_auc__BRCA_LumA,0.9780890804597702
B3_linear_svm__LATE,2,4,roc_auc__BRCA_LumA,0.9704457364341085
B3_linear_svm__LATE,3,0,roc_auc__BRCA_LumA,0.9645593869731801
B3_linear_svm__LATE,3,1,roc_auc__BRCA_LumA,0.9807231800766284
B3_linear_svm__LATE,3,2,roc_auc__BRCA_LumA,0.9801245210727969
B3_linear_svm__LATE,3,3,roc_auc__BRCA_LumA,0.9639607279693486
B3_linear_svm__LATE,3,4,roc_auc__BRCA_LumA,0.9893410852713179
B3_linear_svm__LATE,4,0,roc_auc__BRCA_LumA,0.9707854406130269
B3_linear_svm__LATE,4,1,roc_auc__BRCA_LumA,0.9907806513409962
B3_linear_svm__LATE,4,2,roc_auc__BRCA_LumA,0.9665948275862069
B3_linear_svm__LATE,4,3,roc_auc__BRCA_LumA,0.9749760536398466
B3_linear_svm__LATE,4,4,roc_auc__BRCA_LumA,0.9760174418604651
B4_random_forest__LATE,0,0,roc_auc__BRCA_LumA,0.967073754789272
B4_random_forest__LATE,0,1,roc_auc__BRCA_LumA,0.9566570881226054
B4_random_forest__LATE,0,2,roc_auc__BRCA_LumA,0.9826388888888888
B4_random_forest__LATE,0,3,roc_auc__BRCA_LumA,0.9761733716475096
B4_random_forest__LATE,0,4,roc_auc__BRCA_LumA,0.9820736434108527
B4_random_forest__LATE,1,0,roc_auc__BRCA_LumA,0.9743773946360154
B4_random_forest__LATE,1,1,roc_auc__BRCA_LumA,0.9904214559386972
B4_random_forest__LATE,1,2,roc_auc__BRCA_LumA,0.9685704022988505
B4_random_forest__LATE,1,3,roc_auc__BRCA_LumA,0.9701867816091954
B4_random_forest__LATE,1,4,roc_auc__BRCA_LumA,0.9603318798449613
B4_random_forest__LATE,2,0,roc_auc__BRCA_LumA,0.9688697318007663
B4_random_forest__LATE,2,1,roc_auc__BRCA_LumA,0.963661398467433
B4_random_forest__LATE,2,2,roc_auc__BRCA_LumA,0.9854525862068966
B4_random_forest__LATE,2,3,roc_auc__BRCA_LumA,0.9821599616858239
B4_random_forest__LATE,2,4,roc_auc__BRCA_LumA,0.9693556201550387
B4_random_forest__LATE,3,0,roc_auc__BRCA_LumA,0.9647389846743295
B4_random_forest__LATE,3,1,roc_auc__BRCA_LumA,0.9840756704980843
B4_random_forest__LATE,3,2,roc_auc__BRCA_LumA,0.9688098659003832
B4_random_forest__LATE,3,3,roc_auc__BRCA_LumA,0.9696479885057472
B4_random_forest__LATE,3,4,roc_auc__BRCA_LumA,0.981952519379845
B4_random_forest__LATE,4,0,roc_auc__BRCA_LumA,0.9692289272030652
B4_random_forest__LATE,4,1,roc_auc__BRCA_LumA,0.9871886973180076
B4_random_forest__LATE,4,2,roc_auc__BRCA_LumA,0.9511494252873562
B4_random_forest__LATE,4,3,roc_auc__BRCA_LumA,0.9679717432950192
B4_random_forest__LATE,4,4,roc_auc__BRCA_LumA,0.984375
B5_xgboost__LATE,0,0,roc_auc__BRCA_LumA,0.958572796934866
B5_xgboost__LATE,0,1,roc_auc__BRCA_LumA,0.9505507662835249
B5_xgboost__LATE,0,2,roc_auc__BRCA_LumA,0.9806034482758621
B5_xgboost__LATE,0,3,roc_auc__BRCA_LumA,0.974736590038314
B5_xgboost__LATE,0,4,roc_auc__BRCA_LumA,0.9786821705426356
B5_xgboost__LATE,1,0,roc_auc__BRCA_LumA,0.9819204980842913
B5_xgboost__LATE,1,1,roc_auc__BRCA_LumA,0.9871886973180077
B5_xgboost__LATE,1,2,roc_auc__BRCA_LumA,0.9753352490421456
B5_xgboost__LATE,1,3,roc_auc__BRCA_LumA,0.9584530651340996
B5_xgboost__LATE,1,4,roc_auc__BRCA_LumA,0.9773498062015503
B5_xgboost__LATE,2,0,roc_auc__BRCA_LumA,0.9667145593869731
B5_xgboost__LATE,2,1,roc_auc__BRCA_LumA,0.9521072796934866
B5_xgboost__LATE,2,2,roc_auc__BRCA_LumA,0.9795258620689655
B5_xgboost__LATE,2,3,roc_auc__BRCA_LumA,0.981800766283525
B5_xgboost__LATE,2,4,roc_auc__BRCA_LumA,0.9565164728682171
B5_xgboost__LATE,3,0,roc_auc__BRCA_LumA,0.9620450191570881
B5_xgboost__LATE,3,1,roc_auc__BRCA_LumA,0.9855124521072797
B5_xgboost__LATE,3,2,roc_auc__BRCA_LumA,0.9693486590038314
B5_xgboost__LATE,3,3,roc_auc__BRCA_LumA,0.9735392720306513
B5_xgboost__LATE,3,4,roc_auc__BRCA_LumA,0.9855862403100776
B5_xgboost__LATE,4,0,roc_auc__BRCA_LumA,0.967073754789272
B5_xgboost__LATE,4,1,roc_auc__BRCA_LumA,0.9785680076628352
B5_xgboost__LATE,4,2,roc_auc__BRCA_LumA,0.9604885057471264
B5_xgboost__LATE,4,3,roc_auc__BRCA_LumA,0.9698275862068965
B5_xgboost__LATE,4,4,roc_auc__BRCA_LumA,0.9835271317829457
B0a_dummy_stratified,0,0,pr_auc__BRCA_LumA,0.5313840413655326
B0a_dummy_stratified,0,1,pr_auc__BRCA_LumA,0.556121099947118
B0a_dummy_stratified,0,2,pr_auc__BRCA_LumA,0.5530206848420052
B0a_dummy_stratified,0,3,pr_auc__BRCA_LumA,0.540398921952958
B0a_dummy_stratified,0,4,pr_auc__BRCA_LumA,0.5274725274725275
B0a_dummy_stratified,1,0,pr_auc__BRCA_LumA,0.556121099947118
B0a_dummy_stratified,1,1,pr_auc__BRCA_LumA,0.5009988836006816
B0a_dummy_stratified,1,2,pr_auc__BRCA_LumA,0.5344277144214777
B0a_dummy_stratified,1,3,pr_auc__BRCA_LumA,0.5178727874792113
B0a_dummy_stratified,1,4,pr_auc__BRCA_LumA,0.538919413919414
B0a_dummy_stratified,2,0,pr_auc__BRCA_LumA,0.4967187408190845
B0a_dummy_stratified,2,1,pr_auc__BRCA_LumA,0.5203595980962454
B0a_dummy_stratified,2,2,pr_auc__BRCA_LumA,0.5596712401995724
B0a_dummy_stratified,2,3,pr_auc__BRCA_LumA,0.5344277144214777
B0a_dummy_stratified,2,4,pr_auc__BRCA_LumA,0.5449862637362637
B0a_dummy_stratified,3,0,pr_auc__BRCA_LumA,0.49266261237440506
B0a_dummy_stratified,3,1,pr_auc__BRCA_LumA,0.5496008137963453
B0a_dummy_stratified,3,2,pr_auc__BRCA_LumA,0.5128073770491803
B0a_dummy_stratified,3,3,pr_auc__BRCA_LumA,0.5231646471846044
B0a_dummy_stratified,3,4,pr_auc__BRCA_LumA,0.5578067765567766
B0a_dummy_stratified,4,0,pr_auc__BRCA_LumA,0.5102312121746283
B0a_dummy_stratified,4,1,pr_auc__BRCA_LumA,0.5257598125624302
B0a_dummy_stratified,4,2,pr_auc__BRCA_LumA,0.49896984141126155
B0a_dummy_stratified,4,3,pr_auc__BRCA_LumA,0.5286829561653599
B0a_dummy_stratified,4,4,pr_auc__BRCA_LumA,0.5512820512820513
B0b_dummy_mostfreq,0,0,pr_auc__BRCA_LumA,0.5245901639344263
B0b_dummy_mostfreq,0,1,pr_auc__BRCA_LumA,0.5245901639344263
B0b_dummy_mostfreq,0,2,pr_auc__BRCA_LumA,0.5245901639344263
B0b_dummy_mostfreq,0,3,pr_auc__BRCA_LumA,0.5245901639344263
B0b_dummy_mostfreq,0,4,pr_auc__BRCA_LumA,0.5274725274725275
B0b_dummy_mostfreq,1,0,pr_auc__BRCA_LumA,0.5245901639344263
B0b_dummy_mostfreq,1,1,pr_auc__BRCA_LumA,0.5245901639344263
B0b_dummy_mostfreq,1,2,pr_auc__BRCA_LumA,0.5245901639344263
B0b_dummy_mostfreq,1,3,pr_auc__BRCA_LumA,0.5245901639344263
B0b_dummy_mostfreq,1,4,pr_auc__BRCA_LumA,0.5274725274725275
B0b_dummy_mostfreq,2,0,pr_auc__BRCA_LumA,0.5245901639344263
B0b_dummy_mostfreq,2,1,pr_auc__BRCA_LumA,0.5245901639344263
B0b_dummy_mostfreq,2,2,pr_auc__BRCA_LumA,0.5245901639344263
B0b_dummy_mostfreq,2,3,pr_auc__BRCA_LumA,0.5245901639344263
B0b_dummy_mostfreq,2,4,pr_auc__BRCA_LumA,0.5274725274725275
B0b_dummy_mostfreq,3,0,pr_auc__BRCA_LumA,0.5245901639344263
B0b_dummy_mostfreq,3,1,pr_auc__BRCA_LumA,0.5245901639344263
B0b_dummy_mostfreq,3,2,pr_auc__BRCA_LumA,0.5245901639344263
B0b_dummy_mostfreq,3,3,pr_auc__BRCA_LumA,0.5245901639344263
B0b_dummy_mostfreq,3,4,pr_auc__BRCA_LumA,0.5274725274725275
B0b_dummy_mostfreq,4,0,pr_auc__BRCA_LumA,0.5245901639344263
B0b_dummy_mostfreq,4,1,pr_auc__BRCA_LumA,0.5245901639344263
B0b_dummy_mostfreq,4,2,pr_auc__BRCA_LumA,0.5245901639344263
B0b_dummy_mostfreq,4,3,pr_auc__BRCA_LumA,0.5245901639344263
B0b_dummy_mostfreq,4,4,pr_auc__BRCA_LumA,0.5274725274725275
B1_pam50_centroid,0,0,pr_auc__BRCA_LumA,0.9864571687740548
B1_pam50_centroid,0,1,pr_auc__BRCA_LumA,0.9905610284214089
B1_pam50_centroid,0,2,pr_auc__BRCA_LumA,0.9858661002498212
B1_pam50_centroid,0,3,pr_auc__BRCA_LumA,0.9865290840383173
B1_pam50_centroid,0,4,pr_auc__BRCA_LumA,0.9911499392424041
B1_pam50_centroid,1,0,pr_auc__BRCA_LumA,0.9865256186332968
B1_pam50_centroid,1,1,pr_auc__BRCA_LumA,0.9903877790356889
B1_pam50_centroid,1,2,pr_auc__BRCA_LumA,0.9880299378287835
B1_pam50_centroid,1,3,pr_auc__BRCA_LumA,0.9843784846687845
B1_pam50_centroid,1,4,pr_auc__BRCA_LumA,0.9886594585525091
B1_pam50_centroid,2,0,pr_auc__BRCA_LumA,0.9870385992987407
B1_pam50_centroid,2,1,pr_auc__BRCA_LumA,0.9804198817746961
B1_pam50_centroid,2,2,pr_auc__BRCA_LumA,0.9914523677539585
B1_pam50_centroid,2,3,pr_auc__BRCA_LumA,0.9885655166904328
B1_pam50_centroid,2,4,pr_auc__BRCA_LumA,0.9894934641881659
B1_pam50_centroid,3,0,pr_auc__BRCA_LumA,0.9804352346320354
B1_pam50_centroid,3,1,pr_auc__BRCA_LumA,0.9870210661080483
B1_pam50_centroid,3,2,pr_auc__BRCA_LumA,0.9900084370223179
B1_pam50_centroid,3,3,pr_auc__BRCA_LumA,0.9840387960812353
B1_pam50_centroid,3,4,pr_auc__BRCA_LumA,0.9954880188216993
B1_pam50_centroid,4,0,pr_auc__BRCA_LumA,0.9847942123804919
B1_pam50_centroid,4,1,pr_auc__BRCA_LumA,0.9893673749805164
B1_pam50_centroid,4,2,pr_auc__BRCA_LumA,0.9813412947081834
B1_pam50_centroid,4,3,pr_auc__BRCA_LumA,0.9849630349982756
B1_pam50_centroid,4,4,pr_auc__BRCA_LumA,0.9943537821604984
B2_elasticnet_logreg,0,0,pr_auc__BRCA_LumA,0.9864629769053557
B2_elasticnet_logreg,0,1,pr_auc__BRCA_LumA,0.9910056814316734
B2_elasticnet_logreg,0,2,pr_auc__BRCA_LumA,0.9873789170040043
B2_elasticnet_logreg,0,3,pr_auc__BRCA_LumA,0.9902691579678394
B2_elasticnet_logreg,0,4,pr_auc__BRCA_LumA,0.9910468311126295
B2_elasticnet_logreg,1,0,pr_auc__BRCA_LumA,0.9899957586064531
B2_elasticnet_logreg,1,1,pr_auc__BRCA_LumA,0.9893376778085909
B2_elasticnet_logreg,1,2,pr_auc__BRCA_LumA,0.9860278837915668
B2_elasticnet_logreg,1,3,pr_auc__BRCA_LumA,0.9843221509555075
B2_elasticnet_logreg,1,4,pr_auc__BRCA_LumA,0.9897478310742085
B2_elasticnet_logreg,2,0,pr_auc__BRCA_LumA,0.9882273836412622
B2_elasticnet_logreg,2,1,pr_auc__BRCA_LumA,0.9859344322335898
B2_elasticnet_logreg,2,2,pr_auc__BRCA_LumA,0.99486544938848
B2_elasticnet_logreg,2,3,pr_auc__BRCA_LumA,0.9890389004357376
B2_elasticnet_logreg,2,4,pr_auc__BRCA_LumA,0.9837112071699678
B2_elasticnet_logreg,3,0,pr_auc__BRCA_LumA,0.980650091952848
B2_elasticnet_logreg,3,1,pr_auc__BRCA_LumA,0.9873524566223199
B2_elasticnet_logreg,3,2,pr_auc__BRCA_LumA,0.9895400371844711
B2_elasticnet_logreg,3,3,pr_auc__BRCA_LumA,0.9908333669207062
B2_elasticnet_logreg,3,4,pr_auc__BRCA_LumA,0.996632737398069
B2_elasticnet_logreg,4,0,pr_auc__BRCA_LumA,0.9859893184704847
B2_elasticnet_logreg,4,1,pr_auc__BRCA_LumA,0.9936019477711581
B2_elasticnet_logreg,4,2,pr_auc__BRCA_LumA,0.9821194247575928
B2_elasticnet_logreg,4,3,pr_auc__BRCA_LumA,0.9871645063162179
B2_elasticnet_logreg,4,4,pr_auc__BRCA_LumA,0.9949789469314636
B3_linear_svm,0,0,pr_auc__BRCA_LumA,0.9798973092496801
B3_linear_svm,0,1,pr_auc__BRCA_LumA,0.9851117416267625
B3_linear_svm,0,2,pr_auc__BRCA_LumA,0.9818447985726525
B3_linear_svm,0,3,pr_auc__BRCA_LumA,0.9742024236576037
B3_linear_svm,0,4,pr_auc__BRCA_LumA,0.9834352780334388
B3_linear_svm,1,0,pr_auc__BRCA_LumA,0.9816593046596219
B3_linear_svm,1,1,pr_auc__BRCA_LumA,0.9811382881493198
B3_linear_svm,1,2,pr_auc__BRCA_LumA,0.9837948964957797
B3_linear_svm,1,3,pr_auc__BRCA_LumA,0.9725641406950267
B3_linear_svm,1,4,pr_auc__BRCA_LumA,0.9804617647209479
B3_linear_svm,2,0,pr_auc__BRCA_LumA,0.9809967483571681
B3_linear_svm,2,1,pr_auc__BRCA_LumA,0.9707542027313847
B3_linear_svm,2,2,pr_auc__BRCA_LumA,0.9849381978259605
B3_linear_svm,2,3,pr_auc__BRCA_LumA,0.9796699730242491
B3_linear_svm,2,4,pr_auc__BRCA_LumA,0.9801923984718819
B3_linear_svm,3,0,pr_auc__BRCA_LumA,0.973142694574758
B3_linear_svm,3,1,pr_auc__BRCA_LumA,0.9911946578320808
B3_linear_svm,3,2,pr_auc__BRCA_LumA,0.9826014398232543
B3_linear_svm,3,3,pr_auc__BRCA_LumA,0.9773594908390351
B3_linear_svm,3,4,pr_auc__BRCA_LumA,0.9923056067699049
B3_linear_svm,4,0,pr_auc__BRCA_LumA,0.9805745458612919
B3_linear_svm,4,1,pr_auc__BRCA_LumA,0.9876556408423185
B3_linear_svm,4,2,pr_auc__BRCA_LumA,0.9801374117088547
B3_linear_svm,4,3,pr_auc__BRCA_LumA,0.9814730225818663
B3_linear_svm,4,4,pr_auc__BRCA_LumA,0.9861351980492052
B4_random_forest,0,0,pr_auc__BRCA_LumA,0.985609283500404
B4_random_forest,0,1,pr_auc__BRCA_LumA,0.9868358910184241
B4_random_forest,0,2,pr_auc__BRCA_LumA,0.9910437125377712
B4_random_forest,0,3,pr_auc__BRCA_LumA,0.9834290363003751
B4_random_forest,0,4,pr_auc__BRCA_LumA,0.9965509067133058
B4_random_forest,1,0,pr_auc__BRCA_LumA,0.9937605964736891
B4_random_forest,1,1,pr_auc__BRCA_LumA,0.9886483304117942
B4_random_forest,1,2,pr_auc__BRCA_LumA,0.9890335286147152
B4_random_forest,1,3,pr_auc__BRCA_LumA,0.9906642682493145
B4_random_forest,1,4,pr_auc__BRCA_LumA,0.9881810357820346
B4_random_forest,2,0,pr_auc__BRCA_LumA,0.9940471028455583
B4_random_forest,2,1,pr_auc__BRCA_LumA,0.9850275886570199
B4_random_forest,2,2,pr_auc__BRCA_LumA,0.9943758094533865
B4_random_forest,2,3,pr_auc__BRCA_LumA,0.9905772418557691
B4_random_forest,2,4,pr_auc__BRCA_LumA,0.9858051904462032
B4_random_forest,3,0,pr_auc__BRCA_LumA,0.984724724940813
B4_random_forest,3,1,pr_auc__BRCA_LumA,0.9912229528767738
B4_random_forest,3,2,pr_auc__BRCA_LumA,0.9849280955690014
B4_random_forest,3,3,pr_auc__BRCA_LumA,0.9859473440145572
B4_random_forest,3,4,pr_auc__BRCA_LumA,0.9964815986023137
B4_random_forest,4,0,pr_auc__BRCA_LumA,0.9918544085974241
B4_random_forest,4,1,pr_auc__BRCA_LumA,0.9905187929544653
B4_random_forest,4,2,pr_auc__BRCA_LumA,0.9860699628112386
B4_random_forest,4,3,pr_auc__BRCA_LumA,0.988124276170896
B4_random_forest,4,4,pr_auc__BRCA_LumA,0.9955775795497144
B5_xgboost,0,0,pr_auc__BRCA_LumA,0.9916401944424297
B5_xgboost,0,1,pr_auc__BRCA_LumA,0.9911266096987726
B5_xgboost,0,2,pr_auc__BRCA_LumA,0.9942736560982047
B5_xgboost,0,3,pr_auc__BRCA_LumA,0.9915448632600445
B5_xgboost,0,4,pr_auc__BRCA_LumA,0.9961860814930117
B5_xgboost,1,0,pr_auc__BRCA_LumA,0.993186015266239
B5_xgboost,1,1,pr_auc__BRCA_LumA,0.9900347738159935
B5_xgboost,1,2,pr_auc__BRCA_LumA,0.9917765589076879
B5_xgboost,1,3,pr_auc__BRCA_LumA,0.9932250052816329
B5_xgboost,1,4,pr_auc__BRCA_LumA,0.9948653906995193
B5_xgboost,2,0,pr_auc__BRCA_LumA,0.9924087099522461
B5_xgboost,2,1,pr_auc__BRCA_LumA,0.9872975945241956
B5_xgboost,2,2,pr_auc__BRCA_LumA,0.997611441282203
B5_xgboost,2,3,pr_auc__BRCA_LumA,0.9919201516536452
B5_xgboost,2,4,pr_auc__BRCA_LumA,0.9896847886610565
B5_xgboost,3,0,pr_auc__BRCA_LumA,0.9903876111430693
B5_xgboost,3,1,pr_auc__BRCA_LumA,0.9968004551420424
B5_xgboost,3,2,pr_auc__BRCA_LumA,0.9872651038116286
B5_xgboost,3,3,pr_auc__BRCA_LumA,0.992875875407521
B5_xgboost,3,4,pr_auc__BRCA_LumA,0.9991987179487178
B5_xgboost,4,0,pr_auc__BRCA_LumA,0.993996263355034
B5_xgboost,4,1,pr_auc__BRCA_LumA,0.9940484119833829
B5_xgboost,4,2,pr_auc__BRCA_LumA,0.9902781217562929
B5_xgboost,4,3,pr_auc__BRCA_LumA,0.9935065382086052
B5_xgboost,4,4,pr_auc__BRCA_LumA,0.996654494826527
B2_elasticnet_logreg__LATE,0,0,pr_auc__BRCA_LumA,0.9567388665056666
B2_elasticnet_logreg__LATE,0,1,pr_auc__BRCA_LumA,0.9693714846319242
B2_elasticnet_logreg__LATE,0,2,pr_auc__BRCA_LumA,0.9817990392423356
B2_elasticnet_logreg__LATE,0,3,pr_auc__BRCA_LumA,0.9304419238999843
B2_elasticnet_logreg__LATE,0,4,pr_auc__BRCA_LumA,0.9580785948186424
B2_elasticnet_logreg__LATE,1,0,pr_auc__BRCA_LumA,0.9686409154576762
B2_elasticnet_logreg__LATE,1,1,pr_auc__BRCA_LumA,0.9820935591743851
B2_elasticnet_logreg__LATE,1,2,pr_auc__BRCA_LumA,0.9513786271113462
B2_elasticnet_logreg__LATE,1,3,pr_auc__BRCA_LumA,0.9209805066103819
B2_elasticnet_logreg__LATE,1,4,pr_auc__BRCA_LumA,0.9671324751134575
B2_elasticnet_logreg__LATE,2,0,pr_auc__BRCA_LumA,0.954249772342418
B2_elasticnet_logreg__LATE,2,1,pr_auc__BRCA_LumA,0.9530309969950898
B2_elasticnet_logreg__LATE,2,2,pr_auc__BRCA_LumA,0.9713508521180828
B2_elasticnet_logreg__LATE,2,3,pr_auc__BRCA_LumA,0.9697991218408532
B2_elasticnet_logreg__LATE,2,4,pr_auc__BRCA_LumA,0.962292896849538
B2_elasticnet_logreg__LATE,3,0,pr_auc__BRCA_LumA,0.956629238873885
B2_elasticnet_logreg__LATE,3,1,pr_auc__BRCA_LumA,0.9704760861482784
B2_elasticnet_logreg__LATE,3,2,pr_auc__BRCA_LumA,0.9667204399113684
B2_elasticnet_logreg__LATE,3,3,pr_auc__BRCA_LumA,0.9421755588339584
B2_elasticnet_logreg__LATE,3,4,pr_auc__BRCA_LumA,0.9931237049774307
B2_elasticnet_logreg__LATE,4,0,pr_auc__BRCA_LumA,0.9559915238141717
B2_elasticnet_logreg__LATE,4,1,pr_auc__BRCA_LumA,0.9833049807851244
B2_elasticnet_logreg__LATE,4,2,pr_auc__BRCA_LumA,0.9470110622965373
B2_elasticnet_logreg__LATE,4,3,pr_auc__BRCA_LumA,0.9592127833069988
B2_elasticnet_logreg__LATE,4,4,pr_auc__BRCA_LumA,0.9702784010273416
B3_linear_svm__LATE,0,0,pr_auc__BRCA_LumA,0.9657949104287367
B3_linear_svm__LATE,0,1,pr_auc__BRCA_LumA,0.9817813057334406
B3_linear_svm__LATE,0,2,pr_auc__BRCA_LumA,0.9957491832070559
B3_linear_svm__LATE,0,3,pr_auc__BRCA_LumA,0.9604513868494498
B3_linear_svm__LATE,0,4,pr_auc__BRCA_LumA,0.9782056553742692
B3_linear_svm__LATE,1,0,pr_auc__BRCA_LumA,0.9817796961513017
B3_linear_svm__LATE,1,1,pr_auc__BRCA_LumA,0.9858075032014121
B3_linear_svm__LATE,1,2,pr_auc__BRCA_LumA,0.9767448458483666
B3_linear_svm__LATE,1,3,pr_auc__BRCA_LumA,0.9571485658498687
B3_linear_svm__LATE,1,4,pr_auc__BRCA_LumA,0.9824044732819122
B3_linear_svm__LATE,2,0,pr_auc__BRCA_LumA,0.9660500164897465
B3_linear_svm__LATE,2,1,pr_auc__BRCA_LumA,0.9753803609185496
B3_linear_svm__LATE,2,2,pr_auc__BRCA_LumA,0.9875961104809099
B3_linear_svm__LATE,2,3,pr_auc__BRCA_LumA,0.9787633067908843
B3_linear_svm__LATE,2,4,pr_auc__BRCA_LumA,0.9752654951159899
B3_linear_svm__LATE,3,0,pr_auc__BRCA_LumA,0.96811769790389
B3_linear_svm__LATE,3,1,pr_auc__BRCA_LumA,0.9825922279730571
B3_linear_svm__LATE,3,2,pr_auc__BRCA_LumA,0.9835716496273127
B3_linear_svm__LATE,3,3,pr_auc__BRCA_LumA,0.9621099363812421
B3_linear_svm__LATE,3,4,pr_auc__BRCA_LumA,0.9895057768604684
B3_linear_svm__LATE,4,0,pr_auc__BRCA_LumA,0.9745970045509345
B3_linear_svm__LATE,4,1,pr_auc__BRCA_LumA,0.9915190556500698
B3_linear_svm__LATE,4,2,pr_auc__BRCA_LumA,0.9695524961100631
B3_linear_svm__LATE,4,3,pr_auc__BRCA_LumA,0.9791912532006414
B3_linear_svm__LATE,4,4,pr_auc__BRCA_LumA,0.9792067560048788
B4_random_forest__LATE,0,0,pr_auc__BRCA_LumA,0.970934045384962
B4_random_forest__LATE,0,1,pr_auc__BRCA_LumA,0.9575837961505902
B4_random_forest__LATE,0,2,pr_auc__BRCA_LumA,0.9853265663674885
B4_random_forest__LATE,0,3,pr_auc__BRCA_LumA,0.9746054980039924
B4_random_forest__LATE,0,4,pr_auc__BRCA_LumA,0.9812796322796778
B4_random_forest__LATE,1,0,pr_auc__BRCA_LumA,0.9773182862769884
B4_random_forest__LATE,1,1,pr_auc__BRCA_LumA,0.9917554634105012
B4_random_forest__LATE,1,2,pr_auc__BRCA_LumA,0.967968444968609
B4_random_forest__LATE,1,3,pr_auc__BRCA_LumA,0.9730036542905713
B4_random_forest__LATE,1,4,pr_auc__BRCA_LumA,0.9610294298099448
B4_random_forest__LATE,2,0,pr_auc__BRCA_LumA,0.971029248720776
B4_random_forest__LATE,2,1,pr_auc__BRCA_LumA,0.9637641236576312
B4_random_forest__LATE,2,2,pr_auc__BRCA_LumA,0.9872087159059643
B4_random_forest__LATE,2,3,pr_auc__BRCA_LumA,0.9848886562416519
B4_random_forest__LATE,2,4,pr_auc__BRCA_LumA,0.9738804820679993
B4_random_forest__LATE,3,0,pr_auc__BRCA_LumA,0.9691586282850244
B4_random_forest__LATE,3,1,pr_auc__BRCA_LumA,0.9855027559772654
B4_random_forest__LATE,3,2,pr_auc__BRCA_LumA,0.9710418859960024
B4_random_forest__LATE,3,3,pr_auc__BRCA_LumA,0.9671405786344458
B4_random_forest__LATE,3,4,pr_auc__BRCA_LumA,0.9840260915861745
B4_random_forest__LATE,4,0,pr_auc__BRCA_LumA,0.9718815197651818
B4_random_forest__LATE,4,1,pr_auc__BRCA_LumA,0.9879139737644599
B4_random_forest__LATE,4,2,pr_auc__BRCA_LumA,0.9527790251930898
B4_random_forest__LATE,4,3,pr_auc__BRCA_LumA,0.9718833922996639
B4_random_forest__LATE,4,4,pr_auc__BRCA_LumA,0.9869830544777026
B5_xgboost__LATE,0,0,pr_auc__BRCA_LumA,0.9624232832171623
B5_xgboost__LATE,0,1,pr_auc__BRCA_LumA,0.958820272712112
B5_xgboost__LATE,0,2,pr_auc__BRCA_LumA,0.9841007014123959
B5_xgboost__LATE,0,3,pr_auc__BRCA_LumA,0.9754555550476548
B5_xgboost__LATE,0,4,pr_auc__BRCA_LumA,0.9780997085024111
B5_xgboost__LATE,1,0,pr_auc__BRCA_LumA,0.9845427137798961
B5_xgboost__LATE,1,1,pr_auc__BRCA_LumA,0.9896502830197198
B5_xgboost__LATE,1,2,pr_auc__BRCA_LumA,0.9767557316560063
B5_xgboost__LATE,1,3,pr_auc__BRCA_LumA,0.9606371768234196
B5_xgboost__LATE,1,4,pr_auc__BRCA_LumA,0.9808707611991684
B5_xgboost__LATE,2,0,pr_auc__BRCA_LumA,0.9681410808409199
B5_xgboost__LATE,2,1,pr_auc__BRCA_LumA,0.9566173950828946
B5_xgboost__LATE,2,2,pr_auc__BRCA_LumA,0.9838184693902565
B5_xgboost__LATE,2,3,pr_auc__BRCA_LumA,0.9849359977649399
B5_xgboost__LATE,2,4,pr_auc__BRCA_LumA,0.9643802351774056
B5_xgboost__LATE,3,0,pr_auc__BRCA_LumA,0.9650297053925644
B5_xgboost__LATE,3,1,pr_auc__BRCA_LumA,0.9875812925211291
B5_xgboost__LATE,3,2,pr_auc__BRCA_LumA,0.9734498936357951
B5_xgboost__LATE,3,3,pr_auc__BRCA_LumA,0.9721430785328699
B5_xgboost__LATE,3,4,pr_auc__BRCA_LumA,0.9879939864738282
B5_xgboost__LATE,4,0,pr_auc__BRCA_LumA,0.9670224360613751
B5_xgboost__LATE,4,1,pr_auc__BRCA_LumA,0.9820256726735419
B5_xgboost__LATE,4,2,pr_auc__BRCA_LumA,0.9592069758116264
B5_xgboost__LATE,4,3,pr_auc__BRCA_LumA,0.9738845687564991
B5_xgboost__LATE,4,4,pr_auc__BRCA_LumA,0.9868723744629176
B0a_dummy_stratified,0,0,roc_auc__BRCA_LumB,0.5112179487179487
B0a_dummy_stratified,0,1,roc_auc__BRCA_LumB,0.5945553539019963
B0a_dummy_stratified,0,2,roc_auc__BRCA_LumB,0.5181623931623932
B0a_dummy_stratified,0,3,roc_auc__BRCA_LumB,0.5670405982905983
B0a_dummy_stratified,0,4,roc_auc__BRCA_LumB,0.5011655011655011
B0a_dummy_stratified,1,0,roc_auc__BRCA_LumB,0.5275106837606838
B0a_dummy_stratified,1,1,roc_auc__BRCA_LumB,0.4783121597096188
B0a_dummy_stratified,1,2,roc_auc__BRCA_LumB,0.5018696581196581
B0a_dummy_stratified,1,3,roc_auc__BRCA_LumB,0.5344551282051282
B0a_dummy_stratified,1,4,roc_auc__BRCA_LumB,0.46853146853146854
B0a_dummy_stratified,2,0,roc_auc__BRCA_LumB,0.4460470085470085
B0a_dummy_stratified,2,1,roc_auc__BRCA_LumB,0.5447368421052632
B0a_dummy_stratified,2,2,roc_auc__BRCA_LumB,0.469284188034188
B0a_dummy_stratified,2,3,roc_auc__BRCA_LumB,0.469284188034188
B0a_dummy_stratified,2,4,roc_auc__BRCA_LumB,0.5011655011655011
B0a_dummy_stratified,3,0,roc_auc__BRCA_LumB,0.47863247863247865
B0a_dummy_stratified,3,1,roc_auc__BRCA_LumB,0.4783121597096188
B0a_dummy_stratified,3,2,roc_auc__BRCA_LumB,0.5181623931623932
B0a_dummy_stratified,3,3,roc_auc__BRCA_LumB,0.5181623931623932
B0a_dummy_stratified,3,4,roc_auc__BRCA_LumB,0.48484848484848486
B0a_dummy_stratified,4,0,roc_auc__BRCA_LumB,0.4460470085470085
B0a_dummy_stratified,4,1,roc_auc__BRCA_LumB,0.5281306715063521
B0a_dummy_stratified,4,2,roc_auc__BRCA_LumB,0.452991452991453
B0a_dummy_stratified,4,3,roc_auc__BRCA_LumB,0.5507478632478632
B0a_dummy_stratified,4,4,roc_auc__BRCA_LumB,0.5174825174825175
B0b_dummy_mostfreq,0,0,roc_auc__BRCA_LumB,0.5
B0b_dummy_mostfreq,0,1,roc_auc__BRCA_LumB,0.5
B0b_dummy_mostfreq,0,2,roc_auc__BRCA_LumB,0.5
B0b_dummy_mostfreq,0,3,roc_auc__BRCA_LumB,0.5
B0b_dummy_mostfreq,0,4,roc_auc__BRCA_LumB,0.5
B0b_dummy_mostfreq,1,0,roc_auc__BRCA_LumB,0.5
B0b_dummy_mostfreq,1,1,roc_auc__BRCA_LumB,0.5
B0b_dummy_mostfreq,1,2,roc_auc__BRCA_LumB,0.5
B0b_dummy_mostfreq,1,3,roc_auc__BRCA_LumB,0.5
B0b_dummy_mostfreq,1,4,roc_auc__BRCA_LumB,0.5
B0b_dummy_mostfreq,2,0,roc_auc__BRCA_LumB,0.5
B0b_dummy_mostfreq,2,1,roc_auc__BRCA_LumB,0.5
B0b_dummy_mostfreq,2,2,roc_auc__BRCA_LumB,0.5
B0b_dummy_mostfreq,2,3,roc_auc__BRCA_LumB,0.5
B0b_dummy_mostfreq,2,4,roc_auc__BRCA_LumB,0.5
B0b_dummy_mostfreq,3,0,roc_auc__BRCA_LumB,0.5
B0b_dummy_mostfreq,3,1,roc_auc__BRCA_LumB,0.5
B0b_dummy_mostfreq,3,2,roc_auc__BRCA_LumB,0.5
B0b_dummy_mostfreq,3,3,roc_auc__BRCA_LumB,0.5
B0b_dummy_mostfreq,3,4,roc_auc__BRCA_LumB,0.5
B0b_dummy_mostfreq,4,0,roc_auc__BRCA_LumB,0.5
B0b_dummy_mostfreq,4,1,roc_auc__BRCA_LumB,0.5
B0b_dummy_mostfreq,4,2,roc_auc__BRCA_LumB,0.5
B0b_dummy_mostfreq,4,3,roc_auc__BRCA_LumB,0.5
B0b_dummy_mostfreq,4,4,roc_auc__BRCA_LumB,0.5
B1_pam50_centroid,0,0,roc_auc__BRCA_LumB,0.9757834757834758
B1_pam50_centroid,0,1,roc_auc__BRCA_LumB,0.9655172413793103
B1_pam50_centroid,0,2,roc_auc__BRCA_LumB,0.9433760683760684
B1_pam50_centroid,0,3,roc_auc__BRCA_LumB,0.962962962962963
B1_pam50_centroid,0,4,roc_auc__BRCA_LumB,0.9722072798995876
B1_pam50_centroid,1,0,roc_auc__BRCA_LumB,0.962428774928775
B1_pam50_centroid,1,1,roc_auc__BRCA_LumB,0.9749546279491833
B1_pam50_centroid,1,2,roc_auc__BRCA_LumB,0.9613603988603988
B1_pam50_centroid,1,3,roc_auc__BRCA_LumB,0.954594017094017
B1_pam50_centroid,1,4,roc_auc__BRCA_LumB,0.9725658956428187
B1_pam50_centroid,2,0,roc_auc__BRCA_LumB,0.9610042735042734
B1_pam50_centroid,2,1,roc_auc__BRCA_LumB,0.9569872958257714
B1_pam50_centroid,2,2,roc_auc__BRCA_LumB,0.9839743589743589
B1_pam50_centroid,2,3,roc_auc__BRCA_LumB,0.9556623931623932
B1_pam50_centroid,2,4,roc_auc__BRCA_LumB,0.9562488793258024
B1_pam50_centroid,3,0,roc_auc__BRCA_LumB,0.9567307692307692
B1_pam50_centroid,3,1,roc_auc__BRCA_LumB,0.9753176043557169
B1_pam50_centroid,3,2,roc_auc__BRCA_LumB,0.9565527065527066
B1_pam50_centroid,3,3,roc_auc__BRCA_LumB,0.9642094017094017
B1_pam50_centroid,3,4,roc_auc__BRCA_LumB,0.9686211224672763
B1_pam50_centroid,4,0,roc_auc__BRCA_LumB,0.9654558404558404
B1_pam50_centroid,4,1,roc_auc__BRCA_LumB,0.9542649727767695
B1_pam50_centroid,4,2,roc_auc__BRCA_LumB,0.9622507122507122
B1_pam50_centroid,4,3,roc_auc__BRCA_LumB,0.959045584045584
B1_pam50_centroid,4,4,roc_auc__BRCA_LumB,0.9736417428725122
B2_elasticnet_logreg,0,0,roc_auc__BRCA_LumB,0.9707977207977208
B2_elasticnet_logreg,0,1,roc_auc__BRCA_LumB,0.969328493647913
B2_elasticnet_logreg,0,2,roc_auc__BRCA_LumB,0.9560185185185185
B2_elasticnet_logreg,0,3,roc_auc__BRCA_LumB,0.9772079772079773
B2_elasticnet_logreg,0,4,roc_auc__BRCA_LumB,0.9783037475345168
B2_elasticnet_logreg,1,0,roc_auc__BRCA_LumB,0.972400284900285
B2_elasticnet_logreg,1,1,roc_auc__BRCA_LumB,0.9754990925589837
B2_elasticnet_logreg,1,2,roc_auc__BRCA_LumB,0.9715099715099715
B2_elasticnet_logreg,1,3,roc_auc__BRCA_LumB,0.9513888888888888
B2_elasticnet_logreg,1,4,roc_auc__BRCA_LumB,0.9752555137170521
B2_elasticnet_logreg,2,0,roc_auc__BRCA_LumB,0.9677706552706553
B2_elasticnet_logreg,2,1,roc_auc__BRCA_LumB,0.9633393829401089
B2_elasticnet_logreg,2,2,roc_auc__BRCA_LumB,0.9891381766381766
B2_elasticnet_logreg,2,3,roc_auc__BRCA_LumB,0.9727564102564104
B2_elasticnet_logreg,2,4,roc_auc__BRCA_LumB,0.9587591895284203
B2_elasticnet_logreg,3,0,roc_auc__BRCA_LumB,0.957977207977208
B2_elasticnet_logreg,3,1,roc_auc__BRCA_LumB,0.9764065335753176
B2_elasticnet_logreg,3,2,roc_auc__BRCA_LumB,0.9583333333333334
B2_elasticnet_logreg,3,3,roc_auc__BRCA_LumB,0.9804131054131053
B2_elasticnet_logreg,3,4,roc_auc__BRCA_LumB,0.9876277568585261
B2_elasticnet_logreg,4,0,roc_auc__BRCA_LumB,0.9686609686609686
B2_elasticnet_logreg,4,1,roc_auc__BRCA_LumB,0.9671506352087115
B2_elasticnet_logreg,4,2,roc_auc__BRCA_LumB,0.9601139601139601
B2_elasticnet_logreg,4,3,roc_auc__BRCA_LumB,0.9779202279202279
B2_elasticnet_logreg,4,4,roc_auc__BRCA_LumB,0.9845795230410614
B3_linear_svm,0,0,roc_auc__BRCA_LumB,0.9611823361823363
B3_linear_svm,0,1,roc_auc__BRCA_LumB,0.9680580762250455
B3_linear_svm,0,2,roc_auc__BRCA_LumB,0.9569088319088319
B3_linear_svm,0,3,roc_auc__BRCA_LumB,0.9437321937321937
B3_linear_svm,0,4,roc_auc__BRCA_LumB,0.9666487358795051
B3_linear_svm,1,0,roc_auc__BRCA_LumB,0.9522792022792023
B3_linear_svm,1,1,roc_auc__BRCA_LumB,0.9588021778584392
B3_linear_svm,1,2,roc_auc__BRCA_LumB,0.9674145299145299
B3_linear_svm,1,3,roc_auc__BRCA_LumB,0.9419515669515669
B3_linear_svm,1,4,roc_auc__BRCA_LumB,0.9515868746637978
B3_linear_svm,2,0,roc_auc__BRCA_LumB,0.9577991452991452
B3_linear_svm,2,1,roc_auc__BRCA_LumB,0.9272232304900181
B3_linear_svm,2,2,roc_auc__BRCA_LumB,0.9601139601139601
B3_linear_svm,2,3,roc_auc__BRCA_LumB,0.9631410256410255
B3_linear_svm,2,4,roc_auc__BRCA_LumB,0.9537385691231846
B3_linear_svm,3,0,roc_auc__BRCA_LumB,0.938034188034188
B3_linear_svm,3,1,roc_auc__BRCA_LumB,0.979491833030853
B3_linear_svm,3,2,roc_auc__BRCA_LumB,0.9627849002849003
B3_linear_svm,3,3,roc_auc__BRCA_LumB,0.9547720797720798
B3_linear_svm,3,4,roc_auc__BRCA_LumB,0.9838622915545991
B3_linear_svm,4,0,roc_auc__BRCA_LumB,0.9645655270655271
B3_linear_svm,4,1,roc_auc__BRCA_LumB,0.9549909255898367
B3_linear_svm,4,2,roc_auc__BRCA_LumB,0.959045584045584
B3_linear_svm,4,3,roc_auc__BRCA_LumB,0.966880341880342
B3_linear_svm,4,4,roc_auc__BRCA_LumB,0.9684418145956608
B4_random_forest,0,0,roc_auc__BRCA_LumB,0.9791666666666666
B4_random_forest,0,1,roc_auc__BRCA_LumB,0.9727767695099819
B4_random_forest,0,2,roc_auc__BRCA_LumB,0.9777421652421652
B4_random_forest,0,3,roc_auc__BRCA_LumB,0.9693732193732194
B4_random_forest,0,4,roc_auc__BRCA_LumB,0.9899587591895284
B4_random_forest,1,0,roc_auc__BRCA_LumB,0.9837962962962963
B4_random_forest,1,1,roc_auc__BRCA_LumB,0.9716878402903812
B4_random_forest,1,2,roc_auc__BRCA_LumB,0.9810363247863249
B4_random_forest,1,3,roc_auc__BRCA_LumB,0.9813034188034189
B4_random_forest,1,4,roc_auc__BRCA_LumB,0.9763313609467457
B4_random_forest,2,0,roc_auc__BRCA_LumB,0.9850427350427351
B4_random_forest,2,1,roc_auc__BRCA_LumB,0.9678765880217786
B4_random_forest,2,2,roc_auc__BRCA_LumB,0.9875356125356126
B4_random_forest,2,3,roc_auc__BRCA_LumB,0.9780982905982906
B4_random_forest,2,4,roc_auc__BRCA_LumB,0.9750762058454366
B4_random_forest,3,0,roc_auc__BRCA_LumB,0.9715099715099715
B4_random_forest,3,1,roc_auc__BRCA_LumB,0.9825771324863883
B4_random_forest,3,2,roc_auc__BRCA_LumB,0.9699074074074074
B4_random_forest,3,3,roc_auc__BRCA_LumB,0.9763176638176638
B4_random_forest,3,4,roc_auc__BRCA_LumB,0.9904966828043752
B4_random_forest,4,0,roc_auc__BRCA_LumB,0.9857549857549859
B4_random_forest,4,1,roc_auc__BRCA_LumB,0.9740471869328493
B4_random_forest,4,2,roc_auc__BRCA_LumB,0.9725783475783476
B4_random_forest,4,3,roc_auc__BRCA_LumB,0.9741809116809116
B4_random_forest,4,4,roc_auc__BRCA_LumB,0.9865519096288327
B5_xgboost,0,0,roc_auc__BRCA_LumB,0.9864672364672366
B5_xgboost,0,1,roc_auc__BRCA_LumB,0.9809437386569873
B5_xgboost,0,2,roc_auc__BRCA_LumB,0.983974358974359
B5_xgboost,0,3,roc_auc__BRCA_LumB,0.9836182336182336
B5_xgboost,0,4,roc_auc__BRCA_LumB,0.988524296216604
B5_xgboost,1,0,roc_auc__BRCA_LumB,0.9841524216524216
B5_xgboost,1,1,roc_auc__BRCA_LumB,0.9793103448275863
B5_xgboost,1,2,roc_auc__BRCA_LumB,0.9868233618233618
B5_xgboost,1,3,roc_auc__BRCA_LumB,0.9864672364672364
B5_xgboost,1,4,roc_auc__BRCA_LumB,0.9861932938856015
B5_xgboost,2,0,roc_auc__BRCA_LumB,0.9859330484330484
B5_xgboost,2,1,roc_auc__BRCA_LumB,0.9720508166969146
B5_xgboost,2,2,roc_auc__BRCA_LumB,0.995548433048433
B5_xgboost,2,3,roc_auc__BRCA_LumB,0.9855769230769231
B5_xgboost,2,4,roc_auc__BRCA_LumB,0.9797382105074413
B5_xgboost,3,0,roc_auc__BRCA_LumB,0.9775641025641025
B5_xgboost,3,1,roc_auc__BRCA_LumB,0.9916515426497278
B5_xgboost,3,2,roc_auc__BRCA_LumB,0.9722222222222221
B5_xgboost,3,3,roc_auc__BRCA_LumB,0.989494301994302
B5_xgboost,3,4,roc_auc__BRCA_LumB,0.9982069212838444
B5_xgboost,4,0,roc_auc__BRCA_LumB,0.9889601139601141
B5_xgboost,4,1,roc_auc__BRCA_LumB,0.9816696914700545
B5_xgboost,4,2,roc_auc__BRCA_LumB,0.9805911680911681
B5_xgboost,4,3,roc_auc__BRCA_LumB,0.9887820512820513
B5_xgboost,4,4,roc_auc__BRCA_LumB,0.9965931504393043
B2_elasticnet_logreg__LATE,0,0,roc_auc__BRCA_LumB,0.9303774928774928
B2_elasticnet_logreg__LATE,0,1,roc_auc__BRCA_LumB,0.9362976406533575
B2_elasticnet_logreg__LATE,0,2,roc_auc__BRCA_LumB,0.9515669515669516
B2_elasticnet_logreg__LATE,0,3,roc_auc__BRCA_LumB,0.916488603988604
B2_elasticnet_logreg__LATE,0,4,roc_auc__BRCA_LumB,0.9345526268603191
B2_elasticnet_logreg__LATE,1,0,roc_auc__BRCA_LumB,0.9334045584045583
B2_elasticnet_logreg__LATE,1,1,roc_auc__BRCA_LumB,0.9497277676950998
B2_elasticnet_logreg__LATE,1,2,roc_auc__BRCA_LumB,0.9284188034188035
B2_elasticnet_logreg__LATE,1,3,roc_auc__BRCA_LumB,0.8862179487179488
B2_elasticnet_logreg__LATE,1,4,roc_auc__BRCA_LumB,0.9261251568943877
B2_elasticnet_logreg__LATE,2,0,roc_auc__BRCA_LumB,0.9166666666666666
B2_elasticnet_logreg__LATE,2,1,roc_auc__BRCA_LumB,0.9137931034482759
B2_elasticnet_logreg__LATE,2,2,roc_auc__BRCA_LumB,0.9415954415954415
B2_elasticnet_logreg__LATE,2,3,roc_auc__BRCA_LumB,0.9414173789173789
B2_elasticnet_logreg__LATE,2,4,roc_auc__BRCA_LumB,0.9220010758472297
B2_elasticnet_logreg__LATE,3,0,roc_auc__BRCA_LumB,0.9059829059829061
B2_elasticnet_logreg__LATE,3,1,roc_auc__BRCA_LumB,0.947005444646098
B2_elasticnet_logreg__LATE,3,2,roc_auc__BRCA_LumB,0.9355413105413105
B2_elasticnet_logreg__LATE,3,3,roc_auc__BRCA_LumB,0.9113247863247863
B2_elasticnet_logreg__LATE,3,4,roc_auc__BRCA_LumB,0.9797382105074413
B2_elasticnet_logreg__LATE,4,0,roc_auc__BRCA_LumB,0.9326923076923076
B2_elasticnet_logreg__LATE,4,1,roc_auc__BRCA_LumB,0.9517241379310345
B2_elasticnet_logreg__LATE,4,2,roc_auc__BRCA_LumB,0.8958333333333333
B2_elasticnet_logreg__LATE,4,3,roc_auc__BRCA_LumB,0.9237891737891738
B2_elasticnet_logreg__LATE,4,4,roc_auc__BRCA_LumB,0.9422628653397884
B3_linear_svm__LATE,0,0,roc_auc__BRCA_LumB,0.9476495726495726
B3_linear_svm__LATE,0,1,roc_auc__BRCA_LumB,0.9667876588021779
B3_linear_svm__LATE,0,2,roc_auc__BRCA_LumB,0.9805911680911681
B3_linear_svm__LATE,0,3,roc_auc__BRCA_LumB,0.941417378917379
B3_linear_svm__LATE,0,4,roc_auc__BRCA_LumB,0.9623453469607316
B3_linear_svm__LATE,1,0,roc_auc__BRCA_LumB,0.9665242165242165
B3_linear_svm__LATE,1,1,roc_auc__BRCA_LumB,0.9549909255898367
B3_linear_svm__LATE,1,2,roc_auc__BRCA_LumB,0.9656339031339031
B3_linear_svm__LATE,1,3,roc_auc__BRCA_LumB,0.9312678062678063
B3_linear_svm__LATE,1,4,roc_auc__BRCA_LumB,0.9643177335485028
B3_linear_svm__LATE,2,0,roc_auc__BRCA_LumB,0.9403490028490029
B3_linear_svm__LATE,2,1,roc_auc__BRCA_LumB,0.9500907441016333
B3_linear_svm__LATE,2,2,roc_auc__BRCA_LumB,0.9661680911680911
B3_linear_svm__LATE,2,3,roc_auc__BRCA_LumB,0.9772079772079771
B3_linear_svm__LATE,2,4,roc_auc__BRCA_LumB,0.9566074950690335
B3_linear_svm__LATE,3,0,roc_auc__BRCA_LumB,0.9287749287749287
B3_linear_svm__LATE,3,1,roc_auc__BRCA_LumB,0.967513611615245
B3_linear_svm__LATE,3,2,roc_auc__BRCA_LumB,0.9672364672364673
B3_linear_svm__LATE,3,3,roc_auc__BRCA_LumB,0.9449786324786325
B3_linear_svm__LATE,3,4,roc_auc__BRCA_LumB,0.9820692128384436
B3_linear_svm__LATE,4,0,roc_auc__BRCA_LumB,0.9581552706552706
B3_linear_svm__LATE,4,1,roc_auc__BRCA_LumB,0.9655172413793104
B3_linear_svm__LATE,4,2,roc_auc__BRCA_LumB,0.9431980056980057
B3_linear_svm__LATE,4,3,roc_auc__BRCA_LumB,0.9542378917378918
B3_linear_svm__LATE,4,4,roc_auc__BRCA_LumB,0.9748968979738211
B4_random_forest__LATE,0,0,roc_auc__BRCA_LumB,0.9564636752136753
B4_random_forest__LATE,0,1,roc_auc__BRCA_LumB,0.9274047186932849
B4_random_forest__LATE,0,2,roc_auc__BRCA_LumB,0.9581552706552707
B4_random_forest__LATE,0,3,roc_auc__BRCA_LumB,0.9498753561253561
B4_random_forest__LATE,0,4,roc_auc__BRCA_LumB,0.9751658597812445
B4_random_forest__LATE,1,0,roc_auc__BRCA_LumB,0.9595797720797722
B4_random_forest__LATE,1,1,roc_auc__BRCA_LumB,0.9715063520871143
B4_random_forest__LATE,1,2,roc_auc__BRCA_LumB,0.9457799145299145
B4_random_forest__LATE,1,3,roc_auc__BRCA_LumB,0.9592236467236468
B4_random_forest__LATE,1,4,roc_auc__BRCA_LumB,0.9328492020799714
B4_random_forest__LATE,2,0,roc_auc__BRCA_LumB,0.953258547008547
B4_random_forest__LATE,2,1,roc_auc__BRCA_LumB,0.9272232304900181
B4_random_forest__LATE,2,2,roc_auc__BRCA_LumB,0.9672364672364673
B4_random_forest__LATE,2,3,roc_auc__BRCA_LumB,0.9688390313390313
B4_random_forest__LATE,2,4,roc_auc__BRCA_LumB,0.9442352519275596
B4_random_forest__LATE,3,0,roc_auc__BRCA_LumB,0.9373219373219374
B4_random_forest__LATE,3,1,roc_auc__BRCA_LumB,0.9705081669691471
B4_random_forest__LATE,3,2,roc_auc__BRCA_LumB,0.9426638176638177
B4_random_forest__LATE,3,3,roc_auc__BRCA_LumB,0.9461360398860399
B4_random_forest__LATE,3,4,roc_auc__BRCA_LumB,0.9749865519096288
B4_random_forest__LATE,4,0,roc_auc__BRCA_LumB,0.9716880341880342
B4_random_forest__LATE,4,1,roc_auc__BRCA_LumB,0.9557168784029039
B4_random_forest__LATE,4,2,roc_auc__BRCA_LumB,0.91755698005698
B4_random_forest__LATE,4,3,roc_auc__BRCA_LumB,0.9550391737891738
B4_random_forest__LATE,4,4,roc_auc__BRCA_LumB,0.9825174825174824
B5_xgboost__LATE,0,0,roc_auc__BRCA_LumB,0.9373219373219372
B5_xgboost__LATE,0,1,roc_auc__BRCA_LumB,0.9283121597096189
B5_xgboost__LATE,0,2,roc_auc__BRCA_LumB,0.962962962962963
B5_xgboost__LATE,0,3,roc_auc__BRCA_LumB,0.9544159544159544
B5_xgboost__LATE,0,4,roc_auc__BRCA_LumB,0.9566074950690335
B5_xgboost__LATE,1,0,roc_auc__BRCA_LumB,0.9747150997150997
B5_xgboost__LATE,1,1,roc_auc__BRCA_LumB,0.9778584392014519
B5_xgboost__LATE,1,2,roc_auc__BRCA_LumB,0.9474715099715101
B5_xgboost__LATE,1,3,roc_auc__BRCA_LumB,0.9310897435897436
B5_xgboost__LATE,1,4,roc_auc__BRCA_LumB,0.9614488076026537
B5_xgboost__LATE,2,0,roc_auc__BRCA_LumB,0.9341168091168092
B5_xgboost__LATE,2,1,roc_auc__BRCA_LumB,0.9219600725952812
B5_xgboost__LATE,2,2,roc_auc__BRCA_LumB,0.9665242165242165
B5_xgboost__LATE,2,3,roc_auc__BRCA_LumB,0.9820156695156694
B5_xgboost__LATE,2,4,roc_auc__BRCA_LumB,0.9189528420297651
B5_xgboost__LATE,3,0,roc_auc__BRCA_LumB,0.9298433048433049
B5_xgboost__LATE,3,1,roc_auc__BRCA_LumB,0.9660617059891107
B5_xgboost__LATE,3,2,roc_auc__BRCA_LumB,0.9415954415954416
B5_xgboost__LATE,3,3,roc_auc__BRCA_LumB,0.9668803418803419
B5_xgboost__LATE,3,4,roc_auc__BRCA_LumB,0.9743589743589745
B5_xgboost__LATE,4,0,roc_auc__BRCA_LumB,0.9588675213675214
B5_xgboost__LATE,4,1,roc_auc__BRCA_LumB,0.9558983666061707
B5_xgboost__LATE,4,2,roc_auc__BRCA_LumB,0.9353632478632479
B5_xgboost__LATE,4,3,roc_auc__BRCA_LumB,0.9524572649572649
B5_xgboost__LATE,4,4,roc_auc__BRCA_LumB,0.979020979020979
B0a_dummy_stratified,0,0,pr_auc__BRCA_LumB,0.2171888640993307
B0a_dummy_stratified,0,1,pr_auc__BRCA_LumB,0.2600949094046592
B0a_dummy_stratified,0,2,pr_auc__BRCA_LumB,0.22006748236256432
B0a_dummy_stratified,0,3,pr_auc__BRCA_LumB,0.24733308339865717
B0a_dummy_stratified,0,4,pr_auc__BRCA_LumB,0.21468171468171468
B0a_dummy_stratified,1,0,pr_auc__BRCA_LumB,0.22421616494756466
B0a_dummy_stratified,1,1,pr_auc__BRCA_LumB,0.20163574920908828
B0a_dummy_stratified,1,2,pr_auc__BRCA_LumB,0.21375095145586948
B0a_dummy_stratified,1,3,pr_auc__BRCA_LumB,0.22777001465526053
B0a_dummy_stratified,1,4,pr_auc__BRCA_LumB,0.20626670626670626
B0a_dummy_stratified,2,0,pr_auc__BRCA_LumB,0.2022289046248693
B0a_dummy_stratified,2,1,pr_auc__BRCA_LumB,0.2271462467644521
B0a_dummy_stratified,2,2,pr_auc__BRCA_LumB,0.20527589380048394
B0a_dummy_stratified,2,3,pr_auc__BRCA_LumB,0.20527589380048394
B0a_dummy_stratified,2,4,pr_auc__BRCA_LumB,0.21468171468171468
B0a_dummy_stratified,3,0,pr_auc__BRCA_LumB,0.20707903557840504
B0a_dummy_stratified,3,1,pr_auc__BRCA_LumB,0.20163574920908828
B0a_dummy_stratified,3,2,pr_auc__BRCA_LumB,0.22006748236256432
B0a_dummy_stratified,3,3,pr_auc__BRCA_LumB,0.22006748236256432
B0a_dummy_stratified,3,4,pr_auc__BRCA_LumB,0.20978120978120976
B0a_dummy_stratified,4,0,pr_auc__BRCA_LumB,0.2022289046248693
B0a_dummy_stratified,4,1,pr_auc__BRCA_LumB,0.21879493816508488
B0a_dummy_stratified,4,2,pr_auc__BRCA_LumB,0.20311736705179326
B0a_dummy_stratified,4,3,pr_auc__BRCA_LumB,0.2368585483339582
B0a_dummy_stratified,4,4,pr_auc__BRCA_LumB,0.22096822096822094
B0b_dummy_mostfreq,0,0,pr_auc__BRCA_LumB,0.21311475409836064
B0b_dummy_mostfreq,0,1,pr_auc__BRCA_LumB,0.20765027322404372
B0b_dummy_mostfreq,0,2,pr_auc__BRCA_LumB,0.21311475409836064
B0b_dummy_mostfreq,0,3,pr_auc__BRCA_LumB,0.21311475409836064
B0b_dummy_mostfreq,0,4,pr_auc__BRCA_LumB,0.21428571428571427
B0b_dummy_mostfreq,1,0,pr_auc__BRCA_LumB,0.21311475409836064
B0b_dummy_mostfreq,1,1,pr_auc__BRCA_LumB,0.20765027322404372
B0b_dummy_mostfreq,1,2,pr_auc__BRCA_LumB,0.21311475409836064
B0b_dummy_mostfreq,1,3,pr_auc__BRCA_LumB,0.21311475409836064
B0b_dummy_mostfreq,1,4,pr_auc__BRCA_LumB,0.21428571428571427
B0b_dummy_mostfreq,2,0,pr_auc__BRCA_LumB,0.21311475409836064
B0b_dummy_mostfreq,2,1,pr_auc__BRCA_LumB,0.20765027322404372
B0b_dummy_mostfreq,2,2,pr_auc__BRCA_LumB,0.21311475409836064
B0b_dummy_mostfreq,2,3,pr_auc__BRCA_LumB,0.21311475409836064
B0b_dummy_mostfreq,2,4,pr_auc__BRCA_LumB,0.21428571428571427
B0b_dummy_mostfreq,3,0,pr_auc__BRCA_LumB,0.21311475409836064
B0b_dummy_mostfreq,3,1,pr_auc__BRCA_LumB,0.20765027322404372
B0b_dummy_mostfreq,3,2,pr_auc__BRCA_LumB,0.21311475409836064
B0b_dummy_mostfreq,3,3,pr_auc__BRCA_LumB,0.21311475409836064
B0b_dummy_mostfreq,3,4,pr_auc__BRCA_LumB,0.21428571428571427
B0b_dummy_mostfreq,4,0,pr_auc__BRCA_LumB,0.21311475409836064
B0b_dummy_mostfreq,4,1,pr_auc__BRCA_LumB,0.20765027322404372
B0b_dummy_mostfreq,4,2,pr_auc__BRCA_LumB,0.21311475409836064
B0b_dummy_mostfreq,4,3,pr_auc__BRCA_LumB,0.21311475409836064
B0b_dummy_mostfreq,4,4,pr_auc__BRCA_LumB,0.21428571428571427
B1_pam50_centroid,0,0,pr_auc__BRCA_LumB,0.9121254642541848
B1_pam50_centroid,0,1,pr_auc__BRCA_LumB,0.8724676528416874
B1_pam50_centroid,0,2,pr_auc__BRCA_LumB,0.8229980228492791
B1_pam50_centroid,0,3,pr_auc__BRCA_LumB,0.8719564498299661
B1_pam50_centroid,0,4,pr_auc__BRCA_LumB,0.8814314375267802
B1_pam50_centroid,1,0,pr_auc__BRCA_LumB,0.8665561003180634
B1_pam50_centroid,1,1,pr_auc__BRCA_LumB,0.9000412901114438
B1_pam50_centroid,1,2,pr_auc__BRCA_LumB,0.8531645004185712
B1_pam50_centroid,1,3,pr_auc__BRCA_LumB,0.8595411693256227
B1_pam50_centroid,1,4,pr_auc__BRCA_LumB,0.8974157321987948
B1_pam50_centroid,2,0,pr_auc__BRCA_LumB,0.8663478514699005
B1_pam50_centroid,2,1,pr_auc__BRCA_LumB,0.8533432115584803
B1_pam50_centroid,2,2,pr_auc__BRCA_LumB,0.9336740589084337
B1_pam50_centroid,2,3,pr_auc__BRCA_LumB,0.8225412984595466
B1_pam50_centroid,2,4,pr_auc__BRCA_LumB,0.8521184200696978
B1_pam50_centroid,3,0,pr_auc__BRCA_LumB,0.8066587357003695
B1_pam50_centroid,3,1,pr_auc__BRCA_LumB,0.9085069122742653
B1_pam50_centroid,3,2,pr_auc__BRCA_LumB,0.8546592843862372
B1_pam50_centroid,3,3,pr_auc__BRCA_LumB,0.8848056763728268
B1_pam50_centroid,3,4,pr_auc__BRCA_LumB,0.8946440533025444
B1_pam50_centroid,4,0,pr_auc__BRCA_LumB,0.8766428911311731
B1_pam50_centroid,4,1,pr_auc__BRCA_LumB,0.8429808027397522
B1_pam50_centroid,4,2,pr_auc__BRCA_LumB,0.8620884071668311
B1_pam50_centroid,4,3,pr_auc__BRCA_LumB,0.8497456605719486
B1_pam50_centroid,4,4,pr_auc__BRCA_LumB,0.9137560310066246
B2_elasticnet_logreg,0,0,pr_auc__BRCA_LumB,0.8967139809008832
B2_elasticnet_logreg,0,1,pr_auc__BRCA_LumB,0.9268653577758622
B2_elasticnet_logreg,0,2,pr_auc__BRCA_LumB,0.8418234641194308
B2_elasticnet_logreg,0,3,pr_auc__BRCA_LumB,0.9323088340335499
B2_elasticnet_logreg,0,4,pr_auc__BRCA_LumB,0.9222111484202661
B2_elasticnet_logreg,1,0,pr_auc__BRCA_LumB,0.8842367981702525
B2_elasticnet_logreg,1,1,pr_auc__BRCA_LumB,0.9031086658055106
B2_elasticnet_logreg,1,2,pr_auc__BRCA_LumB,0.8882190188074144
B2_elasticnet_logreg,1,3,pr_auc__BRCA_LumB,0.8807179942432314
B2_elasticnet_logreg,1,4,pr_auc__BRCA_LumB,0.9166098800290339
B2_elasticnet_logreg,2,0,pr_auc__BRCA_LumB,0.9168574452333201
B2_elasticnet_logreg,2,1,pr_auc__BRCA_LumB,0.8292763272989654
B2_elasticnet_logreg,2,2,pr_auc__BRCA_LumB,0.9644191497906128
B2_elasticnet_logreg,2,3,pr_auc__BRCA_LumB,0.9197550264322748
B2_elasticnet_logreg,2,4,pr_auc__BRCA_LumB,0.8700575643779409
B2_elasticnet_logreg,3,0,pr_auc__BRCA_LumB,0.8287150613428891
B2_elasticnet_logreg,3,1,pr_auc__BRCA_LumB,0.9183726403694673
B2_elasticnet_logreg,3,2,pr_auc__BRCA_LumB,0.8917680509317154
B2_elasticnet_logreg,3,3,pr_auc__BRCA_LumB,0.9319477829499488
B2_elasticnet_logreg,3,4,pr_auc__BRCA_LumB,0.9472434284898394
B2_elasticnet_logreg,4,0,pr_auc__BRCA_LumB,0.9210405599544406
B2_elasticnet_logreg,4,1,pr_auc__BRCA_LumB,0.9082455146691997
B2_elasticnet_logreg,4,2,pr_auc__BRCA_LumB,0.842923632041964
B2_elasticnet_logreg,4,3,pr_auc__BRCA_LumB,0.9124501154432872
B2_elasticnet_logreg,4,4,pr_auc__BRCA_LumB,0.9538342387969043
B3_linear_svm,0,0,pr_auc__BRCA_LumB,0.8777168515834733
B3_linear_svm,0,1,pr_auc__BRCA_LumB,0.9060614951638255
B3_linear_svm,0,2,pr_auc__BRCA_LumB,0.8662447276268349
B3_linear_svm,0,3,pr_auc__BRCA_LumB,0.8325982324904678
B3_linear_svm,0,4,pr_auc__BRCA_LumB,0.9020176744516686
B3_linear_svm,1,0,pr_auc__BRCA_LumB,0.846205409660865
B3_linear_svm,1,1,pr_auc__BRCA_LumB,0.8643297898634436
B3_linear_svm,1,2,pr_auc__BRCA_LumB,0.8918247622807242
B3_linear_svm,1,3,pr_auc__BRCA_LumB,0.8091319982134954
B3_linear_svm,1,4,pr_auc__BRCA_LumB,0.8426959067866244
B3_linear_svm,2,0,pr_auc__BRCA_LumB,0.8531949563785471
B3_linear_svm,2,1,pr_auc__BRCA_LumB,0.80414107494232
B3_linear_svm,2,2,pr_auc__BRCA_LumB,0.8819316199199073
B3_linear_svm,2,3,pr_auc__BRCA_LumB,0.892682800373314
B3_linear_svm,2,4,pr_auc__BRCA_LumB,0.8503367846112001
B3_linear_svm,3,0,pr_auc__BRCA_LumB,0.797672988264878
B3_linear_svm,3,1,pr_auc__BRCA_LumB,0.9191783965024583
B3_linear_svm,3,2,pr_auc__BRCA_LumB,0.879085278712886
B3_linear_svm,3,3,pr_auc__BRCA_LumB,0.8664988543562777
B3_linear_svm,3,4,pr_auc__BRCA_LumB,0.9399166426421184
B3_linear_svm,4,0,pr_auc__BRCA_LumB,0.8982000083707145
B3_linear_svm,4,1,pr_auc__BRCA_LumB,0.8518825899197884
B3_linear_svm,4,2,pr_auc__BRCA_LumB,0.8747296869205569
B3_linear_svm,4,3,pr_auc__BRCA_LumB,0.9036237019928525
B3_linear_svm,4,4,pr_auc__BRCA_LumB,0.9118613817618924
B4_random_forest,0,0,pr_auc__BRCA_LumB,0.945265369316381
B4_random_forest,0,1,pr_auc__BRCA_LumB,0.9269297806926164
B4_random_forest,0,2,pr_auc__BRCA_LumB,0.8986430251766708
B4_random_forest,0,3,pr_auc__BRCA_LumB,0.9075151629818407
B4_random_forest,0,4,pr_auc__BRCA_LumB,0.9646033500367628
B4_random_forest,1,0,pr_auc__BRCA_LumB,0.9546796039324568
B4_random_forest,1,1,pr_auc__BRCA_LumB,0.9071331533696916
B4_random_forest,1,2,pr_auc__BRCA_LumB,0.9434221837189367
B4_random_forest,1,3,pr_auc__BRCA_LumB,0.9412229555055588
B4_random_forest,1,4,pr_auc__BRCA_LumB,0.8995787104310559
B4_random_forest,2,0,pr_auc__BRCA_LumB,0.9573220537140531
B4_random_forest,2,1,pr_auc__BRCA_LumB,0.9013150857718143
B4_random_forest,2,2,pr_auc__BRCA_LumB,0.9569902648327434
B4_random_forest,2,3,pr_auc__BRCA_LumB,0.9356940872313946
B4_random_forest,2,4,pr_auc__BRCA_LumB,0.8944218424176593
B4_random_forest,3,0,pr_auc__BRCA_LumB,0.9205675009525777
B4_random_forest,3,1,pr_auc__BRCA_LumB,0.9478233447838278
B4_random_forest,3,2,pr_auc__BRCA_LumB,0.861584776832681
B4_random_forest,3,3,pr_auc__BRCA_LumB,0.9388489833949056
B4_random_forest,3,4,pr_auc__BRCA_LumB,0.9603780063062052
B4_random_forest,4,0,pr_auc__BRCA_LumB,0.9550363128231106
B4_random_forest,4,1,pr_auc__BRCA_LumB,0.9191221826467295
B4_random_forest,4,2,pr_auc__BRCA_LumB,0.8803566660033025
B4_random_forest,4,3,pr_auc__BRCA_LumB,0.921507803387885
B4_random_forest,4,4,pr_auc__BRCA_LumB,0.9599209132372164
B5_xgboost,0,0,pr_auc__BRCA_LumB,0.9557119757991447
B5_xgboost,0,1,pr_auc__BRCA_LumB,0.9454119304089421
B5_xgboost,0,2,pr_auc__BRCA_LumB,0.9348521975203377
B5_xgboost,0,3,pr_auc__BRCA_LumB,0.9441656048708392
B5_xgboost,0,4,pr_auc__BRCA_LumB,0.9604546444822823
B5_xgboost,1,0,pr_auc__BRCA_LumB,0.9517295494204031
B5_xgboost,1,1,pr_auc__BRCA_LumB,0.9340860972818711
B5_xgboost,1,2,pr_auc__BRCA_LumB,0.9540412687011621
B5_xgboost,1,3,pr_auc__BRCA_LumB,0.9536413895582959
B5_xgboost,1,4,pr_auc__BRCA_LumB,0.9381357307362799
B5_xgboost,2,0,pr_auc__BRCA_LumB,0.9572298489029143
B5_xgboost,2,1,pr_auc__BRCA_LumB,0.9028815006924565
B5_xgboost,2,2,pr_auc__BRCA_LumB,0.9845806605005135
B5_xgboost,2,3,pr_auc__BRCA_LumB,0.9555496692980946
B5_xgboost,2,4,pr_auc__BRCA_LumB,0.9167492242457513
B5_xgboost,3,0,pr_auc__BRCA_LumB,0.9314554681487909
B5_xgboost,3,1,pr_auc__BRCA_LumB,0.9701081093215396
B5_xgboost,3,2,pr_auc__BRCA_LumB,0.8944166911650672
B5_xgboost,3,3,pr_auc__BRCA_LumB,0.9713205090801406
B5_xgboost,3,4,pr_auc__BRCA_LumB,0.9931234024188794
B5_xgboost,4,0,pr_auc__BRCA_LumB,0.9660210567834502
B5_xgboost,4,1,pr_auc__BRCA_LumB,0.9362993517808819
B5_xgboost,4,2,pr_auc__BRCA_LumB,0.9284485322488621
B5_xgboost,4,3,pr_auc__BRCA_LumB,0.9623407651081423
B5_xgboost,4,4,pr_auc__BRCA_LumB,0.9901101326126154
B2_elasticnet_logreg__LATE,0,0,pr_auc__BRCA_LumB,0.7897784495289955
B2_elasticnet_logreg__LATE,0,1,pr_auc__BRCA_LumB,0.7744249938693858
B2_elasticnet_logreg__LATE,0,2,pr_auc__BRCA_LumB,0.8451440367953341
B2_elasticnet_logreg__LATE,0,3,pr_auc__BRCA_LumB,0.7758089937706352
B2_elasticnet_logreg__LATE,0,4,pr_auc__BRCA_LumB,0.8226645259899006
B2_elasticnet_logreg__LATE,1,0,pr_auc__BRCA_LumB,0.8043047395927675
B2_elasticnet_logreg__LATE,1,1,pr_auc__BRCA_LumB,0.8364733990130414
B2_elasticnet_logreg__LATE,1,2,pr_auc__BRCA_LumB,0.8232775881346701
B2_elasticnet_logreg__LATE,1,3,pr_auc__BRCA_LumB,0.681385143429458
B2_elasticnet_logreg__LATE,1,4,pr_auc__BRCA_LumB,0.7681685105930509
B2_elasticnet_logreg__LATE,2,0,pr_auc__BRCA_LumB,0.784913879478779
B2_elasticnet_logreg__LATE,2,1,pr_auc__BRCA_LumB,0.7078217101316504
B2_elasticnet_logreg__LATE,2,2,pr_auc__BRCA_LumB,0.8592544532035429
B2_elasticnet_logreg__LATE,2,3,pr_auc__BRCA_LumB,0.8220015369786675
B2_elasticnet_logreg__LATE,2,4,pr_auc__BRCA_LumB,0.7399325174331334
B2_elasticnet_logreg__LATE,3,0,pr_auc__BRCA_LumB,0.7116772338350327
B2_elasticnet_logreg__LATE,3,1,pr_auc__BRCA_LumB,0.816938711644105
B2_elasticnet_logreg__LATE,3,2,pr_auc__BRCA_LumB,0.7977041989475064
B2_elasticnet_logreg__LATE,3,3,pr_auc__BRCA_LumB,0.757983919807065
B2_elasticnet_logreg__LATE,3,4,pr_auc__BRCA_LumB,0.9283126979225624
B2_elasticnet_logreg__LATE,4,0,pr_auc__BRCA_LumB,0.8075280131836717
B2_elasticnet_logreg__LATE,4,1,pr_auc__BRCA_LumB,0.8143937283655375
B2_elasticnet_logreg__LATE,4,2,pr_auc__BRCA_LumB,0.700276163526558
B2_elasticnet_logreg__LATE,4,3,pr_auc__BRCA_LumB,0.7624264906118028
B2_elasticnet_logreg__LATE,4,4,pr_auc__BRCA_LumB,0.8523349515751595
B3_linear_svm__LATE,0,0,pr_auc__BRCA_LumB,0.824369115533033
B3_linear_svm__LATE,0,1,pr_auc__BRCA_LumB,0.870680719815976
B3_linear_svm__LATE,0,2,pr_auc__BRCA_LumB,0.9425078329603543
B3_linear_svm__LATE,0,3,pr_auc__BRCA_LumB,0.8264390735212711
B3_linear_svm__LATE,0,4,pr_auc__BRCA_LumB,0.8685884220555564
B3_linear_svm__LATE,1,0,pr_auc__BRCA_LumB,0.8887964232283574
B3_linear_svm__LATE,1,1,pr_auc__BRCA_LumB,0.8464153870441303
B3_linear_svm__LATE,1,2,pr_auc__BRCA_LumB,0.9144329348925025
B3_linear_svm__LATE,1,3,pr_auc__BRCA_LumB,0.7716935134006854
B3_linear_svm__LATE,1,4,pr_auc__BRCA_LumB,0.881933750344293
B3_linear_svm__LATE,2,0,pr_auc__BRCA_LumB,0.8362295966229562
B3_linear_svm__LATE,2,1,pr_auc__BRCA_LumB,0.8049129041411807
B3_linear_svm__LATE,2,2,pr_auc__BRCA_LumB,0.8909303526912111
B3_linear_svm__LATE,2,3,pr_auc__BRCA_LumB,0.9323260333866726
B3_linear_svm__LATE,2,4,pr_auc__BRCA_LumB,0.8386031057066943
B3_linear_svm__LATE,3,0,pr_auc__BRCA_LumB,0.7661860868801292
B3_linear_svm__LATE,3,1,pr_auc__BRCA_LumB,0.8709096279648733
B3_linear_svm__LATE,3,2,pr_auc__BRCA_LumB,0.8796476706966246
B3_linear_svm__LATE,3,3,pr_auc__BRCA_LumB,0.8504040080999969
B3_linear_svm__LATE,3,4,pr_auc__BRCA_LumB,0.9522056320336668
B3_linear_svm__LATE,4,0,pr_auc__BRCA_LumB,0.8867010030757423
B3_linear_svm__LATE,4,1,pr_auc__BRCA_LumB,0.9001146616763659
B3_linear_svm__LATE,4,2,pr_auc__BRCA_LumB,0.8021372781323547
B3_linear_svm__LATE,4,3,pr_auc__BRCA_LumB,0.8522389985918924
B3_linear_svm__LATE,4,4,pr_auc__BRCA_LumB,0.9316420294005684
B4_random_forest__LATE,0,0,pr_auc__BRCA_LumB,0.8714089225468126
B4_random_forest__LATE,0,1,pr_auc__BRCA_LumB,0.7627308383722919
B4_random_forest__LATE,0,2,pr_auc__BRCA_LumB,0.8429108537512716
B4_random_forest__LATE,0,3,pr_auc__BRCA_LumB,0.8467515927488676
B4_random_forest__LATE,0,4,pr_auc__BRCA_LumB,0.9302489754241973
B4_random_forest__LATE,1,0,pr_auc__BRCA_LumB,0.8864171285720901
B4_random_forest__LATE,1,1,pr_auc__BRCA_LumB,0.8929540211989118
B4_random_forest__LATE,1,2,pr_auc__BRCA_LumB,0.8474709841585596
B4_random_forest__LATE,1,3,pr_auc__BRCA_LumB,0.8779824901831179
B4_random_forest__LATE,1,4,pr_auc__BRCA_LumB,0.7905659425347759
B4_random_forest__LATE,2,0,pr_auc__BRCA_LumB,0.8667020961811853
B4_random_forest__LATE,2,1,pr_auc__BRCA_LumB,0.7773673663095666
B4_random_forest__LATE,2,2,pr_auc__BRCA_LumB,0.858321476475495
B4_random_forest__LATE,2,3,pr_auc__BRCA_LumB,0.8752927478731948
B4_random_forest__LATE,2,4,pr_auc__BRCA_LumB,0.8115713183538278
B4_random_forest__LATE,3,0,pr_auc__BRCA_LumB,0.7651200970844364
B4_random_forest__LATE,3,1,pr_auc__BRCA_LumB,0.897868160593868
B4_random_forest__LATE,3,2,pr_auc__BRCA_LumB,0.8157499453386212
B4_random_forest__LATE,3,3,pr_auc__BRCA_LumB,0.8680268663168798
B4_random_forest__LATE,3,4,pr_auc__BRCA_LumB,0.9098009781185535
B4_random_forest__LATE,4,0,pr_auc__BRCA_LumB,0.9109751607283723
B4_random_forest__LATE,4,1,pr_auc__BRCA_LumB,0.8316936446297126
B4_random_forest__LATE,4,2,pr_auc__BRCA_LumB,0.7516886937570624
B4_random_forest__LATE,4,3,pr_auc__BRCA_LumB,0.8409197252253773
B4_random_forest__LATE,4,4,pr_auc__BRCA_LumB,0.9427436858952585
B5_xgboost__LATE,0,0,pr_auc__BRCA_LumB,0.8370106827730986
B5_xgboost__LATE,0,1,pr_auc__BRCA_LumB,0.7792338627938857
B5_xgboost__LATE,0,2,pr_auc__BRCA_LumB,0.8582497173961345
B5_xgboost__LATE,0,3,pr_auc__BRCA_LumB,0.8432118956520632
B5_xgboost__LATE,0,4,pr_auc__BRCA_LumB,0.8629599489964769
B5_xgboost__LATE,1,0,pr_auc__BRCA_LumB,0.9206640756880852
B5_xgboost__LATE,1,1,pr_auc__BRCA_LumB,0.9311374811479767
B5_xgboost__LATE,1,2,pr_auc__BRCA_LumB,0.8367390963465481
B5_xgboost__LATE,1,3,pr_auc__BRCA_LumB,0.8064933167342528
B5_xgboost__LATE,1,4,pr_auc__BRCA_LumB,0.8676124617967329
B5_xgboost__LATE,2,0,pr_auc__BRCA_LumB,0.8279093272140468
B5_xgboost__LATE,2,1,pr_auc__BRCA_LumB,0.7371467034192077
B5_xgboost__LATE,2,2,pr_auc__BRCA_LumB,0.8664484426339554
B5_xgboost__LATE,2,3,pr_auc__BRCA_LumB,0.9444254772001383
B5_xgboost__LATE,2,4,pr_auc__BRCA_LumB,0.7463810430815507
B5_xgboost__LATE,3,0,pr_auc__BRCA_LumB,0.7671618777177099
B5_xgboost__LATE,3,1,pr_auc__BRCA_LumB,0.8911621194858234
B5_xgboost__LATE,3,2,pr_auc__BRCA_LumB,0.8190234333389939
B5_xgboost__LATE,3,3,pr_auc__BRCA_LumB,0.9300226773707001
B5_xgboost__LATE,3,4,pr_auc__BRCA_LumB,0.9145452971667023
B5_xgboost__LATE,4,0,pr_auc__BRCA_LumB,0.8932614362140716
B5_xgboost__LATE,4,1,pr_auc__BRCA_LumB,0.8485683654707137
B5_xgboost__LATE,4,2,pr_auc__BRCA_LumB,0.8195969645155569
B5_xgboost__LATE,4,3,pr_auc__BRCA_LumB,0.8517381025606626
B5_xgboost__LATE,4,4,pr_auc__BRCA_LumB,0.934844989533782
