gene,arrow,injected_value,mean_pred,sem_pred
ACTR3B,methy->rna,-2.0,0.309782475233078,0.02178339315155067
ACTR3B,methy->rna,-1.5,0.26514479517936707,0.022059261108400185
ACTR3B,methy->rna,-1.0,0.19280913472175598,0.02238020480233332
ACTR3B,methy->rna,-0.5,0.07899513840675354,0.022384700825424916
ACTR3B,methy->rna,0.0,0.027164703235030174,0.02222450902643085
ACTR3B,methy->rna,0.5,-0.03796493634581566,0.022671709679048184
ACTR3B,methy->rna,1.0,-0.10769504308700562,0.02376782180214168
ACTR3B,methy->rna,1.5,-0.1682504266500473,0.024187226876227638
ACTR3B,methy->rna,2.0,-0.21447575092315674,0.02424856065124791
AGR2,methy->rna,-2.0,0.20876553654670715,0.032558242162581685
AGR2,methy->rna,-1.5,0.18600048124790192,0.03241999435607879
AGR2,methy->rna,-1.0,0.1458701193332672,0.03209987446085076
AGR2,methy->rna,-0.5,0.06555093079805374,0.03122877706977918
AGR2,methy->rna,0.0,-0.05029803887009621,0.02885279340767493
AGR2,methy->rna,0.5,-0.11317003518342972,0.02995637202379403
AGR2,methy->rna,1.0,-0.22558732330799103,0.03011959967357171
AGR2,methy->rna,1.5,-0.3025362491607666,0.02994190324177507
AGR2,methy->rna,2.0,-0.3517342507839203,0.029749276003288885
AKT1,methy->rna,-2.0,0.34942469000816345,0.02212113318574892
AKT1,methy->rna,-1.5,0.3147256672382355,0.02224031157778188
AKT1,methy->rna,-1.0,0.24965931475162506,0.02232867379603142
AKT1,methy->rna,-0.5,0.11145041882991791,0.021957966558097546
AKT1,methy->rna,0.0,-0.009680182673037052,0.020993731967393153
AKT1,methy->rna,0.5,-0.0908784493803978,0.021240457500209302
AKT1,methy->rna,1.0,-0.2987954020500183,0.021576063939348578
AKT1,methy->rna,1.5,-0.43591606616973877,0.021556325460850956
AKT1,methy->rna,2.0,-0.5131944417953491,0.021520507652072283
AKT2,methy->rna,-2.0,0.3291507661342621,0.020559707735334134
AKT2,methy->rna,-1.5,0.2952842712402344,0.02070776484864036
AKT2,methy->rna,-1.0,0.23530897498130798,0.020859932238025475
AKT2,methy->rna,-0.5,0.12085246294736862,0.020682292469631835
AKT2,methy->rna,0.0,0.018205059692263603,0.020143667595641502
AKT2,methy->rna,0.5,-0.00419163191691041,0.02025891223988952
AKT2,methy->rna,1.0,-0.0860329270362854,0.02081118209719371
AKT2,methy->rna,1.5,-0.16557514667510986,0.020942510430446083
AKT2,methy->rna,2.0,-0.22697094082832336,0.02091965546478366
ALDH1A3,methy->rna,-2.0,0.1658109873533249,0.022310203706016257
ALDH1A3,methy->rna,-1.5,0.1311493068933487,0.022649223025505236
ALDH1A3,methy->rna,-1.0,0.07477770000696182,0.02312037704205846
ALDH1A3,methy->rna,-0.5,-0.01988801918923855,0.023714989716932523
ALDH1A3,methy->rna,0.0,-0.09118711203336716,0.024662833328639385
ALDH1A3,methy->rna,0.5,-0.14169979095458984,0.0240881073288554
ALDH1A3,methy->rna,1.0,-0.22111719846725464,0.02450319508750536
ALDH1A3,methy->rna,1.5,-0.2826197147369385,0.024727787023366463
ALDH1A3,methy->rna,2.0,-0.32751187682151794,0.02484909247237344
ANLN,methy->rna,-2.0,0.0671704113483429,0.033853438972741304
ANLN,methy->rna,-1.5,0.04807574301958084,0.03371488387624524
ANLN,methy->rna,-1.0,0.017267810180783272,0.033431056890636385
ANLN,methy->rna,-0.5,-0.03421701490879059,0.03273928391451676
ANLN,methy->rna,0.0,-0.07519154995679855,0.031430280848280916
ANLN,methy->rna,0.5,-0.09426484256982803,0.03195077561267406
ANLN,methy->rna,1.0,-0.13453041017055511,0.03237999653164831
ANLN,methy->rna,1.5,-0.17132313549518585,0.03277263686526509
ANLN,methy->rna,2.0,-0.20019584894180298,0.03302792075129535
AP2B1,methy->rna,-2.0,0.22180216014385223,0.03197746407548535
AP2B1,methy->rna,-1.5,0.19183394312858582,0.03213301819288033
AP2B1,methy->rna,-1.0,0.1436828374862671,0.032243073777030874
AP2B1,methy->rna,-0.5,0.0682045966386795,0.031960678632028505
AP2B1,methy->rna,0.0,0.027879059314727783,0.031172250966566988
AP2B1,methy->rna,0.5,-0.005596316419541836,0.031220900856762684
AP2B1,methy->rna,1.0,-0.03007059544324875,0.03191488370559916
AP2B1,methy->rna,1.5,-0.054610125720500946,0.03221064051690041
AP2B1,methy->rna,2.0,-0.07765591144561768,0.03231476605799121
APC,methy->rna,-2.0,0.10356015712022781,0.03424302384131959
APC,methy->rna,-1.5,0.0835835337638855,0.034296463968430134
APC,methy->rna,-1.0,0.050548236817121506,0.03431995312833378
APC,methy->rna,-0.5,-0.006913511548191309,0.034187057834052396
APC,methy->rna,0.0,-0.05577848479151726,0.033166970562886804
APC,methy->rna,0.5,-0.05675511062145233,0.03367722886559249
APC,methy->rna,1.0,-0.06908626109361649,0.03396988444526051
APC,methy->rna,1.5,-0.07962299138307571,0.034125748032010315
APC,methy->rna,2.0,-0.08918555825948715,0.03422011439161582
AR,methy->rna,-2.0,0.26435235142707825,0.03333933627607848
AR,methy->rna,-1.5,0.24197253584861755,0.03324972528360136
AR,methy->rna,-1.0,0.20229710638523102,0.032994563441823714
AR,methy->rna,-0.5,0.12003625184297562,0.03218224125519095
AR,methy->rna,0.0,0.013781639747321606,0.029620765584654755
AR,methy->rna,0.5,-0.029407965019345284,0.03054519195539254
AR,methy->rna,1.0,-0.14740611612796783,0.03016585880403329
AR,methy->rna,1.5,-0.23385806381702423,0.02976439423508065
AR,methy->rna,2.0,-0.29063040018081665,0.02948414576130718
ARID1A,methy->rna,-2.0,0.19098778069019318,0.029728792183105694
ARID1A,methy->rna,-1.5,0.16618093848228455,0.02980640796904081
ARID1A,methy->rna,-1.0,0.12559089064598083,0.029837788597492535
ARID1A,methy->rna,-0.5,0.059788577258586884,0.029580057288325166
ARID1A,methy->rna,0.0,0.03459065407514572,0.029062622347693825
ARID1A,methy->rna,0.5,0.01172418612986803,0.029505194036158682
ARID1A,methy->rna,1.0,-0.012850929982960224,0.030277385457300084
ARID1A,methy->rna,1.5,-0.03716839477419853,0.030634295156604343
ARID1A,methy->rna,2.0,-0.05992894619703293,0.030784884688152176
ARID1B,methy->rna,-2.0,0.1765323132276535,0.029646482052168497
ARID1B,methy->rna,-1.5,0.15150707960128784,0.029671429205018477
ARID1B,methy->rna,-1.0,0.11095277220010757,0.029621399778895982
ARID1B,methy->rna,-0.5,0.044161710888147354,0.029249720545664555
ARID1B,methy->rna,0.0,0.013540339656174183,0.028734767897956783
ARID1B,methy->rna,0.5,-0.028219856321811676,0.028864945528256
ARID1B,methy->rna,1.0,-0.07124964892864227,0.029437960729141826
ARID1B,methy->rna,1.5,-0.10485709458589554,0.029719845903517228
ARID1B,methy->rna,2.0,-0.1307794749736786,0.02983928581894863
ASPM,methy->rna,-2.0,0.06342221796512604,0.03601892463079897
ASPM,methy->rna,-1.5,0.046961862593889236,0.03597072804782724
ASPM,methy->rna,-1.0,0.020280132070183754,0.03586163356216599
ASPM,methy->rna,-0.5,-0.02203190140426159,0.03554598353768971
ASPM,methy->rna,0.0,-0.04835202172398567,0.035199229663691725
ASPM,methy->rna,0.5,-0.0807216465473175,0.034973827005295444
ASPM,methy->rna,1.0,-0.09823918342590332,0.03535076939692057
ASPM,methy->rna,1.5,-0.11506622284650803,0.035659428029211765
ASPM,methy->rna,2.0,-0.1291837841272354,0.035864152904237674
ATM,methy->rna,-2.0,0.15100619196891785,0.030123176006045443
ATM,methy->rna,-1.5,0.12791265547275543,0.030149110409724553
ATM,methy->rna,-1.0,0.09060558676719666,0.030149528847162065
ATM,methy->rna,-0.5,0.0279068723320961,0.030037418124972078
ATM,methy->rna,0.0,-0.011428643949329853,0.02981303976655304
ATM,methy->rna,0.5,-0.03332893177866936,0.029918719192502937
ATM,methy->rna,1.0,-0.05413099750876427,0.03041420142319649
ATM,methy->rna,1.5,-0.07145769149065018,0.030766641251748997
ATM,methy->rna,2.0,-0.0870017409324646,0.030996600955363177
AURKA,methy->rna,-2.0,0.06863958388566971,0.037054949573738116
AURKA,methy->rna,-1.5,0.05289769917726517,0.036996900096729984
AURKA,methy->rna,-1.0,0.026486853137612343,0.03681097003660564
AURKA,methy->rna,-0.5,-0.019797174260020256,0.03619999907315886
AURKA,methy->rna,0.0,-0.04785758629441261,0.035644750028474045
AURKA,methy->rna,0.5,-0.05978894233703613,0.03500971237428538
AURKA,methy->rna,1.0,-0.0767909586429596,0.03540480666912423
AURKA,methy->rna,1.5,-0.1004626601934433,0.03561854102522657
AURKA,methy->rna,2.0,-0.12135674804449081,0.03569312096037807
AURKB,methy->rna,-2.0,0.06881335377693176,0.03357877402352463
AURKB,methy->rna,-1.5,0.05974417179822922,0.033517771511475725
AURKB,methy->rna,-1.0,0.04483087733387947,0.033364239841695384
AURKB,methy->rna,-0.5,0.020387956872582436,0.032856971623178584
AURKB,methy->rna,0.0,-0.015599934384226799,0.03172780076316001
AURKB,methy->rna,0.5,-0.05443790182471275,0.031393406049100195
AURKB,methy->rna,1.0,-0.08425884693861008,0.03136489128122309
AURKB,methy->rna,1.5,-0.11063597351312637,0.03153234907197062
AURKB,methy->rna,2.0,-0.13022635877132416,0.03167146644377334
AZGP1,methy->rna,-2.0,0.3606218993663788,0.026299793274609996
AZGP1,methy->rna,-1.5,0.3264545202255249,0.02635133953644347
AZGP1,methy->rna,-1.0,0.2668604254722595,0.026257265211299563
AZGP1,methy->rna,-0.5,0.1571311205625534,0.025584461399013807
AZGP1,methy->rna,0.0,0.0285243708640337,0.024100952486442347
AZGP1,methy->rna,0.5,-0.01419403962790966,0.02489574606729434
AZGP1,methy->rna,1.0,-0.12016420066356659,0.025372954350521563
AZGP1,methy->rna,1.5,-0.20705044269561768,0.025588083498082267
AZGP1,methy->rna,2.0,-0.27109095454216003,0.02566801376609362
BAG1,methy->rna,-2.0,0.24384716153144836,0.020624628739636407
BAG1,methy->rna,-1.5,0.2151695340871811,0.02058995509572593
BAG1,methy->rna,-1.0,0.16790542006492615,0.020474034849365264
BAG1,methy->rna,-0.5,0.09181232005357742,0.020109205349811435
BAG1,methy->rna,0.0,0.04983390122652054,0.01919921289130615
BAG1,methy->rna,0.5,-0.01580634154379368,0.019125495983369517
BAG1,methy->rna,1.0,-0.08794701099395752,0.019573764523197167
BAG1,methy->rna,1.5,-0.1467507928609848,0.019751864136899742
BAG1,methy->rna,2.0,-0.19022512435913086,0.01980368935702489
BBC3,methy->rna,-2.0,0.3054876923561096,0.027036628911643313
BBC3,methy->rna,-1.5,0.27534162998199463,0.027291245913007533
BBC3,methy->rna,-1.0,0.2233690321445465,0.027587750245356
BBC3,methy->rna,-0.5,0.1321108043193817,0.027638773460392584
BBC3,methy->rna,0.0,0.05644731968641281,0.026691441998674344
BBC3,methy->rna,0.5,0.04417072981595993,0.02831431237155374
BBC3,methy->rna,1.0,-0.007408662233501673,0.028601412758366463
BBC3,methy->rna,1.5,-0.056248292326927185,0.028644936789952644
BBC3,methy->rna,2.0,-0.0968104898929596,0.028618736504151778
BCL2,methy->rna,-2.0,0.1650063395500183,0.03085217029984872
BCL2,methy->rna,-1.5,0.14672668278217316,0.030733802630350943
BCL2,methy->rna,-1.0,0.11725956201553345,0.030497738534744728
BCL2,methy->rna,-0.5,0.06778911501169205,0.02993697134635273
BCL2,methy->rna,0.0,0.026097042486071587,0.02819309627637457
BCL2,methy->rna,0.5,-0.020243991166353226,0.028586331575722813
BCL2,methy->rna,1.0,-0.06031179055571556,0.028705065377978414
BCL2,methy->rna,1.5,-0.08842791616916656,0.028692603788042517
BCL2,methy->rna,2.0,-0.10869554430246353,0.028652017535965538
BIRC5,methy->rna,-2.0,0.10725411027669907,0.036198558515105755
BIRC5,methy->rna,-1.5,0.09383398294448853,0.03620345989946494
BIRC5,methy->rna,-1.0,0.07096024602651596,0.03617723128196258
BIRC5,methy->rna,-0.5,0.029414907097816467,0.03601247589966565
BIRC5,methy->rna,0.0,0.010733604431152344,0.03610561745802177
BIRC5,methy->rna,0.5,-0.0357871949672699,0.03512236793688879
BIRC5,methy->rna,1.0,-0.07508175075054169,0.03548445144075895
BIRC5,methy->rna,1.5,-0.10945829004049301,0.03566704489819147
BIRC5,methy->rna,2.0,-0.13601750135421753,0.035727071056219514
BLVRA,methy->rna,-2.0,0.2672840356826782,0.02484577766329815
BLVRA,methy->rna,-1.5,0.23770537972450256,0.024755002891697953
BLVRA,methy->rna,-1.0,0.18701305985450745,0.024422661136315933
BLVRA,methy->rna,-0.5,0.09136070311069489,0.023297018662814705
BLVRA,methy->rna,0.0,-0.022036289796233177,0.020853487865615465
BLVRA,methy->rna,0.5,-0.07341810315847397,0.022168503790653892
BLVRA,methy->rna,1.0,-0.21520911157131195,0.022476257987858794
BLVRA,methy->rna,1.5,-0.33142635226249695,0.022317205995009616
BLVRA,methy->rna,2.0,-0.4098477363586426,0.022177724669810727
BRCA1,methy->rna,-2.0,0.2299218475818634,0.030777466141082958
BRCA1,methy->rna,-1.5,0.20080794394016266,0.030824411770465455
BRCA1,methy->rna,-1.0,0.15163110196590424,0.0307874258238404
BRCA1,methy->rna,-0.5,0.06528550386428833,0.030296847156867684
BRCA1,methy->rna,0.0,0.007069399114698172,0.030051320272961073
BRCA1,methy->rna,0.5,-0.018904753029346466,0.029529304314133642
BRCA1,methy->rna,1.0,-0.0736067071557045,0.029980379871771264
BRCA1,methy->rna,1.5,-0.11879860609769821,0.030100194637407103
BRCA1,methy->rna,2.0,-0.15229947865009308,0.030038233206230565
BRCA2,methy->rna,-2.0,0.19913583993911743,0.02996328495895959
BRCA2,methy->rna,-1.5,0.17412959039211273,0.02990162210032961
BRCA2,methy->rna,-1.0,0.13296888768672943,0.029748157990760533
BRCA2,methy->rna,-0.5,0.0634436383843422,0.02932974016750371
BRCA2,methy->rna,0.0,0.028648564592003822,0.03035385489900535
BRCA2,methy->rna,0.5,0.012692716903984547,0.02890790074645056
BRCA2,methy->rna,1.0,-0.004722120705991983,0.02853047671589996
BRCA2,methy->rna,1.5,-0.01652866043150425,0.02840798133543006
BRCA2,methy->rna,2.0,-0.025789964944124222,0.028358370346745078
BRD4,methy->rna,-2.0,0.312730997800827,0.02234010236854346
BRD4,methy->rna,-1.5,0.2778450846672058,0.02238173907293753
BRD4,methy->rna,-1.0,0.21793149411678314,0.022408150756818804
BRD4,methy->rna,-0.5,0.10758604854345322,0.022267917551849384
BRD4,methy->rna,0.0,0.00338308559730649,0.022014902381300636
BRD4,methy->rna,0.5,-0.012527761980891228,0.02231670256246761
BRD4,methy->rna,1.0,-0.09324700385332108,0.02272879587820538
BRD4,methy->rna,1.5,-0.16170263290405273,0.022982020267472883
BRD4,methy->rna,2.0,-0.21230027079582214,0.023079468244456728
BUB1,methy->rna,-2.0,0.06926698982715607,0.03814201952533039
BUB1,methy->rna,-1.5,0.052665650844573975,0.03801841920850206
BUB1,methy->rna,-1.0,0.025851167738437653,0.03776542147284654
BUB1,methy->rna,-0.5,-0.01816542260348797,0.0371461820112856
BUB1,methy->rna,0.0,-0.05460219457745552,0.03678027154835153
BUB1,methy->rna,0.5,-0.071404367685318,0.036391652136985836
BUB1,methy->rna,1.0,-0.09271597117185593,0.03655596728822871
BUB1,methy->rna,1.5,-0.10860846936702728,0.03673386422129749
BUB1,methy->rna,2.0,-0.12060375511646271,0.0368557472011427
BUB1B,methy->rna,-2.0,0.029714828357100487,0.03546238322465351
BUB1B,methy->rna,-1.5,0.019251691177487373,0.03540379544531691
BUB1B,methy->rna,-1.0,0.0039439075626432896,0.03528038037422915
BUB1B,methy->rna,-0.5,-0.018100468441843987,0.03496153540556853
BUB1B,methy->rna,0.0,-0.048697665333747864,0.03468342488557735
BUB1B,methy->rna,0.5,-0.05868345499038696,0.03462021468017324
BUB1B,methy->rna,1.0,-0.08364029973745346,0.03451143402259012
BUB1B,methy->rna,1.5,-0.10619107633829117,0.03431538736566927
BUB1B,methy->rna,2.0,-0.12270955741405487,0.0341338552573621
CA12,methy->rna,-2.0,0.2076573520898819,0.030446992098638163
CA12,methy->rna,-1.5,0.18756958842277527,0.030311969747382757
CA12,methy->rna,-1.0,0.1533336192369461,0.030009687927290314
CA12,methy->rna,-0.5,0.08882055431604385,0.02929374365106943
CA12,methy->rna,0.0,-0.005501692183315754,0.027683286922169547
CA12,methy->rna,0.5,-0.028486985713243484,0.028751919474171456
CA12,methy->rna,1.0,-0.11267612129449844,0.028905111163533816
CA12,methy->rna,1.5,-0.17482775449752808,0.02877076441439106
CA12,methy->rna,2.0,-0.21680307388305664,0.028613719613624945
CBFB,methy->rna,-2.0,0.17852455377578735,0.0253055706675506
CBFB,methy->rna,-1.5,0.15020142495632172,0.025249578507943564
CBFB,methy->rna,-1.0,0.10497535020112991,0.025010931868777706
CBFB,methy->rna,-0.5,0.03194483742117882,0.024073570986625173
CBFB,methy->rna,0.0,0.003337153699249029,0.024173407543981482
CBFB,methy->rna,0.5,-0.041445303708314896,0.024063478362806857
CBFB,methy->rna,1.0,-0.10959910601377487,0.02450868054078774
CBFB,methy->rna,1.5,-0.17714299261569977,0.024704424266438724
CBFB,methy->rna,2.0,-0.2313099056482315,0.024768584673523854
CCNB1,methy->rna,-2.0,0.07400918751955032,0.03504609463773236
CCNB1,methy->rna,-1.5,0.05733330547809601,0.034969150095186585
CCNB1,methy->rna,-1.0,0.03113570623099804,0.03479383134695414
CCNB1,methy->rna,-0.5,-0.009305374696850777,0.03439838835425069
CCNB1,methy->rna,0.0,-0.03066716156899929,0.034644416491337655
CCNB1,methy->rna,0.5,-0.03199143707752228,0.033942829849691394
CCNB1,methy->rna,1.0,-0.04600168764591217,0.0345218579093798
CCNB1,methy->rna,1.5,-0.06238371133804321,0.03486046750887788
CCNB1,methy->rna,2.0,-0.0762907937169075,0.03500437511759545
CCNB2,methy->rna,-2.0,0.0462169274687767,0.037718216499427255
CCNB2,methy->rna,-1.5,0.03219662234187126,0.03753981831317812
CCNB2,methy->rna,-1.0,0.011153874918818474,0.03722456929124612
CCNB2,methy->rna,-0.5,-0.017977340146899223,0.036683486097310404
CCNB2,methy->rna,0.0,-0.029306866228580475,0.03701823168859646
CCNB2,methy->rna,0.5,-0.03924732282757759,0.03573875025532173
CCNB2,methy->rna,1.0,-0.0497668981552124,0.035960713881028464
CCNB2,methy->rna,1.5,-0.06072236970067024,0.03619631595196409
CCNB2,methy->rna,2.0,-0.06996621191501617,0.036339632953673505
CCND1,methy->rna,-2.0,0.18456284701824188,0.0291694655527668
CCND1,methy->rna,-1.5,0.1597421020269394,0.02910995372408903
CCND1,methy->rna,-1.0,0.11853182315826416,0.02892600688306956
CCND1,methy->rna,-0.5,0.04601036012172699,0.028324326538352526
CCND1,methy->rna,0.0,-0.021209772676229477,0.026643391432933414
CCND1,methy->rna,0.5,-0.09028340876102448,0.02672598052216229
CCND1,methy->rna,1.0,-0.1668442040681839,0.026795458571682463
CCND1,methy->rna,1.5,-0.2154330462217331,0.026721767816085675
CCND1,methy->rna,2.0,-0.24595585465431213,0.02663219387275667
CCNE2,methy->rna,-2.0,0.052206672728061676,0.03484357091797669
CCNE2,methy->rna,-1.5,0.038824569433927536,0.03479206388465299
CCNE2,methy->rna,-1.0,0.01867196336388588,0.0346955312395637
CCNE2,methy->rna,-0.5,-0.010173909366130829,0.03450058080155466
CCNE2,methy->rna,0.0,-0.024747507646679878,0.035041167101033326
CCNE2,methy->rna,0.5,-0.04544942453503609,0.03438369291861975
CCNE2,methy->rna,1.0,-0.05995142459869385,0.03472738261013262
CCNE2,methy->rna,1.5,-0.07252099364995956,0.03481300755014511
CCNE2,methy->rna,2.0,-0.0824858620762825,0.03480912828640151
CD44,methy->rna,-2.0,0.2246638387441635,0.01998986350565445
CD44,methy->rna,-1.5,0.19414909183979034,0.019932291308848476
CD44,methy->rna,-1.0,0.14248843491077423,0.019757223187206206
CD44,methy->rna,-0.5,0.04993226006627083,0.019207762527073645
CD44,methy->rna,0.0,-0.002418125281110406,0.018939108257297898
CD44,methy->rna,0.5,-0.07973859459161758,0.01870352580061715
CD44,methy->rna,1.0,-0.1491410881280899,0.019339579037336446
CD44,methy->rna,1.5,-0.20086531341075897,0.01974129859160257
CD44,methy->rna,2.0,-0.23703084886074066,0.019945766301953344
CDC20,methy->rna,-2.0,0.09075997769832611,0.03740792334589578
CDC20,methy->rna,-1.5,0.0741983950138092,0.03710830906446748
CDC20,methy->rna,-1.0,0.04782053455710411,0.0365606049698278
CDC20,methy->rna,-0.5,0.006603481248021126,0.035487371785374915
CDC20,methy->rna,0.0,-0.02091151289641857,0.03581135786817662
CDC20,methy->rna,0.5,-0.04226359352469444,0.034721677041323215
CDC20,methy->rna,1.0,-0.067202128469944,0.03491329959408704
CDC20,methy->rna,1.5,-0.08634497970342636,0.035105209822589155
CDC20,methy->rna,2.0,-0.10018094629049301,0.03521677352500406
CDC6,methy->rna,-2.0,0.08569105714559555,0.03349928616592898
CDC6,methy->rna,-1.5,0.061049431562423706,0.03335721793844714
CDC6,methy->rna,-1.0,0.020167147740721703,0.03305589939620564
CDC6,methy->rna,-0.5,-0.04911743849515915,0.0323379239549235
CDC6,methy->rna,0.0,-0.09213948249816895,0.03241466799619713
CDC6,methy->rna,0.5,-0.11060392111539841,0.03172116460692447
CDC6,methy->rna,1.0,-0.13042376935482025,0.03213951051124672
CDC6,methy->rna,1.5,-0.14954063296318054,0.032323147882911366
CDC6,methy->rna,2.0,-0.16447342932224274,0.03235874993488632
CDCA7,methy->rna,-2.0,0.27823343873023987,0.029427735164262635
CDCA7,methy->rna,-1.5,0.24643492698669434,0.029252165789440013
CDCA7,methy->rna,-1.0,0.19176240265369415,0.028827262185901755
CDCA7,methy->rna,-0.5,0.0948747918009758,0.02752693297904766
CDCA7,methy->rna,0.0,0.028265319764614105,0.027419279051439503
CDCA7,methy->rna,0.5,-0.009644054807722569,0.026221120498272837
CDCA7,methy->rna,1.0,-0.07186318188905716,0.026127052711213888
CDCA7,methy->rna,1.5,-0.12171495705842972,0.026247734862787902
CDCA7,methy->rna,2.0,-0.15887482464313507,0.026339414069474387
CDH1,methy->rna,-2.0,0.29816141724586487,0.018093830853418612
CDH1,methy->rna,-1.5,0.2671961188316345,0.017877340694505164
CDH1,methy->rna,-1.0,0.21405480802059174,0.017431067360271484
CDH1,methy->rna,-0.5,0.11578603833913803,0.016300923415274525
CDH1,methy->rna,0.0,0.018504226580262184,0.014719633083386198
CDH1,methy->rna,0.5,-0.03962715342640877,0.01526360937991721
CDH1,methy->rna,1.0,-0.1186436340212822,0.015859307376894817
CDH1,methy->rna,1.5,-0.17633773386478424,0.01631704960183113
CDH1,methy->rna,2.0,-0.21601556241512299,0.016607122637939505
CDH3,methy->rna,-2.0,0.1987302601337433,0.02790827332248997
CDH3,methy->rna,-1.5,0.1662275195121765,0.028212113386164816
CDH3,methy->rna,-1.0,0.11404704302549362,0.02860123405071086
CDH3,methy->rna,-0.5,0.03001130372285843,0.028887305778823032
CDH3,methy->rna,0.0,-0.01577039621770382,0.02800175486126407
CDH3,methy->rna,0.5,-0.04303344339132309,0.027695480450622038
CDH3,methy->rna,1.0,-0.08973245322704315,0.028475441296058904
CDH3,methy->rna,1.5,-0.12964031100273132,0.02872534651752781
CDH3,methy->rna,2.0,-0.16027620434761047,0.028752969926488542
CDK4,methy->rna,-2.0,0.32439664006233215,0.02286013292890437
CDK4,methy->rna,-1.5,0.291119247674942,0.022761824104067307
CDK4,methy->rna,-1.0,0.232504203915596,0.02250521080742829
CDK4,methy->rna,-0.5,0.12012417614459991,0.02174956945868514
CDK4,methy->rna,0.0,0.019090134650468826,0.02148693022707362
CDK4,methy->rna,0.5,0.0034290750045329332,0.022398570282989107
CDK4,methy->rna,1.0,-0.135787233710289,0.02298372234892443
CDK4,methy->rna,1.5,-0.25383850932121277,0.02296948239987911
CDK4,methy->rna,2.0,-0.3280690908432007,0.022779078110279703
CDK6,methy->rna,-2.0,0.17930935323238373,0.023269530374276502
CDK6,methy->rna,-1.5,0.14180953800678253,0.02329758529684467
CDK6,methy->rna,-1.0,0.0793396532535553,0.02324152121830306
CDK6,methy->rna,-0.5,-0.028732439503073692,0.02282946713107506
CDK6,methy->rna,0.0,-0.12730102241039276,0.0228918426409658
CDK6,methy->rna,0.5,-0.17211517691612244,0.022280165564343216
CDK6,methy->rna,1.0,-0.25350692868232727,0.02252941043923105
CDK6,methy->rna,1.5,-0.31185632944107056,0.022737417432907445
CDK6,methy->rna,2.0,-0.3523150384426117,0.022852529136094583
CDKN1B,methy->rna,-2.0,0.45895394682884216,0.023889669912200432
CDKN1B,methy->rna,-1.5,0.41918322443962097,0.023965784117956142
CDKN1B,methy->rna,-1.0,0.3476528227329254,0.023947276978792863
CDKN1B,methy->rna,-0.5,0.20998696982860565,0.023378875486527933
CDKN1B,methy->rna,0.0,0.11797373741865158,0.02172855823298175
CDKN1B,methy->rna,0.5,0.027694515883922577,0.021625849276965856
CDKN1B,methy->rna,1.0,-0.11615435779094696,0.021639518233257906
CDKN1B,methy->rna,1.5,-0.22401446104049683,0.021437347570090137
CDKN1B,methy->rna,2.0,-0.2949613332748413,0.02126232739440425
CDKN2A,methy->rna,-2.0,0.14541099965572357,0.025290234499593466
CDKN2A,methy->rna,-1.5,0.11817490309476852,0.025165760258742
CDKN2A,methy->rna,-1.0,0.07540857791900635,0.024848390717920943
CDKN2A,methy->rna,-0.5,0.012265123426914215,0.023916053264380205
CDKN2A,methy->rna,0.0,-0.028536099940538406,0.02377856169637115
CDKN2A,methy->rna,0.5,-0.06621400266885757,0.022701708592211458
CDKN2A,methy->rna,1.0,-0.10044459253549576,0.022803286459529077
CDKN2A,methy->rna,1.5,-0.12719206511974335,0.023025788387564278
CDKN2A,methy->rna,2.0,-0.1479058861732483,0.02317808217992531
CDKN3,methy->rna,-2.0,0.10001666843891144,0.035642766809369175
CDKN3,methy->rna,-1.5,0.08074434101581573,0.035569307066107676
CDKN3,methy->rna,-1.0,0.04945642873644829,0.03539368756596702
CDKN3,methy->rna,-0.5,-0.002536041894927621,0.03495601072377639
CDKN3,methy->rna,0.0,-0.03964228928089142,0.03510197129117175
CDKN3,methy->rna,0.5,-0.06909164786338806,0.03366054367277171
CDKN3,methy->rna,1.0,-0.10629759728908539,0.03367274155994751
CDKN3,methy->rna,1.5,-0.13387997448444366,0.033701805526961344
CDKN3,methy->rna,2.0,-0.15307044982910156,0.03367428672735998
CENPA,methy->rna,-2.0,0.1650448888540268,0.036566898966283706
CENPA,methy->rna,-1.5,0.14362762868404388,0.03634636282246015
CENPA,methy->rna,-1.0,0.10874596238136292,0.03587985956367594
CENPA,methy->rna,-0.5,0.05141747370362282,0.034723987164676146
CENPA,methy->rna,0.0,0.012884420342743397,0.033954842491126624
CENPA,methy->rna,0.5,-0.01901720091700554,0.033420288664705415
CENPA,methy->rna,1.0,-0.07389134168624878,0.033485044037522005
CENPA,methy->rna,1.5,-0.11512257903814316,0.0336085942290323
CENPA,methy->rna,2.0,-0.14407336711883545,0.03368078558381134
CENPF,methy->rna,-2.0,0.10261762142181396,0.035270034944459
CENPF,methy->rna,-1.5,0.0862252339720726,0.035199186076458645
CENPF,methy->rna,-1.0,0.060328949242830276,0.035045386345194905
CENPF,methy->rna,-0.5,0.020196642726659775,0.034625044145597854
CENPF,methy->rna,0.0,-0.010780058801174164,0.03514300213302609
CENPF,methy->rna,0.5,-0.01684575341641903,0.03451320366425293
CENPF,methy->rna,1.0,-0.02416098117828369,0.03468950094586789
CENPF,methy->rna,1.5,-0.028797738254070282,0.03485073230037077
CENPF,methy->rna,2.0,-0.03255821019411087,0.03496029316942592
CEP55,methy->rna,-2.0,0.10007768869400024,0.035059125041059874
CEP55,methy->rna,-1.5,0.08229105919599533,0.03481601288986557
CEP55,methy->rna,-1.0,0.054030731320381165,0.034334883935023326
CEP55,methy->rna,-0.5,0.009964004158973694,0.03329717870424917
CEP55,methy->rna,0.0,-0.01253669522702694,0.03338452751932974
CEP55,methy->rna,0.5,-0.018438102677464485,0.032736056279907624
CEP55,methy->rna,1.0,-0.05154142528772354,0.033037268033428095
CEP55,methy->rna,1.5,-0.08487770706415176,0.0333240066462063
CEP55,methy->rna,2.0,-0.1108187735080719,0.033475132300720946
CHEK1,methy->rna,-2.0,0.27438366413116455,0.033475378568587816
CHEK1,methy->rna,-1.5,0.24745652079582214,0.03342477814971205
CHEK1,methy->rna,-1.0,0.2010430544614792,0.033279817909315744
CHEK1,methy->rna,-0.5,0.11451199650764465,0.03281772131979532
CHEK1,methy->rna,0.0,0.0569695346057415,0.033436620800938295
CHEK1,methy->rna,0.5,0.03995084390044212,0.03240412206515485
CHEK1,methy->rna,1.0,0.017643477767705917,0.03199579468635468
CHEK1,methy->rna,1.5,-0.004161459859460592,0.031935916724919085
CHEK1,methy->rna,2.0,-0.022526400163769722,0.031928343443172455
CHEK2,methy->rna,-2.0,0.06420379132032394,0.029073728374681113
CHEK2,methy->rna,-1.5,0.04782193899154663,0.02887383514444147
CHEK2,methy->rna,-1.0,0.022868232801556587,0.028477714370263717
CHEK2,methy->rna,-0.5,-0.010123607702553272,0.027605684212404353
CHEK2,methy->rna,0.0,-0.012618971057236195,0.02792533554487684
CHEK2,methy->rna,0.5,-0.044984281063079834,0.027108757064934395
CHEK2,methy->rna,1.0,-0.06839245557785034,0.027304675139517676
CHEK2,methy->rna,1.5,-0.09208999574184418,0.027511021459613944
CHEK2,methy->rna,2.0,-0.11133595556020737,0.02762983371888908
DLGAP5,methy->rna,-2.0,0.06335651874542236,0.03724174266107733
DLGAP5,methy->rna,-1.5,0.046791352331638336,0.03710368445903831
DLGAP5,methy->rna,-1.0,0.020786263048648834,0.03684890400555006
DLGAP5,methy->rna,-0.5,-0.020124292001128197,0.03639306436333743
DLGAP5,methy->rna,0.0,-0.048374731093645096,0.03662531021732636
DLGAP5,methy->rna,0.5,-0.06327629834413528,0.035524281454342096
DLGAP5,methy->rna,1.0,-0.09075674414634705,0.035645809198237746
DLGAP5,methy->rna,1.5,-0.11331170797348022,0.035730799944009003
DLGAP5,methy->rna,2.0,-0.1295020431280136,0.035739382270201306
DNMT1,methy->rna,-2.0,0.15642580389976501,0.02763525379132185
DNMT1,methy->rna,-1.5,0.1376345008611679,0.027585777923059395
DNMT1,methy->rna,-1.0,0.10797702521085739,0.027441057412444996
DNMT1,methy->rna,-0.5,0.06111736595630646,0.02696123607459498
DNMT1,methy->rna,0.0,0.03653283044695854,0.026926451283240165
DNMT1,methy->rna,0.5,0.02153889089822769,0.02736465335158934
DNMT1,methy->rna,1.0,-0.005561170633882284,0.027923807812357593
DNMT1,methy->rna,1.5,-0.03392438217997551,0.028155075132964
DNMT1,methy->rna,2.0,-0.05712078884243965,0.028211049857677806
DNMT3A,methy->rna,-2.0,0.2586686313152313,0.023655068168263852
DNMT3A,methy->rna,-1.5,0.22910238802433014,0.023629249270752387
DNMT3A,methy->rna,-1.0,0.17967142164707184,0.02342916425668722
DNMT3A,methy->rna,-0.5,0.0948481634259224,0.02249946165138581
DNMT3A,methy->rna,0.0,0.04669017717242241,0.021994390229415947
DNMT3A,methy->rna,0.5,0.016236167401075363,0.02278206819446859
DNMT3A,methy->rna,1.0,-0.055251479148864746,0.02368302284019595
DNMT3A,methy->rna,1.5,-0.12768252193927765,0.024188089903442504
DNMT3A,methy->rna,2.0,-0.18605484068393707,0.02440856720450141
DNMT3B,methy->rna,-2.0,0.17288720607757568,0.027048706933928156
DNMT3B,methy->rna,-1.5,0.14950628578662872,0.0268780868894211
DNMT3B,methy->rna,-1.0,0.11281003057956696,0.026424829790768118
DNMT3B,methy->rna,-0.5,0.05746596306562424,0.02508364844971529
DNMT3B,methy->rna,0.0,0.03537091985344887,0.025727152923928607
DNMT3B,methy->rna,0.5,0.0073592038825154305,0.024686252748970117
DNMT3B,methy->rna,1.0,-0.02863825298845768,0.02469968197548026
DNMT3B,methy->rna,1.5,-0.058470435440540314,0.02473595745020621
DNMT3B,methy->rna,2.0,-0.08134176582098007,0.024711936526059054
E2F1,methy->rna,-2.0,0.09812125563621521,0.032748461206440524
E2F1,methy->rna,-1.5,0.07942748814821243,0.03278732358344942
E2F1,methy->rna,-1.0,0.05160921439528465,0.032718168079454
E2F1,methy->rna,-0.5,0.013528609648346901,0.032123784237553576
E2F1,methy->rna,0.0,0.008886768482625484,0.031292800177080124
E2F1,methy->rna,0.5,0.005275355186313391,0.03180673070417231
E2F1,methy->rna,1.0,0.0024699680507183075,0.03282548856472914
E2F1,methy->rna,1.5,-0.011589251458644867,0.03327522381494973
E2F1,methy->rna,2.0,-0.029270829632878304,0.03342891457813079
EGFR,methy->rna,-2.0,0.21740879118442535,0.02839488773061459
EGFR,methy->rna,-1.5,0.18519897758960724,0.028585063187240356
EGFR,methy->rna,-1.0,0.13066543638706207,0.028815702851690495
EGFR,methy->rna,-0.5,0.031745072454214096,0.028998560011883112
EGFR,methy->rna,0.0,-0.05854734033346176,0.029113883113150663
EGFR,methy->rna,0.5,-0.06932119280099869,0.02859402036363709
EGFR,methy->rna,1.0,-0.11324898153543472,0.028933203135250097
EGFR,methy->rna,1.5,-0.149165078997612,0.029188709316169032
EGFR,methy->rna,2.0,-0.17696617543697357,0.029336851424579754
EGLN1,methy->rna,-2.0,0.12365850806236267,0.02135608353274672
EGLN1,methy->rna,-1.5,0.10247804969549179,0.021371831600056405
EGLN1,methy->rna,-1.0,0.0691509023308754,0.02135533383233784
EGLN1,methy->rna,-0.5,0.017248589545488358,0.021170665622610996
EGLN1,methy->rna,0.0,-0.0173089187592268,0.021105422072783975
EGLN1,methy->rna,0.5,-0.048436328768730164,0.021504075265203332
EGLN1,methy->rna,1.0,-0.07619612663984299,0.02225420064960095
EGLN1,methy->rna,1.5,-0.1002805083990097,0.022644230107956593
EGLN1,methy->rna,2.0,-0.1199604719877243,0.022862146659072394
ERBB2,methy->rna,-2.0,0.296494722366333,0.02787809352230944
ERBB2,methy->rna,-1.5,0.26029467582702637,0.027939346660948522
ERBB2,methy->rna,-1.0,0.19829411804676056,0.027881118476284782
ERBB2,methy->rna,-0.5,0.08334580808877945,0.026953381655195018
ERBB2,methy->rna,0.0,-0.03543512150645256,0.02427041528991128
ERBB2,methy->rna,0.5,-0.11134297400712967,0.025071812336574007
ERBB2,methy->rna,1.0,-0.24121512472629547,0.02456700897608755
ERBB2,methy->rna,1.5,-0.3144909143447876,0.023795318808126503
ERBB2,methy->rna,2.0,-0.3572484850883484,0.02319951838115117
ERBB3,methy->rna,-2.0,0.2547599971294403,0.027335066337778616
ERBB3,methy->rna,-1.5,0.2283351868391037,0.02723574846849589
ERBB3,methy->rna,-1.0,0.18356819450855255,0.027021397353045557
ERBB3,methy->rna,-0.5,0.101267971098423,0.026529293132915247
ERBB3,methy->rna,0.0,0.027455559000372887,0.025629855322898867
ERBB3,methy->rna,0.5,-0.026820415630936623,0.026773490606213098
ERBB3,methy->rna,1.0,-0.14167319238185883,0.027603326143095044
ERBB3,methy->rna,1.5,-0.21889756619930267,0.027831119561225443
ERBB3,methy->rna,2.0,-0.26798030734062195,0.027878215566562045
ESM1,methy->rna,-2.0,0.16549620032310486,0.017029709580039874
ESM1,methy->rna,-1.5,0.1278245449066162,0.017081485764527813
ESM1,methy->rna,-1.0,0.06674700975418091,0.017107514970438862
ESM1,methy->rna,-0.5,-0.03458113223314285,0.016985856464843987
ESM1,methy->rna,0.0,-0.12016130238771439,0.016858752824157323
ESM1,methy->rna,0.5,-0.17615388333797455,0.017267270897102185
ESM1,methy->rna,1.0,-0.26923897862434387,0.018017992336912095
ESM1,methy->rna,1.5,-0.3343161344528198,0.01826338192103452
ESM1,methy->rna,2.0,-0.3774845004081726,0.018381658057342844
ESR1,methy->rna,-2.0,0.20842857658863068,0.036840670377222356
ESR1,methy->rna,-1.5,0.18587709963321686,0.03663648162516326
ESR1,methy->rna,-1.0,0.14775504171848297,0.03619687168918578
ESR1,methy->rna,-0.5,0.07611352205276489,0.0351022981954198
ESR1,methy->rna,0.0,-0.01067003421485424,0.033228921097255074
ESR1,methy->rna,0.5,-0.07938499748706818,0.03324344872203869
ESR1,methy->rna,1.0,-0.175981342792511,0.03294702502607141
ESR1,methy->rna,1.5,-0.24044212698936462,0.03266534907041476
ESR1,methy->rna,2.0,-0.2818467617034912,0.03245866276990051
EXO1,methy->rna,-2.0,0.0880642831325531,0.035926944672204274
EXO1,methy->rna,-1.5,0.07145176082849503,0.03577124235821685
EXO1,methy->rna,-1.0,0.04538614675402641,0.03548301742079081
EXO1,methy->rna,-0.5,0.00600338215008378,0.034883311577732036
EXO1,methy->rna,0.0,-0.02602301724255085,0.035369690614798055
EXO1,methy->rna,0.5,-0.03885674476623535,0.034587262731969194
EXO1,methy->rna,1.0,-0.056908611208200455,0.03505644442622581
EXO1,methy->rna,1.5,-0.07177723944187164,0.035408712085207676
EXO1,methy->rna,2.0,-0.08337906002998352,0.03561710700525843
EXT1,methy->rna,-2.0,0.21044962108135223,0.02433555205101727
EXT1,methy->rna,-1.5,0.17195816338062286,0.024371354604264366
EXT1,methy->rna,-1.0,0.11103853583335876,0.02432475767274646
EXT1,methy->rna,-0.5,0.01088051125407219,0.02395605762689565
EXT1,methy->rna,0.0,-0.062424737960100174,0.02344354150551672
EXT1,methy->rna,0.5,-0.11551782488822937,0.023437341221611927
EXT1,methy->rna,1.0,-0.2287301868200302,0.02337204100838191
EXT1,methy->rna,1.5,-0.3123381435871124,0.023226742966929274
EXT1,methy->rna,2.0,-0.3666510283946991,0.023102713315855165
EZH2,methy->rna,-2.0,0.056467026472091675,0.030663646799356466
EZH2,methy->rna,-1.5,0.04496148228645325,0.030497949932825136
EZH2,methy->rna,-1.0,0.02856273204088211,0.030188192902260477
EZH2,methy->rna,-0.5,0.00916512031108141,0.02956112299427776
EZH2,methy->rna,0.0,0.003581074997782707,0.030014667768669033
EZH2,methy->rna,0.5,-0.013861904852092266,0.029264947745539005
EZH2,methy->rna,1.0,-0.03118281625211239,0.029658435850839077
EZH2,methy->rna,1.5,-0.045837774872779846,0.029983716474463087
EZH2,methy->rna,2.0,-0.05690346285700798,0.030172606107713166
F12,methy->rna,-2.0,0.15987347066402435,0.02259989317447358
F12,methy->rna,-1.5,0.1395293027162552,0.022589889904483067
F12,methy->rna,-1.0,0.10862994939088821,0.02244083246417779
F12,methy->rna,-0.5,0.06259799003601074,0.021696534692842183
F12,methy->rna,0.0,0.020492512732744217,0.02012552440987439
F12,methy->rna,0.5,-0.028429372236132622,0.020269185750725092
F12,methy->rna,1.0,-0.11568243056535721,0.01984228149318873
F12,methy->rna,1.5,-0.17832183837890625,0.0193073615340097
F12,methy->rna,2.0,-0.2189432978630066,0.018918739943282352
FGF19,methy->rna,-2.0,0.11797410994768143,0.00928034303955495
FGF19,methy->rna,-1.5,0.09099998325109482,0.009372747973672118
FGF19,methy->rna,-1.0,0.046560510993003845,0.009484283344385525
FGF19,methy->rna,-0.5,-0.02793864719569683,0.00954372870253286
FGF19,methy->rna,0.0,-0.07057708501815796,0.009510090255407895
FGF19,methy->rna,0.5,-0.11278589069843292,0.008864836298627062
FGF19,methy->rna,1.0,-0.16257941722869873,0.008894007054361927
FGF19,methy->rna,1.5,-0.20130307972431183,0.009090117457611149
FGF19,methy->rna,2.0,-0.22922740876674652,0.009281915448988098
FGF3,methy->rna,-2.0,0.10493585467338562,0.009783713469754094
FGF3,methy->rna,-1.5,0.07503145188093185,0.009727171021329497
FGF3,methy->rna,-1.0,0.027186011895537376,0.009581440376588602
FGF3,methy->rna,-0.5,-0.048360273241996765,0.009252374201772103
FGF3,methy->rna,0.0,-0.11550799012184143,0.009378962423427664
FGF3,methy->rna,0.5,-0.14025753736495972,0.008616458809677402
FGF3,methy->rna,1.0,-0.20188963413238525,0.008764143796981259
FGF3,methy->rna,1.5,-0.24733448028564453,0.00897079086898574
FGF3,methy->rna,2.0,-0.27734869718551636,0.009132173689123557
FGF4,methy->rna,-2.0,0.09263166785240173,0.008921552006303127
FGF4,methy->rna,-1.5,0.06530498713254929,0.008849127459827143
FGF4,methy->rna,-1.0,0.021516619250178337,0.008704531172827002
FGF4,methy->rna,-0.5,-0.048482175916433334,0.008457613311344914
FGF4,methy->rna,0.0,-0.11789170652627945,0.008951318272609868
FGF4,methy->rna,0.5,-0.14160819351673126,0.008062526099431432
FGF4,methy->rna,1.0,-0.19419623911380768,0.008259175349849534
FGF4,methy->rna,1.5,-0.2339596003293991,0.008456335115735014
FGF4,methy->rna,2.0,-0.26122480630874634,0.008611634792656923
FGFR1,methy->rna,-2.0,0.4622865915298462,0.018873435373225094
FGFR1,methy->rna,-1.5,0.4103328287601471,0.01925533581261241
FGFR1,methy->rna,-1.0,0.3183571398258209,0.01978511029892704
FGFR1,methy->rna,-0.5,0.13689686357975006,0.02016842514402761
FGFR1,methy->rna,0.0,-0.055105723440647125,0.019308305197605753
FGFR1,methy->rna,0.5,-0.13020439445972443,0.019120890992195237
FGFR1,methy->rna,1.0,-0.2956826388835907,0.019699125764241692
FGFR1,methy->rna,1.5,-0.4153909981250763,0.020004410744692943
FGFR1,methy->rna,2.0,-0.4906259775161743,0.020137473849821667
FGFR2,methy->rna,-2.0,0.756295919418335,0.018770493225512254
FGFR2,methy->rna,-1.5,0.7130374312400818,0.019029185633168907
FGFR2,methy->rna,-1.0,0.6256271004676819,0.019451456567829487
FGFR2,methy->rna,-0.5,0.41039758920669556,0.019958254044229084
FGFR2,methy->rna,0.0,0.17823989689350128,0.018899997433060475
FGFR2,methy->rna,0.5,0.03570184484124184,0.018763009297593423
FGFR2,methy->rna,1.0,-0.18923419713974,0.019571794380262218
FGFR2,methy->rna,1.5,-0.3366645276546478,0.02013318922481048
FGFR2,methy->rna,2.0,-0.4237571656703949,0.020445522260849818
FGFR4,methy->rna,-2.0,0.2880207300186157,0.015020499408084559
FGFR4,methy->rna,-1.5,0.24267350137233734,0.015050800162836872
FGFR4,methy->rna,-1.0,0.16541534662246704,0.014942935926829133
FGFR4,methy->rna,-0.5,0.028837088495492935,0.014151529073987
FGFR4,methy->rna,0.0,-0.08656056970357895,0.013276998098630007
FGFR4,methy->rna,0.5,-0.14408323168754578,0.012846503342769164
FGFR4,methy->rna,1.0,-0.26683440804481506,0.013129480377333073
FGFR4,methy->rna,1.5,-0.36249807476997375,0.013375177251448673
FGFR4,methy->rna,2.0,-0.42641279101371765,0.013570703040934287
FLT1,methy->rna,-2.0,0.1260290890932083,0.030738276859826
FLT1,methy->rna,-1.5,0.1006680577993393,0.030819996383755047
FLT1,methy->rna,-1.0,0.06025242060422897,0.03086898625436872
FLT1,methy->rna,-0.5,-0.00735295657068491,0.030731047917220655
FLT1,methy->rna,0.0,-0.08049006015062332,0.03047091277214925
FLT1,methy->rna,0.5,-0.08896210789680481,0.030459972376647642
FLT1,methy->rna,1.0,-0.12880010902881622,0.03070212996743762
FLT1,methy->rna,1.5,-0.15873584151268005,0.03088755877438161
FLT1,methy->rna,2.0,-0.1805732697248459,0.03099379829627651
FOXA1,methy->rna,-2.0,0.15980006754398346,0.034849459553165006
FOXA1,methy->rna,-1.5,0.14294998347759247,0.03476250084382045
FOXA1,methy->rna,-1.0,0.11372166126966476,0.03454700992222523
FOXA1,methy->rna,-0.5,0.05643225461244583,0.03394223052523662
FOXA1,methy->rna,0.0,-0.027931753545999527,0.03221693887207962
FOXA1,methy->rna,0.5,-0.07180594652891159,0.033204775949493656
FOXA1,methy->rna,1.0,-0.16297714412212372,0.03333805045270279
FOXA1,methy->rna,1.5,-0.23085397481918335,0.03306841111145957
FOXA1,methy->rna,2.0,-0.2770279049873352,0.032795640027519966
FOXC1,methy->rna,-2.0,0.21245966851711273,0.026347567061420905
FOXC1,methy->rna,-1.5,0.17210868000984192,0.026358712316917964
FOXC1,methy->rna,-1.0,0.10733867436647415,0.026257293543001062
FOXC1,methy->rna,-0.5,0.0061746155843138695,0.025806462073868653
FOXC1,methy->rna,0.0,-0.054251767694950104,0.02622030541701435
FOXC1,methy->rna,0.5,-0.09818769991397858,0.025339357311268018
FOXC1,methy->rna,1.0,-0.1400097757577896,0.02521374108491001
FOXC1,methy->rna,1.5,-0.16878058016300201,0.025261061564496947
FOXC1,methy->rna,2.0,-0.19079314172267914,0.025306490358168465
FOXM1,methy->rna,-2.0,0.032632481306791306,0.03432736513731804
FOXM1,methy->rna,-1.5,0.022573694586753845,0.03440158765715833
FOXM1,methy->rna,-1.0,0.007952670566737652,0.03449716356248165
FOXM1,methy->rna,-0.5,-0.01014604140073061,0.034538248888377324
FOXM1,methy->rna,0.0,-0.009405715391039848,0.034401345748014775
FOXM1,methy->rna,0.5,-0.02820347435772419,0.03414881003702984
FOXM1,methy->rna,1.0,-0.032661259174346924,0.0345354113595042
FOXM1,methy->rna,1.5,-0.039799079298973083,0.03478718429391033
FOXM1,methy->rna,2.0,-0.0479578860104084,0.034942851738111305
GABRP,methy->rna,-2.0,0.3744364380836487,0.025144263035389837
GABRP,methy->rna,-1.5,0.32606226205825806,0.02536558157004707
GABRP,methy->rna,-1.0,0.2468298077583313,0.025648689366310203
GABRP,methy->rna,-0.5,0.12258484959602356,0.026034556243907263
GABRP,methy->rna,0.0,0.060474198311567307,0.02690570158093522
GABRP,methy->rna,0.5,-0.004568944219499826,0.026267623717239633
GABRP,methy->rna,1.0,-0.061205826699733734,0.027003565815994928
GABRP,methy->rna,1.5,-0.09801803529262543,0.027716779352063712
GABRP,methy->rna,2.0,-0.12478695064783096,0.028201905256178852
GATA3,methy->rna,-2.0,0.2092137187719345,0.03514275368579756
GATA3,methy->rna,-1.5,0.1887846291065216,0.03506656320238397
GATA3,methy->rna,-1.0,0.15554377436637878,0.03487205081606733
GATA3,methy->rna,-0.5,0.09967116266489029,0.034284176727426535
GATA3,methy->rna,0.0,0.04981333017349243,0.0325312376923306
GATA3,methy->rna,0.5,0.004618311766535044,0.032693360405749855
GATA3,methy->rna,1.0,-0.05074834078550339,0.032595888455787814
GATA3,methy->rna,1.5,-0.09125400334596634,0.03240310430326256
GATA3,methy->rna,2.0,-0.1200282946228981,0.03222291032301078
GMPS,methy->rna,-2.0,0.09044080972671509,0.030919710896858747
GMPS,methy->rna,-1.5,0.06834670901298523,0.03092295814572277
GMPS,methy->rna,-1.0,0.033390846103429794,0.030829853636514762
GMPS,methy->rna,-0.5,-0.023247776553034782,0.030277025862627222
GMPS,methy->rna,0.0,-0.059975896030664444,0.02966795530254247
GMPS,methy->rna,0.5,-0.10610580444335938,0.030537176263230204
GMPS,methy->rna,1.0,-0.1631968468427658,0.03113248633383345
GMPS,methy->rna,1.5,-0.20759180188179016,0.03133996156326634
GMPS,methy->rna,2.0,-0.23996086418628693,0.03139002150045199
GPR160,methy->rna,-2.0,0.19698235392570496,0.029800000645778913
GPR160,methy->rna,-1.5,0.1755484789609909,0.029536938618006575
GPR160,methy->rna,-1.0,0.13873454928398132,0.029033756702590476
GPR160,methy->rna,-0.5,0.07009440660476685,0.027996487344147062
GPR160,methy->rna,0.0,-0.027285560965538025,0.02679973229988538
GPR160,methy->rna,0.5,-0.06929339468479156,0.02700911011204196
GPR160,methy->rna,1.0,-0.16528189182281494,0.027204755766418526
GPR160,methy->rna,1.5,-0.22824883460998535,0.027154046379460076
GPR160,methy->rna,2.0,-0.26760995388031006,0.027054669667412698
GPR18,methy->rna,-2.0,0.07418188452720642,0.024108530126912286
GPR18,methy->rna,-1.5,0.05864376947283745,0.024174915662245847
GPR18,methy->rna,-1.0,0.034519318491220474,0.02426535917087468
GPR18,methy->rna,-0.5,-0.002524379640817642,0.02433075309665581
GPR18,methy->rna,0.0,-0.043352555483579636,0.02541130893626515
GPR18,methy->rna,0.5,-0.08358296751976013,0.02477492661593614
GPR18,methy->rna,1.0,-0.11700209975242615,0.02502523283994933
GPR18,methy->rna,1.5,-0.1391170173883438,0.025300946062121434
GPR18,methy->rna,2.0,-0.1550704687833786,0.025523269282501027
GRB7,methy->rna,-2.0,0.2000061273574829,0.028009777091511364
GRB7,methy->rna,-1.5,0.17777268588542938,0.02806923661550945
GRB7,methy->rna,-1.0,0.14069005846977234,0.028079928563782535
GRB7,methy->rna,-0.5,0.07018854469060898,0.027594314482656965
GRB7,methy->rna,0.0,-0.010063267312943935,0.02538804425061183
GRB7,methy->rna,0.5,-0.07776425778865814,0.02759561556156423
GRB7,methy->rna,1.0,-0.18205685913562775,0.028039202832559715
GRB7,methy->rna,1.5,-0.24594010412693024,0.02787206758733694
GRB7,methy->rna,2.0,-0.28540611267089844,0.027632799830099773
GREB1,methy->rna,-2.0,0.23603828251361847,0.028793519129417414
GREB1,methy->rna,-1.5,0.21474170684814453,0.0286458521218472
GREB1,methy->rna,-1.0,0.17738020420074463,0.02837374574321198
GREB1,methy->rna,-0.5,0.10379740595817566,0.0278498206635759
GREB1,methy->rna,0.0,0.006602840032428503,0.026711263292914806
GREB1,methy->rna,0.5,-0.04098536819219589,0.02751612770396858
GREB1,methy->rna,1.0,-0.13871321082115173,0.027837149854921247
GREB1,methy->rna,1.5,-0.2058795541524887,0.027982955687639196
GREB1,methy->rna,2.0,-0.25001606345176697,0.028039860999779134
GSTM1,methy->rna,-2.0,0.5213280916213989,0.011669177307650281
GSTM1,methy->rna,-1.5,0.4589489698410034,0.011562513899913736
GSTM1,methy->rna,-1.0,0.3383784592151642,0.01120101119592429
GSTM1,methy->rna,-0.5,0.08394124358892441,0.009787064238296669
GSTM1,methy->rna,0.0,-0.13038161396980286,0.008357751691329587
GSTM1,methy->rna,0.5,-0.2676187753677368,0.007374083187918677
GSTM1,methy->rna,1.0,-0.4601926803588867,0.00839500243039557
GSTM1,methy->rna,1.5,-0.5816801190376282,0.0095569955665998
GSTM1,methy->rna,2.0,-0.6486907005310059,0.0103163113190911
GSTP1,methy->rna,-2.0,0.36333200335502625,0.023769475937636845
GSTP1,methy->rna,-1.5,0.31182289123535156,0.024298620588433555
GSTP1,methy->rna,-1.0,0.22522293031215668,0.02504903800729277
GSTP1,methy->rna,-0.5,0.07083108276128769,0.025848687205909222
GSTP1,methy->rna,0.0,-0.10068304091691971,0.025131169430574366
GSTP1,methy->rna,0.5,-0.1632329821586609,0.025300117904693026
GSTP1,methy->rna,1.0,-0.2917866110801697,0.025915724370377244
GSTP1,methy->rna,1.5,-0.38514408469200134,0.02607377385686572
GSTP1,methy->rna,2.0,-0.4457426965236664,0.02600885067320179
HOXB13,methy->rna,-2.0,0.1881081908941269,0.015539110114328077
HOXB13,methy->rna,-1.5,0.14825013279914856,0.015429421752616185
HOXB13,methy->rna,-1.0,0.08108613640069962,0.015097617209881802
HOXB13,methy->rna,-0.5,-0.03730682283639908,0.014109072929611137
HOXB13,methy->rna,0.0,-0.1307350993156433,0.014238735140879252
HOXB13,methy->rna,0.5,-0.1484522521495819,0.013149046686260053
HOXB13,methy->rna,1.0,-0.19937387108802795,0.013247243273971948
HOXB13,methy->rna,1.5,-0.2403092384338379,0.013366390065260927
HOXB13,methy->rna,2.0,-0.2702966332435608,0.013430531947771999
HTATIP2,methy->rna,-2.0,0.16591975092887878,0.02062948217803921
HTATIP2,methy->rna,-1.5,0.1314982771873474,0.020655558240225812
HTATIP2,methy->rna,-1.0,0.07593467831611633,0.02048280460065978
HTATIP2,methy->rna,-0.5,-0.012736019678413868,0.01942405981248074
HTATIP2,methy->rna,0.0,-0.058639708906412125,0.01841627939657363
HTATIP2,methy->rna,0.5,-0.12762326002120972,0.01827450865195752
HTATIP2,methy->rna,1.0,-0.20255577564239502,0.018620141244384672
HTATIP2,methy->rna,1.5,-0.26442626118659973,0.018850053002042476
HTATIP2,methy->rna,2.0,-0.30960333347320557,0.018955388088851086
IGF1R,methy->rna,-2.0,0.2510867714881897,0.030933007182308014
IGF1R,methy->rna,-1.5,0.22587059438228607,0.030811695195216076
IGF1R,methy->rna,-1.0,0.18368974328041077,0.030554022728813357
IGF1R,methy->rna,-0.5,0.10864348709583282,0.029976496249304357
IGF1R,methy->rna,0.0,0.053293466567993164,0.028475556802226548
IGF1R,methy->rna,0.5,0.001291425433009863,0.028461763622320238
IGF1R,methy->rna,1.0,-0.053360551595687866,0.028791311436062207
IGF1R,methy->rna,1.5,-0.09044177830219269,0.02898669992576364
IGF1R,methy->rna,2.0,-0.11658279597759247,0.02907060534943135
IGFBP3,methy->rna,-2.0,0.15355215966701508,0.022933980598540224
IGFBP3,methy->rna,-1.5,0.12156736105680466,0.023146446566160103
IGFBP3,methy->rna,-1.0,0.06935881823301315,0.02341035636561573
IGFBP3,methy->rna,-0.5,-0.01707686297595501,0.02364648802143321
IGFBP3,methy->rna,0.0,-0.08923229575157166,0.02431503336104762
IGFBP3,methy->rna,0.5,-0.13096585869789124,0.023417286735674517
IGFBP3,methy->rna,1.0,-0.19060339033603668,0.023644156104463743
IGFBP3,methy->rna,1.5,-0.23759068548679352,0.02385090560646595
IGFBP3,methy->rna,2.0,-0.27355560660362244,0.02399347508712814
IGFBP5,methy->rna,-2.0,0.3189302384853363,0.020120620846153552
IGFBP5,methy->rna,-1.5,0.268100768327713,0.020136072520278332
IGFBP5,methy->rna,-1.0,0.17883089184761047,0.019965544008960733
IGFBP5,methy->rna,-0.5,0.009564941748976707,0.019010552091029715
IGFBP5,methy->rna,0.0,-0.15562748908996582,0.01819562774658243
IGFBP5,methy->rna,0.5,-0.23561078310012817,0.017519739047875852
IGFBP5,methy->rna,1.0,-0.385763943195343,0.0185937578922049
IGFBP5,methy->rna,1.5,-0.4970686733722687,0.019491397728856972
IGFBP5,methy->rna,2.0,-0.5696766972541809,0.020092267351038827
IL17RB,methy->rna,-2.0,0.24637635052204132,0.01905141076331341
IL17RB,methy->rna,-1.5,0.21418043971061707,0.018998912120437264
IL17RB,methy->rna,-1.0,0.15963762998580933,0.01886258651091294
IL17RB,methy->rna,-0.5,0.06523673236370087,0.018475252922922937
IL17RB,methy->rna,0.0,-0.000702916644513607,0.01821194571696456
IL17RB,methy->rna,0.5,-0.082744300365448,0.01826797492571971
IL17RB,methy->rna,1.0,-0.1628902107477188,0.018776214049853236
IL17RB,methy->rna,1.5,-0.21976034343242645,0.01902155132929597
IL17RB,methy->rna,2.0,-0.2594142258167267,0.019147653553302755
IL25,methy->rna,-2.0,0.07662903517484665,0.014644700091646798
IL25,methy->rna,-1.5,0.04580076411366463,0.014715916182085802
IL25,methy->rna,-1.0,-0.0009073200635612011,0.014736006627490498
IL25,methy->rna,-0.5,-0.060914259403944016,0.014480756521565875
IL25,methy->rna,0.0,-0.07530581951141357,0.013508394001573982
IL25,methy->rna,0.5,-0.1162165179848671,0.013013778067137778
IL25,methy->rna,1.0,-0.15917757153511047,0.012740032808538972
IL25,methy->rna,1.5,-0.19260545074939728,0.01266772158886898
IL25,methy->rna,2.0,-0.21578161418437958,0.012664777271274822
IL6ST,methy->rna,-2.0,0.2452555000782013,0.030144736430885565
IL6ST,methy->rna,-1.5,0.2163286805152893,0.030063644563112786
IL6ST,methy->rna,-1.0,0.16444066166877747,0.029866033124524575
IL6ST,methy->rna,-0.5,0.05702676624059677,0.02924873111547377
IL6ST,methy->rna,0.0,-0.06956993788480759,0.027365413948806486
IL6ST,methy->rna,0.5,-0.13804931938648224,0.027900139944798338
IL6ST,methy->rna,1.0,-0.23474480211734772,0.02809789304189404
IL6ST,methy->rna,1.5,-0.288049578666687,0.02807898490018648
IL6ST,methy->rna,2.0,-0.3191613256931305,0.02801839864621343
JUP,methy->rna,-2.0,0.2910291254520416,0.025934591104213384
JUP,methy->rna,-1.5,0.2679935693740845,0.02590437425488474
JUP,methy->rna,-1.0,0.22557735443115234,0.025768859367895598
JUP,methy->rna,-0.5,0.13566932082176208,0.02511424450797168
JUP,methy->rna,0.0,0.04981256276369095,0.024071450467736115
JUP,methy->rna,0.5,-0.029375825077295303,0.025192819213034425
JUP,methy->rna,1.0,-0.19951139390468597,0.025563659392029175
JUP,methy->rna,1.5,-0.31578657031059265,0.02540198126838728
JUP,methy->rna,2.0,-0.3875632584095001,0.025220464415611696
KIF23,methy->rna,-2.0,0.0355268195271492,0.038031451791191224
KIF23,methy->rna,-1.5,0.021458590403199196,0.03780246626223625
KIF23,methy->rna,-1.0,-0.0003897009009961039,0.03739138634966745
KIF23,methy->rna,-0.5,-0.034037940204143524,0.03664462372030151
KIF23,methy->rna,0.0,-0.05699606612324715,0.03718537565126586
KIF23,methy->rna,0.5,-0.07090591639280319,0.036093173302979106
KIF23,methy->rna,1.0,-0.0885077491402626,0.03618085120166939
KIF23,methy->rna,1.5,-0.10414029657840729,0.036305990147825234
KIF23,methy->rna,2.0,-0.11626621335744858,0.03637404725354719
KIF2C,methy->rna,-2.0,0.0853356420993805,0.038358229636271335
KIF2C,methy->rna,-1.5,0.07049817591905594,0.03810268204748098
KIF2C,methy->rna,-1.0,0.04730646312236786,0.03764145502326039
KIF2C,methy->rna,-0.5,0.012402876280248165,0.03675270698215544
KIF2C,methy->rna,0.0,-0.009949331171810627,0.03699429793891546
KIF2C,methy->rna,0.5,-0.03514806926250458,0.03567747532306611
KIF2C,methy->rna,1.0,-0.059984054416418076,0.0356060685384824
KIF2C,methy->rna,1.5,-0.07772909104824066,0.03566594432055634
KIF2C,methy->rna,2.0,-0.09033725410699844,0.03571297930376664
KRT5,methy->rna,-2.0,0.2058463841676712,0.0325105381153437
KRT5,methy->rna,-1.5,0.17671440541744232,0.03276072447446593
KRT5,methy->rna,-1.0,0.13096655905246735,0.033016182709428486
KRT5,methy->rna,-0.5,0.06035522371530533,0.03299719611070139
KRT5,methy->rna,0.0,-0.005820998456329107,0.03202603550866152
KRT5,methy->rna,0.5,-0.03194836154580116,0.0331938377333537
KRT5,methy->rna,1.0,-0.08371951431035995,0.03431414948824996
KRT5,methy->rna,1.5,-0.12266198545694351,0.03489479681364707
KRT5,methy->rna,2.0,-0.14994491636753082,0.035150608105197524
LIN9,methy->rna,-2.0,0.08720268309116364,0.02776290118274111
LIN9,methy->rna,-1.5,0.06983691453933716,0.02783827876425787
LIN9,methy->rna,-1.0,0.04510857164859772,0.027872089380953476
LIN9,methy->rna,-0.5,0.01416095718741417,0.027652987257098062
LIN9,methy->rna,0.0,-0.003482966450974345,0.027343190998023636
LIN9,methy->rna,0.5,-0.016828248277306557,0.028164836493810953
LIN9,methy->rna,1.0,-0.01744951121509075,0.02894751500322999
LIN9,methy->rna,1.5,-0.020326994359493256,0.02942281634501022
LIN9,methy->rna,2.0,-0.02625988982617855,0.029704858433424686
LMO1,methy->rna,-2.0,0.04353344812989235,0.013218802604391074
LMO1,methy->rna,-1.5,0.007617154158651829,0.013232324453771498
LMO1,methy->rna,-1.0,-0.04861035197973251,0.013157418704052768
LMO1,methy->rna,-0.5,-0.12974892556667328,0.012693606956910882
LMO1,methy->rna,0.0,-0.1797471046447754,0.012304213872158123
LMO1,methy->rna,0.5,-0.23508012294769287,0.01175142532678035
LMO1,methy->rna,1.0,-0.28341594338417053,0.012059811538864826
LMO1,methy->rna,1.5,-0.3171575665473938,0.012320602671793999
LMO1,methy->rna,2.0,-0.3398835361003876,0.01248234072788137
LOX,methy->rna,-2.0,0.030015049502253532,0.035185841845053
LOX,methy->rna,-1.5,0.010248635895550251,0.035375993328700575
LOX,methy->rna,-1.0,-0.02089092694222927,0.035648576987537955
LOX,methy->rna,-0.5,-0.07036980986595154,0.036091876582795154
LOX,methy->rna,0.0,-0.11041724681854248,0.037016100272899144
LOX,methy->rna,0.5,-0.11864233762025833,0.03669550309746895
LOX,methy->rna,1.0,-0.1517023742198944,0.03721405169190533
LOX,methy->rna,1.5,-0.17672288417816162,0.03746187126427164
LOX,methy->rna,2.0,-0.19509842991828918,0.037563568996480216
MAP2K4,methy->rna,-2.0,0.2110007405281067,0.02778719888581829
MAP2K4,methy->rna,-1.5,0.1837873011827469,0.027698995760969465
MAP2K4,methy->rna,-1.0,0.13873977959156036,0.027497234817792596
MAP2K4,methy->rna,-0.5,0.06002466008067131,0.026980081014814583
MAP2K4,methy->rna,0.0,0.0015443862648680806,0.025819862968677297
MAP2K4,methy->rna,0.5,-0.060445450246334076,0.026143332542767076
MAP2K4,methy->rna,1.0,-0.11516568809747696,0.026829066507744276
MAP2K4,methy->rna,1.5,-0.15538573265075684,0.027254142280853176
MAP2K4,methy->rna,2.0,-0.18528616428375244,0.02749558504102074
MAP3K1,methy->rna,-2.0,0.2193218320608139,0.03138568239139946
MAP3K1,methy->rna,-1.5,0.19338850677013397,0.03133169742387548
MAP3K1,methy->rna,-1.0,0.1493571698665619,0.031160395239170822
MAP3K1,methy->rna,-0.5,0.0664060115814209,0.030615402270428357
MAP3K1,methy->rna,0.0,-0.00712560722604394,0.029248162302082152
MAP3K1,methy->rna,0.5,-0.046284470707178116,0.029759865521564247
MAP3K1,methy->rna,1.0,-0.12979044020175934,0.030490640353838604
MAP3K1,methy->rna,1.5,-0.19364027678966522,0.03082991029991776
MAP3K1,methy->rna,2.0,-0.23826859891414642,0.030961439134442274
MCM2,methy->rna,-2.0,0.23937496542930603,0.031402768586764516
MCM2,methy->rna,-1.5,0.2124408632516861,0.03119296579908547
MCM2,methy->rna,-1.0,0.167605459690094,0.030716330687973175
MCM2,methy->rna,-0.5,0.09141166508197784,0.029476175835739575
MCM2,methy->rna,0.0,0.05690016597509384,0.029880042061234603
MCM2,methy->rna,0.5,0.02550450712442398,0.02947694732976499
MCM2,methy->rna,1.0,-0.034268561750650406,0.02976650385716144
MCM2,methy->rna,1.5,-0.0860464870929718,0.02993805230973297
MCM2,methy->rna,2.0,-0.12501557171344757,0.029968188522680426
MCM6,methy->rna,-2.0,0.16988542675971985,0.03173209192625616
MCM6,methy->rna,-1.5,0.15120621025562286,0.03140480846927239
MCM6,methy->rna,-1.0,0.12110480666160583,0.030802570207972006
MCM6,methy->rna,-0.5,0.0727454423904419,0.02962740174089029
MCM6,methy->rna,0.0,0.050376616418361664,0.03137902662090904
MCM6,methy->rna,0.5,0.03152623027563095,0.029838377025139036
MCM6,methy->rna,1.0,0.0025957790203392506,0.029819893858953946
MCM6,methy->rna,1.5,-0.018614694476127625,0.029992645319158327
MCM6,methy->rna,2.0,-0.034360457211732864,0.03012972498781483
MDM2,methy->rna,-2.0,0.17009907960891724,0.027591038902091445
MDM2,methy->rna,-1.5,0.1431606262922287,0.02742709642169135
MDM2,methy->rna,-1.0,0.09873733669519424,0.02708316700039657
MDM2,methy->rna,-0.5,0.021271659061312675,0.026245097835186918
MDM2,methy->rna,0.0,-0.04209661856293678,0.024575469258027238
MDM2,methy->rna,0.5,-0.09174051880836487,0.02452068664413801
MDM2,methy->rna,1.0,-0.13994444906711578,0.024863748679494615
MDM2,methy->rna,1.5,-0.17294587194919586,0.02502408649571948
MDM2,methy->rna,2.0,-0.1962062567472458,0.025083134120365013
MDM4,methy->rna,-2.0,0.247564435005188,0.027749561310058773
MDM4,methy->rna,-1.5,0.22609010338783264,0.02781371082033563
MDM4,methy->rna,-1.0,0.19193892180919647,0.027866187669595237
MDM4,methy->rna,-0.5,0.1372441202402115,0.02773415104380541
MDM4,methy->rna,0.0,0.10071151703596115,0.026558289539717818
MDM4,methy->rna,0.5,0.057432908564805984,0.027142905482686327
MDM4,methy->rna,1.0,0.018198713660240173,0.027422188499247203
MDM4,methy->rna,1.5,-0.008721756748855114,0.027531768982557235
MDM4,methy->rna,2.0,-0.028364034369587898,0.02758298180205769
MELK,methy->rna,-2.0,0.18996886909008026,0.03532023000206718
MELK,methy->rna,-1.5,0.16987647116184235,0.03510688575170086
MELK,methy->rna,-1.0,0.13692660629749298,0.03467488396725647
MELK,methy->rna,-0.5,0.08116593956947327,0.03363785869731828
MELK,methy->rna,0.0,0.0422268770635128,0.03342466918162937
MELK,methy->rna,0.5,0.029726503416895866,0.03317606285970607
MELK,methy->rna,1.0,-0.009760280139744282,0.03343909873513856
MELK,methy->rna,1.5,-0.04150068759918213,0.033705131232844895
MELK,methy->rna,2.0,-0.06541667133569717,0.033874957989710006
MGP,methy->rna,-2.0,0.4201636016368866,0.015386818501328697
MGP,methy->rna,-1.5,0.3752868175506592,0.015566105867132543
MGP,methy->rna,-1.0,0.29541653394699097,0.015964608683597795
MGP,methy->rna,-0.5,0.135328471660614,0.017052256166028297
MGP,methy->rna,0.0,-0.039960622787475586,0.018086047263272398
MGP,methy->rna,0.5,-0.1495145708322525,0.01876358246970835
MGP,methy->rna,1.0,-0.30557486414909363,0.02059693994982606
MGP,methy->rna,1.5,-0.40095198154449463,0.021483469400767535
MGP,methy->rna,2.0,-0.4574582576751709,0.02189356642123051
MIA,methy->rna,-2.0,0.3309933543205261,0.013767118009974615
MIA,methy->rna,-1.5,0.2803043723106384,0.013835604449942352
MIA,methy->rna,-1.0,0.192799374461174,0.01381032494444018
MIA,methy->rna,-0.5,0.042147196829319,0.013288939910811494
MIA,methy->rna,0.0,-0.02753017470240593,0.014100186582468147
MIA,methy->rna,0.5,-0.1268409639596939,0.012059911789500896
MIA,methy->rna,1.0,-0.18622958660125732,0.012122119488544305
MIA,methy->rna,1.5,-0.22751674056053162,0.012413815059403867
MIA,methy->rna,2.0,-0.25884827971458435,0.012673542663846031
MKI67,methy->rna,-2.0,0.04710269719362259,0.03662789494024765
MKI67,methy->rna,-1.5,0.03166607767343521,0.03645537013365526
MKI67,methy->rna,-1.0,0.008225777186453342,0.036126358442880105
MKI67,methy->rna,-0.5,-0.02554493583738804,0.03544984971578304
MKI67,methy->rna,0.0,-0.035897672176361084,0.035559305975478815
MKI67,methy->rna,0.5,-0.04525577649474144,0.03423557914191053
MKI67,methy->rna,1.0,-0.05755528062582016,0.03432672004626854
MKI67,methy->rna,1.5,-0.06834789365530014,0.03454877302580308
MKI67,methy->rna,2.0,-0.0773119255900383,0.03470262506174651
MLPH,methy->rna,-2.0,0.23696035146713257,0.02969421878983129
MLPH,methy->rna,-1.5,0.2190757840871811,0.029567517241369735
MLPH,methy->rna,-1.0,0.18812817335128784,0.02931550239782004
MLPH,methy->rna,-0.5,0.12783634662628174,0.028779446991219426
MLPH,methy->rna,0.0,0.030445244163274765,0.027813316355876312
MLPH,methy->rna,0.5,-0.020754581317305565,0.0284885806674691
MLPH,methy->rna,1.0,-0.12973275780677795,0.029030411382452038
MLPH,methy->rna,1.5,-0.20535731315612793,0.02911926177771201
MLPH,methy->rna,2.0,-0.25427788496017456,0.02908994282538469
MMP2,methy->rna,-2.0,0.0917668268084526,0.03494765940991938
MMP2,methy->rna,-1.5,0.07645381987094879,0.03514853989098816
MMP2,methy->rna,-1.0,0.05208514258265495,0.03540312638128922
MMP2,methy->rna,-0.5,0.013593676500022411,0.03559087838775607
MMP2,methy->rna,0.0,-0.011985688470304012,0.03644026061931011
MMP2,methy->rna,0.5,-0.02777901478111744,0.03572353395225555
MMP2,methy->rna,1.0,-0.06563906371593475,0.03591179592934936
MMP2,methy->rna,1.5,-0.0957539975643158,0.03599298150967324
MMP2,methy->rna,2.0,-0.11775713413953781,0.036015036649608756
MMP9,methy->rna,-2.0,0.11071188002824783,0.022661135416304396
MMP9,methy->rna,-1.5,0.08432243764400482,0.022687723628479622
MMP9,methy->rna,-1.0,0.041570860892534256,0.022598230321531805
MMP9,methy->rna,-0.5,-0.0253558699041605,0.022033097871747436
MMP9,methy->rna,0.0,-0.05724252760410309,0.022752363495128564
MMP9,methy->rna,0.5,-0.07095678895711899,0.0212102057810942
MMP9,methy->rna,1.0,-0.0971713587641716,0.021508673718292654
MMP9,methy->rna,1.5,-0.12030598521232605,0.02175483261707884
MMP9,methy->rna,2.0,-0.13866440951824188,0.021882628205090553
MTDH,methy->rna,-2.0,0.03928214684128761,0.031158289975813342
MTDH,methy->rna,-1.5,0.030208364129066467,0.03117509939224838
MTDH,methy->rna,-1.0,0.01750972494482994,0.031200458444450914
MTDH,methy->rna,-0.5,0.0014594021486118436,0.03123676660960167
MTDH,methy->rna,0.0,0.007429235149174929,0.03162194045019285
MTDH,methy->rna,0.5,-0.023180386051535606,0.031604139424205376
MTDH,methy->rna,1.0,-0.05070412531495094,0.03180139562684403
MTDH,methy->rna,1.5,-0.07951454073190689,0.03177584479081597
MTDH,methy->rna,2.0,-0.10379241406917572,0.03174512886766863
MTOR,methy->rna,-2.0,0.24301746487617493,0.030401700604750826
MTOR,methy->rna,-1.5,0.22053393721580505,0.030364087001969502
MTOR,methy->rna,-1.0,0.18415002524852753,0.03023002139048007
MTOR,methy->rna,-0.5,0.1232042983174324,0.029771191664078562
MTOR,methy->rna,0.0,0.08180051296949387,0.0289860897045006
MTOR,methy->rna,0.5,0.06879404932260513,0.02950142374049777
MTOR,methy->rna,1.0,0.03585211932659149,0.030113416824560143
MTOR,methy->rna,1.5,0.007979163900017738,0.030486460338186794
MTOR,methy->rna,2.0,-0.01441855076700449,0.030696511573094363
MYBL2,methy->rna,-2.0,0.11140438169240952,0.0368356404105256
MYBL2,methy->rna,-1.5,0.09067439287900925,0.036682121816915186
MYBL2,methy->rna,-1.0,0.057821132242679596,0.03630329645682125
MYBL2,methy->rna,-0.5,0.006372775416821241,0.03526418117905715
MYBL2,methy->rna,0.0,-0.018056662753224373,0.03482200395505161
MYBL2,methy->rna,0.5,-0.030987877398729324,0.033593510867027
MYBL2,methy->rna,1.0,-0.06627647578716278,0.033491279191213266
MYBL2,methy->rna,1.5,-0.09773951768875122,0.03342265545146134
MYBL2,methy->rna,2.0,-0.12161484360694885,0.03330978195269256
MYC,methy->rna,-2.0,0.2713907063007355,0.021331480719038023
MYC,methy->rna,-1.5,0.24643303453922272,0.02126397499181445
MYC,methy->rna,-1.0,0.20573945343494415,0.02112682122486172
MYC,methy->rna,-0.5,0.13763992488384247,0.020817399815991736
MYC,methy->rna,0.0,0.09675855189561844,0.021356933483791665
MYC,methy->rna,0.5,0.048880305141210556,0.020410166476741733
MYC,methy->rna,1.0,-0.009089210070669651,0.02080175853740308
MYC,methy->rna,1.5,-0.050814561545848846,0.020985223739497082
MYC,methy->rna,2.0,-0.07911138236522675,0.021056473610041718
NCOA3,methy->rna,-2.0,0.1514817178249359,0.03142919988490067
NCOA3,methy->rna,-1.5,0.13078619539737701,0.031442127858230466
NCOA3,methy->rna,-1.0,0.09748398512601852,0.0313910610559608
NCOA3,methy->rna,-0.5,0.04177713766694069,0.031087600201213705
NCOA3,methy->rna,0.0,0.012477604672312737,0.03134336136744612
NCOA3,methy->rna,0.5,-0.016109472140669823,0.03113601254098915
NCOA3,methy->rna,1.0,-0.03806585818529129,0.03173853193994286
NCOA3,methy->rna,1.5,-0.052664220333099365,0.03212680701216727
NCOA3,methy->rna,2.0,-0.06494684517383575,0.032371204986737255
NCOR1,methy->rna,-2.0,0.21969716250896454,0.030736568240289495
NCOR1,methy->rna,-1.5,0.19218459725379944,0.03073346700865627
NCOR1,methy->rna,-1.0,0.14654375612735748,0.03065705858907731
NCOR1,methy->rna,-0.5,0.06509583443403244,0.03030267259056804
NCOR1,methy->rna,0.0,-0.003834086935967207,0.02927013680563648
NCOR1,methy->rna,0.5,-0.011638019233942032,0.029755801012080082
NCOR1,methy->rna,1.0,-0.042920276522636414,0.03002156762766467
NCOR1,methy->rna,1.5,-0.0721026211977005,0.030142180039665765
NCOR1,methy->rna,2.0,-0.09686226397752762,0.030180743844128107
NDC80,methy->rna,-2.0,0.07491037249565125,0.03617102228061117
NDC80,methy->rna,-1.5,0.06005663052201271,0.03593518919734025
NDC80,methy->rna,-1.0,0.03720204904675484,0.035496448826662606
NDC80,methy->rna,-0.5,0.0031760912388563156,0.034610865218678837
NDC80,methy->rna,0.0,-0.025097517296671867,0.034730656011336486
NDC80,methy->rna,0.5,-0.04842345416545868,0.03377375497259682
NDC80,methy->rna,1.0,-0.08097092062234879,0.03380981904924236
NDC80,methy->rna,1.5,-0.1062062606215477,0.03388615554988675
NDC80,methy->rna,2.0,-0.12425263226032257,0.03391742285153248
NDRG1,methy->rna,-2.0,0.3299548923969269,0.019799799196473025
NDRG1,methy->rna,-1.5,0.28421008586883545,0.019746781865523297
NDRG1,methy->rna,-1.0,0.2096957415342331,0.019483386395417947
NDRG1,methy->rna,-0.5,0.08478768169879913,0.018508699586222376
NDRG1,methy->rna,0.0,-0.020308880135416985,0.01830736579792963
NDRG1,methy->rna,0.5,-0.09368804842233658,0.01745069360164394
NDRG1,methy->rna,1.0,-0.20425403118133545,0.018089811020848348
NDRG1,methy->rna,1.5,-0.27805835008621216,0.01851653439136745
NDRG1,methy->rna,2.0,-0.3236827850341797,0.018755080779897237
NEK2,methy->rna,-2.0,0.14173729717731476,0.03520391093252388
NEK2,methy->rna,-1.5,0.1199076846241951,0.035198867889657204
NEK2,methy->rna,-1.0,0.08497171849012375,0.03511130549713457
NEK2,methy->rna,-0.5,0.029142143204808235,0.03458593332136043
NEK2,methy->rna,0.0,-0.021290842443704605,0.03388992802490932
NEK2,methy->rna,0.5,-0.02793712355196476,0.034043172018951365
NEK2,methy->rna,1.0,-0.06263746321201324,0.03449122698133695
NEK2,methy->rna,1.5,-0.08998531848192215,0.034727066602692834
NEK2,methy->rna,2.0,-0.11042223870754242,0.034828681519158564
NF1,methy->rna,-2.0,0.08594653755426407,0.03518429231891722
NF1,methy->rna,-1.5,0.06563478708267212,0.03506155720866541
NF1,methy->rna,-1.0,0.03371812030673027,0.03479734447793992
NF1,methy->rna,-0.5,-0.017970293760299683,0.03413157128634902
NF1,methy->rna,0.0,-0.05949092656373978,0.032843762512195465
NF1,methy->rna,0.5,-0.08679775148630142,0.03323183054506278
NF1,methy->rna,1.0,-0.12556108832359314,0.033489163031047514
NF1,methy->rna,1.5,-0.15506881475448608,0.0334991488661448
NF1,methy->rna,2.0,-0.17660187184810638,0.03343286576080896
NMU,methy->rna,-2.0,0.08445604145526886,0.02329218265930513
NMU,methy->rna,-1.5,0.05397767946124077,0.02306940395233991
NMU,methy->rna,-1.0,0.007696586661040783,0.022491969006020365
NMU,methy->rna,-0.5,-0.05682455748319626,0.02087684408445824
NMU,methy->rna,0.0,-0.07578764855861664,0.01994640485491788
NMU,methy->rna,0.5,-0.07233158499002457,0.020572182401439952
NMU,methy->rna,1.0,-0.09540353715419769,0.021176796166942874
NMU,methy->rna,1.5,-0.12433038651943207,0.02144274584890637
NMU,methy->rna,2.0,-0.1489153802394867,0.02152291148797632
NOTCH3,methy->rna,-2.0,0.2789604961872101,0.018938094854128923
NOTCH3,methy->rna,-1.5,0.23876284062862396,0.019228039307899732
NOTCH3,methy->rna,-1.0,0.16895373165607452,0.019748586376972566
NOTCH3,methy->rna,-0.5,0.03355912119150162,0.020725459085906804
NOTCH3,methy->rna,0.0,-0.10002279281616211,0.021657726799874627
NOTCH3,methy->rna,0.5,-0.18765360116958618,0.021812581342178762
NOTCH3,methy->rna,1.0,-0.3684641718864441,0.023237532986476777
NOTCH3,methy->rna,1.5,-0.49806100130081177,0.02390837101455089
NOTCH3,methy->rna,2.0,-0.5769399404525757,0.02421899543105372
NUF2,methy->rna,-2.0,0.13679848611354828,0.036341029924493534
NUF2,methy->rna,-1.5,0.11328606307506561,0.036292543486421865
NUF2,methy->rna,-1.0,0.07554209232330322,0.036119153473252945
NUF2,methy->rna,-0.5,0.015697501599788666,0.03541501044038689
NUF2,methy->rna,0.0,-0.037043727934360504,0.03490288224538232
NUF2,methy->rna,0.5,-0.051147084683179855,0.03444075514479875
NUF2,methy->rna,1.0,-0.07935302704572678,0.034807478509629654
NUF2,methy->rna,1.5,-0.10059823095798492,0.035090270298453
NUF2,methy->rna,2.0,-0.1165018305182457,0.03524123685956692
NUSAP1,methy->rna,-2.0,0.1512712687253952,0.01707654188261638
NUSAP1,methy->rna,-1.5,0.12999264895915985,0.01685728175504107
NUSAP1,methy->rna,-1.0,0.09694124758243561,0.0164830646551639
NUSAP1,methy->rna,-0.5,0.048949435353279114,0.01582891073022974
NUSAP1,methy->rna,0.0,0.03796108812093735,0.015493839324376452
NUSAP1,methy->rna,0.5,-0.00578278349712491,0.015257904900788632
NUSAP1,methy->rna,1.0,-0.029043328016996384,0.015302898911810235
NUSAP1,methy->rna,1.5,-0.04838623106479645,0.01538232574727958
NUSAP1,methy->rna,2.0,-0.06388074159622192,0.01542933348846921
OXCT1,methy->rna,-2.0,0.36281365156173706,0.021010013978307998
OXCT1,methy->rna,-1.5,0.3135945796966553,0.021111663764560192
OXCT1,methy->rna,-1.0,0.23160521686077118,0.021042761066516594
OXCT1,methy->rna,-0.5,0.08990316092967987,0.020217462960597666
OXCT1,methy->rna,0.0,-0.011053710244596004,0.020201187487767783
OXCT1,methy->rna,0.5,-0.0707818791270256,0.020165552745368024
OXCT1,methy->rna,1.0,-0.1662832498550415,0.021201037206617052
OXCT1,methy->rna,1.5,-0.24739009141921997,0.021830968616451087
OXCT1,methy->rna,2.0,-0.3056713342666626,0.022135187889053675
PAK1,methy->rna,-2.0,0.4620412588119507,0.021109704518433508
PAK1,methy->rna,-1.5,0.41070556640625,0.02125164416357778
PAK1,methy->rna,-1.0,0.3180088400840759,0.02132111567501299
PAK1,methy->rna,-0.5,0.13286744058132172,0.020710853004103663
PAK1,methy->rna,0.0,-0.07781771570444107,0.01822437025775234
PAK1,methy->rna,0.5,-0.1432977169752121,0.019049039617834176
PAK1,methy->rna,1.0,-0.29858165979385376,0.019987119689332433
PAK1,methy->rna,1.5,-0.42427772283554077,0.020704933857852194
PAK1,methy->rna,2.0,-0.5056523084640503,0.021082575824568166
PCOLCE,methy->rna,-2.0,0.1451219618320465,0.03249126819960162
PCOLCE,methy->rna,-1.5,0.12289539724588394,0.03269861048797363
PCOLCE,methy->rna,-1.0,0.08367560803890228,0.032938588717109904
PCOLCE,methy->rna,-0.5,0.009132412262260914,0.032947519741166796
PCOLCE,methy->rna,0.0,-0.06491581350564957,0.03279534145497341
PCOLCE,methy->rna,0.5,-0.0878659337759018,0.03262673078191108
PCOLCE,methy->rna,1.0,-0.1404256820678711,0.033002812325682994
PCOLCE,methy->rna,1.5,-0.18583470582962036,0.033165407960581095
PCOLCE,methy->rna,2.0,-0.22058884799480438,0.033198226967724266
PGR,methy->rna,-2.0,0.22716352343559265,0.03374656089788187
PGR,methy->rna,-1.5,0.20588351786136627,0.033618085349034196
PGR,methy->rna,-1.0,0.17144648730754852,0.03332768758803942
PGR,methy->rna,-0.5,0.1130458414554596,0.03259300298095831
PGR,methy->rna,0.0,0.04471827670931816,0.031049757765458742
PGR,methy->rna,0.5,-0.0040253931656479836,0.03140638414774802
PGR,methy->rna,1.0,-0.07448370009660721,0.03137624793480056
PGR,methy->rna,1.5,-0.12544265389442444,0.03134964664645541
PGR,methy->rna,2.0,-0.1611461341381073,0.03131092374859235
PHGDH,methy->rna,-2.0,0.2705383002758026,0.02644149318997236
PHGDH,methy->rna,-1.5,0.23340120911598206,0.02656178305644871
PHGDH,methy->rna,-1.0,0.17232027649879456,0.026622094710853392
PHGDH,methy->rna,-0.5,0.07184427231550217,0.026263944954768175
PHGDH,methy->rna,0.0,0.0015603259671479464,0.02613241612024366
PHGDH,methy->rna,0.5,-0.04332556575536728,0.025858047564211895
PHGDH,methy->rna,1.0,-0.11019012331962585,0.027178980456140134
PHGDH,methy->rna,1.5,-0.17029348015785217,0.0276191744610408
PHGDH,methy->rna,2.0,-0.21504859626293182,0.027637651089140926
PIK3CA,methy->rna,-2.0,0.18141843378543854,0.033205697819473176
PIK3CA,methy->rna,-1.5,0.15855948626995087,0.03322424636650787
PIK3CA,methy->rna,-1.0,0.12197727710008621,0.033180303897484185
PIK3CA,methy->rna,-0.5,0.062477558851242065,0.03288685503017421
PIK3CA,methy->rna,0.0,0.03540191426873207,0.032947785623288546
PIK3CA,methy->rna,0.5,0.0152458306401968,0.0324209401990365
PIK3CA,methy->rna,1.0,-0.009687887504696846,0.032433035656214575
PIK3CA,methy->rna,1.5,-0.02649376541376114,0.032462138851738175
PIK3CA,methy->rna,2.0,-0.03901100531220436,0.03247716990906379
PIK3R1,methy->rna,-2.0,0.27490121126174927,0.0266111347010969
PIK3R1,methy->rna,-1.5,0.23711130023002625,0.02690905125979697
PIK3R1,methy->rna,-1.0,0.17053285241127014,0.02736302318907237
PIK3R1,methy->rna,-0.5,0.03896623104810715,0.028005771424791853
PIK3R1,methy->rna,0.0,-0.08942415565252304,0.02739133963503898
PIK3R1,methy->rna,0.5,-0.1358911395072937,0.028641441093860097
PIK3R1,methy->rna,1.0,-0.25127899646759033,0.029269428513099025
PIK3R1,methy->rna,1.5,-0.32799452543258667,0.029388567676622214
PIK3R1,methy->rna,2.0,-0.37622448801994324,0.029353608536335105
PITX2,methy->rna,-2.0,0.01812298223376274,0.016889850135594065
PITX2,methy->rna,-1.5,-0.009254589676856995,0.016792486064033888
PITX2,methy->rna,-1.0,-0.05334313213825226,0.016503561551517013
PITX2,methy->rna,-0.5,-0.12307650595903397,0.01569848247334035
PITX2,methy->rna,0.0,-0.17809268832206726,0.016656447040567027
PITX2,methy->rna,0.5,-0.19245129823684692,0.01608306025851924
PITX2,methy->rna,1.0,-0.24006220698356628,0.016858640587032157
PITX2,methy->rna,1.5,-0.28203272819519043,0.01715861555281415
PITX2,methy->rna,2.0,-0.3133593499660492,0.017270108425975313
PLAT,methy->rna,-2.0,0.5239922404289246,0.02458349584699784
PLAT,methy->rna,-1.5,0.47902414202690125,0.02482385328506186
PLAT,methy->rna,-1.0,0.3917408883571625,0.025103070920773123
PLAT,methy->rna,-0.5,0.18570837378501892,0.025003774845106932
PLAT,methy->rna,0.0,-0.0690867081284523,0.02249090111881005
PLAT,methy->rna,0.5,-0.15432262420654297,0.0239385377385615
PLAT,methy->rna,1.0,-0.3786841928958893,0.02500860431053155
PLAT,methy->rna,1.5,-0.5169543027877808,0.025555181675196256
PLAT,methy->rna,2.0,-0.5942710638046265,0.025731568310639018
PLAU,methy->rna,-2.0,0.08448971807956696,0.030061090351254642
PLAU,methy->rna,-1.5,0.059949200600385666,0.030211065302816132
PLAU,methy->rna,-1.0,0.02044205367565155,0.030358146062101497
PLAU,methy->rna,-0.5,-0.04347972944378853,0.030357932484659435
PLAU,methy->rna,0.0,-0.08966683596372604,0.03034782460530954
PLAU,methy->rna,0.5,-0.09500382095575333,0.029300255583690708
PLAU,methy->rna,1.0,-0.1348695158958435,0.03006141289677939
PLAU,methy->rna,1.5,-0.16638776659965515,0.030555240991977782
PLAU,methy->rna,2.0,-0.1897238940000534,0.03082613782489519
PLK1,methy->rna,-2.0,0.12515950202941895,0.03531822063062246
PLK1,methy->rna,-1.5,0.1028549000620842,0.035292194693753894
PLK1,methy->rna,-1.0,0.06645749509334564,0.03517772154353129
PLK1,methy->rna,-0.5,0.00701112812384963,0.03472326361660712
PLK1,methy->rna,0.0,-0.02721310406923294,0.034436616537018364
PLK1,methy->rna,0.5,-0.01984751597046852,0.03420864876995567
PLK1,methy->rna,1.0,-0.03646232932806015,0.03458645636815732
PLK1,methy->rna,1.5,-0.058039549738168716,0.03483565111772712
PLK1,methy->rna,2.0,-0.07688896358013153,0.034908467949300775
PPM1D,methy->rna,-2.0,0.06007038429379463,0.025320725948490476
PPM1D,methy->rna,-1.5,0.040984589606523514,0.02530368334035849
PPM1D,methy->rna,-1.0,0.010280351154506207,0.025215454063169822
PPM1D,methy->rna,-0.5,-0.0411367267370224,0.02484895081386595
PPM1D,methy->rna,0.0,-0.0607290081679821,0.024636704961773094
PPM1D,methy->rna,0.5,-0.0877014622092247,0.025036672309269637
PPM1D,methy->rna,1.0,-0.10733170062303543,0.025903136377465434
PPM1D,methy->rna,1.5,-0.12827184796333313,0.026241144473147092
PPM1D,methy->rna,2.0,-0.1466897428035736,0.02635577889613207
PRC1,methy->rna,-2.0,0.1442451775074005,0.022653788788169753
PRC1,methy->rna,-1.5,0.12328250706195831,0.022389124929581943
PRC1,methy->rna,-1.0,0.09051132947206497,0.021912178169753164
PRC1,methy->rna,-0.5,0.04158001020550728,0.020979356897925305
PRC1,methy->rna,0.0,0.023495133966207504,0.021218275957297875
PRC1,methy->rna,0.5,-0.0402829572558403,0.020648715044633174
PRC1,methy->rna,1.0,-0.08182724565267563,0.02090872596609032
PRC1,methy->rna,1.5,-0.11084486544132233,0.02116126167707525
PRC1,methy->rna,2.0,-0.1310194432735443,0.021314505671117298
PTEN,methy->rna,-2.0,0.18634414672851562,0.0277884127902594
PTEN,methy->rna,-1.5,0.1593897044658661,0.027809173389372614
PTEN,methy->rna,-1.0,0.11557189375162125,0.027764829917804643
PTEN,methy->rna,-0.5,0.04264780879020691,0.027464250179163742
PTEN,methy->rna,0.0,0.0031792952213436365,0.026773061271967317
PTEN,methy->rna,0.5,-0.04919398948550224,0.027161207761854156
PTEN,methy->rna,1.0,-0.10660625249147415,0.02774926055815056
PTEN,methy->rna,1.5,-0.1471860706806183,0.028005520798201677
PTEN,methy->rna,2.0,-0.1762489527463913,0.028104117298777025
PTTG1,methy->rna,-2.0,0.07367534190416336,0.034739846379430166
PTTG1,methy->rna,-1.5,0.060141801834106445,0.034633510965622505
PTTG1,methy->rna,-1.0,0.039518360048532486,0.034454482943855454
PTTG1,methy->rna,-0.5,0.007945147342979908,0.03419548760492893
PTTG1,methy->rna,0.0,-0.030174730345606804,0.03409565540629593
PTTG1,methy->rna,0.5,-0.04740548133850098,0.033452222851017184
PTTG1,methy->rna,1.0,-0.08373527228832245,0.03375038785694577
PTTG1,methy->rna,1.5,-0.11097630858421326,0.033924516673715294
PTTG1,methy->rna,2.0,-0.12970426678657532,0.03398353814602098
RACGAP1,methy->rna,-2.0,0.0841275304555893,0.03675853023649415
RACGAP1,methy->rna,-1.5,0.06577154248952866,0.03656761815562943
RACGAP1,methy->rna,-1.0,0.036888036876916885,0.036171092020184085
RACGAP1,methy->rna,-0.5,-0.008686179295182228,0.03528667872940836
RACGAP1,methy->rna,0.0,-0.03185812756419182,0.03565734891819412
RACGAP1,methy->rna,0.5,-0.03821595385670662,0.03457864553599044
RACGAP1,methy->rna,1.0,-0.055841512978076935,0.0349063997350914
RACGAP1,methy->rna,1.5,-0.07240304350852966,0.03510762455530146
RACGAP1,methy->rna,2.0,-0.08592749387025833,0.03516866847522179
RAD51,methy->rna,-2.0,0.011054906994104385,0.03616653715432784
RAD51,methy->rna,-1.5,-0.005625780671834946,0.035911972457643306
RAD51,methy->rna,-1.0,-0.03143851086497307,0.035444083124847335
RAD51,methy->rna,-0.5,-0.0695766732096672,0.03456877956578411
RAD51,methy->rna,0.0,-0.0875948816537857,0.035060066525294274
RAD51,methy->rna,0.5,-0.09344606101512909,0.03383021351559775
RAD51,methy->rna,1.0,-0.10016045719385147,0.03416267513587072
RAD51,methy->rna,1.5,-0.1111999973654747,0.03444228723604131
RAD51,methy->rna,2.0,-0.12147584557533264,0.0345922621876028
RASSF1,methy->rna,-2.0,0.37113794684410095,0.022522257774283586
RASSF1,methy->rna,-1.5,0.3364112377166748,0.02286021792400886
RASSF1,methy->rna,-1.0,0.27681249380111694,0.02329984529487956
RASSF1,methy->rna,-0.5,0.17518003284931183,0.023542602210124313
RASSF1,methy->rna,0.0,0.1272154450416565,0.023597506868266147
RASSF1,methy->rna,0.5,0.08460357785224915,0.023493810661421123
RASSF1,methy->rna,1.0,0.016415562480688095,0.023724814279267432
RASSF1,methy->rna,1.5,-0.04150903597474098,0.023791938618201603
RASSF1,methy->rna,2.0,-0.08590739220380783,0.02375860746106981
RASSF7,methy->rna,-2.0,0.2216372936964035,0.029494044421938318
RASSF7,methy->rna,-1.5,0.19691479206085205,0.029605954642856164
RASSF7,methy->rna,-1.0,0.15699397027492523,0.029671729956926688
RASSF7,methy->rna,-0.5,0.09561008960008621,0.029327233901601944
RASSF7,methy->rna,0.0,0.05496358498930931,0.0286619619631914
RASSF7,methy->rna,0.5,0.024467311799526215,0.028869334762626566
RASSF7,methy->rna,1.0,-0.01985197328031063,0.029659015561038962
RASSF7,methy->rna,1.5,-0.06298407912254333,0.029910468129282004
RASSF7,methy->rna,2.0,-0.09722065925598145,0.029911969709461406
RB1,methy->rna,-2.0,0.22922880947589874,0.03207455463715799
RB1,methy->rna,-1.5,0.19915606081485748,0.03212850255553385
RB1,methy->rna,-1.0,0.1485847681760788,0.03211454374414186
RB1,methy->rna,-0.5,0.055138036608695984,0.031746255597643595
RB1,methy->rna,0.0,-0.045915715396404266,0.029992599552563597
RB1,methy->rna,0.5,-0.066694475710392,0.030859752299041966
RB1,methy->rna,1.0,-0.14247608184814453,0.03125546335322882
RB1,methy->rna,1.5,-0.20289771258831024,0.031380114122374236
RB1,methy->rna,2.0,-0.24616795778274536,0.0313910566972375
RBBP8,methy->rna,-2.0,0.18715010583400726,0.02234508220992218
RBBP8,methy->rna,-1.5,0.160892516374588,0.022335610704175172
RBBP8,methy->rna,-1.0,0.11793810874223709,0.022259696999691603
RBBP8,methy->rna,-0.5,0.04548673704266548,0.021935782835824463
RBBP8,methy->rna,0.0,-0.004054064396768808,0.021843979405523718
RBBP8,methy->rna,0.5,-0.07334460318088531,0.02199583950491566
RBBP8,methy->rna,1.0,-0.1440710425376892,0.022308098442658776
RBBP8,methy->rna,1.5,-0.19432879984378815,0.022350308319167768
RBBP8,methy->rna,2.0,-0.22894731163978577,0.022311289028119803
RFC4,methy->rna,-2.0,0.06734272092580795,0.03155196986493894
RFC4,methy->rna,-1.5,0.05545779690146446,0.031251008738008644
RFC4,methy->rna,-1.0,0.039104100316762924,0.030713532387609814
RFC4,methy->rna,-0.5,0.02080240659415722,0.029704756003426962
RFC4,methy->rna,0.0,0.013444961979985237,0.03025765787561073
RFC4,methy->rna,0.5,-0.02581074833869934,0.03010533139282489
RFC4,methy->rna,1.0,-0.07292749732732773,0.03060417637855011
RFC4,methy->rna,1.5,-0.10813679546117783,0.030808049123169427
RFC4,methy->rna,2.0,-0.13169850409030914,0.0308740292972354
RRM2,methy->rna,-2.0,0.15048977732658386,0.03190988642932721
RRM2,methy->rna,-1.5,0.13399291038513184,0.03175634386273861
RRM2,methy->rna,-1.0,0.10805133730173111,0.031457769136819115
RRM2,methy->rna,-0.5,0.06904613226652145,0.030796603115764157
RRM2,methy->rna,0.0,0.049373969435691833,0.031093218595556964
RRM2,methy->rna,0.5,0.03586161136627197,0.030062757562919727
RRM2,methy->rna,1.0,0.010219438932836056,0.029919294543979517
RRM2,methy->rna,1.5,-0.010278118774294853,0.029914728781315
RRM2,methy->rna,2.0,-0.025715889409184456,0.029918987253986343
RSF1,methy->rna,-2.0,0.10446762293577194,0.028524612053689835
RSF1,methy->rna,-1.5,0.0783119946718216,0.02849780590534924
RSF1,methy->rna,-1.0,0.037738196551799774,0.028378257021835152
RSF1,methy->rna,-0.5,-0.027414914220571518,0.028029413140011263
RSF1,methy->rna,0.0,-0.07721509039402008,0.02731019764194817
RSF1,methy->rna,0.5,-0.08998619765043259,0.02723715851548584
RSF1,methy->rna,1.0,-0.10398469120264053,0.027523587658909218
RSF1,methy->rna,1.5,-0.11788136512041092,0.02782290990587593
RSF1,methy->rna,2.0,-0.13115647435188293,0.028024662131606183
RSPO2,methy->rna,-2.0,0.10206387937068939,0.013256991558648979
RSPO2,methy->rna,-1.5,0.07298997044563293,0.012952109760103664
RSPO2,methy->rna,-1.0,0.027728259563446045,0.012341937532702962
RSPO2,methy->rna,-0.5,-0.03912839666008949,0.01101314041424732
RSPO2,methy->rna,0.0,-0.085128553211689,0.010360965349694726
RSPO2,methy->rna,0.5,-0.11449817568063736,0.010024070907818112
RSPO2,methy->rna,1.0,-0.15641739964485168,0.010118137605196233
RSPO2,methy->rna,1.5,-0.1909656971693039,0.010311594090791652
RSPO2,methy->rna,2.0,-0.21585574746131897,0.010492013634974599
RUNDC1,methy->rna,-2.0,0.2661367654800415,0.033643352868047274
RUNDC1,methy->rna,-1.5,0.23899292945861816,0.03370044778465108
RUNDC1,methy->rna,-1.0,0.1951010823249817,0.0336677377455906
RUNDC1,methy->rna,-0.5,0.12361340969800949,0.033283132718391034
RUNDC1,methy->rna,0.0,0.06138494983315468,0.032477418356292316
RUNDC1,methy->rna,0.5,0.05185718461871147,0.033061018716730194
RUNDC1,methy->rna,1.0,-0.0007375956629402936,0.033456882326232805
RUNDC1,methy->rna,1.5,-0.048969417810440063,0.03354644319339189
RUNDC1,methy->rna,2.0,-0.08878989517688751,0.03351727461701868
RUNX1,methy->rna,-2.0,0.13036774098873138,0.026743722705385116
RUNX1,methy->rna,-1.5,0.10458429157733917,0.02682222113278998
RUNX1,methy->rna,-1.0,0.0641777440905571,0.026858721081766262
RUNX1,methy->rna,-0.5,0.0014928113669157028,0.02663070101002388
RUNX1,methy->rna,0.0,-0.0415506511926651,0.025969266927485513
RUNX1,methy->rna,0.5,-0.08796875178813934,0.026659372691940048
RUNX1,methy->rna,1.0,-0.17167888581752777,0.027554063852274654
RUNX1,methy->rna,1.5,-0.23441718518733978,0.027886285742765724
RUNX1,methy->rna,2.0,-0.2776464819908142,0.027996729253290623
SCG5,methy->rna,-2.0,0.327974408864975,0.018659803447120486
SCG5,methy->rna,-1.5,0.2830864489078522,0.019259306609545463
SCG5,methy->rna,-1.0,0.20444901287555695,0.0201854110887566
SCG5,methy->rna,-0.5,0.05636853724718094,0.02132755786806135
SCG5,methy->rna,0.0,-0.06777932494878769,0.02200291589220525
SCG5,methy->rna,0.5,-0.12196578830480576,0.02119342033763735
SCG5,methy->rna,1.0,-0.19093455374240875,0.021139923547123806
SCG5,methy->rna,1.5,-0.23813490569591522,0.021001324863394667
SCG5,methy->rna,2.0,-0.2734271287918091,0.02091718624803001
SCUBE2,methy->rna,-2.0,0.38796842098236084,0.0312981352544084
SCUBE2,methy->rna,-1.5,0.3549674451351166,0.03125944940569345
SCUBE2,methy->rna,-1.0,0.2933308780193329,0.031020920452056892
SCUBE2,methy->rna,-0.5,0.16227726638317108,0.0300440738954625
SCUBE2,methy->rna,0.0,0.011033590883016586,0.026931038839521217
SCUBE2,methy->rna,0.5,-0.05236893892288208,0.027824866972640958
SCUBE2,methy->rna,1.0,-0.18506452441215515,0.027618361559143968
SCUBE2,methy->rna,1.5,-0.2779003381729126,0.027312241883179347
SCUBE2,methy->rna,2.0,-0.3387359380722046,0.027061652342151174
SEC14L2,methy->rna,-2.0,0.22850213944911957,0.02211270123551073
SEC14L2,methy->rna,-1.5,0.20151862502098083,0.021996469340433585
SEC14L2,methy->rna,-1.0,0.15660633146762848,0.021784716024074467
SEC14L2,methy->rna,-0.5,0.07755985110998154,0.021476996696656026
SEC14L2,methy->rna,0.0,-0.025372296571731567,0.02096368728763515
SEC14L2,methy->rna,0.5,-0.07638359814882278,0.021674374943547292
SEC14L2,methy->rna,1.0,-0.1759200245141983,0.022485712058712574
SEC14L2,methy->rna,1.5,-0.24589158594608307,0.022972186987691358
SEC14L2,methy->rna,2.0,-0.2931719422340393,0.023242776530615596
SERPINB5,methy->rna,-2.0,0.2162194550037384,0.03130197528964223
SERPINB5,methy->rna,-1.5,0.1852760910987854,0.031745889464885775
SERPINB5,methy->rna,-1.0,0.13543130457401276,0.03234363170309456
SERPINB5,methy->rna,-0.5,0.05139990523457527,0.03285958685716303
SERPINB5,methy->rna,0.0,-0.04196852445602417,0.03200474096594315
SERPINB5,methy->rna,0.5,-0.0861835852265358,0.032715008005056126
SERPINB5,methy->rna,1.0,-0.15477532148361206,0.03296439453845145
SERPINB5,methy->rna,1.5,-0.2044578194618225,0.03281594949877086
SERPINB5,methy->rna,2.0,-0.23843367397785187,0.032591730233752544
SERPINE1,methy->rna,-2.0,0.17347635328769684,0.023135290413854776
SERPINE1,methy->rna,-1.5,0.1419619768857956,0.023404044934266593
SERPINE1,methy->rna,-1.0,0.08998528122901917,0.02376014391103567
SERPINE1,methy->rna,-0.5,0.003291804576292634,0.024047089563170983
SERPINE1,methy->rna,0.0,-0.07081899791955948,0.024962815922187166
SERPINE1,methy->rna,0.5,-0.11440809816122055,0.02407743281547554
SERPINE1,methy->rna,1.0,-0.20630180835723877,0.024928578150607433
SERPINE1,methy->rna,1.5,-0.28038665652275085,0.02532912956702717
SERPINE1,methy->rna,2.0,-0.33233439922332764,0.025508386421767865
SFRP1,methy->rna,-2.0,0.2584419250488281,0.03288415262172362
SFRP1,methy->rna,-1.5,0.22772552073001862,0.03304257042033157
SFRP1,methy->rna,-1.0,0.17736618220806122,0.03318896903941932
SFRP1,methy->rna,-0.5,0.09096012264490128,0.03306433134644383
SFRP1,methy->rna,0.0,0.010237173177301884,0.03257123333739943
SFRP1,methy->rna,0.5,-0.007825086824595928,0.03210320888418093
SFRP1,methy->rna,1.0,-0.06335640698671341,0.032398782629103264
SFRP1,methy->rna,1.5,-0.10437315702438354,0.032510677594489536
SFRP1,methy->rna,2.0,-0.13275191187858582,0.03250771584200215
SFRP2,methy->rna,-2.0,0.08579917252063751,0.0330274805202413
SFRP2,methy->rna,-1.5,0.07146566361188889,0.03324959452190214
SFRP2,methy->rna,-1.0,0.04787098243832588,0.03353685400211558
SFRP2,methy->rna,-0.5,0.007302423007786274,0.03371698478087941
SFRP2,methy->rna,0.0,-0.027595950290560722,0.033824521022958264
SFRP2,methy->rna,0.5,-0.03704414144158363,0.0336528330912409
SFRP2,methy->rna,1.0,-0.07257682830095291,0.03371414943136794
SFRP2,methy->rna,1.5,-0.10658328235149384,0.03363248875020354
SFRP2,methy->rna,2.0,-0.13365603983402252,0.03354751325996386
SIAH2,methy->rna,-2.0,0.15809988975524902,0.023226307094598532
SIAH2,methy->rna,-1.5,0.1419203281402588,0.023117345549998152
SIAH2,methy->rna,-1.0,0.11766978353261948,0.022903779004743153
SIAH2,methy->rna,-0.5,0.08713661879301071,0.022506350613573176
SIAH2,methy->rna,0.0,0.06597255170345306,0.021886357092880046
SIAH2,methy->rna,0.5,0.03122505359351635,0.02190956947385368
SIAH2,methy->rna,1.0,0.0066866506822407246,0.022445149779613784
SIAH2,methy->rna,1.5,-0.013163751922547817,0.02275504193060097
SIAH2,methy->rna,2.0,-0.029843121767044067,0.02291890377461988
SLC2A3,methy->rna,-2.0,0.15140454471111298,0.023042438710598596
SLC2A3,methy->rna,-1.5,0.1255643367767334,0.02326836441579177
SLC2A3,methy->rna,-1.0,0.08249757438898087,0.023540106841030816
SLC2A3,methy->rna,-0.5,0.007452542893588543,0.0236679133258508
SLC2A3,methy->rna,0.0,-0.05379173532128334,0.02475887561735659
SLC2A3,methy->rna,0.5,-0.08271224796772003,0.024186932662404386
SLC2A3,methy->rna,1.0,-0.12331963330507278,0.02424342171646847
SLC2A3,methy->rna,1.5,-0.15392859280109406,0.02437904121281699
SLC2A3,methy->rna,2.0,-0.17752322554588318,0.02450407119089015
SLC39A6,methy->rna,-2.0,0.2454901784658432,0.02863826358456899
SLC39A6,methy->rna,-1.5,0.2211221307516098,0.028523792613708042
SLC39A6,methy->rna,-1.0,0.17808641493320465,0.028286734729187735
SLC39A6,methy->rna,-0.5,0.09341654926538467,0.02777419463483062
SLC39A6,methy->rna,0.0,-0.004190939478576183,0.02672727288362294
SLC39A6,methy->rna,0.5,-0.06747503578662872,0.02714161530058733
SLC39A6,methy->rna,1.0,-0.15944354236125946,0.02751080134408692
SLC39A6,methy->rna,1.5,-0.21850579977035522,0.02756267451016845
SLC39A6,methy->rna,2.0,-0.2563302218914032,0.027540447200662295
SMAD3,methy->rna,-2.0,0.2496088594198227,0.025093754149703527
SMAD3,methy->rna,-1.5,0.21734698116779327,0.024944836188544085
SMAD3,methy->rna,-1.0,0.1637786477804184,0.024618629336217248
SMAD3,methy->rna,-0.5,0.06914275139570236,0.023869242755420236
SMAD3,methy->rna,0.0,-0.025006599724292755,0.02292464421321574
SMAD3,methy->rna,0.5,-0.09715095907449722,0.02352944758318254
SMAD3,methy->rna,1.0,-0.20004509389400482,0.024222687269695103
SMAD3,methy->rna,1.5,-0.26528188586235046,0.02454230373238113
SMAD3,methy->rna,2.0,-0.3052371144294739,0.024678559602332534
SMAD4,methy->rna,-2.0,0.27731403708457947,0.02963295693374559
SMAD4,methy->rna,-1.5,0.2529946267604828,0.02955853609199481
SMAD4,methy->rna,-1.0,0.21373504400253296,0.02937893925683614
SMAD4,methy->rna,-0.5,0.1487673968076706,0.028915663632661064
SMAD4,methy->rna,0.0,0.11475178599357605,0.028144424592562334
SMAD4,methy->rna,0.5,0.05602231249213219,0.02820438536974077
SMAD4,methy->rna,1.0,0.0021692572627216578,0.028484097720547427
SMAD4,methy->rna,1.5,-0.03798632696270943,0.02860633811570384
SMAD4,methy->rna,2.0,-0.06702246516942978,0.02863908084518913
SNAI2,methy->rna,-2.0,0.14303389191627502,0.029545686575684554
SNAI2,methy->rna,-1.5,0.11898599565029144,0.029828857573435643
SNAI2,methy->rna,-1.0,0.07919486612081528,0.030210904030053755
SNAI2,methy->rna,-0.5,0.008969811722636223,0.03063193708729503
SNAI2,methy->rna,0.0,-0.043000321835279465,0.03141196331358151
SNAI2,methy->rna,0.5,-0.08861004561185837,0.030756036477942058
SNAI2,methy->rna,1.0,-0.16380178928375244,0.03084527479957639
SNAI2,methy->rna,1.5,-0.21849149465560913,0.030752314128237528
SNAI2,methy->rna,2.0,-0.2558465600013733,0.030600183788000522
STC2,methy->rna,-2.0,0.32930558919906616,0.026234748046693464
STC2,methy->rna,-1.5,0.29824501276016235,0.02615961891240523
STC2,methy->rna,-1.0,0.2426413744688034,0.025956979686481915
STC2,methy->rna,-0.5,0.13371583819389343,0.02532573630093235
STC2,methy->rna,0.0,0.028603220358490944,0.024214353390731327
STC2,methy->rna,0.5,-0.06775803118944168,0.024908565072541442
STC2,methy->rna,1.0,-0.2281220555305481,0.025070129869377344
STC2,methy->rna,1.5,-0.3270373046398163,0.02500457902955715
STC2,methy->rna,2.0,-0.3854055106639862,0.024938121575289015
TBX3,methy->rna,-2.0,0.3708656132221222,0.02642461185460275
TBX3,methy->rna,-1.5,0.33597567677497864,0.02646369434713867
TBX3,methy->rna,-1.0,0.2743174135684967,0.026400479783011254
TBX3,methy->rna,-0.5,0.15530391037464142,0.025823206109454083
TBX3,methy->rna,0.0,0.04977807775139809,0.02398246931077692
TBX3,methy->rna,0.5,-0.03618149086833,0.024656242938998575
TBX3,methy->rna,1.0,-0.1677938997745514,0.024619091360887836
TBX3,methy->rna,1.5,-0.2598297894001007,0.02441361242672974
TBX3,methy->rna,2.0,-0.31942906975746155,0.024256600316388433
TFF3,methy->rna,-2.0,0.28102460503578186,0.03136023616473078
TFF3,methy->rna,-1.5,0.2485673725605011,0.031224204769029703
TFF3,methy->rna,-1.0,0.1919933706521988,0.03084812976334275
TFF3,methy->rna,-0.5,0.08256549388170242,0.029679850258448402
TFF3,methy->rna,0.0,-0.03933413326740265,0.02678705713250742
TFF3,methy->rna,0.5,-0.13211259245872498,0.027534460494199563
TFF3,methy->rna,1.0,-0.288575142621994,0.02719249903647808
TFF3,methy->rna,1.5,-0.39076972007751465,0.026765039041720024
TFF3,methy->rna,2.0,-0.45234283804893494,0.026448767899172436
TGFB1,methy->rna,-2.0,0.2695787847042084,0.025190219234581552
TGFB1,methy->rna,-1.5,0.2364910989999771,0.025607745698922012
TGFB1,methy->rna,-1.0,0.1786583513021469,0.026206945930077125
TGFB1,methy->rna,-0.5,0.07364880293607712,0.026722497902239666
TGFB1,methy->rna,0.0,-0.0006579689797945321,0.027411917167773282
TGFB1,methy->rna,0.5,-0.022750630974769592,0.026698721066597726
TGFB1,methy->rna,1.0,-0.0850130096077919,0.027846447011735963
TGFB1,methy->rna,1.5,-0.13525612652301788,0.02834979455863774
TGFB1,methy->rna,2.0,-0.17323288321495056,0.02855910916930636
TMEM45B,methy->rna,-2.0,0.29165536165237427,0.022582556352518345
TMEM45B,methy->rna,-1.5,0.25084933638572693,0.022413638389462837
TMEM45B,methy->rna,-1.0,0.17905382812023163,0.02203690521655646
TMEM45B,methy->rna,-0.5,0.039429083466529846,0.021061856633326374
TMEM45B,methy->rna,0.0,-0.11069930344820023,0.018767132649842238
TMEM45B,methy->rna,0.5,-0.20755012333393097,0.019749761052903915
TMEM45B,methy->rna,1.0,-0.3591313362121582,0.021234204911624817
TMEM45B,methy->rna,1.5,-0.4577714204788208,0.02195391294542165
TMEM45B,methy->rna,2.0,-0.5155328512191772,0.022269349392455867
TOP2A,methy->rna,-2.0,0.056723445653915405,0.037910671568342796
TOP2A,methy->rna,-1.5,0.03548066318035126,0.03780662884299483
TOP2A,methy->rna,-1.0,0.0009043356985785067,0.03755329984436795
TOP2A,methy->rna,-0.5,-0.057564858347177505,0.0368190598270642
TOP2A,methy->rna,0.0,-0.10945261269807816,0.03598615574897383
TOP2A,methy->rna,0.5,-0.11464609205722809,0.035293881519673866
TOP2A,methy->rna,1.0,-0.12602005898952484,0.03549406024629014
TOP2A,methy->rna,1.5,-0.1376042366027832,0.03557235381369956
TOP2A,methy->rna,2.0,-0.1473129242658615,0.03556386084133507
TP53,methy->rna,-2.0,0.4897931218147278,0.018137376678621326
TP53,methy->rna,-1.5,0.4547180235385895,0.018213664143628506
TP53,methy->rna,-1.0,0.39010465145111084,0.018271564334363364
TP53,methy->rna,-0.5,0.2569495737552643,0.01797135617688442
TP53,methy->rna,0.0,0.1436065286397934,0.018107372317053918
TP53,methy->rna,0.5,0.08289717882871628,0.017559363111782723
TP53,methy->rna,1.0,-0.014711359515786171,0.018032308563615294
TP53,methy->rna,1.5,-0.09618125855922699,0.018375183173869682
TP53,methy->rna,2.0,-0.15614444017410278,0.018567923739161857
TPX2,methy->rna,-2.0,0.044986557215452194,0.03780895640124099
TPX2,methy->rna,-1.5,0.02978149987757206,0.03762461727512385
TPX2,methy->rna,-1.0,0.0064381943084299564,0.03726761168390683
TPX2,methy->rna,-0.5,-0.027344632893800735,0.03651678018633341
TPX2,methy->rna,0.0,-0.043922435492277145,0.03678916770262196
TPX2,methy->rna,0.5,-0.06938491761684418,0.03548506384138364
TPX2,methy->rna,1.0,-0.10063179582357407,0.03557742300890608
TPX2,methy->rna,1.5,-0.12437085807323456,0.03562590290889279
TPX2,methy->rna,2.0,-0.14111210405826569,0.03561569913763014
TSPAN14,methy->rna,-2.0,0.5499074459075928,0.017785375991442042
TSPAN14,methy->rna,-1.5,0.4980366826057434,0.018092146206860296
TSPAN14,methy->rna,-1.0,0.4028281271457672,0.01849365763208849
TSPAN14,methy->rna,-0.5,0.21533942222595215,0.018644687394690374
TSPAN14,methy->rna,0.0,0.10833507776260376,0.019145149466762646
TSPAN14,methy->rna,0.5,0.01853466033935547,0.018700158686862173
TSPAN14,methy->rna,1.0,-0.09852465242147446,0.019078500228668985
TSPAN14,methy->rna,1.5,-0.18231908977031708,0.019497216624472367
TSPAN14,methy->rna,2.0,-0.2439408302307129,0.019829203143904836
TWIST1,methy->rna,-2.0,0.0610906220972538,0.028013368679516676
TWIST1,methy->rna,-1.5,0.038138117641210556,0.02798978362770026
TWIST1,methy->rna,-1.0,-0.000377374526578933,0.027829803226786604
TWIST1,methy->rna,-0.5,-0.0688362717628479,0.02711543462904135
TWIST1,methy->rna,0.0,-0.14672261476516724,0.026519006545909753
TWIST1,methy->rna,0.5,-0.15429876744747162,0.02620771306537923
TWIST1,methy->rna,1.0,-0.19677434861660004,0.026443435001205814
TWIST1,methy->rna,1.5,-0.22911275923252106,0.026579895731152665
TWIST1,methy->rna,2.0,-0.25241032242774963,0.026630731521087032
TYMS,methy->rna,-2.0,0.18818055093288422,0.03315751867139468
TYMS,methy->rna,-1.5,0.16317413747310638,0.0329361173209946
TYMS,methy->rna,-1.0,0.12367469817399979,0.03244141094304977
TYMS,methy->rna,-0.5,0.06313503533601761,0.031241443519710525
TYMS,methy->rna,0.0,0.0388515330851078,0.03176490439531437
TYMS,methy->rna,0.5,-0.0011001398088410497,0.030938605962396386
TYMS,methy->rna,1.0,-0.03236399590969086,0.03131957581435757
TYMS,methy->rna,1.5,-0.057861343026161194,0.03156148059919572
TYMS,methy->rna,2.0,-0.07763265818357468,0.03166238286440069
UBE2C,methy->rna,-2.0,0.11309178918600082,0.0374603762221772
UBE2C,methy->rna,-1.5,0.09211747348308563,0.03737155851734203
UBE2C,methy->rna,-1.0,0.05782593414187431,0.03713450499154503
UBE2C,methy->rna,-0.5,0.0008850410231389105,0.03642555864559421
UBE2C,methy->rna,0.0,-0.037614673376083374,0.03562058526645775
UBE2C,methy->rna,0.5,-0.061999864876270294,0.035087934022760225
UBE2C,methy->rna,1.0,-0.108737051486969,0.03515851482927717
UBE2C,methy->rna,1.5,-0.1424725353717804,0.03510234832073784
UBE2C,methy->rna,2.0,-0.16508640348911285,0.03499382482782985
UBE2T,methy->rna,-2.0,0.12448578327894211,0.03605371596023875
UBE2T,methy->rna,-1.5,0.10462832450866699,0.035913351993570104
UBE2T,methy->rna,-1.0,0.0731879249215126,0.035634053721477654
UBE2T,methy->rna,-0.5,0.025850653648376465,0.03501881992663622
UBE2T,methy->rna,0.0,-0.009390102699398994,0.035223876064633494
UBE2T,methy->rna,0.5,-0.0385197214782238,0.034129376669163734
UBE2T,methy->rna,1.0,-0.05952228233218193,0.0344064476336461
UBE2T,methy->rna,1.5,-0.07469213753938675,0.03461873271424872
UBE2T,methy->rna,2.0,-0.08584266155958176,0.03473326470723597
VEGFA,methy->rna,-2.0,0.4502807855606079,0.01530793214754947
VEGFA,methy->rna,-1.5,0.40316781401634216,0.01550554467581851
VEGFA,methy->rna,-1.0,0.32107269763946533,0.015732795432897136
VEGFA,methy->rna,-0.5,0.16887779533863068,0.01555104647810543
VEGFA,methy->rna,0.0,0.06679333001375198,0.01593829071226763
VEGFA,methy->rna,0.5,-0.057545535266399384,0.014841787393757293
VEGFA,methy->rna,1.0,-0.14541882276535034,0.014595777781244386
VEGFA,methy->rna,1.5,-0.20175699889659882,0.014528469286250479
VEGFA,methy->rna,2.0,-0.2444540411233902,0.014484734946264717
WIF1,methy->rna,-2.0,0.17075587809085846,0.022088475451368123
WIF1,methy->rna,-1.5,0.13574866950511932,0.022212284986915208
WIF1,methy->rna,-1.0,0.07954827696084976,0.02230124435025787
WIF1,methy->rna,-0.5,-0.006948317866772413,0.02216539602093571
WIF1,methy->rna,0.0,-0.06115167215466499,0.022075554016123298
WIF1,methy->rna,0.5,-0.09104312211275101,0.021663451982938915
WIF1,methy->rna,1.0,-0.1282416731119156,0.022148046122810548
WIF1,methy->rna,1.5,-0.1569289118051529,0.022457404330192575
WIF1,methy->rna,2.0,-0.17879392206668854,0.022632324255242392
XRCC4,methy->rna,-2.0,0.19225995242595673,0.0249001309429416
XRCC4,methy->rna,-1.5,0.16314095258712769,0.025004812221254096
XRCC4,methy->rna,-1.0,0.11248774081468582,0.025062781061881045
XRCC4,methy->rna,-0.5,0.017953552305698395,0.02471917636547267
XRCC4,methy->rna,0.0,-0.05131855234503746,0.02428441332981304
XRCC4,methy->rna,0.5,-0.07826859503984451,0.02437597267160857
XRCC4,methy->rna,1.0,-0.16851799190044403,0.02478053629283278
XRCC4,methy->rna,1.5,-0.24137833714485168,0.024730522122241864
XRCC4,methy->rna,2.0,-0.2920733690261841,0.02457311772680289
ZEB1,methy->rna,-2.0,0.0776265487074852,0.03373604547790273
ZEB1,methy->rna,-1.5,0.061419758945703506,0.033797579754195145
ZEB1,methy->rna,-1.0,0.03534897044301033,0.03384573274993379
ZEB1,methy->rna,-0.5,-0.009067228995263577,0.03374201257011058
ZEB1,methy->rna,0.0,-0.0603187121450901,0.03359770395884873
ZEB1,methy->rna,0.5,-0.061989571899175644,0.033233037911418926
ZEB1,methy->rna,1.0,-0.10248418897390366,0.033429082388978126
ZEB1,methy->rna,1.5,-0.13182207942008972,0.03355439132534296
ZEB1,methy->rna,2.0,-0.15240511298179626,0.03362867050858625
ZEB2,methy->rna,-2.0,0.0969768762588501,0.031202982145245906
ZEB2,methy->rna,-1.5,0.07955355197191238,0.031236740457261825
ZEB2,methy->rna,-1.0,0.051301002502441406,0.03128442489024493
ZEB2,methy->rna,-0.5,0.0015129533130675554,0.031413430023974453
ZEB2,methy->rna,0.0,-0.06342245638370514,0.03168876403721881
ZEB2,methy->rna,0.5,-0.06096665933728218,0.03215586008237283
ZEB2,methy->rna,1.0,-0.08236153423786163,0.03269113963622473
ZEB2,methy->rna,1.5,-0.10013580322265625,0.033121489464535595
ZEB2,methy->rna,2.0,-0.11480903625488281,0.033430409620225233
ZNF703,methy->rna,-2.0,0.2204940766096115,0.028908530581968482
ZNF703,methy->rna,-1.5,0.2009419947862625,0.028811535912208606
ZNF703,methy->rna,-1.0,0.1660608947277069,0.02855001469312544
ZNF703,methy->rna,-0.5,0.09503722935914993,0.027659802120989202
ZNF703,methy->rna,0.0,-0.006641970481723547,0.025941772100862348
ZNF703,methy->rna,0.5,-0.040634624660015106,0.02620738834049283
ZNF703,methy->rna,1.0,-0.12160737067461014,0.02639428167846811
ZNF703,methy->rna,1.5,-0.1792442351579666,0.026270724948872858
ZNF703,methy->rna,2.0,-0.21723167598247528,0.026110291240735228
FMOD,methy->rna,-2.0,0.30964237451553345,0.024195604342424487
FMOD,methy->rna,-1.5,0.2602262794971466,0.02417655236284778
FMOD,methy->rna,-1.0,0.17481116950511932,0.024121057097697792
FMOD,methy->rna,-0.5,0.015078038908541203,0.02403445362430279
FMOD,methy->rna,0.0,-0.14547115564346313,0.023559949928887818
FMOD,methy->rna,0.5,-0.21969084441661835,0.02429859879481702
FMOD,methy->rna,1.0,-0.33723631501197815,0.025868061731010677
FMOD,methy->rna,1.5,-0.4085856080055237,0.026662652631228877
FMOD,methy->rna,2.0,-0.4502960443496704,0.02704622246164293
AGR3,methy->rna,-2.0,0.13579979538917542,0.03546827621856514
AGR3,methy->rna,-1.5,0.1169460192322731,0.03530017769549142
AGR3,methy->rna,-1.0,0.08434869349002838,0.034940330216677966
AGR3,methy->rna,-0.5,0.020576784387230873,0.03391978745892675
AGR3,methy->rna,0.0,-0.06373072415590286,0.03154613789315362
AGR3,methy->rna,0.5,-0.1348142772912979,0.03176434647873102
AGR3,methy->rna,1.0,-0.23694711923599243,0.03123869970338851
AGR3,methy->rna,1.5,-0.3038899302482605,0.030701864085315868
AGR3,methy->rna,2.0,-0.34557586908340454,0.030328349829572016
NDUFS6,methy->rna,-2.0,0.1088356077671051,0.03334342475854083
NDUFS6,methy->rna,-1.5,0.09552024304866791,0.033281517811405634
NDUFS6,methy->rna,-1.0,0.07642758637666702,0.033030671105702326
NDUFS6,methy->rna,-0.5,0.0546962209045887,0.03208027110277566
NDUFS6,methy->rna,0.0,0.052834197878837585,0.03196716659167159
NDUFS6,methy->rna,0.5,0.04389638453722,0.03216968595270395
NDUFS6,methy->rna,1.0,0.008174799382686615,0.03236218242949091
NDUFS6,methy->rna,1.5,-0.03310147300362587,0.03239108512374237
NDUFS6,methy->rna,2.0,-0.06648798286914825,0.03233882621064813
COL1A2,methy->rna,-2.0,0.05497284606099129,0.03550996522763889
COL1A2,methy->rna,-1.5,0.04098064824938774,0.0355941016636419
COL1A2,methy->rna,-1.0,0.018787357956171036,0.03566317217253283
COL1A2,methy->rna,-0.5,-0.015899045392870903,0.035527910091495515
COL1A2,methy->rna,0.0,-0.044798437505960464,0.03564071820941469
COL1A2,methy->rna,0.5,-0.047102153301239014,0.035074955924112396
COL1A2,methy->rna,1.0,-0.07259487360715866,0.035817146252728874
COL1A2,methy->rna,1.5,-0.0939684808254242,0.036267681328676374
COL1A2,methy->rna,2.0,-0.11066928505897522,0.0365372073431136
MARCKS,methy->rna,-2.0,0.25173860788345337,0.01903073515930469
MARCKS,methy->rna,-1.5,0.21367080509662628,0.019316055007646337
MARCKS,methy->rna,-1.0,0.14969433844089508,0.01967988200083946
MARCKS,methy->rna,-0.5,0.03687142953276634,0.019929909266560974
MARCKS,methy->rna,0.0,-0.047541454434394836,0.021051380441857007
MARCKS,methy->rna,0.5,-0.1344199776649475,0.019649237996626687
MARCKS,methy->rna,1.0,-0.22761502861976624,0.019985846942126666
MARCKS,methy->rna,1.5,-0.29906073212623596,0.020385626864520993
MARCKS,methy->rna,2.0,-0.3534933924674988,0.02070506679891307
VIM,methy->rna,-2.0,0.16629883646965027,0.027426887202972594
VIM,methy->rna,-1.5,0.14188823103904724,0.02752118818172849
VIM,methy->rna,-1.0,0.10085955262184143,0.027610711999739457
VIM,methy->rna,-0.5,0.02855185605585575,0.027543522279955674
VIM,methy->rna,0.0,-0.04477738216519356,0.02783287176799502
VIM,methy->rna,0.5,-0.0848192423582077,0.027347970338130214
VIM,methy->rna,1.0,-0.14999006688594818,0.02757855987726232
VIM,methy->rna,1.5,-0.19903331995010376,0.027833080986713776
VIM,methy->rna,2.0,-0.2345372587442398,0.02801804558962553
A2M,methy->rna,-2.0,0.22537650167942047,0.025275305872265574
A2M,methy->rna,-1.5,0.1925780177116394,0.02560399937623929
A2M,methy->rna,-1.0,0.13821396231651306,0.026056892521496105
A2M,methy->rna,-0.5,0.042501818388700485,0.026580865547088568
A2M,methy->rna,0.0,-0.057747215032577515,0.02649688602512463
A2M,methy->rna,0.5,-0.09185028821229935,0.026913464467145726
A2M,methy->rna,1.0,-0.16506695747375488,0.02755921804258567
A2M,methy->rna,1.5,-0.22141897678375244,0.028045601438375
A2M,methy->rna,2.0,-0.2612811326980591,0.028339575531843512
ECM1,methy->rna,-2.0,0.31726107001304626,0.01858575091748918
ECM1,methy->rna,-1.5,0.2709002196788788,0.018617600108696453
ECM1,methy->rna,-1.0,0.18902698159217834,0.018607237244033077
ECM1,methy->rna,-0.5,0.030828699469566345,0.01841177465603542
ECM1,methy->rna,0.0,-0.12109401822090149,0.016951998991872823
ECM1,methy->rna,0.5,-0.20960251986980438,0.01784702250485962
ECM1,methy->rna,1.0,-0.359563946723938,0.019832465648300435
ECM1,methy->rna,1.5,-0.47382816672325134,0.021025358863711745
ECM1,methy->rna,2.0,-0.5489206314086914,0.02167697274263851
SLPI,methy->rna,-2.0,0.25998613238334656,0.020006117184867795
SLPI,methy->rna,-1.5,0.21634835004806519,0.02036287650821795
SLPI,methy->rna,-1.0,0.1484374850988388,0.020853561963911693
SLPI,methy->rna,-0.5,0.05157924443483353,0.021457151429437372
SLPI,methy->rna,0.0,-0.006651674397289753,0.022482301357724523
SLPI,methy->rna,0.5,-0.08019328862428665,0.02181468442617459
SLPI,methy->rna,1.0,-0.1870812028646469,0.022866086944942295
SLPI,methy->rna,1.5,-0.26566413044929504,0.023396619849112413
SLPI,methy->rna,2.0,-0.318035751581192,0.02360695440103497
ELN,methy->rna,-2.0,0.18194232881069183,0.027392213559062118
ELN,methy->rna,-1.5,0.1549610048532486,0.027552649446561397
ELN,methy->rna,-1.0,0.10916449129581451,0.027725387830595857
ELN,methy->rna,-0.5,0.027948489412665367,0.027696129900394842
ELN,methy->rna,0.0,-0.05763520672917366,0.027709020824576516
ELN,methy->rna,0.5,-0.06884434819221497,0.027935883655280783
ELN,methy->rna,1.0,-0.11889424175024033,0.028449683420673742
ELN,methy->rna,1.5,-0.1593257635831833,0.02877348643709654
ELN,methy->rna,2.0,-0.19093754887580872,0.028971581693971876
CTSS,methy->rna,-2.0,0.06444840133190155,0.030741330145502843
CTSS,methy->rna,-1.5,0.04539945721626282,0.030940323299379506
CTSS,methy->rna,-1.0,0.015384742990136147,0.031192368653992355
CTSS,methy->rna,-0.5,-0.031806789338588715,0.03134926961688932
CTSS,methy->rna,0.0,-0.07801544666290283,0.031533111848549414
CTSS,methy->rna,0.5,-0.09474743902683258,0.03193329713221133
CTSS,methy->rna,1.0,-0.12288065999746323,0.0327680231566442
CTSS,methy->rna,1.5,-0.14775146543979645,0.03340772246541014
CTSS,methy->rna,2.0,-0.16810037195682526,0.03382523367421903
APOD,methy->rna,-2.0,0.34232139587402344,0.0212404858319108
APOD,methy->rna,-1.5,0.2925700545310974,0.02146505815351702
APOD,methy->rna,-1.0,0.20670530200004578,0.021741037257810875
APOD,methy->rna,-0.5,0.05064168572425842,0.022069946518588308
APOD,methy->rna,0.0,-0.09535437822341919,0.021475017836274462
APOD,methy->rna,0.5,-0.1838110387325287,0.022752165173218077
APOD,methy->rna,1.0,-0.3269871175289154,0.024063524129401586
APOD,methy->rna,1.5,-0.41429954767227173,0.02470583867215198
APOD,methy->rna,2.0,-0.46498531103134155,0.024980100439462714
PABPC1,methy->rna,-2.0,0.04616259038448334,0.024517633358461167
PABPC1,methy->rna,-1.5,0.03011934459209442,0.024324585503175816
PABPC1,methy->rna,-1.0,0.007137053646147251,0.023938311084949513
PABPC1,methy->rna,-0.5,-0.025929206982254982,0.023073867285006704
PABPC1,methy->rna,0.0,-0.05849502235651016,0.022556739634368533
PABPC1,methy->rna,0.5,-0.1116197258234024,0.02302939523110116
PABPC1,methy->rna,1.0,-0.17862819135189056,0.0234590498430445
PABPC1,methy->rna,1.5,-0.22838094830513,0.023727050304324135
PABPC1,methy->rna,2.0,-0.2617117762565613,0.023906939173944403
CPXM1,methy->rna,-2.0,0.2126842588186264,0.02845765988432631
CPXM1,methy->rna,-1.5,0.18465085327625275,0.028897376609024812
CPXM1,methy->rna,-1.0,0.1357504427433014,0.02951129624878906
CPXM1,methy->rna,-0.5,0.043656375259160995,0.030074931477117334
CPXM1,methy->rna,0.0,-0.032258037477731705,0.03065099778431835
CPXM1,methy->rna,0.5,-0.05131455138325691,0.030170768905839092
CPXM1,methy->rna,1.0,-0.09917217493057251,0.02998980996964685
CPXM1,methy->rna,1.5,-0.13575713336467743,0.02974953752668733
CPXM1,methy->rna,2.0,-0.1636662781238556,0.029579614877909464
PIP,methy->rna,-2.0,0.32128340005874634,0.026166928491391763
PIP,methy->rna,-1.5,0.2805127501487732,0.026055497730037732
PIP,methy->rna,-1.0,0.20782120525836945,0.025744618328221416
PIP,methy->rna,-0.5,0.06456417590379715,0.024832705852099218
PIP,methy->rna,0.0,-0.0948745533823967,0.0227330412747068
PIP,methy->rna,0.5,-0.18428117036819458,0.02343319825510823
PIP,methy->rna,1.0,-0.3462361991405487,0.02402333670050723
PIP,methy->rna,1.5,-0.447183221578598,0.024280795589467885
PIP,methy->rna,2.0,-0.5061834454536438,0.024364969074619006
RGS1,methy->rna,-2.0,0.13387882709503174,0.019855085242904257
RGS1,methy->rna,-1.5,0.11467646807432175,0.019912799098217724
RGS1,methy->rna,-1.0,0.08292975276708603,0.019916493116220756
RGS1,methy->rna,-0.5,0.02704113908112049,0.019557595839088317
RGS1,methy->rna,0.0,-0.02256195992231369,0.01973078535098509
RGS1,methy->rna,0.5,-0.060861892998218536,0.01962879122559161
RGS1,methy->rna,1.0,-0.11778146773576736,0.01986184126403075
RGS1,methy->rna,1.5,-0.16158214211463928,0.02002472239530549
RGS1,methy->rna,2.0,-0.19204425811767578,0.020131881607818255
HOXB2,methy->rna,-2.0,0.7261107563972473,0.022263308201951795
HOXB2,methy->rna,-1.5,0.6773194670677185,0.02264455701220465
HOXB2,methy->rna,-1.0,0.579303503036499,0.02321130654833607
HOXB2,methy->rna,-0.5,0.330202579498291,0.023525023479025513
HOXB2,methy->rna,0.0,-0.0003533299604896456,0.020147555576831715
HOXB2,methy->rna,0.5,-0.13070876896381378,0.01994933827570377
HOXB2,methy->rna,1.0,-0.4086487591266632,0.020055475367600946
HOXB2,methy->rna,1.5,-0.5653460621833801,0.0202964713586295
HOXB2,methy->rna,2.0,-0.6463979482650757,0.020400250381217365
MT1E,methy->rna,-2.0,0.5697739720344543,0.01634767944019315
MT1E,methy->rna,-1.5,0.5159977078437805,0.01676398437232671
MT1E,methy->rna,-1.0,0.41120797395706177,0.01739383405609873
MT1E,methy->rna,-0.5,0.1777709722518921,0.01777533022389928
MT1E,methy->rna,0.0,-0.023267388343811035,0.017309759731902855
MT1E,methy->rna,0.5,-0.1849520057439804,0.01700943170953296
MT1E,methy->rna,1.0,-0.40496739745140076,0.017778853162012498
MT1E,methy->rna,1.5,-0.5402271747589111,0.018041155682248518
MT1E,methy->rna,2.0,-0.6169453859329224,0.01808770466781004
TRPS1,methy->rna,-2.0,0.25978758931159973,0.02722685885231042
TRPS1,methy->rna,-1.5,0.23641128838062286,0.02715013878401498
TRPS1,methy->rna,-1.0,0.1954665184020996,0.026981050830750482
TRPS1,methy->rna,-0.5,0.11170142143964767,0.026459148198729042
TRPS1,methy->rna,0.0,0.01908285915851593,0.02514130128290245
TRPS1,methy->rna,0.5,-0.05436769872903824,0.025668188115025917
TRPS1,methy->rna,1.0,-0.15816518664360046,0.025760928670837756
TRPS1,methy->rna,1.5,-0.22955401241779327,0.02564457909023131
TRPS1,methy->rna,2.0,-0.2757333219051361,0.025532461829956363
TSPYL5,methy->rna,-2.0,0.6310515999794006,0.0185589534865952
TSPYL5,methy->rna,-1.5,0.5719197392463684,0.018718314948799206
TSPYL5,methy->rna,-1.0,0.46341264247894287,0.01886093237541778
TSPYL5,methy->rna,-0.5,0.23979440331459045,0.018616843870202616
TSPYL5,methy->rna,0.0,0.06271865963935852,0.01902726561555199
TSPYL5,methy->rna,0.5,-0.09595049172639847,0.018220780849108685
TSPYL5,methy->rna,1.0,-0.3224632441997528,0.01838137909905117
TSPYL5,methy->rna,1.5,-0.45218923687934875,0.01844117860346723
TSPYL5,methy->rna,2.0,-0.524359405040741,0.018428241912690827
NID1,methy->rna,-2.0,0.002945920452475548,0.0335198157527069
NID1,methy->rna,-1.5,-0.012883823364973068,0.033656043290956804
NID1,methy->rna,-1.0,-0.03816971182823181,0.03385406662889757
NID1,methy->rna,-0.5,-0.0783194974064827,0.03413839486768677
NID1,methy->rna,0.0,-0.10393324494361877,0.0347764618345741
NID1,methy->rna,0.5,-0.1181987076997757,0.03432794702687958
NID1,methy->rna,1.0,-0.12814253568649292,0.03462050889399649
NID1,methy->rna,1.5,-0.13724295794963837,0.034825617336673456
NID1,methy->rna,2.0,-0.1454491913318634,0.034984872010156425
WASL,methy->rna,-2.0,0.15023201704025269,0.027067961594138656
WASL,methy->rna,-1.5,0.13013242185115814,0.02711192367741723
WASL,methy->rna,-1.0,0.0975329652428627,0.027166409898121555
WASL,methy->rna,-0.5,0.04032096266746521,0.02721889764418943
WASL,methy->rna,0.0,-0.012960419058799744,0.026723761931998817
WASL,methy->rna,0.5,-0.0669700875878334,0.027585965348161615
WASL,methy->rna,1.0,-0.13141581416130066,0.02815333382300269
WASL,methy->rna,1.5,-0.17706675827503204,0.028357707820802353
WASL,methy->rna,2.0,-0.2106807380914688,0.028428439003273406
COL14A1,methy->rna,-2.0,0.23913130164146423,0.029488929460137068
COL14A1,methy->rna,-1.5,0.21269871294498444,0.02937719358815152
COL14A1,methy->rna,-1.0,0.1659417748451233,0.029173386224381818
COL14A1,methy->rna,-0.5,0.0737149640917778,0.028855864128245003
COL14A1,methy->rna,0.0,-0.03623109683394432,0.028957278543438596
COL14A1,methy->rna,0.5,-0.055465586483478546,0.029082757470012422
COL14A1,methy->rna,1.0,-0.12607647478580475,0.029760266524108528
COL14A1,methy->rna,1.5,-0.17978861927986145,0.03018576509337825
COL14A1,methy->rna,2.0,-0.21765367686748505,0.03041932946116766
TP53INP1,methy->rna,-2.0,0.27909019589424133,0.028427140103727797
TP53INP1,methy->rna,-1.5,0.24994854629039764,0.028401752719823765
TP53INP1,methy->rna,-1.0,0.19703994691371918,0.028269988514240653
TP53INP1,methy->rna,-0.5,0.08518899977207184,0.02765773608614149
TP53INP1,methy->rna,0.0,-0.03537570685148239,0.02548660588140072
TP53INP1,methy->rna,0.5,-0.12137957662343979,0.02614759755352338
TP53INP1,methy->rna,1.0,-0.26755669713020325,0.025891160785178315
TP53INP1,methy->rna,1.5,-0.3637983500957489,0.025498304694757817
TP53INP1,methy->rna,2.0,-0.42304569482803345,0.025188081280799267
ENPP2,methy->rna,-2.0,0.27156633138656616,0.02712418258671933
ENPP2,methy->rna,-1.5,0.24296219646930695,0.027259281215632616
ENPP2,methy->rna,-1.0,0.19489309191703796,0.02744188992859671
ENPP2,methy->rna,-0.5,0.10828657448291779,0.027717284963967373
ENPP2,methy->rna,0.0,0.03003646433353424,0.0283164045587413
ENPP2,methy->rna,0.5,0.0003648773126769811,0.02849021518870938
ENPP2,methy->rna,1.0,-0.04366966336965561,0.028738067451500496
ENPP2,methy->rna,1.5,-0.07084427028894424,0.02903555685531644
ENPP2,methy->rna,2.0,-0.08878964930772781,0.029285701806567255
SYNGR2,methy->rna,-2.0,0.20744845271110535,0.024186296288801503
SYNGR2,methy->rna,-1.5,0.18892428278923035,0.024074632335750527
SYNGR2,methy->rna,-1.0,0.15788257122039795,0.02380711133403471
SYNGR2,methy->rna,-0.5,0.10399415343999863,0.023085322009858585
SYNGR2,methy->rna,0.0,0.05700467526912689,0.02304054266595987
SYNGR2,methy->rna,0.5,0.012126481160521507,0.023286217746458934
SYNGR2,methy->rna,1.0,-0.0847950279712677,0.02379263601393079
SYNGR2,methy->rna,1.5,-0.175801083445549,0.02387744587268479
SYNGR2,methy->rna,2.0,-0.24464981257915497,0.023832333086453057
C1orf115,methy->rna,-2.0,0.32749301195144653,0.020332060334434535
C1orf115,methy->rna,-1.5,0.28604796528816223,0.020455375154886227
C1orf115,methy->rna,-1.0,0.216666117310524,0.02058559419305686
C1orf115,methy->rna,-0.5,0.09721213579177856,0.02066464617832177
C1orf115,methy->rna,0.0,-0.02552492916584015,0.020034943601461373
C1orf115,methy->rna,0.5,-0.05101848021149635,0.020543935695046256
C1orf115,methy->rna,1.0,-0.1122540682554245,0.02136362848279185
C1orf115,methy->rna,1.5,-0.16053715348243713,0.02198474219537499
C1orf115,methy->rna,2.0,-0.19793608784675598,0.022428665088065146
PLTP,methy->rna,-2.0,0.19741080701351166,0.024322667664920555
PLTP,methy->rna,-1.5,0.16036143898963928,0.024580187576007516
PLTP,methy->rna,-1.0,0.09952735900878906,0.024832923788264585
PLTP,methy->rna,-0.5,-0.004130123648792505,0.024717979895924783
PLTP,methy->rna,0.0,-0.08996148407459259,0.025105226309448638
PLTP,methy->rna,0.5,-0.11724107712507248,0.024874030907776803
PLTP,methy->rna,1.0,-0.1819370687007904,0.025034717421866262
PLTP,methy->rna,1.5,-0.2341213971376419,0.02509437962649814
PLTP,methy->rna,2.0,-0.27309006452560425,0.025100209418921805
PRRX1,methy->rna,-2.0,-0.007197482045739889,0.03374890153229795
PRRX1,methy->rna,-1.5,-0.024583689868450165,0.03388762443964135
PRRX1,methy->rna,-1.0,-0.05220846086740494,0.0340992535323862
PRRX1,methy->rna,-0.5,-0.09673668444156647,0.03443165195117122
PRRX1,methy->rna,0.0,-0.13390083611011505,0.03444738694231098
PRRX1,methy->rna,0.5,-0.15361881256103516,0.03472729107694316
PRRX1,methy->rna,1.0,-0.17940635979175568,0.03560150931390285
PRRX1,methy->rna,1.5,-0.20174440741539001,0.03614799732473976
PRRX1,methy->rna,2.0,-0.21952514350414276,0.03648266227964463
LRP5,methy->rna,-2.0,0.2991175949573517,0.01764263325152838
LRP5,methy->rna,-1.5,0.2636432945728302,0.01762796396823728
LRP5,methy->rna,-1.0,0.20333518087863922,0.017540592269859347
LRP5,methy->rna,-0.5,0.09067390859127045,0.017230553011960532
LRP5,methy->rna,0.0,-0.019321823492646217,0.01699833222063063
LRP5,methy->rna,0.5,-0.06996522843837738,0.017102141754281645
LRP5,methy->rna,1.0,-0.20689672231674194,0.018155707289490654
LRP5,methy->rna,1.5,-0.31520259380340576,0.01879640147685152
LRP5,methy->rna,2.0,-0.38614755868911743,0.019153437579131693
S100A16,methy->rna,-2.0,0.3170165717601776,0.022718252126524747
S100A16,methy->rna,-1.5,0.27883675694465637,0.023024541792698357
S100A16,methy->rna,-1.0,0.21192805469036102,0.0235009110216889
S100A16,methy->rna,-0.5,0.08516201376914978,0.02405736525336821
S100A16,methy->rna,0.0,-0.028705494478344917,0.023649759243275423
S100A16,methy->rna,0.5,-0.11576947569847107,0.02466768022895723
S100A16,methy->rna,1.0,-0.27586475014686584,0.02572479703398095
S100A16,methy->rna,1.5,-0.3881908059120178,0.025806163501322095
S100A16,methy->rna,2.0,-0.45836901664733887,0.02567832650543896
IFI16,methy->rna,-2.0,-0.005259711295366287,0.02946421331962238
IFI16,methy->rna,-1.5,-0.020825715735554695,0.029525765030808022
IFI16,methy->rna,-1.0,-0.044186607003211975,0.02965430378114365
IFI16,methy->rna,-0.5,-0.08150310814380646,0.029873375393935912
IFI16,methy->rna,0.0,-0.12348562479019165,0.02973513412551798
IFI16,methy->rna,0.5,-0.158657506108284,0.03032497617773208
IFI16,methy->rna,1.0,-0.21271836757659912,0.030826880987219106
IFI16,methy->rna,1.5,-0.25266146659851074,0.0310696357231022
IFI16,methy->rna,2.0,-0.27994367480278015,0.03117523233330926
CHAD,methy->rna,-2.0,0.4886152446269989,0.027283748908918784
CHAD,methy->rna,-1.5,0.44750291109085083,0.027149949179551106
CHAD,methy->rna,-1.0,0.36932429671287537,0.02674724673317916
CHAD,methy->rna,-0.5,0.19220097362995148,0.02539519473619764
CHAD,methy->rna,0.0,-0.01927001401782036,0.022553542510822547
CHAD,methy->rna,0.5,-0.09787788987159729,0.022752221836621074
CHAD,methy->rna,1.0,-0.27327147126197815,0.02235869886153454
CHAD,methy->rna,1.5,-0.3799174129962921,0.022145674977331314
CHAD,methy->rna,2.0,-0.4416179060935974,0.022004086209413288
EIF3K,methy->rna,-2.0,0.3913354277610779,0.02086062745439301
EIF3K,methy->rna,-1.5,0.34881943464279175,0.02108210726181262
EIF3K,methy->rna,-1.0,0.27345946431159973,0.02133206042923791
EIF3K,methy->rna,-0.5,0.13772384822368622,0.021261130924856365
EIF3K,methy->rna,0.0,0.051244668662548065,0.021615246682520572
EIF3K,methy->rna,0.5,-0.015957333147525787,0.021212254381048682
EIF3K,methy->rna,1.0,-0.08755158632993698,0.021514396721995288
EIF3K,methy->rna,1.5,-0.14887623488903046,0.02170161914358028
EIF3K,methy->rna,2.0,-0.19919109344482422,0.021721806570578567
IGFBP4,methy->rna,-2.0,0.19518765807151794,0.02724808801417918
IGFBP4,methy->rna,-1.5,0.17194072902202606,0.02725789732098251
IGFBP4,methy->rna,-1.0,0.13133206963539124,0.027210892848835364
IGFBP4,methy->rna,-0.5,0.04984914883971214,0.026845533764399684
IGFBP4,methy->rna,0.0,-0.07121576368808746,0.025757304392407643
IGFBP4,methy->rna,0.5,-0.11086612194776535,0.026460802334224202
IGFBP4,methy->rna,1.0,-0.22159621119499207,0.027010720660304046
IGFBP4,methy->rna,1.5,-0.29915061593055725,0.027192446731798388
IGFBP4,methy->rna,2.0,-0.34882330894470215,0.0272353431072283
TPD52,methy->rna,-2.0,0.13727527856826782,0.027327874444321384
TPD52,methy->rna,-1.5,0.11453919112682343,0.02724192695878415
TPD52,methy->rna,-1.0,0.07777983695268631,0.027008704750774368
TPD52,methy->rna,-0.5,0.013586554676294327,0.026228510713640556
TPD52,methy->rna,0.0,-0.043199069797992706,0.025064202005679263
TPD52,methy->rna,0.5,-0.10738054662942886,0.025790570168689825
TPD52,methy->rna,1.0,-0.20775020122528076,0.02607084915352644
TPD52,methy->rna,1.5,-0.27253246307373047,0.02601597500644776
TPD52,methy->rna,2.0,-0.31153276562690735,0.025947144227338736
ANXA9,methy->rna,-2.0,0.24899299442768097,0.02499012550306977
ANXA9,methy->rna,-1.5,0.22450727224349976,0.02490352420903642
ANXA9,methy->rna,-1.0,0.18311984837055206,0.024738335133770405
ANXA9,methy->rna,-0.5,0.10650739818811417,0.02441479364074605
ANXA9,methy->rna,0.0,0.008195564150810242,0.023838618365462347
ANXA9,methy->rna,0.5,-0.05742326006293297,0.024423694153739788
ANXA9,methy->rna,1.0,-0.1584276258945465,0.02506260671294875
ANXA9,methy->rna,1.5,-0.22740675508975983,0.025380841460346325
ANXA9,methy->rna,2.0,-0.273510217666626,0.02556669524281279
FABP4,methy->rna,-2.0,0.1364569067955017,0.02940112733783253
FABP4,methy->rna,-1.5,0.1172325611114502,0.02936846960345173
FABP4,methy->rna,-1.0,0.08697587996721268,0.029284224199366042
FABP4,methy->rna,-0.5,0.03895306587219238,0.02916267466185385
FABP4,methy->rna,0.0,-0.015524986200034618,0.028938862937464775
FABP4,methy->rna,0.5,-0.043335266411304474,0.029184542376687144
FABP4,methy->rna,1.0,-0.09153955429792404,0.02949657901954158
FABP4,methy->rna,1.5,-0.12294138222932816,0.02969867558441312
FABP4,methy->rna,2.0,-0.1429055780172348,0.02980663680201445
KRT19,methy->rna,-2.0,0.2601924538612366,0.026898019331105905
KRT19,methy->rna,-1.5,0.2334274798631668,0.026712252723105588
KRT19,methy->rna,-1.0,0.1891758143901825,0.026273756440933164
KRT19,methy->rna,-0.5,0.11393160372972488,0.025091125839549155
KRT19,methy->rna,0.0,0.04880443960428238,0.023960359686800065
KRT19,methy->rna,0.5,-0.036754999309778214,0.02428773685633494
KRT19,methy->rna,1.0,-0.1764083355665207,0.024808124832007058
KRT19,methy->rna,1.5,-0.26286959648132324,0.024641778515702924
KRT19,methy->rna,2.0,-0.312875360250473,0.024416894545380225
PLEKHF2,methy->rna,-2.0,0.0826316550374031,0.02797958203579926
PLEKHF2,methy->rna,-1.5,0.07262788712978363,0.027954953069750717
PLEKHF2,methy->rna,-1.0,0.05482524260878563,0.02789962561544806
PLEKHF2,methy->rna,-0.5,0.015408146195113659,0.027709870775621464
PLEKHF2,methy->rna,0.0,-0.027861468493938446,0.02694048855165169
PLEKHF2,methy->rna,0.5,-0.0972653180360794,0.027645058739401877
PLEKHF2,methy->rna,1.0,-0.19748973846435547,0.027596112456021275
PLEKHF2,methy->rna,1.5,-0.2653973400592804,0.027297173776705617
PLEKHF2,methy->rna,2.0,-0.3091854751110077,0.02707916351303871
GIMAP4,methy->rna,-2.0,0.09796913713216782,0.03382436628828085
GIMAP4,methy->rna,-1.5,0.08523863554000854,0.03394836978701512
GIMAP4,methy->rna,-1.0,0.06568870693445206,0.034086168645017345
GIMAP4,methy->rna,-0.5,0.03563736751675606,0.034027251782071034
GIMAP4,methy->rna,0.0,-0.0042024399153888226,0.032899427767554446
GIMAP4,methy->rna,0.5,-0.027034474536776543,0.03421684316977361
GIMAP4,methy->rna,1.0,-0.06790229678153992,0.03464371037816186
GIMAP4,methy->rna,1.5,-0.09681852906942368,0.03489039886182989
GIMAP4,methy->rna,2.0,-0.11638811975717545,0.035018532250897925
RAB25,methy->rna,-2.0,0.2620943486690521,0.022923951176209864
RAB25,methy->rna,-1.5,0.23821981251239777,0.022815717538401822
RAB25,methy->rna,-1.0,0.19768287241458893,0.02259754600197254
RAB25,methy->rna,-0.5,0.12233521789312363,0.022111426308943312
RAB25,methy->rna,0.0,0.03319533169269562,0.021459165159605397
RAB25,methy->rna,0.5,-0.0414871945977211,0.022330750727687403
RAB25,methy->rna,1.0,-0.15521392226219177,0.023080987259529364
RAB25,methy->rna,1.5,-0.245054230093956,0.02335059391034778
RAB25,methy->rna,2.0,-0.30753305554389954,0.023471833978505142
FXYD5,methy->rna,-2.0,0.48501837253570557,0.019341889160689376
FXYD5,methy->rna,-1.5,0.4264862537384033,0.019848525364326602
FXYD5,methy->rna,-1.0,0.31762856245040894,0.020577306080687814
FXYD5,methy->rna,-0.5,0.09377379715442657,0.021096220807882024
FXYD5,methy->rna,0.0,-0.11878304183483124,0.021546788574254332
FXYD5,methy->rna,0.5,-0.21777476370334625,0.021119346014389508
FXYD5,methy->rna,1.0,-0.384317010641098,0.022202129161608936
FXYD5,methy->rna,1.5,-0.5094677805900574,0.022656669904275954
FXYD5,methy->rna,2.0,-0.590751588344574,0.022734091727023887
RGS2,methy->rna,-2.0,0.18799178302288055,0.021289257766359107
RGS2,methy->rna,-1.5,0.15493617951869965,0.02154280688051301
RGS2,methy->rna,-1.0,0.09975150972604752,0.021907451134326274
RGS2,methy->rna,-0.5,0.0036570325028151274,0.022356345150948538
RGS2,methy->rna,0.0,-0.07709163427352905,0.022938690199073884
RGS2,methy->rna,0.5,-0.10785691440105438,0.022289606559027075
RGS2,methy->rna,1.0,-0.14224958419799805,0.022579893172577515
RGS2,methy->rna,1.5,-0.16730241477489471,0.022855556269431584
RGS2,methy->rna,2.0,-0.18717552721500397,0.023061074432099444
KAT2A,methy->rna,-2.0,0.3040193021297455,0.024884707600518315
KAT2A,methy->rna,-1.5,0.2757064402103424,0.024998557453307958
KAT2A,methy->rna,-1.0,0.22719760239124298,0.025081340505724012
KAT2A,methy->rna,-0.5,0.14243002235889435,0.024723818405795062
KAT2A,methy->rna,0.0,0.10090843588113785,0.024137587555841156
KAT2A,methy->rna,0.5,0.05995132401585579,0.024328142221394667
KAT2A,methy->rna,1.0,0.019635718315839767,0.024904239039658837
KAT2A,methy->rna,1.5,-0.026927901431918144,0.02486592586178667
KAT2A,methy->rna,2.0,-0.0667508915066719,0.024623371627175716
PLOD2,methy->rna,-2.0,0.11527027934789658,0.02438112250319628
PLOD2,methy->rna,-1.5,0.07985634356737137,0.024486302855327477
PLOD2,methy->rna,-1.0,0.024459686130285263,0.02455198663620855
PLOD2,methy->rna,-0.5,-0.06214955821633339,0.024429129481704132
PLOD2,methy->rna,0.0,-0.12852631509304047,0.024860725904880924
PLOD2,methy->rna,0.5,-0.18616490066051483,0.024237875241059786
PLOD2,methy->rna,1.0,-0.2609381377696991,0.02463033686702096
PLOD2,methy->rna,1.5,-0.3193186819553375,0.02483863589515895
PLOD2,methy->rna,2.0,-0.36285844445228577,0.02492559460450351
FSCN1,methy->rna,-2.0,0.15820321440696716,0.0245822078442605
FSCN1,methy->rna,-1.5,0.12390078604221344,0.024737759782293825
FSCN1,methy->rna,-1.0,0.0677051767706871,0.024866394424542217
FSCN1,methy->rna,-0.5,-0.025988208130002022,0.02468137315822747
FSCN1,methy->rna,0.0,-0.09172628074884415,0.025454266333821363
FSCN1,methy->rna,0.5,-0.1187586635351181,0.024817613772647296
FSCN1,methy->rna,1.0,-0.16964974999427795,0.025409826970340627
FSCN1,methy->rna,1.5,-0.21470914781093597,0.025562417155886565
FSCN1,methy->rna,2.0,-0.2512650787830353,0.02555750705408076
SQLE,methy->rna,-2.0,0.13925018906593323,0.026763177866867757
SQLE,methy->rna,-1.5,0.11927088350057602,0.026796920923352098
SQLE,methy->rna,-1.0,0.08760228008031845,0.026812305037265616
SQLE,methy->rna,-0.5,0.03527796268463135,0.026644770968860212
SQLE,methy->rna,0.0,0.0036485232412815094,0.026497265234052374
SQLE,methy->rna,0.5,-0.04540826380252838,0.02658026186391049
SQLE,methy->rna,1.0,-0.12175430357456207,0.026520813236720675
SQLE,methy->rna,1.5,-0.19108356535434723,0.02626989679144445
SQLE,methy->rna,2.0,-0.2421698123216629,0.02609445817832105
GIMAP7,methy->rna,-2.0,0.10410013049840927,0.033420140468112966
GIMAP7,methy->rna,-1.5,0.09056758135557175,0.033510398731001236
GIMAP7,methy->rna,-1.0,0.06987406313419342,0.03359838174032303
GIMAP7,methy->rna,-0.5,0.03921180218458176,0.033478194303844404
GIMAP7,methy->rna,0.0,-0.005859928205609322,0.03242113634158533
GIMAP7,methy->rna,0.5,-0.0264423917979002,0.0335507082041482
GIMAP7,methy->rna,1.0,-0.06783220916986465,0.03392054587678224
GIMAP7,methy->rna,1.5,-0.09588772058486938,0.03415697610514628
GIMAP7,methy->rna,2.0,-0.11401767283678055,0.0342862449416359
CD163,methy->rna,-2.0,-0.006319004576653242,0.03260932857910623
CD163,methy->rna,-1.5,-0.023069657385349274,0.032643368028775474
CD163,methy->rna,-1.0,-0.047992806881666183,0.03255930351170704
CD163,methy->rna,-0.5,-0.08383802324533463,0.031958468759311645
CD163,methy->rna,0.0,-0.12880077958106995,0.03151567477595811
CD163,methy->rna,0.5,-0.1468125432729721,0.031819421127081846
CD163,methy->rna,1.0,-0.19441279768943787,0.032257178605653664
CD163,methy->rna,1.5,-0.2295684665441513,0.03237034195952239
CD163,methy->rna,2.0,-0.25372520089149475,0.03235972628890718
CX3CL1,methy->rna,-2.0,0.38395118713378906,0.02322098291407853
CX3CL1,methy->rna,-1.5,0.344715416431427,0.023630746492208483
CX3CL1,methy->rna,-1.0,0.2776933014392853,0.024237230150010287
CX3CL1,methy->rna,-0.5,0.15495163202285767,0.02506161292403466
CX3CL1,methy->rna,0.0,0.07133467495441437,0.02598182440933417
CX3CL1,methy->rna,0.5,0.002525248099118471,0.025366830344274643
CX3CL1,methy->rna,1.0,-0.08856513351202011,0.02521910885266309
CX3CL1,methy->rna,1.5,-0.1537882685661316,0.025352511938209792
CX3CL1,methy->rna,2.0,-0.2011624574661255,0.025520327144268523
CLEC11A,methy->rna,-2.0,0.1770947128534317,0.030000148861332038
CLEC11A,methy->rna,-1.5,0.1541871428489685,0.030519719576384014
CLEC11A,methy->rna,-1.0,0.11553005129098892,0.031248792327206825
CLEC11A,methy->rna,-0.5,0.0464683473110199,0.03200452738850108
CLEC11A,methy->rna,0.0,-0.01241976022720337,0.032741992861052324
CLEC11A,methy->rna,0.5,-0.03439981862902641,0.03295570324417647
CLEC11A,methy->rna,1.0,-0.08367764204740524,0.03331805916825334
CLEC11A,methy->rna,1.5,-0.1253114938735962,0.033372277327474255
CLEC11A,methy->rna,2.0,-0.1587088406085968,0.03336085529304718
MRPL36,methy->rna,-2.0,0.09086553752422333,0.03312522489041005
MRPL36,methy->rna,-1.5,0.0742727667093277,0.03307840784336512
MRPL36,methy->rna,-1.0,0.04936324432492256,0.03285655754446438
MRPL36,methy->rna,-0.5,0.017675012350082397,0.031984043568317896
MRPL36,methy->rna,0.0,0.0037403616588562727,0.03207355431015894
MRPL36,methy->rna,0.5,-0.007033230736851692,0.03214624473875668
MRPL36,methy->rna,1.0,-0.03605283796787262,0.03243444570320452
MRPL36,methy->rna,1.5,-0.07187777757644653,0.03248469960357735
MRPL36,methy->rna,2.0,-0.10175616294145584,0.03241808305590849
AKR1B1,methy->rna,-2.0,0.2886712849140167,0.02177605742022429
AKR1B1,methy->rna,-1.5,0.2479054182767868,0.022295445068897354
AKR1B1,methy->rna,-1.0,0.17895923554897308,0.02306091969742203
AKR1B1,methy->rna,-0.5,0.05571327731013298,0.023921266297455872
AKR1B1,methy->rna,0.0,-0.058531902730464935,0.024901333950574443
AKR1B1,methy->rna,0.5,-0.08908474445343018,0.02484231465763041
AKR1B1,methy->rna,1.0,-0.1659805029630661,0.02464332804183871
AKR1B1,methy->rna,1.5,-0.2238168567419052,0.024648628249380522
AKR1B1,methy->rna,2.0,-0.26688671112060547,0.024722478098378034
CST1,methy->rna,-2.0,0.2437543421983719,0.016743713039904753
CST1,methy->rna,-1.5,0.21471257507801056,0.016865258218693637
CST1,methy->rna,-1.0,0.16797836124897003,0.016964323282024536
CST1,methy->rna,-0.5,0.09439951181411743,0.016792743228709023
CST1,methy->rna,0.0,0.03096722811460495,0.016686879646699387
CST1,methy->rna,0.5,-0.017084818333387375,0.016609450196185666
CST1,methy->rna,1.0,-0.09671702980995178,0.017873060428217284
CST1,methy->rna,1.5,-0.16484607756137848,0.018745469795004393
CST1,methy->rna,2.0,-0.2166997492313385,0.019307424735497656
EPHX2,methy->rna,-2.0,0.4206463098526001,0.023070752977203554
EPHX2,methy->rna,-1.5,0.3805568516254425,0.023178725091613152
EPHX2,methy->rna,-1.0,0.31051504611968994,0.023287608179193998
EPHX2,methy->rna,-0.5,0.17355743050575256,0.02325836986324787
EPHX2,methy->rna,0.0,0.02246219292283058,0.022080202594530654
EPHX2,methy->rna,0.5,-0.052026890218257904,0.02257316548315252
EPHX2,methy->rna,1.0,-0.17085961997509003,0.022936846459114847
EPHX2,methy->rna,1.5,-0.24987418949604034,0.023102377694160497
EPHX2,methy->rna,2.0,-0.30201148986816406,0.02319817807373414
RAB34,methy->rna,-2.0,0.635830283164978,0.021214244138238518
RAB34,methy->rna,-1.5,0.5901288390159607,0.021641527604702622
RAB34,methy->rna,-1.0,0.500001847743988,0.022261076535618398
RAB34,methy->rna,-0.5,0.2834800183773041,0.022429377739325906
RAB34,methy->rna,0.0,0.0393013060092926,0.02023756539249146
RAB34,methy->rna,0.5,-0.09960505366325378,0.02146321877228129
RAB34,methy->rna,1.0,-0.4335472285747528,0.021370393221364956
RAB34,methy->rna,1.5,-0.618102490901947,0.02108302477306883
RAB34,methy->rna,2.0,-0.7082965970039368,0.020833409406699865
C6orf62,methy->rna,-2.0,0.21575810015201569,0.023205764431650695
C6orf62,methy->rna,-1.5,0.19019167125225067,0.023298770869584286
C6orf62,methy->rna,-1.0,0.14762701094150543,0.02335429228707412
C6orf62,methy->rna,-0.5,0.07318954914808273,0.02305609894944403
C6orf62,methy->rna,0.0,0.03456457331776619,0.023046716797524822
C6orf62,methy->rna,0.5,-0.028653329238295555,0.02313976682269149
C6orf62,methy->rna,1.0,-0.08404988795518875,0.023603336660689814
C6orf62,methy->rna,1.5,-0.1272096335887909,0.02389480666761822
C6orf62,methy->rna,2.0,-0.1615585833787918,0.024067861059092463
CHI3L1,methy->rna,-2.0,0.2856401801109314,0.021559306827593227
CHI3L1,methy->rna,-1.5,0.24907800555229187,0.021804944858944176
CHI3L1,methy->rna,-1.0,0.18904180824756622,0.02214101114339238
CHI3L1,methy->rna,-0.5,0.08977887779474258,0.022477188575284926
CHI3L1,methy->rna,0.0,0.00366216036491096,0.02290669934935912
CHI3L1,methy->rna,0.5,-0.04857109114527702,0.02275569573909708
CHI3L1,methy->rna,1.0,-0.11274968087673187,0.023608294708451997
CHI3L1,methy->rna,1.5,-0.1635139435529709,0.024207739028112327
CHI3L1,methy->rna,2.0,-0.20228523015975952,0.024546464133778055
LGALS3BP,methy->rna,-2.0,0.530479907989502,0.018352977657980062
LGALS3BP,methy->rna,-1.5,0.4830230474472046,0.018540431091900348
LGALS3BP,methy->rna,-1.0,0.39283499121665955,0.01865559074104387
LGALS3BP,methy->rna,-0.5,0.20341475307941437,0.01778481589549704
LGALS3BP,methy->rna,0.0,0.0431666299700737,0.016368716818236383
LGALS3BP,methy->rna,0.5,-0.08125999569892883,0.015798265636336142
LGALS3BP,methy->rna,1.0,-0.28956377506256104,0.015191545517794912
LGALS3BP,methy->rna,1.5,-0.44486770033836365,0.015306458899071566
LGALS3BP,methy->rna,2.0,-0.5397179126739502,0.015577423292200241
PYCARD,methy->rna,-2.0,0.3623995780944824,0.024439233002330717
PYCARD,methy->rna,-1.5,0.3197934031486511,0.024711971395845512
PYCARD,methy->rna,-1.0,0.2439584732055664,0.024979760459044736
PYCARD,methy->rna,-0.5,0.10375498235225677,0.024533930624907586
PYCARD,methy->rna,0.0,-0.03067096695303917,0.021430979475338008
PYCARD,methy->rna,0.5,-0.09446017444133759,0.02217974493806371
PYCARD,methy->rna,1.0,-0.226766437292099,0.022267344379734457
PYCARD,methy->rna,1.5,-0.32602381706237793,0.02195532953049656
PYCARD,methy->rna,2.0,-0.39155250787734985,0.021643595818911992
GRHL2,methy->rna,-2.0,0.13377849757671356,0.026388281895835457
GRHL2,methy->rna,-1.5,0.11893308162689209,0.026291771044362703
GRHL2,methy->rna,-1.0,0.09530062228441238,0.02610443747533337
GRHL2,methy->rna,-0.5,0.05383506789803505,0.025656352001884635
GRHL2,methy->rna,0.0,0.01824767142534256,0.025176059921917418
GRHL2,methy->rna,0.5,-0.047195836901664734,0.026067551779344385
GRHL2,methy->rna,1.0,-0.14057357609272003,0.026448009481316946
GRHL2,methy->rna,1.5,-0.21139970421791077,0.02648754963980015
GRHL2,methy->rna,2.0,-0.2592795491218567,0.026468499839585095
ATP6V1B2,methy->rna,-2.0,0.1586214154958725,0.023704284692489513
ATP6V1B2,methy->rna,-1.5,0.12744008004665375,0.023929111999409218
ATP6V1B2,methy->rna,-1.0,0.07499818503856659,0.024189428031497883
ATP6V1B2,methy->rna,-0.5,-0.017611565068364143,0.02424991403483486
ATP6V1B2,methy->rna,0.0,-0.09108757227659225,0.02426362439899833
ATP6V1B2,methy->rna,0.5,-0.09902921319007874,0.024668403777026258
ATP6V1B2,methy->rna,1.0,-0.13881540298461914,0.02573168817552997
ATP6V1B2,methy->rna,1.5,-0.17699024081230164,0.02638749078755516
ATP6V1B2,methy->rna,2.0,-0.21027180552482605,0.026781878969218215
LXN,methy->rna,-2.0,0.4501681327819824,0.013271174844291304
LXN,methy->rna,-1.5,0.3947957158088684,0.01351436872154762
LXN,methy->rna,-1.0,0.29379481077194214,0.013941448417697105
LXN,methy->rna,-0.5,0.09353197365999222,0.014573948205240031
LXN,methy->rna,0.0,-0.07481519132852554,0.015540745725249184
LXN,methy->rna,0.5,-0.20110341906547546,0.015879701843250205
LXN,methy->rna,1.0,-0.4159584939479828,0.018651648275812314
LXN,methy->rna,1.5,-0.5604684352874756,0.02012150130826165
LXN,methy->rna,2.0,-0.6469898819923401,0.020753592465494505
ZHX1,methy->rna,-2.0,0.17895059287548065,0.02966902536911444
ZHX1,methy->rna,-1.5,0.15697439014911652,0.02970056291160523
ZHX1,methy->rna,-1.0,0.1224948838353157,0.02975616932419956
ZHX1,methy->rna,-0.5,0.06598389893770218,0.029901920672876163
ZHX1,methy->rna,0.0,0.03413473069667816,0.030591472879470658
ZHX1,methy->rna,0.5,-0.005065739620476961,0.030573381998383237
ZHX1,methy->rna,1.0,-0.05793546140193939,0.03094952020555815
ZHX1,methy->rna,1.5,-0.10356229543685913,0.030996927859611233
ZHX1,methy->rna,2.0,-0.13868533074855804,0.030955319486918664
CLSTN2,methy->rna,-2.0,0.20730619132518768,0.030528086145772595
CLSTN2,methy->rna,-1.5,0.18432609736919403,0.0302675783298584
CLSTN2,methy->rna,-1.0,0.14461484551429749,0.029764516279333256
CLSTN2,methy->rna,-0.5,0.07103709131479263,0.028736890596207494
CLSTN2,methy->rna,0.0,-0.01741662062704563,0.026900959289976756
CLSTN2,methy->rna,0.5,-0.046039070934057236,0.02760275297098012
CLSTN2,methy->rna,1.0,-0.12216092646121979,0.02784829946914161
CLSTN2,methy->rna,1.5,-0.1857374906539917,0.027845575267074478
CLSTN2,methy->rna,2.0,-0.23297522962093353,0.02778152164871038
QSOX1,methy->rna,-2.0,0.33239635825157166,0.020977388934352005
QSOX1,methy->rna,-1.5,0.2951295077800751,0.021323874746866586
QSOX1,methy->rna,-1.0,0.23301035165786743,0.02180421913151349
QSOX1,methy->rna,-0.5,0.12924569845199585,0.022141930834010247
QSOX1,methy->rna,0.0,0.05233120173215866,0.022003796354313345
QSOX1,methy->rna,0.5,0.0045706829987466335,0.02294456139936897
QSOX1,methy->rna,1.0,-0.0599447637796402,0.024053470734093037
QSOX1,methy->rna,1.5,-0.10838448256254196,0.024409728804262835
QSOX1,methy->rna,2.0,-0.1453237384557724,0.024501146487550876
LAMB3,methy->rna,-2.0,0.28922799229621887,0.024820037222806218
LAMB3,methy->rna,-1.5,0.2611216604709625,0.02505732176093851
LAMB3,methy->rna,-1.0,0.21384374797344208,0.025404916868534827
LAMB3,methy->rna,-0.5,0.12987005710601807,0.02591918519668333
LAMB3,methy->rna,0.0,0.044601306319236755,0.026854848356107627
LAMB3,methy->rna,0.5,0.011951257474720478,0.026769134062267337
LAMB3,methy->rna,1.0,-0.04158462584018707,0.02770600676740944
LAMB3,methy->rna,1.5,-0.08444030582904816,0.028447939931350776
LAMB3,methy->rna,2.0,-0.11772492527961731,0.02895782774257533
PTN,methy->rna,-2.0,0.14000430703163147,0.027073941762516426
PTN,methy->rna,-1.5,0.11087749153375626,0.027402641804575106
PTN,methy->rna,-1.0,0.0645347461104393,0.02782356807309535
PTN,methy->rna,-0.5,-0.00996567215770483,0.028093399198164098
PTN,methy->rna,0.0,-0.08219660818576813,0.027465790987852914
PTN,methy->rna,0.5,-0.14593605697155,0.028313863423053077
PTN,methy->rna,1.0,-0.24830806255340576,0.028476528797524103
PTN,methy->rna,1.5,-0.31208670139312744,0.028287362385344003
PTN,methy->rna,2.0,-0.3511807322502136,0.028082652765849668
S100A9,methy->rna,-2.0,0.17507608234882355,0.018628673445258936
S100A9,methy->rna,-1.5,0.14582952857017517,0.01870831821689365
S100A9,methy->rna,-1.0,0.09902174025774002,0.01876351273013543
S100A9,methy->rna,-0.5,0.026354266330599785,0.018582667120749186
S100A9,methy->rna,0.0,-0.05125362053513527,0.019169072319635386
S100A9,methy->rna,0.5,-0.09513098001480103,0.018121021659091085
S100A9,methy->rna,1.0,-0.17292450368404388,0.018884037967670377
S100A9,methy->rna,1.5,-0.23504897952079773,0.019470345095282164
S100A9,methy->rna,2.0,-0.279625803232193,0.01985182491787031
THRSP,methy->rna,-2.0,0.4580603241920471,0.021696630584754947
THRSP,methy->rna,-1.5,0.3881453275680542,0.022106947720744945
THRSP,methy->rna,-1.0,0.2676187753677368,0.022762565087029566
THRSP,methy->rna,-0.5,0.048882223665714264,0.02373904115214283
THRSP,methy->rna,0.0,-0.14341475069522858,0.022706145772538405
THRSP,methy->rna,0.5,-0.2366919219493866,0.024777182255247727
THRSP,methy->rna,1.0,-0.3536783456802368,0.02573522092077063
THRSP,methy->rna,1.5,-0.4028630256652832,0.02593648714885211
THRSP,methy->rna,2.0,-0.42492562532424927,0.025909314867753695
SSR3,methy->rna,-2.0,0.16734623908996582,0.024755286208712934
SSR3,methy->rna,-1.5,0.13615091145038605,0.024872132683776426
SSR3,methy->rna,-1.0,0.08694268018007278,0.02493111056884904
SSR3,methy->rna,-0.5,0.00914039183408022,0.024625533553936194
SSR3,methy->rna,0.0,-0.03997097164392471,0.023760069812739447
SSR3,methy->rna,0.5,-0.08442200720310211,0.02412241484000805
SSR3,methy->rna,1.0,-0.14528053998947144,0.02491458229006733
SSR3,methy->rna,1.5,-0.1963903307914734,0.02544537017955093
SSR3,methy->rna,2.0,-0.23749010264873505,0.02574474473119733
ID4,methy->rna,-2.0,0.3706948161125183,0.02566739046866066
ID4,methy->rna,-1.5,0.3263353109359741,0.025954264201861397
ID4,methy->rna,-1.0,0.24994736909866333,0.026320665021167547
ID4,methy->rna,-0.5,0.10801439732313156,0.026645603485011927
ID4,methy->rna,0.0,-0.015352466143667698,0.027195602447472957
ID4,methy->rna,0.5,-0.06198127195239067,0.026561785235810362
ID4,methy->rna,1.0,-0.14756539463996887,0.026466754170900476
ID4,methy->rna,1.5,-0.20613163709640503,0.02655150082816652
ID4,methy->rna,2.0,-0.24709095060825348,0.02664106605404891
PDK4,methy->rna,-2.0,0.2313610464334488,0.02728739716032709
PDK4,methy->rna,-1.5,0.2033911943435669,0.027433896030050916
PDK4,methy->rna,-1.0,0.1570465862751007,0.027607423343004013
PDK4,methy->rna,-0.5,0.07511360198259354,0.027734990098042086
PDK4,methy->rna,0.0,-0.02238916978240013,0.027083147386141686
PDK4,methy->rna,0.5,-0.026034438982605934,0.027983302206142136
PDK4,methy->rna,1.0,-0.07078258693218231,0.028839231240103912
PDK4,methy->rna,1.5,-0.10507943481206894,0.029472619117520728
PDK4,methy->rna,2.0,-0.13103395700454712,0.029901251608848475
FPR3,methy->rna,-2.0,0.024619286879897118,0.031737614428686646
FPR3,methy->rna,-1.5,0.011021365411579609,0.03186021441851593
FPR3,methy->rna,-1.0,-0.010212075896561146,0.03199707833036872
FPR3,methy->rna,-0.5,-0.04474012553691864,0.032049805806218495
FPR3,methy->rna,0.0,-0.08266115933656693,0.03206335489761959
FPR3,methy->rna,0.5,-0.09703492373228073,0.032811279126746966
FPR3,methy->rna,1.0,-0.1295805126428604,0.03382271869087065
FPR3,methy->rna,1.5,-0.1576211303472519,0.03457413207800561
FPR3,methy->rna,2.0,-0.17898261547088623,0.035056073934744685
TIMP2,methy->rna,-2.0,0.13272705674171448,0.032941857759590465
TIMP2,methy->rna,-1.5,0.11138428747653961,0.03323372876906315
TIMP2,methy->rna,-1.0,0.07711479812860489,0.033654066609936896
TIMP2,methy->rna,-0.5,0.021762151271104813,0.03425789362588283
TIMP2,methy->rna,0.0,-0.008708265610039234,0.03624888869313646
TIMP2,methy->rna,0.5,-0.029962219297885895,0.03488429664919951
TIMP2,methy->rna,1.0,-0.07142095267772675,0.034694336949377465
TIMP2,methy->rna,1.5,-0.10393447428941727,0.03458398497204202
TIMP2,methy->rna,2.0,-0.1279897391796112,0.03449322109725009
KCNK1,methy->rna,-2.0,0.5341640114784241,0.014801428884973123
KCNK1,methy->rna,-1.5,0.4785085618495941,0.014909231009173731
KCNK1,methy->rna,-1.0,0.3791302442550659,0.014962155717253175
KCNK1,methy->rna,-0.5,0.1863308697938919,0.014450985351695412
KCNK1,methy->rna,0.0,0.021754322573542595,0.01403868499660054
KCNK1,methy->rna,0.5,-0.10079801082611084,0.013978390777089088
KCNK1,methy->rna,1.0,-0.28666412830352783,0.014334017922060141
KCNK1,methy->rna,1.5,-0.4276396930217743,0.014842354027787257
KCNK1,methy->rna,2.0,-0.5197873115539551,0.015332795394975786
LMOD1,methy->rna,-2.0,0.19606433808803558,0.027470184580946785
LMOD1,methy->rna,-1.5,0.16194488108158112,0.027618736409348404
LMOD1,methy->rna,-1.0,0.10478111356496811,0.027858653616358375
LMOD1,methy->rna,-0.5,0.008103699423372746,0.028395271298265645
LMOD1,methy->rna,0.0,-0.08180633932352066,0.028921430223596774
LMOD1,methy->rna,0.5,-0.09408072382211685,0.029040756812222183
LMOD1,methy->rna,1.0,-0.12322504073381424,0.029331705951715352
LMOD1,methy->rna,1.5,-0.14308063685894012,0.02962935226957036
LMOD1,methy->rna,2.0,-0.15895940363407135,0.02987389190264784
KDM2A,methy->rna,-2.0,0.2815900444984436,0.025099215630007717
KDM2A,methy->rna,-1.5,0.24663379788398743,0.025299682032362283
KDM2A,methy->rna,-1.0,0.18785139918327332,0.02547981716984942
KDM2A,methy->rna,-0.5,0.08441395312547684,0.025234305541474388
KDM2A,methy->rna,0.0,0.01797318272292614,0.0245784745977477
KDM2A,methy->rna,0.5,-0.015648573637008667,0.02449621677149019
KDM2A,methy->rna,1.0,-0.07323583215475082,0.0247497092222411
KDM2A,methy->rna,1.5,-0.12635719776153564,0.02487921342978932
KDM2A,methy->rna,2.0,-0.17070959508419037,0.024903604845417607
KRT10,methy->rna,-2.0,0.2269418090581894,0.021737184146407122
KRT10,methy->rna,-1.5,0.19908419251441956,0.021598180101410396
KRT10,methy->rna,-1.0,0.14864948391914368,0.021242129070597696
KRT10,methy->rna,-0.5,0.04726390913128853,0.020009098551610066
KRT10,methy->rna,0.0,-0.052767932415008545,0.01854075581678675
KRT10,methy->rna,0.5,-0.12558983266353607,0.01800810675245088
KRT10,methy->rna,1.0,-0.24321863055229187,0.018040352587479127
KRT10,methy->rna,1.5,-0.31141284108161926,0.017903548608071813
KRT10,methy->rna,2.0,-0.35047104954719543,0.01777513299166962
PPP1R1B,methy->rna,-2.0,0.7964088916778564,0.020459023406294533
PPP1R1B,methy->rna,-1.5,0.740742564201355,0.02091076584859819
PPP1R1B,methy->rna,-1.0,0.6339507699012756,0.02159567819423194
PPP1R1B,methy->rna,-0.5,0.38096651434898376,0.022381290124436865
PPP1R1B,methy->rna,0.0,0.05823851376771927,0.021363273246842295
PPP1R1B,methy->rna,0.5,-0.05420514568686485,0.02169789243515244
PPP1R1B,methy->rna,1.0,-0.30728718638420105,0.022331655162773693
PPP1R1B,methy->rna,1.5,-0.44411399960517883,0.02212130753468122
PPP1R1B,methy->rna,2.0,-0.5136789083480835,0.021722575885242325
RPL37,methy->rna,-2.0,0.36321350932121277,0.01953422218535231
RPL37,methy->rna,-1.5,0.3227989375591278,0.019739587792704412
RPL37,methy->rna,-1.0,0.252572238445282,0.01997963358205195
RPL37,methy->rna,-0.5,0.12936969101428986,0.019922529948001522
RPL37,methy->rna,0.0,0.058555785566568375,0.019837253705853628
RPL37,methy->rna,0.5,0.0006958762533031404,0.02036593633197975
RPL37,methy->rna,1.0,-0.06940926611423492,0.021546455131921317
RPL37,methy->rna,1.5,-0.1301506608724594,0.022124537348652013
RPL37,methy->rna,2.0,-0.17883560061454773,0.022340769253209495
NES,methy->rna,-2.0,0.26035448908805847,0.01890374157638154
NES,methy->rna,-1.5,0.2222467064857483,0.019042224753943033
NES,methy->rna,-1.0,0.1590796262025833,0.019223756862250196
NES,methy->rna,-0.5,0.05479030683636665,0.019410273170659388
NES,methy->rna,0.0,-0.03984680399298668,0.020306540009469628
NES,methy->rna,0.5,-0.07371847331523895,0.01974750105486902
NES,methy->rna,1.0,-0.11947819590568542,0.02064603225043746
NES,methy->rna,1.5,-0.15350602567195892,0.021230040151504585
NES,methy->rna,2.0,-0.18064945936203003,0.021604249623615967
MRC2,methy->rna,-2.0,0.1794377714395523,0.030022524367430647
MRC2,methy->rna,-1.5,0.15216600894927979,0.030593523658786793
MRC2,methy->rna,-1.0,0.10677871853113174,0.03144588943644476
MRC2,methy->rna,-0.5,0.024302436038851738,0.03258889270487942
MRC2,methy->rna,0.0,-0.05186792463064194,0.033587604796945454
MRC2,methy->rna,0.5,-0.07518953084945679,0.033655502809266685
MRC2,methy->rna,1.0,-0.15471313893795013,0.03397342808730944
MRC2,methy->rna,1.5,-0.2206263691186905,0.033910878228486395
MRC2,methy->rna,2.0,-0.2693507969379425,0.03374110377630098
POLD2,methy->rna,-2.0,0.3348677158355713,0.02510538540284936
POLD2,methy->rna,-1.5,0.3013056516647339,0.025219276663510426
POLD2,methy->rna,-1.0,0.24393048882484436,0.02526178729192763
POLD2,methy->rna,-0.5,0.14153647422790527,0.024722390923911885
POLD2,methy->rna,0.0,0.06931072473526001,0.023921750115742994
POLD2,methy->rna,0.5,0.03852662816643715,0.024708750299321333
POLD2,methy->rna,1.0,-0.019627640023827553,0.0254985596800713
POLD2,methy->rna,1.5,-0.07972631603479385,0.025686414116535865
POLD2,methy->rna,2.0,-0.13047511875629425,0.025564287048185443
NECAB3,methy->rna,-2.0,0.262397825717926,0.028285719146657107
NECAB3,methy->rna,-1.5,0.24253706634044647,0.028335351928958627
NECAB3,methy->rna,-1.0,0.20904336869716644,0.02831549358557005
NECAB3,methy->rna,-0.5,0.14863404631614685,0.027941218732609057
NECAB3,methy->rna,0.0,0.0905364453792572,0.027177049541714952
NECAB3,methy->rna,0.5,0.060225710272789,0.027833266232454343
NECAB3,methy->rna,1.0,0.017961671575903893,0.028290568226336608
NECAB3,methy->rna,1.5,-0.027724437415599823,0.02826284892546311
NECAB3,methy->rna,2.0,-0.06660401076078415,0.028102447907750287
KRT15,methy->rna,-2.0,0.30353233218193054,0.025437001430800698
KRT15,methy->rna,-1.5,0.2708350121974945,0.025823966706671225
KRT15,methy->rna,-1.0,0.21493485569953918,0.026426209326694917
KRT15,methy->rna,-0.5,0.11031333357095718,0.027439810817579076
KRT15,methy->rna,0.0,0.003763058688491583,0.028032974216953423
KRT15,methy->rna,0.5,-0.04321853071451187,0.02841873866455276
KRT15,methy->rna,1.0,-0.14771009981632233,0.029861330062075874
KRT15,methy->rna,1.5,-0.22416599094867706,0.030493735047386866
KRT15,methy->rna,2.0,-0.2751016914844513,0.030706318700536046
CAPN8,methy->rna,-2.0,0.3228098154067993,0.029007525905726462
CAPN8,methy->rna,-1.5,0.287302166223526,0.028844622980835184
CAPN8,methy->rna,-1.0,0.22552473843097687,0.028445858640971485
CAPN8,methy->rna,-0.5,0.10897623002529144,0.027358446529599584
CAPN8,methy->rna,0.0,-0.01747928187251091,0.024868763390659795
CAPN8,methy->rna,0.5,-0.08605940639972687,0.025793303088203573
CAPN8,methy->rna,1.0,-0.2003888636827469,0.025918062825431673
CAPN8,methy->rna,1.5,-0.2727457880973816,0.025851184754364372
CAPN8,methy->rna,2.0,-0.3174406886100769,0.025768922569383554
EFNA4,methy->rna,-2.0,0.2387244552373886,0.020663273180479936
EFNA4,methy->rna,-1.5,0.21197831630706787,0.02075105350916794
EFNA4,methy->rna,-1.0,0.17015737295150757,0.020821675723556306
EFNA4,methy->rna,-0.5,0.11109285056591034,0.020632624817543854
EFNA4,methy->rna,0.0,0.06564115732908249,0.020619138927630717
EFNA4,methy->rna,0.5,0.028371091932058334,0.020883430115375745
EFNA4,methy->rna,1.0,-0.014628414995968342,0.02169012519021863
EFNA4,methy->rna,1.5,-0.05087567865848541,0.022150550209350656
EFNA4,methy->rna,2.0,-0.08083752542734146,0.022409750408272623
METRN,methy->rna,-2.0,0.29799556732177734,0.02792205342622636
METRN,methy->rna,-1.5,0.27293431758880615,0.02797309843487948
METRN,methy->rna,-1.0,0.22952352464199066,0.027966237804393612
METRN,methy->rna,-0.5,0.14701206982135773,0.02761742879235618
METRN,methy->rna,0.0,0.05480054393410683,0.026511986822023163
METRN,methy->rna,0.5,-0.01761464588344097,0.027755408537375667
METRN,methy->rna,1.0,-0.1405143141746521,0.02804590219028321
METRN,methy->rna,1.5,-0.23045513033866882,0.02775055945769617
METRN,methy->rna,2.0,-0.2895994186401367,0.02743928341205888
MNDA,methy->rna,-2.0,0.027480456978082657,0.029935097095330543
MNDA,methy->rna,-1.5,0.01476023904979229,0.029995537332072796
MNDA,methy->rna,-1.0,-0.004893119912594557,0.0300539224307756
MNDA,methy->rna,-0.5,-0.035539377480745316,0.0300204692293912
MNDA,methy->rna,0.0,-0.07080680131912231,0.03011781259701567
MNDA,methy->rna,0.5,-0.09463229775428772,0.030251568739150272
MNDA,methy->rna,1.0,-0.1327078491449356,0.030986761137496693
MNDA,methy->rna,1.5,-0.1683446615934372,0.03151088889776657
MNDA,methy->rna,2.0,-0.1957625150680542,0.03184809934708297
TM4SF1,methy->rna,-2.0,0.4419722259044647,0.015809335703856148
TM4SF1,methy->rna,-1.5,0.3887753486633301,0.016270470105206453
TM4SF1,methy->rna,-1.0,0.29706692695617676,0.016967560723761117
TM4SF1,methy->rna,-0.5,0.1305461972951889,0.017792669225216173
TM4SF1,methy->rna,0.0,-0.013451732695102692,0.01789499679294267
TM4SF1,methy->rna,0.5,-0.12484830617904663,0.01838778860167472
TM4SF1,methy->rna,1.0,-0.27644726634025574,0.020330639390636316
TM4SF1,methy->rna,1.5,-0.3777817487716675,0.021391720454508132
TM4SF1,methy->rna,2.0,-0.44077301025390625,0.021874926341006354
SYCP2,methy->rna,-2.0,0.5108012557029724,0.019551650540497005
SYCP2,methy->rna,-1.5,0.4630495011806488,0.019599317538586878
SYCP2,methy->rna,-1.0,0.37222379446029663,0.019593359163825645
SYCP2,methy->rna,-0.5,0.17530137300491333,0.01903199265097888
SYCP2,methy->rna,0.0,0.01931189000606537,0.017487510647740834
SYCP2,methy->rna,0.5,-0.14607946574687958,0.017535709410074218
SYCP2,methy->rna,1.0,-0.37805110216140747,0.01822247639247527
SYCP2,methy->rna,1.5,-0.5190137028694153,0.018696224939077234
SYCP2,methy->rna,2.0,-0.5968055129051208,0.018971582925299782
COL10A1,methy->rna,-2.0,0.1211114376783371,0.035687461158163396
COL10A1,methy->rna,-1.5,0.10643696784973145,0.035926925057949394
COL10A1,methy->rna,-1.0,0.08248048275709152,0.03625842993845639
COL10A1,methy->rna,-0.5,0.04120167717337608,0.036591281664465375
COL10A1,methy->rna,0.0,0.013253564015030861,0.036869254884672374
COL10A1,methy->rna,0.5,-0.03226456418633461,0.036853066586308644
COL10A1,methy->rna,1.0,-0.08287280052900314,0.037891153205372195
COL10A1,methy->rna,1.5,-0.12671370804309845,0.03848326833179111
COL10A1,methy->rna,2.0,-0.16044799983501434,0.03879595006569504
BNIPL,methy->rna,-2.0,0.3928266763687134,0.020527039104145068
BNIPL,methy->rna,-1.5,0.3546845614910126,0.020554300739071284
BNIPL,methy->rna,-1.0,0.2860826551914215,0.020607544723632996
BNIPL,methy->rna,-0.5,0.1474066823720932,0.020701889289621966
BNIPL,methy->rna,0.0,0.010350034572184086,0.019642067896785992
BNIPL,methy->rna,0.5,-0.11448127776384354,0.021013932470561363
BNIPL,methy->rna,1.0,-0.31717556715011597,0.022204452361131787
BNIPL,methy->rna,1.5,-0.4416133761405945,0.02285473682944979
BNIPL,methy->rna,2.0,-0.5133271217346191,0.023201120211966644
AQP1,methy->rna,-2.0,0.3213654160499573,0.027109626630234224
AQP1,methy->rna,-1.5,0.2903812527656555,0.027498370265214178
AQP1,methy->rna,-1.0,0.23554493486881256,0.02805426222158683
AQP1,methy->rna,-0.5,0.13210460543632507,0.0286819227365777
AQP1,methy->rna,0.0,0.03069889545440674,0.02871636972687619
AQP1,methy->rna,0.5,0.007628698367625475,0.029261149118176594
AQP1,methy->rna,1.0,-0.03956322744488716,0.029285915384009317
AQP1,methy->rna,1.5,-0.06950002908706665,0.029415918665376236
AQP1,methy->rna,2.0,-0.09060102701187134,0.029567120597548763
CD9,methy->rna,-2.0,0.4652935564517975,0.020171543810554065
CD9,methy->rna,-1.5,0.42565903067588806,0.02048278062768159
CD9,methy->rna,-1.0,0.354291707277298,0.020899245742896696
CD9,methy->rna,-0.5,0.2157112956047058,0.02107788583828939
CD9,methy->rna,0.0,0.13990184664726257,0.02128497532070957
CD9,methy->rna,0.5,0.05151718109846115,0.02063296261860018
CD9,methy->rna,1.0,-0.056868813931941986,0.020356135742623033
CD9,methy->rna,1.5,-0.13644181191921234,0.020243046487050533
CD9,methy->rna,2.0,-0.19381514191627502,0.020162279344164157
PTMS,methy->rna,-2.0,0.3197956085205078,0.02224201147987177
PTMS,methy->rna,-1.5,0.29080820083618164,0.022496166456565405
PTMS,methy->rna,-1.0,0.2390287220478058,0.02285781190874317
PTMS,methy->rna,-0.5,0.13950835168361664,0.022995525771640903
PTMS,methy->rna,0.0,0.05686867982149124,0.022566036791183245
PTMS,methy->rna,0.5,-0.024111559614539146,0.023336802909803122
PTMS,methy->rna,1.0,-0.1511509269475937,0.023421538670260898
PTMS,methy->rna,1.5,-0.2463114708662033,0.023061418771240728
PTMS,methy->rna,2.0,-0.30828458070755005,0.022691742371369054
SND1,methy->rna,-2.0,0.3083774149417877,0.020747342056271677
SND1,methy->rna,-1.5,0.27199044823646545,0.020795083152657778
SND1,methy->rna,-1.0,0.2121809720993042,0.020731881664700278
SND1,methy->rna,-0.5,0.11497917771339417,0.020107912988350785
SND1,methy->rna,0.0,0.0929705798625946,0.020287749553291365
SND1,methy->rna,0.5,0.030717192217707634,0.019762580058151017
SND1,methy->rna,1.0,-0.0427878238260746,0.019914159019889636
SND1,methy->rna,1.5,-0.10287860035896301,0.02006431921719169
SND1,methy->rna,2.0,-0.1505819410085678,0.02015308025862386
FZD6,methy->rna,-2.0,0.31895869970321655,0.023047152669855565
FZD6,methy->rna,-1.5,0.2826099991798401,0.023066725516867507
FZD6,methy->rna,-1.0,0.22285620868206024,0.023002974829773273
FZD6,methy->rna,-0.5,0.11943921446800232,0.022513531610222143
FZD6,methy->rna,0.0,0.05329914018511772,0.022341627921701055
FZD6,methy->rna,0.5,-0.03358786925673485,0.022743757195958076
FZD6,methy->rna,1.0,-0.1723605841398239,0.02243434232517305
FZD6,methy->rna,1.5,-0.2688758075237274,0.022200601429089688
FZD6,methy->rna,2.0,-0.32935237884521484,0.02209475855101576
C1S,methy->rna,-2.0,0.19658306241035461,0.02774095936961159
C1S,methy->rna,-1.5,0.166854590177536,0.028134190310236527
C1S,methy->rna,-1.0,0.11848615854978561,0.028686392607329452
C1S,methy->rna,-0.5,0.03757631778717041,0.029300142256884716
C1S,methy->rna,0.0,-0.035943761467933655,0.029763762220201075
C1S,methy->rna,0.5,-0.07123947888612747,0.03001212663298081
C1S,methy->rna,1.0,-0.14267069101333618,0.03076904290829138
C1S,methy->rna,1.5,-0.20140239596366882,0.03142883593150451
C1S,methy->rna,2.0,-0.2447742074728012,0.03186291900632818
S100A14,methy->rna,-2.0,0.34315067529678345,0.021447015218385983
S100A14,methy->rna,-1.5,0.31000465154647827,0.021541534133307245
S100A14,methy->rna,-1.0,0.25207236409187317,0.02166592555841587
S100A14,methy->rna,-0.5,0.14220504462718964,0.021732404806300544
S100A14,methy->rna,0.0,0.037544135004282,0.0215196359074108
S100A14,methy->rna,0.5,-0.03133992478251457,0.022112609702321272
S100A14,methy->rna,1.0,-0.18130891025066376,0.023405692531676795
S100A14,methy->rna,1.5,-0.29744386672973633,0.023935231646932825
S100A14,methy->rna,2.0,-0.37606796622276306,0.024143011986997233
RBP1,methy->rna,-2.0,0.42439836263656616,0.014852033662572196
RBP1,methy->rna,-1.5,0.37627464532852173,0.015044661990739207
RBP1,methy->rna,-1.0,0.2895456850528717,0.01525099632434638
RBP1,methy->rna,-0.5,0.12913119792938232,0.015050841570708292
RBP1,methy->rna,0.0,0.030138898640871048,0.015919062204396976
RBP1,methy->rna,0.5,-0.08706612139940262,0.014469119820015907
RBP1,methy->rna,1.0,-0.23546592891216278,0.014052006344708825
RBP1,methy->rna,1.5,-0.34448349475860596,0.014029780124883495
RBP1,methy->rna,2.0,-0.4201674461364746,0.01414820118874179
RIN2,methy->rna,-2.0,0.3247074484825134,0.027361929149522207
RIN2,methy->rna,-1.5,0.269051730632782,0.02806030777081421
RIN2,methy->rna,-1.0,0.17441552877426147,0.029043820994707294
RIN2,methy->rna,-0.5,0.0038088427390903234,0.02988032973697289
RIN2,methy->rna,0.0,-0.1306457370519638,0.028247318794318795
RIN2,methy->rna,0.5,-0.2137984037399292,0.028857692612672462
RIN2,methy->rna,1.0,-0.3785799443721771,0.02900635558851842
RIN2,methy->rna,1.5,-0.5003659129142761,0.028731215538461242
RIN2,methy->rna,2.0,-0.5788514018058777,0.02845857739558252
YWHAZ,methy->rna,-2.0,-0.0008406001725234091,0.03379937772755945
YWHAZ,methy->rna,-1.5,-0.008319574408233166,0.033720859685899704
YWHAZ,methy->rna,-1.0,-0.018526475876569748,0.03354529031107708
YWHAZ,methy->rna,-0.5,-0.03103157877922058,0.033052377547773244
YWHAZ,methy->rna,0.0,-0.05848466232419014,0.03229707400008642
YWHAZ,methy->rna,0.5,-0.06603340804576874,0.03260920217613031
YWHAZ,methy->rna,1.0,-0.07916524261236191,0.03284825199720211
YWHAZ,methy->rna,1.5,-0.09188728779554367,0.032880611159036344
YWHAZ,methy->rna,2.0,-0.10211698710918427,0.032857270195725145
MAL2,methy->rna,-2.0,0.14800706505775452,0.02366782615138465
MAL2,methy->rna,-1.5,0.12669764459133148,0.023308360060860595
MAL2,methy->rna,-1.0,0.09365499019622803,0.022623207985444937
MAL2,methy->rna,-0.5,0.039036255329847336,0.02113368839343255
MAL2,methy->rna,0.0,-0.027630412951111794,0.019391519763629243
MAL2,methy->rna,0.5,-0.059414297342300415,0.02038212245098183
MAL2,methy->rna,1.0,-0.14650234580039978,0.020815529923692854
MAL2,methy->rna,1.5,-0.22114135324954987,0.021002458131454595
MAL2,methy->rna,2.0,-0.2742413580417633,0.021096133633415875
COL1A1,methy->rna,-2.0,0.11262807995080948,0.03626079890457397
COL1A1,methy->rna,-1.5,0.09706776589155197,0.03642240728864295
COL1A1,methy->rna,-1.0,0.07149362564086914,0.036650316212940987
COL1A1,methy->rna,-0.5,0.02714456431567669,0.036973816298093924
COL1A1,methy->rna,0.0,-0.009471341036260128,0.03791016595643913
COL1A1,methy->rna,0.5,-0.01886814273893833,0.036982420417902756
COL1A1,methy->rna,1.0,-0.04842482879757881,0.03749515883417036
COL1A1,methy->rna,1.5,-0.07212872803211212,0.03779644250662541
COL1A1,methy->rna,2.0,-0.08973754942417145,0.03795577563712791
KRT14,methy->rna,-2.0,0.21935686469078064,0.032668733619062966
KRT14,methy->rna,-1.5,0.1953965723514557,0.03290093370645716
KRT14,methy->rna,-1.0,0.15639661252498627,0.03316911069603074
KRT14,methy->rna,-0.5,0.0911594033241272,0.033266946599388954
KRT14,methy->rna,0.0,0.032122574746608734,0.033195971328412684
KRT14,methy->rna,0.5,0.0006691275048069656,0.032712379694901754
KRT14,methy->rna,1.0,-0.057889439165592194,0.0332734454558403
KRT14,methy->rna,1.5,-0.1009555384516716,0.03344272955165364
KRT14,methy->rna,2.0,-0.13051269948482513,0.03343725281581787
ETV3,methy->rna,-2.0,0.11330205947160721,0.026663975503752674
ETV3,methy->rna,-1.5,0.08895149827003479,0.026757232568276446
ETV3,methy->rna,-1.0,0.05146551504731178,0.026855746253108954
ETV3,methy->rna,-0.5,-0.0007677843095734715,0.026869988381515927
ETV3,methy->rna,0.0,-0.019101494923233986,0.02707432533016748
ETV3,methy->rna,0.5,-0.03288440406322479,0.02784214277246989
ETV3,methy->rna,1.0,-0.034571703523397446,0.02870558624541365
ETV3,methy->rna,1.5,-0.04004298895597458,0.029206954931933864
ETV3,methy->rna,2.0,-0.04846906289458275,0.029512908976412806
MIR635,methy->rna,-2.0,0.22544705867767334,0.02431758539354411
MIR635,methy->rna,-1.5,0.1997874677181244,0.024133540481250222
MIR635,methy->rna,-1.0,0.15758579969406128,0.023764321747325828
MIR635,methy->rna,-0.5,0.08484826982021332,0.02295788383715808
MIR635,methy->rna,0.0,0.027072947472333908,0.02185547989697033
MIR635,methy->rna,0.5,-0.029864555224776268,0.022313897724019288
MIR635,methy->rna,1.0,-0.11701623350381851,0.022676896559784006
MIR635,methy->rna,1.5,-0.1815483570098877,0.022830478354882378
MIR635,methy->rna,2.0,-0.22593672573566437,0.022893989312194704
TMEM204,methy->rna,-2.0,0.21226809918880463,0.028250064790002465
TMEM204,methy->rna,-1.5,0.18909387290477753,0.028728229812995665
TMEM204,methy->rna,-1.0,0.150032177567482,0.029419364236150748
TMEM204,methy->rna,-0.5,0.08239834755659103,0.03011188037459428
TMEM204,methy->rna,0.0,0.0362338162958622,0.0309980262578847
TMEM204,methy->rna,0.5,-0.006172607187181711,0.03077175403418859
TMEM204,methy->rna,1.0,-0.041646115481853485,0.030748090525352642
TMEM204,methy->rna,1.5,-0.07125711441040039,0.030518204920034687
TMEM204,methy->rna,2.0,-0.09544544667005539,0.030342406712238427
MT2A,methy->rna,-2.0,0.29664474725723267,0.01787167653356718
MT2A,methy->rna,-1.5,0.2586381733417511,0.0180354413959925
MT2A,methy->rna,-1.0,0.19254575669765472,0.0182652964902473
MT2A,methy->rna,-0.5,0.06733483076095581,0.01841523984106481
MT2A,methy->rna,0.0,-0.05804293602705002,0.018422065601764223
MT2A,methy->rna,0.5,-0.1475083827972412,0.018380934509273812
MT2A,methy->rna,1.0,-0.28659138083457947,0.018959302222381142
MT2A,methy->rna,1.5,-0.3786275088787079,0.019244728859443817
MT2A,methy->rna,2.0,-0.43543678522109985,0.019350560840709477
CRABP2,methy->rna,-2.0,0.37207770347595215,0.02112910301651315
CRABP2,methy->rna,-1.5,0.3327624201774597,0.021264201645426438
CRABP2,methy->rna,-1.0,0.2659437954425812,0.021391391370898422
CRABP2,methy->rna,-0.5,0.15041087567806244,0.0211773126756548
CRABP2,methy->rna,0.0,0.042159415781497955,0.01954605611913194
CRABP2,methy->rna,0.5,-0.022502360865473747,0.02042006731673452
CRABP2,methy->rna,1.0,-0.13419704139232635,0.021323887823036507
CRABP2,methy->rna,1.5,-0.23187194764614105,0.021580906480943112
CRABP2,methy->rna,2.0,-0.3067145049571991,0.02162738572693172
SLC30A1,methy->rna,-2.0,0.10305045545101166,0.024860595143181702
SLC30A1,methy->rna,-1.5,0.08057557791471481,0.025005139125502153
SLC30A1,methy->rna,-1.0,0.044277630746364594,0.02523383697871884
SLC30A1,methy->rna,-0.5,-0.01970565691590309,0.025596583008531727
SLC30A1,methy->rna,0.0,-0.0873560681939125,0.02463834820045999
SLC30A1,methy->rna,0.5,-0.14114442467689514,0.026189670130248192
SLC30A1,methy->rna,1.0,-0.22115640342235565,0.027002469597083113
SLC30A1,methy->rna,1.5,-0.276523619890213,0.02726379903234075
SLC30A1,methy->rna,2.0,-0.31326794624328613,0.027373451434585357
FAM107B,methy->rna,-2.0,0.17562301456928253,0.020412443909669856
FAM107B,methy->rna,-1.5,0.14411962032318115,0.020354359562875263
FAM107B,methy->rna,-1.0,0.09247168898582458,0.020236617370172096
FAM107B,methy->rna,-0.5,0.0012990625109523535,0.01993838916275555
FAM107B,methy->rna,0.0,-0.09317763149738312,0.01923449893584132
FAM107B,methy->rna,0.5,-0.1473221331834793,0.02026232947896253
FAM107B,methy->rna,1.0,-0.2634473443031311,0.021381538476862014
FAM107B,methy->rna,1.5,-0.33796656131744385,0.02189456674822956
FAM107B,methy->rna,2.0,-0.3834322392940521,0.022123940203558897
COPZ2,methy->rna,-2.0,0.17950214445590973,0.03148916937952573
COPZ2,methy->rna,-1.5,0.1525900512933731,0.03178017736178354
COPZ2,methy->rna,-1.0,0.10644280165433884,0.03213628723536089
COPZ2,methy->rna,-0.5,0.019192080944776535,0.032323202366952714
COPZ2,methy->rna,0.0,-0.06907904893159866,0.032302210755504206
COPZ2,methy->rna,0.5,-0.10390546917915344,0.031759235875653075
COPZ2,methy->rna,1.0,-0.17630775272846222,0.03213204183885947
COPZ2,methy->rna,1.5,-0.2328731268644333,0.03212480635816917
COPZ2,methy->rna,2.0,-0.27315959334373474,0.032001968817919633
NRN1,methy->rna,-2.0,0.21919912099838257,0.02424860423848098
NRN1,methy->rna,-1.5,0.18727640807628632,0.024483609164323496
NRN1,methy->rna,-1.0,0.13494950532913208,0.024841534446158383
NRN1,methy->rna,-0.5,0.046712055802345276,0.025425136985957917
NRN1,methy->rna,0.0,-0.03210410848259926,0.026481109626113445
NRN1,methy->rna,0.5,-0.07291624695062637,0.025947231401804886
NRN1,methy->rna,1.0,-0.14039002358913422,0.025884932169572022
NRN1,methy->rna,1.5,-0.18761910498142242,0.026034414585399773
NRN1,methy->rna,2.0,-0.22137711942195892,0.02620698297922524
CYB5R1,methy->rna,-2.0,0.17145538330078125,0.029864644871151164
CYB5R1,methy->rna,-1.5,0.15150552988052368,0.029990282891125708
CYB5R1,methy->rna,-1.0,0.12019594013690948,0.03009215497226658
CYB5R1,methy->rna,-0.5,0.07418236881494522,0.02988656271130249
CYB5R1,methy->rna,0.0,0.038381095975637436,0.028345139442145426
CYB5R1,methy->rna,0.5,0.01955743506550789,0.029504337547028775
CYB5R1,methy->rna,1.0,0.00568039994686842,0.030166349160405375
CYB5R1,methy->rna,1.5,-0.006877046078443527,0.030438538354783433
CYB5R1,methy->rna,2.0,-0.018881719559431076,0.03057534778259488
EFR3A,methy->rna,-2.0,0.12391383945941925,0.03188827587916906
EFR3A,methy->rna,-1.5,0.10928956419229507,0.031977825849519866
EFR3A,methy->rna,-1.0,0.08659327030181885,0.03213076691229205
EFR3A,methy->rna,-0.5,0.051679663360118866,0.032402143204773276
EFR3A,methy->rna,0.0,0.0421566367149353,0.03281792400042912
EFR3A,methy->rna,0.5,0.020350737497210503,0.03286907143907997
EFR3A,methy->rna,1.0,0.006850318983197212,0.03360138490068184
EFR3A,methy->rna,1.5,-0.0065932199358940125,0.03391759284174147
EFR3A,methy->rna,2.0,-0.019084185361862183,0.03406204311151081
ISM1,methy->rna,-2.0,0.23013313114643097,0.025418117262071327
ISM1,methy->rna,-1.5,0.19225716590881348,0.025864890759804533
ISM1,methy->rna,-1.0,0.13039082288742065,0.026540839390956587
ISM1,methy->rna,-0.5,0.023938944563269615,0.027556785874980134
ISM1,methy->rna,0.0,-0.06906300038099289,0.028369761870109006
ISM1,methy->rna,0.5,-0.09188778698444366,0.028286394748769757
ISM1,methy->rna,1.0,-0.1614929437637329,0.02838884218138721
ISM1,methy->rna,1.5,-0.2149825096130371,0.028470056093412594
ISM1,methy->rna,2.0,-0.2544812858104706,0.02853043530802854
RARRES1,methy->rna,-2.0,0.2683151662349701,0.023789386585705112
RARRES1,methy->rna,-1.5,0.22487546503543854,0.024198143298751053
RARRES1,methy->rna,-1.0,0.1561843752861023,0.02472158238073836
RARRES1,methy->rna,-0.5,0.04692976921796799,0.025099950074885014
RARRES1,methy->rna,0.0,-0.03886174038052559,0.024878322070872955
RARRES1,methy->rna,0.5,-0.09273232519626617,0.02464150609549621
RARRES1,methy->rna,1.0,-0.16007383167743683,0.025216724631013935
RARRES1,methy->rna,1.5,-0.2117936909198761,0.02567375856341279
RARRES1,methy->rna,2.0,-0.2512076497077942,0.025984563866932882
GAPDH,methy->rna,-2.0,0.21760603785514832,0.025449942480300407
GAPDH,methy->rna,-1.5,0.18481971323490143,0.025375654579610503
GAPDH,methy->rna,-1.0,0.12985292077064514,0.025077062418797785
GAPDH,methy->rna,-0.5,0.03651094064116478,0.023863408604273263
GAPDH,methy->rna,0.0,-0.03296893462538719,0.02329293018035235
GAPDH,methy->rna,0.5,-0.075966976583004,0.022767791196275155
GAPDH,methy->rna,1.0,-0.15698553621768951,0.022538454790093934
GAPDH,methy->rna,1.5,-0.2257259041070938,0.022531404555144192
GAPDH,methy->rna,2.0,-0.27479201555252075,0.022505250035938056
ASAP1,methy->rna,-2.0,0.0244925394654274,0.03214118208163512
ASAP1,methy->rna,-1.5,0.011206596158444881,0.03204604640736585
ASAP1,methy->rna,-1.0,-0.007628501858562231,0.03183705870094529
ASAP1,methy->rna,-0.5,-0.032783713191747665,0.031306116076784275
ASAP1,methy->rna,0.0,-0.045603491365909576,0.0313533101533953
ASAP1,methy->rna,0.5,-0.0739649161696434,0.03144934154530423
ASAP1,methy->rna,1.0,-0.11941973119974136,0.03171985263120894
ASAP1,methy->rna,1.5,-0.1559651792049408,0.031798276960317576
ASAP1,methy->rna,2.0,-0.18242210149765015,0.03181735291287247
RTP4,methy->rna,-2.0,0.43030422925949097,0.01704516997161127
RTP4,methy->rna,-1.5,0.37443089485168457,0.017310095353597524
RTP4,methy->rna,-1.0,0.27370941638946533,0.01752376105980777
RTP4,methy->rna,-0.5,0.08432585000991821,0.01690661269575355
RTP4,methy->rna,0.0,-0.06638861447572708,0.017438255984686235
RTP4,methy->rna,0.5,-0.15951846539974213,0.01637743753389369
RTP4,methy->rna,1.0,-0.30837586522102356,0.017069756440107563
RTP4,methy->rna,1.5,-0.4199313819408417,0.01775562661518812
RTP4,methy->rna,2.0,-0.4917910099029541,0.018152600609453295
TFAP2C,methy->rna,-2.0,0.28755858540534973,0.018681368230683913
TFAP2C,methy->rna,-1.5,0.25305163860321045,0.01902226180119508
TFAP2C,methy->rna,-1.0,0.19421540200710297,0.019559546367768382
TFAP2C,methy->rna,-0.5,0.08684737980365753,0.020241642978145544
TFAP2C,methy->rna,0.0,-0.0056342133320868015,0.02037246787885591
TFAP2C,methy->rna,0.5,-0.04195300489664078,0.020094902199278158
TFAP2C,methy->rna,1.0,-0.13195687532424927,0.020762985514221982
TFAP2C,methy->rna,1.5,-0.21414069831371307,0.02061323067818752
TFAP2C,methy->rna,2.0,-0.2726123332977295,0.020322767536343128
ADAMTS2,methy->rna,-2.0,0.03282931447029114,0.036832550075700646
ADAMTS2,methy->rna,-1.5,0.01582472026348114,0.036995117378897255
ADAMTS2,methy->rna,-1.0,-0.0111641651019454,0.03720866866862067
ADAMTS2,methy->rna,-0.5,-0.053402598947286606,0.03743386646702151
ADAMTS2,methy->rna,0.0,-0.08202570676803589,0.037882226540038616
ADAMTS2,methy->rna,0.5,-0.0926220640540123,0.03769838430837852
ADAMTS2,methy->rna,1.0,-0.11307921260595322,0.03829625294956322
ADAMTS2,methy->rna,1.5,-0.12975654006004333,0.038643399108658875
ADAMTS2,methy->rna,2.0,-0.14354883134365082,0.03884711275987746
TMEM147,methy->rna,-2.0,0.3070470094680786,0.023173819348530657
TMEM147,methy->rna,-1.5,0.2688808739185333,0.023355730665765566
TMEM147,methy->rna,-1.0,0.2047823965549469,0.023530463165713163
TMEM147,methy->rna,-0.5,0.0949469804763794,0.023292507384191533
TMEM147,methy->rna,0.0,0.02371649071574211,0.023083768124999494
TMEM147,methy->rna,0.5,-0.026538308709859848,0.023244010049311595
TMEM147,methy->rna,1.0,-0.08875871449708939,0.023882029070242533
TMEM147,methy->rna,1.5,-0.155509352684021,0.02414702419180171
TMEM147,methy->rna,2.0,-0.21397581696510315,0.024120381495585142
SSH3,methy->rna,-2.0,0.24977244436740875,0.02599134168167591
SSH3,methy->rna,-1.5,0.2244744598865509,0.026013063379278407
SSH3,methy->rna,-1.0,0.1816396266222,0.026029395515511287
SSH3,methy->rna,-0.5,0.09993148595094681,0.025983940569499923
SSH3,methy->rna,0.0,0.0063664596527814865,0.025243036064259136
SSH3,methy->rna,0.5,-0.05301429703831673,0.026586520990579936
SSH3,methy->rna,1.0,-0.17158198356628418,0.027193255274971916
SSH3,methy->rna,1.5,-0.25729069113731384,0.027387460371295382
SSH3,methy->rna,2.0,-0.3137596845626831,0.02746357239768944
PPP1R2,methy->rna,-2.0,0.23074226081371307,0.024905721005583355
PPP1R2,methy->rna,-1.5,0.19619351625442505,0.0251522961624454
PPP1R2,methy->rna,-1.0,0.14145874977111816,0.025430308611162165
PPP1R2,methy->rna,-0.5,0.05940964072942734,0.025471677254072827
PPP1R2,methy->rna,0.0,0.046624556183815,0.025118139027246852
PPP1R2,methy->rna,0.5,-0.004437352064996958,0.025091988866764024
PPP1R2,methy->rna,1.0,-0.046682603657245636,0.02498450710872651
PPP1R2,methy->rna,1.5,-0.07837558537721634,0.024982092376014203
PPP1R2,methy->rna,2.0,-0.10449723899364471,0.025008761224570613
CFH,methy->rna,-2.0,0.07987798750400543,0.029345211455883372
CFH,methy->rna,-1.5,0.06149792671203613,0.029508378083534747
CFH,methy->rna,-1.0,0.030634742230176926,0.029775705122063387
CFH,methy->rna,-0.5,-0.027227254584431648,0.03024892081474102
CFH,methy->rna,0.0,-0.09429135918617249,0.030300222988069277
CFH,methy->rna,0.5,-0.11526975780725479,0.030704065240586113
CFH,methy->rna,1.0,-0.15199671685695648,0.031148822828789637
CFH,methy->rna,1.5,-0.1786321997642517,0.03149290044667687
CFH,methy->rna,2.0,-0.19777442514896393,0.03174079847606272
CD93,methy->rna,-2.0,0.09395574778318405,0.031134471732299978
CD93,methy->rna,-1.5,0.07700859010219574,0.031226763339611156
CD93,methy->rna,-1.0,0.049258023500442505,0.0313065432316684
CD93,methy->rna,-0.5,0.0031289339531213045,0.03124355314179131
CD93,methy->rna,0.0,-0.033966511487960815,0.031095609355291078
CD93,methy->rna,0.5,-0.04738824442028999,0.031100687267944217
CD93,methy->rna,1.0,-0.07250937074422836,0.03126296689540253
CD93,methy->rna,1.5,-0.09513255208730698,0.031431880499734735
CD93,methy->rna,2.0,-0.11333262920379639,0.0315774030154377
SNRPE,methy->rna,-2.0,0.27509498596191406,0.022501471022830528
SNRPE,methy->rna,-1.5,0.24526451528072357,0.022713747385986534
SNRPE,methy->rna,-1.0,0.1956532597541809,0.022951666118360053
SNRPE,methy->rna,-0.5,0.10646801441907883,0.022846548967716814
SNRPE,methy->rna,0.0,0.0046731820330023766,0.020861795592239395
SNRPE,methy->rna,0.5,-0.048027001321315765,0.02230005223943329
SNRPE,methy->rna,1.0,-0.13129960000514984,0.02251446655637158
SNRPE,methy->rna,1.5,-0.20087489485740662,0.0222721912800523
SNRPE,methy->rna,2.0,-0.25173693895339966,0.02199661317830273
INHBA,methy->rna,-2.0,-0.015319803729653358,0.0336261119380048
INHBA,methy->rna,-1.5,-0.029816295951604843,0.03375502553854486
INHBA,methy->rna,-1.0,-0.05162404850125313,0.033948256460209124
INHBA,methy->rna,-0.5,-0.08432279527187347,0.03425919034606678
INHBA,methy->rna,0.0,-0.1097833588719368,0.034781716275521186
INHBA,methy->rna,0.5,-0.14257189631462097,0.035249416003853284
INHBA,methy->rna,1.0,-0.20179715752601624,0.03601667552957234
INHBA,methy->rna,1.5,-0.2504245936870575,0.03629805073332078
INHBA,methy->rna,2.0,-0.28606870770454407,0.03638346645461451
DSTN,methy->rna,-2.0,0.38719698786735535,0.021444319348020345
DSTN,methy->rna,-1.5,0.3413049578666687,0.021669961736198534
DSTN,methy->rna,-1.0,0.2609522044658661,0.021921233417424316
DSTN,methy->rna,-0.5,0.10517112165689468,0.021783249313681523
DSTN,methy->rna,0.0,-0.033080779016017914,0.019672910222909252
DSTN,methy->rna,0.5,-0.14583760499954224,0.021645010224625245
DSTN,methy->rna,1.0,-0.35146841406822205,0.022893084877108415
DSTN,methy->rna,1.5,-0.4880426526069641,0.023334651879850916
DSTN,methy->rna,2.0,-0.5665838718414307,0.02352067129380306
CLDN3,methy->rna,-2.0,0.36803776025772095,0.024427695461735996
CLDN3,methy->rna,-1.5,0.33348894119262695,0.024535970507415458
CLDN3,methy->rna,-1.0,0.27317002415657043,0.024586215690341667
CLDN3,methy->rna,-0.5,0.1596345156431198,0.024182992376534485
CLDN3,methy->rna,0.0,0.07050121575593948,0.023183990429368508
CLDN3,methy->rna,0.5,0.009175673127174377,0.02373652616879445
CLDN3,methy->rna,1.0,-0.13595132529735565,0.02443461929370982
CLDN3,methy->rna,1.5,-0.25552764534950256,0.0244063551524229
CLDN3,methy->rna,2.0,-0.33803844451904297,0.02421240940013622
LY96,methy->rna,-2.0,0.06575324386358261,0.029286750079522687
LY96,methy->rna,-1.5,0.049377940595149994,0.029348698434529304
LY96,methy->rna,-1.0,0.023691337555646896,0.029371368154451162
LY96,methy->rna,-0.5,-0.017610693350434303,0.02916139973528643
LY96,methy->rna,0.0,-0.05895672366023064,0.0292923139898246
LY96,methy->rna,0.5,-0.08900778740644455,0.029087981399896354
LY96,methy->rna,1.0,-0.1536847949028015,0.029573889694845173
LY96,methy->rna,1.5,-0.20424015820026398,0.0297753891146236
LY96,methy->rna,2.0,-0.23955531418323517,0.029835134134998317
ALDOC,methy->rna,-2.0,0.5361156463623047,0.0155889662811991
ALDOC,methy->rna,-1.5,0.481749027967453,0.015929808636711406
ALDOC,methy->rna,-1.0,0.38166216015815735,0.01644857952603647
ALDOC,methy->rna,-0.5,0.17542223632335663,0.017085696291242774
ALDOC,methy->rna,0.0,0.01012907549738884,0.017842649615701457
ALDOC,methy->rna,0.5,-0.137952983379364,0.017258204752622765
ALDOC,methy->rna,1.0,-0.3308957815170288,0.01774265614430608
ALDOC,methy->rna,1.5,-0.4593130648136139,0.017912929670310194
ALDOC,methy->rna,2.0,-0.5374700427055359,0.01798860582437351
FKBP10,methy->rna,-2.0,0.3287254273891449,0.02209638653417108
FKBP10,methy->rna,-1.5,0.28982535004615784,0.022179023569356335
FKBP10,methy->rna,-1.0,0.21842409670352936,0.022181170240585236
FKBP10,methy->rna,-0.5,0.07211078703403473,0.021474771568407592
FKBP10,methy->rna,0.0,-0.06573735177516937,0.019743929081118595
FKBP10,methy->rna,0.5,-0.18393667042255402,0.020871408756493896
FKBP10,methy->rna,1.0,-0.39306920766830444,0.020715906943778607
FKBP10,methy->rna,1.5,-0.5189633369445801,0.02027193174640876
FKBP10,methy->rna,2.0,-0.5911144018173218,0.020010650257107503
ATP6V1C1,methy->rna,-2.0,0.11160112917423248,0.031582491824899105
ATP6V1C1,methy->rna,-1.5,0.09332971274852753,0.0315738157861557
ATP6V1C1,methy->rna,-1.0,0.06677050143480301,0.031519124705455925
ATP6V1C1,methy->rna,-0.5,0.03238397464156151,0.03136698346841065
ATP6V1C1,methy->rna,0.0,0.03289066627621651,0.03226619898353836
ATP6V1C1,methy->rna,0.5,0.016470061615109444,0.03185983085086488
ATP6V1C1,methy->rna,1.0,0.007336881477385759,0.032156250188108845
ATP6V1C1,methy->rna,1.5,-0.007453280966728926,0.03218692906210808
ATP6V1C1,methy->rna,2.0,-0.022968243807554245,0.03214608128663265
CCDC3,methy->rna,-2.0,0.1149604544043541,0.0260178797685331
CCDC3,methy->rna,-1.5,0.08760194480419159,0.02603477200071098
CCDC3,methy->rna,-1.0,0.045242756605148315,0.02601382397649555
CCDC3,methy->rna,-0.5,-0.020201871171593666,0.025871217446685243
CCDC3,methy->rna,0.0,-0.09740947932004929,0.025383526433903694
CCDC3,methy->rna,0.5,-0.11548060923814774,0.025566516535157187
CCDC3,methy->rna,1.0,-0.16675569117069244,0.02613244445194516
CCDC3,methy->rna,1.5,-0.20394372940063477,0.02664583885607053
CCDC3,methy->rna,2.0,-0.23061099648475647,0.027021366841982405
NME4,methy->rna,-2.0,0.19790327548980713,0.031585778302272896
NME4,methy->rna,-1.5,0.17001815140247345,0.031769483234148806
NME4,methy->rna,-1.0,0.12436869740486145,0.03192758938404027
NME4,methy->rna,-0.5,0.05098213255405426,0.031628027407291655
NME4,methy->rna,0.0,0.004075124394148588,0.030237849657540186
NME4,methy->rna,0.5,-0.04889746382832527,0.03130982317095723
NME4,methy->rna,1.0,-0.10881157964468002,0.03189518881433461
NME4,methy->rna,1.5,-0.16056513786315918,0.0317497861635226
NME4,methy->rna,2.0,-0.19997814297676086,0.031429622681061496
ID1,methy->rna,-2.0,0.29541608691215515,0.0212372516592167
ID1,methy->rna,-1.5,0.2642085552215576,0.021627422776079833
ID1,methy->rna,-1.0,0.21172325313091278,0.022142896291222836
ID1,methy->rna,-0.5,0.12039842456579208,0.02250774540503155
ID1,methy->rna,0.0,0.030802207067608833,0.022885936570884256
ID1,methy->rna,0.5,-0.008981455117464066,0.022771247663857935
ID1,methy->rna,1.0,-0.08142667263746262,0.02333488507154786
ID1,methy->rna,1.5,-0.13753987848758698,0.023652529211937282
ID1,methy->rna,2.0,-0.17887164652347565,0.023814072215156648
HOXB7,methy->rna,-2.0,0.25263121724128723,0.018533544309074633
HOXB7,methy->rna,-1.5,0.2187694013118744,0.018839134400157404
HOXB7,methy->rna,-1.0,0.16187532246112823,0.019246221722176608
HOXB7,methy->rna,-0.5,0.059506677091121674,0.01959736047182185
HOXB7,methy->rna,0.0,-0.026233751326799393,0.020704116597232054
HOXB7,methy->rna,0.5,-0.08452881872653961,0.019480346185911025
HOXB7,methy->rna,1.0,-0.1847861111164093,0.020162726113303168
HOXB7,methy->rna,1.5,-0.2682220935821533,0.020512437381065233
HOXB7,methy->rna,2.0,-0.32954320311546326,0.020664596053003734
TM4SF18,methy->rna,-2.0,0.3033163845539093,0.019262647570960596
TM4SF18,methy->rna,-1.5,0.26568928360939026,0.01947803170383479
TM4SF18,methy->rna,-1.0,0.2040228396654129,0.019778046987807375
TM4SF18,methy->rna,-0.5,0.10136532038450241,0.020212664006236204
TM4SF18,methy->rna,0.0,0.015234926715493202,0.020723844178921407
TM4SF18,methy->rna,0.5,-0.04248480871319771,0.021122580187083607
TM4SF18,methy->rna,1.0,-0.11153917759656906,0.021682488706984044
TM4SF18,methy->rna,1.5,-0.1562013477087021,0.022207762811483768
TM4SF18,methy->rna,2.0,-0.18903905153274536,0.022614527587978224
CDC42SE1,methy->rna,-2.0,0.15659020841121674,0.026085714579366377
CDC42SE1,methy->rna,-1.5,0.13522334396839142,0.02622907298894721
CDC42SE1,methy->rna,-1.0,0.1013878732919693,0.026389382473470578
CDC42SE1,methy->rna,-0.5,0.04819488525390625,0.02636728374630199
CDC42SE1,methy->rna,0.0,0.015092059038579464,0.02632706144762118
CDC42SE1,methy->rna,0.5,0.008558599278330803,0.027193765245598883
CDC42SE1,methy->rna,1.0,-0.00036376810749061406,0.028213625863152486
CDC42SE1,methy->rna,1.5,-0.01298215426504612,0.02867687751434937
CDC42SE1,methy->rna,2.0,-0.026232020929455757,0.028892294337648367
SCNN1A,methy->rna,-2.0,0.48758000135421753,0.025480505848131992
SCNN1A,methy->rna,-1.5,0.4359714388847351,0.025691886493648324
SCNN1A,methy->rna,-1.0,0.3406546413898468,0.025842809467529176
SCNN1A,methy->rna,-0.5,0.14101463556289673,0.025300329302773435
SCNN1A,methy->rna,0.0,-0.0717698335647583,0.02137122355815502
SCNN1A,methy->rna,0.5,-0.1907799392938614,0.023435129169533414
SCNN1A,methy->rna,1.0,-0.42715996503829956,0.024134100577195228
SCNN1A,methy->rna,1.5,-0.5630089640617371,0.024435942166233623
SCNN1A,methy->rna,2.0,-0.6351345777511597,0.02450267204070847
CMTM3,methy->rna,-2.0,0.18025323748588562,0.03193490768047342
CMTM3,methy->rna,-1.5,0.15368343889713287,0.032441321589221965
CMTM3,methy->rna,-1.0,0.1090792715549469,0.033103766895567655
CMTM3,methy->rna,-0.5,0.027482787147164345,0.03362633205353182
CMTM3,methy->rna,0.0,-0.03392735496163368,0.03351887208911084
CMTM3,methy->rna,0.5,-0.07152199745178223,0.03368412654522647
CMTM3,methy->rna,1.0,-0.14417478442192078,0.034099643638122214
CMTM3,methy->rna,1.5,-0.20539490878582,0.03410791431559803
CMTM3,methy->rna,2.0,-0.25299298763275146,0.033977906675507805
S100A10,methy->rna,-2.0,0.27044156193733215,0.020183872459429084
S100A10,methy->rna,-1.5,0.23351801931858063,0.020343270970781202
S100A10,methy->rna,-1.0,0.17160743474960327,0.020562418861231346
S100A10,methy->rna,-0.5,0.06240455061197281,0.02083808195808541
S100A10,methy->rna,0.0,-0.04835451766848564,0.0225775917666712
S100A10,methy->rna,0.5,-0.10575059056282043,0.021854799936134373
S100A10,methy->rna,1.0,-0.21852923929691315,0.022728832927353494
S100A10,methy->rna,1.5,-0.3019006550312042,0.023190083924552272
S100A10,methy->rna,2.0,-0.3593670129776001,0.02341077044432993
SKAP1,methy->rna,-2.0,0.544609785079956,0.02443825664830986
SKAP1,methy->rna,-1.5,0.4996865391731262,0.024567087433107083
SKAP1,methy->rna,-1.0,0.41636812686920166,0.024566113258447875
SKAP1,methy->rna,-0.5,0.24140579998493195,0.023644587618071176
SKAP1,methy->rna,0.0,0.06274807453155518,0.020276996582891976
SKAP1,methy->rna,0.5,-0.021409014239907265,0.020266119388878324
SKAP1,methy->rna,1.0,-0.19236452877521515,0.02004752287692657
SKAP1,methy->rna,1.5,-0.3220202922821045,0.01979972073945349
SKAP1,methy->rna,2.0,-0.4048217833042145,0.01965129095530448
VEZF1,methy->rna,-2.0,0.19716256856918335,0.0303416265007664
VEZF1,methy->rna,-1.5,0.17686712741851807,0.030325037199858382
VEZF1,methy->rna,-1.0,0.1425679326057434,0.03025000395748291
VEZF1,methy->rna,-0.5,0.07394599169492722,0.029924583854713062
VEZF1,methy->rna,0.0,-0.002523174975067377,0.028448744115800995
VEZF1,methy->rna,0.5,-0.04889397323131561,0.029736324056980904
VEZF1,methy->rna,1.0,-0.12416544556617737,0.029791004240872408
VEZF1,methy->rna,1.5,-0.1786734014749527,0.029576912469458868
VEZF1,methy->rna,2.0,-0.21592523157596588,0.02938604179646557
TMEM97,methy->rna,-2.0,0.22458979487419128,0.027578185027057882
TMEM97,methy->rna,-1.5,0.19093024730682373,0.027818603487248204
TMEM97,methy->rna,-1.0,0.13609030842781067,0.028034610917555356
TMEM97,methy->rna,-0.5,0.04614509642124176,0.027708460728631513
TMEM97,methy->rna,0.0,0.010699949227273464,0.027849142882101597
TMEM97,methy->rna,0.5,-0.0056760720908641815,0.026717696768516548
TMEM97,methy->rna,1.0,-0.003639610018581152,0.026844882135265227
TMEM97,methy->rna,1.5,-0.011295421048998833,0.02697965603929211
TMEM97,methy->rna,2.0,-0.023710964247584343,0.02702987724924013
SELENBP1,methy->rna,-2.0,0.3346214294433594,0.02166433244504701
SELENBP1,methy->rna,-1.5,0.304210901260376,0.021779799384183705
SELENBP1,methy->rna,-1.0,0.2524254024028778,0.02197005765655231
SELENBP1,methy->rna,-0.5,0.15738053619861603,0.02232517374121557
SELENBP1,methy->rna,0.0,0.028304070234298706,0.02122207676402194
SELENBP1,methy->rna,0.5,-0.03564741089940071,0.02312340417539546
SELENBP1,methy->rna,1.0,-0.15865036845207214,0.024306100157629077
SELENBP1,methy->rna,1.5,-0.25052058696746826,0.02503311123232748
SELENBP1,methy->rna,2.0,-0.3146519362926483,0.025505982585863826
SFRP4,methy->rna,-2.0,0.11554668843746185,0.03105522360448624
SFRP4,methy->rna,-1.5,0.09722641110420227,0.031195197465418868
SFRP4,methy->rna,-1.0,0.0665086954832077,0.031366386323317536
SFRP4,methy->rna,-0.5,0.010920354165136814,0.0314558774509037
SFRP4,methy->rna,0.0,-0.05610371753573418,0.03145736159618987
SFRP4,methy->rna,0.5,-0.06396187096834183,0.030998233297241804
SFRP4,methy->rna,1.0,-0.10591866075992584,0.03155515609167666
SFRP4,methy->rna,1.5,-0.14093706011772156,0.031925839356632346
SFRP4,methy->rna,2.0,-0.16785413026809692,0.03215704129638914
CHCHD2,methy->rna,-2.0,0.2278582751750946,0.024695793994290047
CHCHD2,methy->rna,-1.5,0.19889366626739502,0.02478371598148554
CHCHD2,methy->rna,-1.0,0.15067167580127716,0.02476844737373967
CHCHD2,methy->rna,-0.5,0.06993107497692108,0.024113274597232403
CHCHD2,methy->rna,0.0,0.019480042159557343,0.022665330687487783
CHCHD2,methy->rna,0.5,-0.033955272287130356,0.023151759849871837
CHCHD2,methy->rna,1.0,-0.09530601650476456,0.02362708080590695
CHCHD2,methy->rna,1.5,-0.15582633018493652,0.023577768389768525
CHCHD2,methy->rna,2.0,-0.20470653474330902,0.023322981398195313
LPL,methy->rna,-2.0,0.11864148825407028,0.029597978179203597
LPL,methy->rna,-1.5,0.09312289208173752,0.029723426594714268
LPL,methy->rna,-1.0,0.052670691162347794,0.029859924373809233
LPL,methy->rna,-0.5,-0.013822835870087147,0.029912388146898918
LPL,methy->rna,0.0,-0.09101127088069916,0.02904980988053168
LPL,methy->rna,0.5,-0.11217322200536728,0.029949838297556215
LPL,methy->rna,1.0,-0.14247317612171173,0.030720410452988914
LPL,methy->rna,1.5,-0.16129440069198608,0.031249862393778794
LPL,methy->rna,2.0,-0.17340749502182007,0.03158859621689114
CACNG4,methy->rna,-2.0,0.4685613512992859,0.02685849006943097
CACNG4,methy->rna,-1.5,0.4253690242767334,0.02703410085212501
CACNG4,methy->rna,-1.0,0.34717506170272827,0.027129611376598715
CACNG4,methy->rna,-0.5,0.18636228144168854,0.026435475972446477
CACNG4,methy->rna,0.0,0.015846893191337585,0.023251210660215443
CACNG4,methy->rna,0.5,-0.06668451428413391,0.023806978392973834
CACNG4,methy->rna,1.0,-0.26763272285461426,0.0233660107146861
CACNG4,methy->rna,1.5,-0.40569406747817993,0.022817410902406753
CACNG4,methy->rna,2.0,-0.48582723736763,0.022455597639381653
SLC7A2,methy->rna,-2.0,0.3894397020339966,0.027816234521130623
SLC7A2,methy->rna,-1.5,0.34814804792404175,0.027685004259152667
SLC7A2,methy->rna,-1.0,0.27411314845085144,0.02731581385692977
SLC7A2,methy->rna,-0.5,0.1223362609744072,0.026145784324627497
SLC7A2,methy->rna,0.0,-0.050390202552080154,0.022923303905798713
SLC7A2,methy->rna,0.5,-0.13110433518886566,0.023777502526607448
SLC7A2,methy->rna,1.0,-0.26902008056640625,0.023692108598930253
SLC7A2,methy->rna,1.5,-0.35200101137161255,0.02357753083934827
SLC7A2,methy->rna,2.0,-0.39948683977127075,0.023514911240952313
ADAMTS12,methy->rna,-2.0,0.08692265301942825,0.03441369836986798
ADAMTS12,methy->rna,-1.5,0.06580595672130585,0.03472227636577799
ADAMTS12,methy->rna,-1.0,0.03198445215821266,0.03514943342926617
ADAMTS12,methy->rna,-0.5,-0.022960539907217026,0.03565800272669024
ADAMTS12,methy->rna,0.0,-0.06307353079319,0.0366603761463345
ADAMTS12,methy->rna,0.5,-0.07024990767240524,0.035816167719346356
ADAMTS12,methy->rna,1.0,-0.09849899262189865,0.03599520227919837
ADAMTS12,methy->rna,1.5,-0.1208365336060524,0.03609591276057782
ADAMTS12,methy->rna,2.0,-0.13850641250610352,0.03616352527652242
MDFIC,methy->rna,-2.0,0.17722712457180023,0.026039841195917502
MDFIC,methy->rna,-1.5,0.1491284817457199,0.02625174924695403
MDFIC,methy->rna,-1.0,0.10446521639823914,0.026548763549929466
MDFIC,methy->rna,-0.5,0.029667796567082405,0.026970380676093933
MDFIC,methy->rna,0.0,-0.04654693603515625,0.02742128188479926
MDFIC,methy->rna,0.5,-0.057363756000995636,0.02800728608114118
MDFIC,methy->rna,1.0,-0.10564061254262924,0.028867222961184123
MDFIC,methy->rna,1.5,-0.1425764560699463,0.029388657030450016
MDFIC,methy->rna,2.0,-0.1697969138622284,0.029698727889092807
SLC2A10,methy->rna,-2.0,0.19604884088039398,0.024917642113829134
SLC2A10,methy->rna,-1.5,0.16751830279827118,0.024851906028268374
SLC2A10,methy->rna,-1.0,0.11784454435110092,0.024680636533988515
SLC2A10,methy->rna,-0.5,0.023184064775705338,0.024070062214362704
SLC2A10,methy->rna,0.0,-0.05728974565863609,0.02232465069441868
SLC2A10,methy->rna,0.5,-0.1721743792295456,0.02309739567342012
SLC2A10,methy->rna,1.0,-0.3217652440071106,0.02380598896278305
SLC2A10,methy->rna,1.5,-0.4108526110649109,0.02389306971638021
SLC2A10,methy->rna,2.0,-0.4619097411632538,0.02386722902525221
ZNF83,methy->rna,-2.0,0.28819945454597473,0.024394787100765022
ZNF83,methy->rna,-1.5,0.25512757897377014,0.02443411804052947
ZNF83,methy->rna,-1.0,0.2011496126651764,0.02434487753953348
ZNF83,methy->rna,-0.5,0.1134578287601471,0.023777918784683306
ZNF83,methy->rna,0.0,0.054229579865932465,0.022133599134408124
ZNF83,methy->rna,0.5,0.005322143901139498,0.022753383436382498
ZNF83,methy->rna,1.0,-0.04133887588977814,0.022746291793561337
ZNF83,methy->rna,1.5,-0.07390188425779343,0.022776680812460627
ZNF83,methy->rna,2.0,-0.09954822063446045,0.02280181756977448
RGS5,methy->rna,-2.0,0.1621873676776886,0.027183160471791944
RGS5,methy->rna,-1.5,0.13544844090938568,0.027073471020399226
RGS5,methy->rna,-1.0,0.0918058231472969,0.02685864916283169
RGS5,methy->rna,-0.5,0.016559740528464317,0.026446135230294758
RGS5,methy->rna,0.0,-0.07779989391565323,0.025401447324782125
RGS5,methy->rna,0.5,-0.08888722956180573,0.02563289553240579
RGS5,methy->rna,1.0,-0.12484268844127655,0.026114621632341146
RGS5,methy->rna,1.5,-0.150687113404274,0.026520806698635713
RGS5,methy->rna,2.0,-0.1698518693447113,0.026821538992592372
MAPK3,methy->rna,-2.0,0.2757450044155121,0.02683938578517458
MAPK3,methy->rna,-1.5,0.24378032982349396,0.02698051906650698
MAPK3,methy->rna,-1.0,0.18917059898376465,0.027087726224976124
MAPK3,methy->rna,-0.5,0.09002381563186646,0.0267562649317022
MAPK3,methy->rna,0.0,-0.008109916001558304,0.02556115094676576
MAPK3,methy->rna,0.5,-0.05231724679470062,0.026624335094633404
MAPK3,methy->rna,1.0,-0.1504824161529541,0.027558052084100938
MAPK3,methy->rna,1.5,-0.2282354235649109,0.027773680305480344
MAPK3,methy->rna,2.0,-0.28307729959487915,0.02770778730588052
CST7,methy->rna,-2.0,0.14709684252738953,0.0268332835725442
CST7,methy->rna,-1.5,0.1326744556427002,0.027054865809961533
CST7,methy->rna,-1.0,0.10979321599006653,0.027393059151383757
CST7,methy->rna,-0.5,0.0728611946105957,0.027744718768464235
CST7,methy->rna,0.0,0.037998415529727936,0.028211320098522865
CST7,methy->rna,0.5,0.009523392654955387,0.02817202620790653
CST7,methy->rna,1.0,-0.0419674851000309,0.028669949323652237
CST7,methy->rna,1.5,-0.08138024806976318,0.029027525907622528
CST7,methy->rna,2.0,-0.11046598106622696,0.029268587279500696
CLEC2B,methy->rna,-2.0,0.17179244756698608,0.027985533872475533
CLEC2B,methy->rna,-1.5,0.15147213637828827,0.02825517539308041
CLEC2B,methy->rna,-1.0,0.11691808700561523,0.028595371567862387
CLEC2B,methy->rna,-0.5,0.05379888042807579,0.028757132507247124
CLEC2B,methy->rna,0.0,-0.015835396945476532,0.02841724580181997
CLEC2B,methy->rna,0.5,-0.0468880720436573,0.02868088753979219
CLEC2B,methy->rna,1.0,-0.11056382954120636,0.028988072923605473
CLEC2B,methy->rna,1.5,-0.16079629957675934,0.029197034477686193
CLEC2B,methy->rna,2.0,-0.19792219996452332,0.029306222675898556
TUBB2A,methy->rna,-2.0,0.40741991996765137,0.015866189800997223
TUBB2A,methy->rna,-1.5,0.36596107482910156,0.016050063633401293
TUBB2A,methy->rna,-1.0,0.2913331091403961,0.016333038488603548
TUBB2A,methy->rna,-0.5,0.14803726971149445,0.016645144871030904
TUBB2A,methy->rna,0.0,0.032977305352687836,0.01775411849692375
TUBB2A,methy->rna,0.5,-0.05293690040707588,0.01710634901195413
TUBB2A,methy->rna,1.0,-0.20090731978416443,0.018187998891113628
TUBB2A,methy->rna,1.5,-0.32290446758270264,0.01875510475287543
TUBB2A,methy->rna,2.0,-0.4090549647808075,0.019075407714482375
SNHG9,methy->rna,-2.0,0.20349939167499542,0.024882319020145854
SNHG9,methy->rna,-1.5,0.18460878729820251,0.024919036905287503
SNHG9,methy->rna,-1.0,0.15460442006587982,0.024907948313193443
SNHG9,methy->rna,-0.5,0.11038121581077576,0.02464077818870387
SNHG9,methy->rna,0.0,0.10071981698274612,0.02476528947870345
SNHG9,methy->rna,0.5,0.04701145365834236,0.024857881837922837
SNHG9,methy->rna,1.0,0.01949004828929901,0.025540277020846557
SNHG9,methy->rna,1.5,-0.011404518969357014,0.025907118071206756
SNHG9,methy->rna,2.0,-0.03859943896532059,0.026072091389669056
MFAP5,methy->rna,-2.0,0.07902613282203674,0.031021914240970984
MFAP5,methy->rna,-1.5,0.05404570326209068,0.03125607357449186
MFAP5,methy->rna,-1.0,0.013904675841331482,0.03152545139233664
MFAP5,methy->rna,-0.5,-0.05110672861337662,0.03155621744080202
MFAP5,methy->rna,0.0,-0.10811543464660645,0.03133776912544271
MFAP5,methy->rna,0.5,-0.13868746161460876,0.03094552761500856
MFAP5,methy->rna,1.0,-0.20249313116073608,0.031124891258470285
MFAP5,methy->rna,1.5,-0.2488415539264679,0.03110849592074945
MFAP5,methy->rna,2.0,-0.28049415349960327,0.031029058188471834
C17orf58,methy->rna,-2.0,0.2555270195007324,0.024235765618978996
C17orf58,methy->rna,-1.5,0.23299281299114227,0.02420186346909393
C17orf58,methy->rna,-1.0,0.19241592288017273,0.02410835141925668
C17orf58,methy->rna,-0.5,0.1069481372833252,0.023774667177095976
C17orf58,methy->rna,0.0,0.007593282498419285,0.022653015114782685
C17orf58,methy->rna,0.5,-0.06824398040771484,0.023476957657753008
C17orf58,methy->rna,1.0,-0.18234926462173462,0.023678376441150246
C17orf58,methy->rna,1.5,-0.25795838236808777,0.023642671959177568
C17orf58,methy->rna,2.0,-0.3050977885723114,0.023613791058542645
ALDH3B2,methy->rna,-2.0,0.3751600980758667,0.015891922613723367
ALDH3B2,methy->rna,-1.5,0.3316112756729126,0.015847495236731724
ALDH3B2,methy->rna,-1.0,0.25561630725860596,0.015777974689659306
ALDH3B2,methy->rna,-0.5,0.110728420317173,0.01565574083258785
ALDH3B2,methy->rna,0.0,-0.026406852528452873,0.014834521402003835
ALDH3B2,methy->rna,0.5,-0.164005845785141,0.016510386222535596
ALDH3B2,methy->rna,1.0,-0.36390212178230286,0.018766635755385192
ALDH3B2,methy->rna,1.5,-0.4774644076824188,0.01982486621421396
ALDH3B2,methy->rna,2.0,-0.5399258732795715,0.02029612484012656
GOLPH3L,methy->rna,-2.0,0.23043213784694672,0.027283578918709795
GOLPH3L,methy->rna,-1.5,0.20022794604301453,0.02735266904185561
GOLPH3L,methy->rna,-1.0,0.15307918190956116,0.02735177768293924
GOLPH3L,methy->rna,-0.5,0.08217664062976837,0.026963321723697576
GOLPH3L,methy->rna,0.0,0.03392588347196579,0.02621576580668968
GOLPH3L,methy->rna,0.5,-0.016242505982518196,0.026471877850148342
GOLPH3L,methy->rna,1.0,-0.06194103881716728,0.027020619320935184
GOLPH3L,methy->rna,1.5,-0.09651971608400345,0.02725358654363148
GOLPH3L,methy->rna,2.0,-0.12498806416988373,0.027356452413686443
KRT23,methy->rna,-2.0,0.35360243916511536,0.023766522902596073
KRT23,methy->rna,-1.5,0.31126153469085693,0.024434109323082855
KRT23,methy->rna,-1.0,0.24156007170677185,0.02548721174394045
KRT23,methy->rna,-0.5,0.11680985242128372,0.02700445063682633
KRT23,methy->rna,0.0,-0.023349933326244354,0.026641307963192473
KRT23,methy->rna,0.5,-0.08240556716918945,0.027476432810807964
KRT23,methy->rna,1.0,-0.20100310444831848,0.02771947086370604
KRT23,methy->rna,1.5,-0.27147987484931946,0.0271504438946465
KRT23,methy->rna,2.0,-0.3136047422885895,0.026587002629505405
BNIP3L,methy->rna,-2.0,0.27923786640167236,0.02615009510197853
BNIP3L,methy->rna,-1.5,0.24221916496753693,0.02628745808765002
BNIP3L,methy->rna,-1.0,0.18019232153892517,0.026443208347593828
BNIP3L,methy->rna,-0.5,0.06631087511777878,0.026486523160461253
BNIP3L,methy->rna,0.0,-0.05446393042802811,0.02498584523678189
BNIP3L,methy->rna,0.5,-0.11045657843351364,0.026190073312154127
BNIP3L,methy->rna,1.0,-0.2044576108455658,0.02691047002423353
BNIP3L,methy->rna,1.5,-0.2658199965953827,0.027215234137249546
BNIP3L,methy->rna,2.0,-0.30464717745780945,0.027358028092162073
CCND2,methy->rna,-2.0,0.20822054147720337,0.025390330400986566
CCND2,methy->rna,-1.5,0.1801779568195343,0.02567317013576629
CCND2,methy->rna,-1.0,0.13285623490810394,0.026048037775097094
CCND2,methy->rna,-0.5,0.04636384919285774,0.02631657871806685
CCND2,methy->rna,0.0,-0.04632601886987686,0.025977437354325263
CCND2,methy->rna,0.5,-0.057718757539987564,0.02609485918086533
CCND2,methy->rna,1.0,-0.12108343839645386,0.026603108112126298
CCND2,methy->rna,1.5,-0.16899237036705017,0.026965084827275426
CCND2,methy->rna,2.0,-0.20335674285888672,0.027188033524449633
COX7A1,methy->rna,-2.0,0.48316580057144165,0.02298816170861303
COX7A1,methy->rna,-1.5,0.44480782747268677,0.023395225057654043
COX7A1,methy->rna,-1.0,0.3711076080799103,0.024028122578698772
COX7A1,methy->rna,-0.5,0.20627020299434662,0.02487525135030288
COX7A1,methy->rna,0.0,0.018776478245854378,0.024412298271652557
COX7A1,methy->rna,0.5,-0.028913702815771103,0.02488269387035029
COX7A1,methy->rna,1.0,-0.12209978699684143,0.02526825345795418
COX7A1,methy->rna,1.5,-0.18847337365150452,0.025511520343825894
COX7A1,methy->rna,2.0,-0.23630911111831665,0.025657454758881412
SELL,methy->rna,-2.0,0.07777032256126404,0.026409829244505655
SELL,methy->rna,-1.5,0.06500045210123062,0.026441987905067754
SELL,methy->rna,-1.0,0.044730350375175476,0.026482783375863492
SELL,methy->rna,-0.5,0.010380621068179607,0.026519152563140552
SELL,methy->rna,0.0,-0.03491612523794174,0.026679723571062363
SELL,methy->rna,0.5,-0.07344837486743927,0.02707941196026723
SELL,methy->rna,1.0,-0.10302882641553879,0.028160386237314084
SELL,methy->rna,1.5,-0.12135685980319977,0.028866322884821143
SELL,methy->rna,2.0,-0.13375860452651978,0.029309805546457252
SHC1,methy->rna,-2.0,0.3101130723953247,0.02431900851670398
SHC1,methy->rna,-1.5,0.2667505145072937,0.024595281834821087
SHC1,methy->rna,-1.0,0.19181783497333527,0.025006002152717022
SHC1,methy->rna,-0.5,0.054428841918706894,0.02549422710910373
SHC1,methy->rna,0.0,-0.05926994979381561,0.024724409012803216
SHC1,methy->rna,0.5,-0.12012489885091782,0.025564047318403536
SHC1,methy->rna,1.0,-0.2628934383392334,0.026914650039885343
SHC1,methy->rna,1.5,-0.3647802770137787,0.02758930195085344
SHC1,methy->rna,2.0,-0.43026667833328247,0.027908717912267327
DSP,methy->rna,-2.0,0.292066365480423,0.019719236913582096
DSP,methy->rna,-1.5,0.2599596679210663,0.019636765509882526
DSP,methy->rna,-1.0,0.20840314030647278,0.019381525211085344
DSP,methy->rna,-0.5,0.12668901681900024,0.018568581906381276
DSP,methy->rna,0.0,0.08453121036291122,0.018391347499255223
DSP,methy->rna,0.5,0.036796897649765015,0.018255674608546185
DSP,methy->rna,1.0,-0.03414991870522499,0.018601629746498087
DSP,methy->rna,1.5,-0.09420935809612274,0.018894971825087026
DSP,methy->rna,2.0,-0.14059723913669586,0.019091362821149163
PTPRC,methy->rna,-2.0,0.05230013653635979,0.0351439196442823
PTPRC,methy->rna,-1.5,0.039349112659692764,0.0351991599241188
PTPRC,methy->rna,-1.0,0.018760718405246735,0.03522420296888155
PTPRC,methy->rna,-0.5,-0.015005271881818771,0.03499068436768686
PTPRC,methy->rna,0.0,-0.041587937623262405,0.03498109953513386
PTPRC,methy->rna,0.5,-0.056184686720371246,0.03471158659686655
PTPRC,methy->rna,1.0,-0.07461986690759659,0.0348106821712606
PTPRC,methy->rna,1.5,-0.08760656416416168,0.03489890926908761
PTPRC,methy->rna,2.0,-0.09685181826353073,0.03494424652956968
TRAM1,methy->rna,-2.0,0.09108513593673706,0.03153215292942178
TRAM1,methy->rna,-1.5,0.07266614586114883,0.031308081860995915
TRAM1,methy->rna,-1.0,0.044500987976789474,0.030872575663012377
TRAM1,methy->rna,-0.5,0.0017333056312054396,0.029924588213436368
TRAM1,methy->rna,0.0,-0.026661347597837448,0.030206425441855388
TRAM1,methy->rna,0.5,-0.04959503561258316,0.030059447112567746
TRAM1,methy->rna,1.0,-0.0857056975364685,0.030274504341193883
TRAM1,methy->rna,1.5,-0.11631263792514801,0.030292584325473035
TRAM1,methy->rna,2.0,-0.13981567323207855,0.03025447600759632
SEMA3C,methy->rna,-2.0,0.1720205694437027,0.025734861326097768
SEMA3C,methy->rna,-1.5,0.14507174491882324,0.025711383063002385
SEMA3C,methy->rna,-1.0,0.10041538625955582,0.02566589760592787
SEMA3C,methy->rna,-0.5,0.018351079896092415,0.025603003407963544
SEMA3C,methy->rna,0.0,-0.07389812171459198,0.024476565467458716
SEMA3C,methy->rna,0.5,-0.14512594044208527,0.025930350066435272
SEMA3C,methy->rna,1.0,-0.2590731978416443,0.02683797791754628
SEMA3C,methy->rna,1.5,-0.3306763768196106,0.02723556540211698
SEMA3C,methy->rna,2.0,-0.37479233741760254,0.027430568144805705
STAC2,methy->rna,-2.0,0.3555574417114258,0.02670376846818771
STAC2,methy->rna,-1.5,0.31471237540245056,0.02686128401107102
STAC2,methy->rna,-1.0,0.2448059320449829,0.027007161762723542
STAC2,methy->rna,-0.5,0.11919641494750977,0.026922624324176254
STAC2,methy->rna,0.0,0.014255862683057785,0.026895855224983774
STAC2,methy->rna,0.5,-0.015362981706857681,0.026699034894675858
STAC2,methy->rna,1.0,-0.07344537228345871,0.02724200977452699
STAC2,methy->rna,1.5,-0.11128145456314087,0.02771113480538061
STAC2,methy->rna,2.0,-0.13807213306427002,0.028004187028869608
RARRES2,methy->rna,-2.0,0.22849367558956146,0.02741024777674654
RARRES2,methy->rna,-1.5,0.20150811970233917,0.02780012903850973
RARRES2,methy->rna,-1.0,0.15369626879692078,0.02835711939315585
RARRES2,methy->rna,-0.5,0.06217009946703911,0.028903962639942313
RARRES2,methy->rna,0.0,-0.0254728551954031,0.028948922870858283
RARRES2,methy->rna,0.5,-0.044028643518686295,0.028696794700502598
RARRES2,methy->rna,1.0,-0.08453501015901566,0.028725191782850396
RARRES2,methy->rna,1.5,-0.11429551243782043,0.028739614798274627
RARRES2,methy->rna,2.0,-0.13740213215351105,0.028745784571116272
CPA3,methy->rna,-2.0,0.20933081209659576,0.027264771027638305
CPA3,methy->rna,-1.5,0.1906587928533554,0.0273292343659933
CPA3,methy->rna,-1.0,0.159352108836174,0.02734231053591554
CPA3,methy->rna,-0.5,0.10372316837310791,0.02701019325478385
CPA3,methy->rna,0.0,0.04316668584942818,0.02614212299704927
CPA3,methy->rna,0.5,0.026810411363840103,0.026416365150105123
CPA3,methy->rna,1.0,-0.02366005629301071,0.026670417696801032
CPA3,methy->rna,1.5,-0.06345552206039429,0.02686220588105054
CPA3,methy->rna,2.0,-0.09292275458574295,0.027005832352114782
GIT1,methy->rna,-2.0,0.36263659596443176,0.023744777232015388
GIT1,methy->rna,-1.5,0.32430198788642883,0.02393456476226679
GIT1,methy->rna,-1.0,0.25771746039390564,0.02413094486152066
GIT1,methy->rna,-0.5,0.1416385918855667,0.02398990529273937
GIT1,methy->rna,0.0,0.09919194877147675,0.02538856293868541
GIT1,methy->rna,0.5,0.04778515174984932,0.024239832307824814
GIT1,methy->rna,1.0,0.014029630459845066,0.024379679765781526
GIT1,methy->rna,1.5,-0.027644891291856766,0.024515473611062343
GIT1,methy->rna,2.0,-0.06680914759635925,0.024550114564548014
NPEPPS,methy->rna,-2.0,0.14887936413288116,0.032556607641341405
NPEPPS,methy->rna,-1.5,0.1265546679496765,0.032582840617567076
NPEPPS,methy->rna,-1.0,0.09234527498483658,0.032524830369068704
NPEPPS,methy->rna,-0.5,0.04092560335993767,0.032124673417108285
NPEPPS,methy->rna,0.0,0.02324921265244484,0.031315360928919296
NPEPPS,methy->rna,0.5,0.0007308715139515698,0.0319148771675142
NPEPPS,methy->rna,1.0,-0.026891203597187996,0.03217613032511396
NPEPPS,methy->rna,1.5,-0.0524304136633873,0.03220610308593739
NPEPPS,methy->rna,2.0,-0.07490789145231247,0.0321748009145052
RSAD1,methy->rna,-2.0,0.2241927534341812,0.025760041670644697
RSAD1,methy->rna,-1.5,0.19625577330589294,0.02574900320386867
RSAD1,methy->rna,-1.0,0.14749936759471893,0.02559909581251845
RSAD1,methy->rna,-0.5,0.048827264457941055,0.024605361382469482
RSAD1,methy->rna,0.0,-0.06196171045303345,0.022240143766934544
RSAD1,methy->rna,0.5,-0.1279968023300171,0.022285463592523376
RSAD1,methy->rna,1.0,-0.2387496829032898,0.02149240260418608
RSAD1,methy->rna,1.5,-0.30702516436576843,0.020836059510470774
RSAD1,methy->rna,2.0,-0.347541481256485,0.020426459384464843
ELOVL2,methy->rna,-2.0,0.38832443952560425,0.028366623589327667
ELOVL2,methy->rna,-1.5,0.35275277495384216,0.028399083001797977
ELOVL2,methy->rna,-1.0,0.2919926047325134,0.028248404116422342
ELOVL2,methy->rna,-0.5,0.18446730077266693,0.027374305744353608
ELOVL2,methy->rna,0.0,0.09742753952741623,0.024972692789201768
ELOVL2,methy->rna,0.5,0.035048142075538635,0.02602867632616556
ELOVL2,methy->rna,1.0,-0.056073326617479324,0.025716907744794532
ELOVL2,methy->rna,1.5,-0.1226789578795433,0.025416517610617508
ELOVL2,methy->rna,2.0,-0.17206814885139465,0.025181689213068945
SEC62,methy->rna,-2.0,0.1471187174320221,0.028654316762510196
SEC62,methy->rna,-1.5,0.12070891261100769,0.02850150210271393
SEC62,methy->rna,-1.0,0.07837130129337311,0.028238137143671727
SEC62,methy->rna,-0.5,0.004734620917588472,0.02785668129406177
SEC62,methy->rna,0.0,-0.0874110534787178,0.027325080502681332
SEC62,methy->rna,0.5,-0.13687239587306976,0.02849612997623754
SEC62,methy->rna,1.0,-0.2279214709997177,0.029231381217348612
SEC62,methy->rna,1.5,-0.2905738055706024,0.029564383319311705
SEC62,methy->rna,2.0,-0.3324969708919525,0.029717856146327395
PRR15L,methy->rna,-2.0,0.3625824749469757,0.02355702958427185
PRR15L,methy->rna,-1.5,0.32228246331214905,0.023650635346660214
PRR15L,methy->rna,-1.0,0.252671480178833,0.023784992992611238
PRR15L,methy->rna,-0.5,0.12060859799385071,0.023868464723309862
PRR15L,methy->rna,0.0,0.0008371577714569867,0.02242341282647971
PRR15L,methy->rna,0.5,-0.12490493059158325,0.024034287992817108
PRR15L,methy->rna,1.0,-0.34083887934684753,0.024361388383421965
PRR15L,methy->rna,1.5,-0.46391916275024414,0.024288445148872396
PRR15L,methy->rna,2.0,-0.5301845073699951,0.024187405583883242
COTL1,methy->rna,-2.0,0.20711378753185272,0.025165673084275853
COTL1,methy->rna,-1.5,0.1757744699716568,0.025333058956088804
COTL1,methy->rna,-1.0,0.12412736564874649,0.025549563280853
COTL1,methy->rna,-0.5,0.033453572541475296,0.02571341422806364
COTL1,methy->rna,0.0,-0.042188916355371475,0.025653586391946082
COTL1,methy->rna,0.5,-0.10568694025278091,0.025084217263106907
COTL1,methy->rna,1.0,-0.17664235830307007,0.02543566766146863
COTL1,methy->rna,1.5,-0.23512578010559082,0.025765507509672193
COTL1,methy->rna,2.0,-0.27966931462287903,0.02597042416852363
OLR1,methy->rna,-2.0,0.05633220449090004,0.02615639127779609
OLR1,methy->rna,-1.5,0.03974403440952301,0.02619613629627474
OLR1,methy->rna,-1.0,0.014559742994606495,0.026209855377884825
OLR1,methy->rna,-0.5,-0.024818843230605125,0.026038790743600417
OLR1,methy->rna,0.0,-0.07750778645277023,0.02630152368776304
OLR1,methy->rna,0.5,-0.09875616431236267,0.02647432745264711
OLR1,methy->rna,1.0,-0.15288721024990082,0.027071858292775485
OLR1,methy->rna,1.5,-0.19412186741828918,0.02733047660213591
OLR1,methy->rna,2.0,-0.22303980588912964,0.02743205229009188
SLAMF7,methy->rna,-2.0,0.03308491036295891,0.028517215300237153
SLAMF7,methy->rna,-1.5,0.024610821157693863,0.028623507126811745
SLAMF7,methy->rna,-1.0,0.011955700814723969,0.028785451132575388
SLAMF7,methy->rna,-0.5,-0.008095679804682732,0.02901081674182356
SLAMF7,methy->rna,0.0,-0.05156305804848671,0.029165163492862384
SLAMF7,methy->rna,0.5,-0.07711731642484665,0.029618174323648497
SLAMF7,methy->rna,1.0,-0.11342734843492508,0.030335116747506777
SLAMF7,methy->rna,1.5,-0.14218387007713318,0.03087189570217642
SLAMF7,methy->rna,2.0,-0.16345494985580444,0.03123315758670313
RAB4A,methy->rna,-2.0,0.32598820328712463,0.022704005639394464
RAB4A,methy->rna,-1.5,0.29118117690086365,0.022926834471677718
RAB4A,methy->rna,-1.0,0.23447869718074799,0.023201957086841668
RAB4A,methy->rna,-0.5,0.1429695039987564,0.023278110521107145
RAB4A,methy->rna,0.0,0.08483631908893585,0.023212869150641777
RAB4A,methy->rna,0.5,0.02688269503414631,0.023732934580789143
RAB4A,methy->rna,1.0,-0.03037937916815281,0.024605986859264097
RAB4A,methy->rna,1.5,-0.07308164238929749,0.02498719862036884
RAB4A,methy->rna,2.0,-0.10654867440462112,0.02515557174301092
CD55,methy->rna,-2.0,0.10940442979335785,0.020722096330875135
CD55,methy->rna,-1.5,0.08004118502140045,0.020774104617379194
CD55,methy->rna,-1.0,0.033145420253276825,0.020805816508802283
CD55,methy->rna,-0.5,-0.04109626263380051,0.0207052302510371
CD55,methy->rna,0.0,-0.08518746495246887,0.021307331212553297
CD55,methy->rna,0.5,-0.10126546025276184,0.02088536320916258
CD55,methy->rna,1.0,-0.1304747462272644,0.021507791076822904
CD55,methy->rna,1.5,-0.15544278919696808,0.02190636581222273
CD55,methy->rna,2.0,-0.17610949277877808,0.022152489841222454
VANGL2,methy->rna,-2.0,0.5311315655708313,0.01722172005917806
VANGL2,methy->rna,-1.5,0.47569650411605835,0.017590446257368716
VANGL2,methy->rna,-1.0,0.37766125798225403,0.01814354645146297
VANGL2,methy->rna,-0.5,0.19336263835430145,0.01865949397776566
VANGL2,methy->rna,0.0,0.0394708476960659,0.01847033410367052
VANGL2,methy->rna,0.5,-0.06796341389417648,0.018809562641878257
VANGL2,methy->rna,1.0,-0.25433018803596497,0.019793404949381047
VANGL2,methy->rna,1.5,-0.3829862177371979,0.02012447831628061
VANGL2,methy->rna,2.0,-0.46475139260292053,0.020241128648795268
DHX9,methy->rna,-2.0,0.0888332724571228,0.030650910609852203
DHX9,methy->rna,-1.5,0.07668373733758926,0.03069529766865325
DHX9,methy->rna,-1.0,0.058512263000011444,0.03072233700869079
DHX9,methy->rna,-0.5,0.033590272068977356,0.030619562671825282
DHX9,methy->rna,0.0,0.031661733984947205,0.030817496655938244
DHX9,methy->rna,0.5,0.023164570331573486,0.030734369264380904
DHX9,methy->rna,1.0,0.026788661256432533,0.030991825973979908
DHX9,methy->rna,1.5,0.026312032714486122,0.03114265523530965
DHX9,methy->rna,2.0,0.022906001657247543,0.03124790750637542
NDUFS2,methy->rna,-2.0,0.26178306341171265,0.022918951720576262
NDUFS2,methy->rna,-1.5,0.2283829003572464,0.023164049270237092
NDUFS2,methy->rna,-1.0,0.17348912358283997,0.023498640126845736
NDUFS2,methy->rna,-0.5,0.08225873857736588,0.02375362761969109
NDUFS2,methy->rna,0.0,0.00038048290298320353,0.02292504303639837
NDUFS2,methy->rna,0.5,-0.04360044002532959,0.023603990469185925
NDUFS2,methy->rna,1.0,-0.09747682511806488,0.02422739469086711
NDUFS2,methy->rna,1.5,-0.14002621173858643,0.024505969414890527
NDUFS2,methy->rna,2.0,-0.17445319890975952,0.02463575040136877
CLDN4,methy->rna,-2.0,0.27178525924682617,0.023640819501771916
CLDN4,methy->rna,-1.5,0.24236121773719788,0.02362557486700424
CLDN4,methy->rna,-1.0,0.19184757769107819,0.023533359537350942
CLDN4,methy->rna,-0.5,0.09789257496595383,0.023090343259108727
CLDN4,methy->rna,0.0,-0.0012312597827985883,0.021970689671431887
CLDN4,methy->rna,0.5,-0.07707855105400085,0.022832108517399353
CLDN4,methy->rna,1.0,-0.221328005194664,0.02322990304132715
CLDN4,methy->rna,1.5,-0.32374122738838196,0.023357428388493806
CLDN4,methy->rna,2.0,-0.38954877853393555,0.023371280411164767
TBC1D20,methy->rna,-2.0,0.23239929974079132,0.026217474426226184
TBC1D20,methy->rna,-1.5,0.2017906755208969,0.0265444920010882
TBC1D20,methy->rna,-1.0,0.15155594050884247,0.02691235081334068
TBC1D20,methy->rna,-0.5,0.07049846649169922,0.02692196179823353
TBC1D20,methy->rna,0.0,0.036815106868743896,0.02633821542056485
TBC1D20,methy->rna,0.5,-0.002484622411429882,0.026276219119601853
TBC1D20,methy->rna,1.0,-0.033931080251932144,0.02649738727830498
TBC1D20,methy->rna,1.5,-0.05924418196082115,0.026676543882409604
TBC1D20,methy->rna,2.0,-0.08175239711999893,0.02681758563055255
SEZ6L2,methy->rna,-2.0,0.5127260684967041,0.01669071314384826
SEZ6L2,methy->rna,-1.5,0.4664478302001953,0.016713069035691985
SEZ6L2,methy->rna,-1.0,0.38194626569747925,0.016670060423136904
SEZ6L2,methy->rna,-0.5,0.21246060729026794,0.0161841161687208
SEZ6L2,methy->rna,0.0,0.039307381957769394,0.014132717913873029
SEZ6L2,methy->rna,0.5,-0.06187787652015686,0.014114445056087525
SEZ6L2,methy->rna,1.0,-0.23480595648288727,0.013933023005543874
SEZ6L2,methy->rna,1.5,-0.36554473638534546,0.013644888511626468
SEZ6L2,methy->rna,2.0,-0.4492739140987396,0.013536020679577198
NET1,methy->rna,-2.0,0.3559669852256775,0.01722230521778208
NET1,methy->rna,-1.5,0.3125149607658386,0.017275575354683635
NET1,methy->rna,-1.0,0.2363429218530655,0.017268504415798185
NET1,methy->rna,-0.5,0.09037819504737854,0.016761536949189595
NET1,methy->rna,0.0,-0.029918843880295753,0.01602178205722114
NET1,methy->rna,0.5,-0.16652528941631317,0.016201915015346624
NET1,methy->rna,1.0,-0.37473663687705994,0.016424807049117834
NET1,methy->rna,1.5,-0.5086931586265564,0.016662490410432756
NET1,methy->rna,2.0,-0.58530193567276,0.016860680469540028
LAPTM4B,methy->rna,-2.0,0.12226950377225876,0.02991630010106732
LAPTM4B,methy->rna,-1.5,0.10007282346487045,0.02980031011513374
LAPTM4B,methy->rna,-1.0,0.06552308052778244,0.029523681561067078
LAPTM4B,methy->rna,-0.5,0.014946582727134228,0.028766906944264
LAPTM4B,methy->rna,0.0,0.006721458397805691,0.02926619651976658
LAPTM4B,methy->rna,0.5,-0.02694801613688469,0.02913745726815881
LAPTM4B,methy->rna,1.0,-0.07120033353567123,0.029693429860912647
LAPTM4B,methy->rna,1.5,-0.11385637521743774,0.029915796668525316
LAPTM4B,methy->rna,2.0,-0.14655868709087372,0.030016058201404097
ELF3,methy->rna,-2.0,0.24525602161884308,0.019893657764813215
ELF3,methy->rna,-1.5,0.22572629153728485,0.019883127089302503
ELF3,methy->rna,-1.0,0.19297407567501068,0.019854843333760697
ELF3,methy->rna,-0.5,0.1310792863368988,0.019770916116476446
ELF3,methy->rna,0.0,0.04922797903418541,0.019455640942204602
ELF3,methy->rna,0.5,-0.011529787443578243,0.0205532502867542
ELF3,methy->rna,1.0,-0.1082230731844902,0.021379716530519514
ELF3,methy->rna,1.5,-0.179695725440979,0.021736643664717004
ELF3,methy->rna,2.0,-0.22862780094146729,0.021931206176351678
MAPRE1,methy->rna,-2.0,0.0966142863035202,0.029749753283491047
MAPRE1,methy->rna,-1.5,0.0761163979768753,0.02967945579398908
MAPRE1,methy->rna,-1.0,0.04438752308487892,0.02943954512506407
MAPRE1,methy->rna,-0.5,-0.003954326268285513,0.02865599487098355
MAPRE1,methy->rna,0.0,-0.01517404243350029,0.02861922468116221
MAPRE1,methy->rna,0.5,-0.04032421484589577,0.028707846243448545
MAPRE1,methy->rna,1.0,-0.06903566420078278,0.029467098794451887
MAPRE1,methy->rna,1.5,-0.1005546823143959,0.02984481268010243
MAPRE1,methy->rna,2.0,-0.1294134557247162,0.0299994209545397
LYPLA1,methy->rna,-2.0,0.21273300051689148,0.032064538290997556
LYPLA1,methy->rna,-1.5,0.18722987174987793,0.03208366218950883
LYPLA1,methy->rna,-1.0,0.14645978808403015,0.032027168776721446
LYPLA1,methy->rna,-0.5,0.08153808116912842,0.031630531493831764
LYPLA1,methy->rna,0.0,0.04766066372394562,0.03191655527598756
LYPLA1,methy->rna,0.5,0.009117091074585915,0.031509964848425394
LYPLA1,methy->rna,1.0,-0.024501677602529526,0.031581979674910485
LYPLA1,methy->rna,1.5,-0.05239172652363777,0.03137816359369417
LYPLA1,methy->rna,2.0,-0.07520925253629684,0.0311557967860815
MUC1,methy->rna,-2.0,0.23755092918872833,0.023688676104325665
MUC1,methy->rna,-1.5,0.2195982038974762,0.023739021537887945
MUC1,methy->rna,-1.0,0.19134533405303955,0.023802621849028073
MUC1,methy->rna,-0.5,0.14527742564678192,0.02389504421803847
MUC1,methy->rna,0.0,0.08071496337652206,0.0228403682980669
MUC1,methy->rna,0.5,0.008689092472195625,0.024290166844578825
MUC1,methy->rna,1.0,-0.10108190774917603,0.02538434805324714
MUC1,methy->rna,1.5,-0.18606849014759064,0.025991657689115696
MUC1,methy->rna,2.0,-0.2461569458246231,0.026354046303617377
ACLY,methy->rna,-2.0,0.20609304308891296,0.02720487127258617
ACLY,methy->rna,-1.5,0.18123166263103485,0.027275724499309834
ACLY,methy->rna,-1.0,0.13739974796772003,0.027379928497420172
ACLY,methy->rna,-0.5,0.05122465640306473,0.027378169752565632
ACLY,methy->rna,0.0,-0.026640044525265694,0.026577966996089136
ACLY,methy->rna,0.5,-0.058009129017591476,0.02747209152239378
ACLY,methy->rna,1.0,-0.12820860743522644,0.027850722919300533
ACLY,methy->rna,1.5,-0.18275998532772064,0.027834979210714157
ACLY,methy->rna,2.0,-0.22089038789272308,0.027740891809400325
AEBP1,methy->rna,-2.0,0.04560939595103264,0.037453354318928954
AEBP1,methy->rna,-1.5,0.026559682562947273,0.037579273476556825
AEBP1,methy->rna,-1.0,-0.003844534046947956,0.0376781467560622
AEBP1,methy->rna,-0.5,-0.05280694738030434,0.03746461725995531
AEBP1,methy->rna,0.0,-0.09667489677667618,0.03701645332948704
AEBP1,methy->rna,0.5,-0.10319673269987106,0.03662105610337832
AEBP1,methy->rna,1.0,-0.13682754337787628,0.036998992283917544
AEBP1,methy->rna,1.5,-0.16445010900497437,0.037138968324211825
AEBP1,methy->rna,2.0,-0.18513786792755127,0.03715443743322983
CALD1,methy->rna,-2.0,0.026067379862070084,0.033286722127034686
CALD1,methy->rna,-1.5,0.003281858516857028,0.033454650659899415
CALD1,methy->rna,-1.0,-0.03271136432886124,0.033640622127895176
CALD1,methy->rna,-0.5,-0.09166548401117325,0.03365114844468258
CALD1,methy->rna,0.0,-0.13265281915664673,0.03320787064304192
CALD1,methy->rna,0.5,-0.16808590292930603,0.03398233731774979
CALD1,methy->rna,1.0,-0.22922107577323914,0.03416314369862627
CALD1,methy->rna,1.5,-0.2774907350540161,0.0339702004527003
CALD1,methy->rna,2.0,-0.31220629811286926,0.033741450294803924
SDCBP,methy->rna,-2.0,0.1963510364294052,0.026323897014499994
SDCBP,methy->rna,-1.5,0.17019693553447723,0.02639408117719597
SDCBP,methy->rna,-1.0,0.12792575359344482,0.026438943336837526
SDCBP,methy->rna,-0.5,0.05700938031077385,0.0263278373003699
SDCBP,methy->rna,0.0,0.016918426379561424,0.0273851480685808
SDCBP,methy->rna,0.5,-0.039369262754917145,0.026227377445580628
SDCBP,methy->rna,1.0,-0.10059407353401184,0.026273409922430224
SDCBP,methy->rna,1.5,-0.14701661467552185,0.026290186648440458
SDCBP,methy->rna,2.0,-0.18068461120128632,0.026272623172873235
RPRD2,methy->rna,-2.0,0.2098304182291031,0.028332414149449432
RPRD2,methy->rna,-1.5,0.1864856630563736,0.02842175708044314
RPRD2,methy->rna,-1.0,0.1500585675239563,0.028539296592512513
RPRD2,methy->rna,-0.5,0.09429733455181122,0.02868460335141176
RPRD2,methy->rna,0.0,0.055979304015636444,0.02827581394794101
RPRD2,methy->rna,0.5,0.01576613448560238,0.028597016985910936
RPRD2,methy->rna,1.0,-0.01792481355369091,0.028939215994052674
RPRD2,methy->rna,1.5,-0.04315144568681717,0.02917698652983374
RPRD2,methy->rna,2.0,-0.0638098269701004,0.029348321404963212
ELMO3,methy->rna,-2.0,0.4039335250854492,0.02309162690312276
ELMO3,methy->rna,-1.5,0.3687378466129303,0.023183258163852864
ELMO3,methy->rna,-1.0,0.3061213195323944,0.02321562168441041
ELMO3,methy->rna,-0.5,0.18483461439609528,0.022743855267232493
ELMO3,methy->rna,0.0,0.09284047037363052,0.021857883732874367
ELMO3,methy->rna,0.5,-0.00626046909019351,0.022900934937785066
ELMO3,methy->rna,1.0,-0.15586252510547638,0.02376266979119232
ELMO3,methy->rna,1.5,-0.27908855676651,0.023977809835561296
ELMO3,methy->rna,2.0,-0.3660748600959778,0.023967405563026498
SERPINB9,methy->rna,-2.0,0.22191210091114044,0.02669379135053704
SERPINB9,methy->rna,-1.5,0.19211101531982422,0.027025705951034935
SERPINB9,methy->rna,-1.0,0.14328499138355255,0.027461693787943945
SERPINB9,methy->rna,-0.5,0.05862470716238022,0.027795103430536282
SERPINB9,methy->rna,0.0,-0.007168586365878582,0.027632233196069812
SERPINB9,methy->rna,0.5,-0.03999852016568184,0.028168395391391456
SERPINB9,methy->rna,1.0,-0.09265032410621643,0.02901319878411106
SERPINB9,methy->rna,1.5,-0.13462117314338684,0.02953835084435818
SERPINB9,methy->rna,2.0,-0.166457861661911,0.029812054695085563
RARA,methy->rna,-2.0,0.2703425884246826,0.03130114059412886
RARA,methy->rna,-1.5,0.2386905997991562,0.03137001713983261
RARA,methy->rna,-1.0,0.18416301906108856,0.031390500960015805
RARA,methy->rna,-0.5,0.0821441262960434,0.030986050665597585
RARA,methy->rna,0.0,-0.02918945625424385,0.029368737664935137
RARA,methy->rna,0.5,-0.09321743249893188,0.02929336008341838
RARA,methy->rna,1.0,-0.20512357354164124,0.02905364337768055
RARA,methy->rna,1.5,-0.27506765723228455,0.028699793502138096
RARA,methy->rna,2.0,-0.3173411190509796,0.028423664021890137
KCTD3,methy->rna,-2.0,0.20185278356075287,0.030865732467419738
KCTD3,methy->rna,-1.5,0.1771865338087082,0.030929796982592104
KCTD3,methy->rna,-1.0,0.13717003166675568,0.030967238415802786
KCTD3,methy->rna,-0.5,0.06894949823617935,0.030770932414845145
KCTD3,methy->rna,0.0,0.008643879555165768,0.029369646458744732
KCTD3,methy->rna,0.5,-0.0432874895632267,0.03002437246611299
KCTD3,methy->rna,1.0,-0.10162808746099472,0.030460288384087427
KCTD3,methy->rna,1.5,-0.14280353486537933,0.030533952987344373
KCTD3,methy->rna,2.0,-0.17177709937095642,0.030524283159686874
ABCC11,methy->rna,-2.0,0.2030278742313385,0.02458921013325386
ABCC11,methy->rna,-1.5,0.16370037198066711,0.024398324204728986
ABCC11,methy->rna,-1.0,0.0967908650636673,0.023979278725315894
ABCC11,methy->rna,-0.5,-0.024107815697789192,0.022821582200611947
ABCC11,methy->rna,0.0,-0.13654790818691254,0.020438846876104512
ABCC11,methy->rna,0.5,-0.2279796302318573,0.020862353508822745
ABCC11,methy->rna,1.0,-0.3567849099636078,0.02097803184603985
ABCC11,methy->rna,1.5,-0.42640700936317444,0.02088259977858568
ABCC11,methy->rna,2.0,-0.4645204544067383,0.020774091541209273
MAGEF1,methy->rna,-2.0,0.2715935707092285,0.020710037922845176
MAGEF1,methy->rna,-1.5,0.23677022755146027,0.020730698271322318
MAGEF1,methy->rna,-1.0,0.18087850511074066,0.020637375825948937
MAGEF1,methy->rna,-0.5,0.09479658305644989,0.01999470822661064
MAGEF1,methy->rna,0.0,0.057546861469745636,0.02019504604662764
MAGEF1,methy->rna,0.5,0.010530580766499043,0.020298827248577157
MAGEF1,methy->rna,1.0,-0.060492031276226044,0.020648050339328792
MAGEF1,methy->rna,1.5,-0.13628309965133667,0.020540527173419858
MAGEF1,methy->rna,2.0,-0.1983596831560135,0.020301366204903727
PI4KB,methy->rna,-2.0,0.21241046488285065,0.025919880413050864
PI4KB,methy->rna,-1.5,0.19400395452976227,0.026107619343347783
PI4KB,methy->rna,-1.0,0.16624349355697632,0.026361301398562565
PI4KB,methy->rna,-0.5,0.12468007206916809,0.026550419864786283
PI4KB,methy->rna,0.0,0.08628804236650467,0.026601844082367147
PI4KB,methy->rna,0.5,0.05087682232260704,0.027265947882931307
PI4KB,methy->rna,1.0,0.02008611336350441,0.02789958202821499
PI4KB,methy->rna,1.5,-0.0040386756882071495,0.028041284122939006
PI4KB,methy->rna,2.0,-0.023676948621869087,0.028057794966827487
PPP2R5A,methy->rna,-2.0,0.2184014767408371,0.02825330768014318
PPP2R5A,methy->rna,-1.5,0.19407625496387482,0.02834101608989661
PPP2R5A,methy->rna,-1.0,0.15472131967544556,0.028425348668448452
PPP2R5A,methy->rna,-0.5,0.08743960410356522,0.028314044310070337
PPP2R5A,methy->rna,0.0,0.009353816509246826,0.026403914456977495
PPP2R5A,methy->rna,0.5,-0.031750865280628204,0.02763444960687163
PPP2R5A,methy->rna,1.0,-0.10089246928691864,0.028256661717728237
PPP2R5A,methy->rna,1.5,-0.15317924320697784,0.0284678854492055
PPP2R5A,methy->rna,2.0,-0.19110096991062164,0.028543938632834907
GOLT1A,methy->rna,-2.0,0.40429043769836426,0.017382798858365186
GOLT1A,methy->rna,-1.5,0.3679622411727905,0.017399054716940185
GOLT1A,methy->rna,-1.0,0.3062556982040405,0.017440724111759058
GOLT1A,methy->rna,-0.5,0.1960243433713913,0.017548177538095074
GOLT1A,methy->rna,0.0,0.08504342287778854,0.017027599957959084
GOLT1A,methy->rna,0.5,-0.026056190952658653,0.017844680780762713
GOLT1A,methy->rna,1.0,-0.17683610320091248,0.018370785222052502
GOLT1A,methy->rna,1.5,-0.27946221828460693,0.01858407498837748
GOLT1A,methy->rna,2.0,-0.3467489778995514,0.018767923758122532
SOX9,methy->rna,-2.0,0.3804214298725128,0.016715188464900214
SOX9,methy->rna,-1.5,0.33962759375572205,0.01680494874365061
SOX9,methy->rna,-1.0,0.27188825607299805,0.016913472236558594
SOX9,methy->rna,-0.5,0.15872882306575775,0.016993171492234654
SOX9,methy->rna,0.0,0.09882617741823196,0.01729644601156036
SOX9,methy->rna,0.5,0.02364978939294815,0.01678765332956679
SOX9,methy->rna,1.0,-0.10130451619625092,0.017673559483075307
SOX9,methy->rna,1.5,-0.1952866166830063,0.018146951704046888
SOX9,methy->rna,2.0,-0.2576686143875122,0.018376811157025
NME3,methy->rna,-2.0,0.214721217751503,0.03379922081352038
NME3,methy->rna,-1.5,0.19848766922950745,0.0338931861705816
NME3,methy->rna,-1.0,0.17253993451595306,0.033980537165023826
NME3,methy->rna,-0.5,0.13117939233779907,0.033853312569765384
NME3,methy->rna,0.0,0.09393392503261566,0.03355815944164222
NME3,methy->rna,0.5,0.05485469475388527,0.0342069619440357
NME3,methy->rna,1.0,0.013799045234918594,0.034765111719081594
NME3,methy->rna,1.5,-0.028282275423407555,0.03479146673955987
NME3,methy->rna,2.0,-0.06332386285066605,0.03468200830050244
CTHRC1,methy->rna,-2.0,0.09313467890024185,0.0326075502199968
CTHRC1,methy->rna,-1.5,0.07252269238233566,0.03294252246489485
CTHRC1,methy->rna,-1.0,0.03919752314686775,0.03346691610728648
CTHRC1,methy->rna,-0.5,-0.01695227064192295,0.034317309562647835
CTHRC1,methy->rna,0.0,-0.05341749265789986,0.036378436487917755
CTHRC1,methy->rna,0.5,-0.08383665978908539,0.035134195332583454
CTHRC1,methy->rna,1.0,-0.15485817193984985,0.03512517277533711
CTHRC1,methy->rna,1.5,-0.2086537778377533,0.03483586905389249
CTHRC1,methy->rna,2.0,-0.24616514146327972,0.03453275035892502
CD4,methy->rna,-2.0,0.16017796099185944,0.032065560411613146
CD4,methy->rna,-1.5,0.13917136192321777,0.032188615888028044
CD4,methy->rna,-1.0,0.10492482781410217,0.03224131721153799
CD4,methy->rna,-0.5,0.04815736040472984,0.03177302251747442
CD4,methy->rna,0.0,-0.0019686324521899223,0.032115007948174096
CD4,methy->rna,0.5,-0.012763524428009987,0.03156189685727158
CD4,methy->rna,1.0,-0.05741109326481819,0.03168327422521312
CD4,methy->rna,1.5,-0.09028282761573792,0.031785157203162266
CD4,methy->rna,2.0,-0.11342043429613113,0.031827122991166044
GCC1,methy->rna,-2.0,0.24601633846759796,0.02469854870742033
GCC1,methy->rna,-1.5,0.21713048219680786,0.02479960788666437
GCC1,methy->rna,-1.0,0.1700986921787262,0.02486557934328373
GCC1,methy->rna,-0.5,0.08997934311628342,0.02464601083603442
GCC1,methy->rna,0.0,0.03956078365445137,0.02400504531814767
GCC1,methy->rna,0.5,0.023861588910222054,0.02469041097100539
GCC1,methy->rna,1.0,-0.018400855362415314,0.025233167914691153
GCC1,methy->rna,1.5,-0.05867728218436241,0.025520721608727846
GCC1,methy->rna,2.0,-0.09379776567220688,0.02567480465700657
ANKH,methy->rna,-2.0,0.18826505541801453,0.023005282773764547
ANKH,methy->rna,-1.5,0.15148380398750305,0.023355700154702414
ANKH,methy->rna,-1.0,0.09107113629579544,0.023819372422698465
ANKH,methy->rna,-0.5,-0.011706531047821045,0.024284204111094283
ANKH,methy->rna,0.0,-0.08373880386352539,0.02568944342923452
ANKH,methy->rna,0.5,-0.12889495491981506,0.024729698323536765
ANKH,methy->rna,1.0,-0.21340002119541168,0.025121826507164925
ANKH,methy->rna,1.5,-0.2817278802394867,0.025257201915008232
ANKH,methy->rna,2.0,-0.33341243863105774,0.025281233735963655
CTF1,methy->rna,-2.0,0.5975832343101501,0.018946117084376216
CTF1,methy->rna,-1.5,0.5431723594665527,0.0192371926268453
CTF1,methy->rna,-1.0,0.4383569359779358,0.019733518270498837
CTF1,methy->rna,-0.5,0.20278196036815643,0.020501061113232882
CTF1,methy->rna,0.0,-0.049838367849588394,0.020032097355141634
CTF1,methy->rna,0.5,-0.1792624294757843,0.0205404923036334
CTF1,methy->rna,1.0,-0.4164777100086212,0.02159597240805519
CTF1,methy->rna,1.5,-0.5582356452941895,0.022079461611568395
CTF1,methy->rna,2.0,-0.6375338435173035,0.022277386878234738
PXMP4,methy->rna,-2.0,0.5649714469909668,0.02303651956434713
PXMP4,methy->rna,-1.5,0.5176008939743042,0.02329937237340071
PXMP4,methy->rna,-1.0,0.4288847744464874,0.023502351579742002
PXMP4,methy->rna,-0.5,0.24312353134155273,0.02281124766765007
PXMP4,methy->rna,0.0,0.07103829830884933,0.019441272410821716
PXMP4,methy->rna,0.5,-0.0502731055021286,0.019639847127260867
PXMP4,methy->rna,1.0,-0.26097139716148376,0.019728647397202804
PXMP4,methy->rna,1.5,-0.41272643208503723,0.019901989464415338
PXMP4,methy->rna,2.0,-0.5050895810127258,0.020086256671597903
VWF,methy->rna,-2.0,0.19246318936347961,0.03066438342359542
VWF,methy->rna,-1.5,0.17314374446868896,0.030858651721406845
VWF,methy->rna,-1.0,0.14143182337284088,0.03112350736382018
VWF,methy->rna,-0.5,0.0850641056895256,0.03140590904690751
VWF,methy->rna,0.0,0.004818873014301062,0.03141929904490789
VWF,methy->rna,0.5,-0.012923309579491615,0.0314348291760522
VWF,methy->rna,1.0,-0.08047991991043091,0.03186722760431755
VWF,methy->rna,1.5,-0.1330747902393341,0.03206767003369393
VWF,methy->rna,2.0,-0.17010045051574707,0.03214595270429508
CRNKL1,methy->rna,-2.0,0.15150856971740723,0.030901600401516443
CRNKL1,methy->rna,-1.5,0.13214795291423798,0.030932429651469782
CRNKL1,methy->rna,-1.0,0.10198766738176346,0.030875269354016358
CRNKL1,methy->rna,-0.5,0.05671139433979988,0.03039229665921508
CRNKL1,methy->rna,0.0,0.040413886308670044,0.030155541705964642
CRNKL1,methy->rna,0.5,0.004018666222691536,0.029905185356633418
CRNKL1,methy->rna,1.0,-0.03292856365442276,0.03022129522641863
CRNKL1,methy->rna,1.5,-0.06110650673508644,0.03037310520049254
CRNKL1,methy->rna,2.0,-0.08299873769283295,0.030451594910450793
WFDC2,methy->rna,-2.0,0.5251014232635498,0.017882000169720788
WFDC2,methy->rna,-1.5,0.46830230951309204,0.017887754774167403
WFDC2,methy->rna,-1.0,0.36114922165870667,0.017805936089283114
WFDC2,methy->rna,-0.5,0.14518946409225464,0.017343963723376956
WFDC2,methy->rna,0.0,-0.023008249700069427,0.015942965443014833
WFDC2,methy->rna,0.5,-0.1824173927307129,0.01689723490255765
WFDC2,methy->rna,1.0,-0.4367314279079437,0.01889166573345835
WFDC2,methy->rna,1.5,-0.5692804455757141,0.019615470967164154
WFDC2,methy->rna,2.0,-0.635124921798706,0.019811153670688836
KDELR2,methy->rna,-2.0,0.12995724380016327,0.01815076449726005
KDELR2,methy->rna,-1.5,0.10027819126844406,0.01823255049171953
KDELR2,methy->rna,-1.0,0.052650704979896545,0.01829194245550635
KDELR2,methy->rna,-0.5,-0.026346426457166672,0.01809381341852538
KDELR2,methy->rna,0.0,-0.0801626592874527,0.017815113381206872
KDELR2,methy->rna,0.5,-0.1628359854221344,0.01813000498782766
KDELR2,methy->rna,1.0,-0.29877158999443054,0.019099053788425094
KDELR2,methy->rna,1.5,-0.4024052321910858,0.019710323324418435
KDELR2,methy->rna,2.0,-0.47100549936294556,0.020054828097189795
PRR14,methy->rna,-2.0,0.30182406306266785,0.0267239602539093
PRR14,methy->rna,-1.5,0.26754188537597656,0.0270305659275227
PRR14,methy->rna,-1.0,0.20983827114105225,0.027413869875815
PRR14,methy->rna,-0.5,0.11713423579931259,0.027551594635521006
PRR14,methy->rna,0.0,0.07464786618947983,0.027354942116060425
PRR14,methy->rna,0.5,0.0455312579870224,0.027284256700184098
PRR14,methy->rna,1.0,0.022916629910469055,0.027747447329254677
PRR14,methy->rna,1.5,-0.006503112614154816,0.0279311609785772
PRR14,methy->rna,2.0,-0.035909503698349,0.027969478515172674
C1orf116,methy->rna,-2.0,0.3731745779514313,0.017438792107653048
C1orf116,methy->rna,-1.5,0.3282258212566376,0.01791414357475131
C1orf116,methy->rna,-1.0,0.2530970871448517,0.018660086764135466
C1orf116,methy->rna,-0.5,0.11753533035516739,0.019701642926951722
C1orf116,methy->rna,0.0,-0.026712708175182343,0.019320189256703417
C1orf116,methy->rna,0.5,-0.1163090318441391,0.01955718176037411
C1orf116,methy->rna,1.0,-0.2634904086589813,0.020373627299255685
C1orf116,methy->rna,1.5,-0.35909172892570496,0.020617883615318182
C1orf116,methy->rna,2.0,-0.415862500667572,0.020676414731251785
GMFG,methy->rna,-2.0,0.2198953926563263,0.02394329310568989
GMFG,methy->rna,-1.5,0.1991211175918579,0.02416522186161016
GMFG,methy->rna,-1.0,0.1649041622877121,0.02453541259083211
GMFG,methy->rna,-0.5,0.10391843318939209,0.0250534948018746
GMFG,methy->rna,0.0,0.019532460719347,0.02520948043287701
GMFG,methy->rna,0.5,-0.0201676394790411,0.0256131178253984
GMFG,methy->rna,1.0,-0.08444185554981232,0.026096347684874812
GMFG,methy->rna,1.5,-0.12905223667621613,0.02642361370696535
GMFG,methy->rna,2.0,-0.1605386734008789,0.026633824035273642
SLC2A4RG,methy->rna,-2.0,0.25012511014938354,0.028659481849629482
SLC2A4RG,methy->rna,-1.5,0.2250169962644577,0.02881051379159302
SLC2A4RG,methy->rna,-1.0,0.18229573965072632,0.028906168153935864
SLC2A4RG,methy->rna,-0.5,0.11080679297447205,0.028487512780258784
SLC2A4RG,methy->rna,0.0,0.06897865980863571,0.027648469440389928
SLC2A4RG,methy->rna,0.5,0.04204157367348671,0.027701998921328273
SLC2A4RG,methy->rna,1.0,0.0358695387840271,0.028247874531540488
SLC2A4RG,methy->rna,1.5,0.019867494702339172,0.02853530836068623
SLC2A4RG,methy->rna,2.0,0.00028641847893595695,0.028654390860806424
RSL1D1,methy->rna,-2.0,0.26724374294281006,0.019773073684513618
RSL1D1,methy->rna,-1.5,0.2322377860546112,0.019786712129742513
RSL1D1,methy->rna,-1.0,0.17097268998622894,0.019769333899915857
RSL1D1,methy->rna,-0.5,0.05175179988145828,0.019523828809625783
RSL1D1,methy->rna,0.0,-0.06415865570306778,0.018995244254774078
RSL1D1,methy->rna,0.5,-0.12302819639444351,0.019449904862332047
RSL1D1,methy->rna,1.0,-0.22874781489372253,0.020035937390375465
RSL1D1,methy->rna,1.5,-0.3031902611255646,0.020267786600543413
RSL1D1,methy->rna,2.0,-0.3519895076751709,0.020363911705003457
STC1,methy->rna,-2.0,0.3517717123031616,0.023837001279115297
STC1,methy->rna,-1.5,0.3065519332885742,0.02388088490537434
STC1,methy->rna,-1.0,0.22993603348731995,0.023797038324471276
STC1,methy->rna,-0.5,0.09231634438037872,0.02311015365654092
STC1,methy->rna,0.0,-0.030029091984033585,0.02102002814510678
STC1,methy->rna,0.5,-0.08815526962280273,0.02132966966950379
STC1,methy->rna,1.0,-0.2073899507522583,0.021476968364954527
STC1,methy->rna,1.5,-0.2987156808376312,0.021493686248200115
STC1,methy->rna,2.0,-0.3603968918323517,0.021500254844224385
S100A4,methy->rna,-2.0,0.17610111832618713,0.02229345531170752
S100A4,methy->rna,-1.5,0.15167474746704102,0.02237836542109759
S100A4,methy->rna,-1.0,0.11165543645620346,0.022462425579442717
S100A4,methy->rna,-0.5,0.04579563066363335,0.022449785281851216
S100A4,methy->rna,0.0,-0.011586828157305717,0.02413700784564127
S100A4,methy->rna,0.5,-0.04354837164282799,0.022838609553212357
S100A4,methy->rna,1.0,-0.08882218599319458,0.02304201155571447
S100A4,methy->rna,1.5,-0.12091415375471115,0.02326142968700967
S100A4,methy->rna,2.0,-0.1438962072134018,0.023416462936969414
ZNF880,methy->rna,-2.0,0.6802111268043518,0.016372459871876625
ZNF880,methy->rna,-1.5,0.6215226054191589,0.016786949395752645
ZNF880,methy->rna,-1.0,0.5074347257614136,0.017294799503830983
ZNF880,methy->rna,-0.5,0.25192973017692566,0.017073877612994722
ZNF880,methy->rna,0.0,0.00028644909616559744,0.01564683051246667
ZNF880,methy->rna,0.5,-0.15162938833236694,0.01604092230094482
ZNF880,methy->rna,1.0,-0.3846416473388672,0.016903083219555373
ZNF880,methy->rna,1.5,-0.5336307287216187,0.017638752898103956
ZNF880,methy->rna,2.0,-0.622569739818573,0.018113831944995506
CREG1,methy->rna,-2.0,0.17571154236793518,0.02082329934798832
CREG1,methy->rna,-1.5,0.1457168310880661,0.020837949017024536
CREG1,methy->rna,-1.0,0.0991685763001442,0.020790783272115015
CREG1,methy->rna,-0.5,0.029360108077526093,0.020467808413120625
CREG1,methy->rna,0.0,-0.020106907933950424,0.020283582613809477
CREG1,methy->rna,0.5,-0.047384150326251984,0.02060774086618183
CREG1,methy->rna,1.0,-0.09128663688898087,0.021496663256219076
CREG1,methy->rna,1.5,-0.12835708260536194,0.021990425970567856
CREG1,methy->rna,2.0,-0.15805090963840485,0.022272699071317615
CD40,methy->rna,-2.0,0.3204914927482605,0.02743730891040062
CD40,methy->rna,-1.5,0.28641512989997864,0.02792602858188272
CD40,methy->rna,-1.0,0.22577765583992004,0.02863728723054813
CD40,methy->rna,-0.5,0.1072804257273674,0.029431427002904013
CD40,methy->rna,0.0,-0.0008112906361930072,0.029814685184601588
CD40,methy->rna,0.5,-0.024243727326393127,0.029228883668893462
CD40,methy->rna,1.0,-0.091984823346138,0.02960183564933066
CD40,methy->rna,1.5,-0.14289680123329163,0.02984361185183124
CD40,methy->rna,2.0,-0.17898757755756378,0.029927966223999614
PRKAR1A,methy->rna,-2.0,0.29193222522735596,0.03157466573720064
PRKAR1A,methy->rna,-1.5,0.26185160875320435,0.03171399668644543
PRKAR1A,methy->rna,-1.0,0.21085116267204285,0.03184971643343002
PRKAR1A,methy->rna,-0.5,0.1152111366391182,0.03171868885208586
PRKAR1A,methy->rna,0.0,0.03786138445138931,0.030369517971210538
PRKAR1A,methy->rna,0.5,0.0022644817363470793,0.031125697622282157
PRKAR1A,methy->rna,1.0,-0.06272623687982559,0.0316579195317339
PRKAR1A,methy->rna,1.5,-0.11489276587963104,0.031658170158324075
PRKAR1A,methy->rna,2.0,-0.1529185175895691,0.03150632313510205
S100A6,methy->rna,-2.0,0.40192922949790955,0.021893620905271853
S100A6,methy->rna,-1.5,0.35354700684547424,0.02221176194011832
S100A6,methy->rna,-1.0,0.26481327414512634,0.022677635363384612
S100A6,methy->rna,-0.5,0.08565402776002884,0.02311791436338977
S100A6,methy->rna,0.0,-0.09670814126729965,0.023851393783476376
S100A6,methy->rna,0.5,-0.179795041680336,0.023290617877637768
S100A6,methy->rna,1.0,-0.35294076800346375,0.024153640733782362
S100A6,methy->rna,1.5,-0.4678853750228882,0.024376694040315946
S100A6,methy->rna,2.0,-0.5369789600372314,0.024323990537444357
ECH1,methy->rna,-2.0,0.33334845304489136,0.023254344582273472
ECH1,methy->rna,-1.5,0.2969169616699219,0.02331057429230076
ECH1,methy->rna,-1.0,0.2375568300485611,0.023314139727966227
ECH1,methy->rna,-0.5,0.1423749178647995,0.02309378447115993
ECH1,methy->rna,0.0,0.053859446197748184,0.022732692576842208
ECH1,methy->rna,0.5,-0.007054451387375593,0.023272607632931534
ECH1,methy->rna,1.0,-0.1467626392841339,0.023927100448602846
ECH1,methy->rna,1.5,-0.2598385512828827,0.024083626561295375
ECH1,methy->rna,2.0,-0.3369494080543518,0.024051541999029504
GRAMD1A,methy->rna,-2.0,0.22752828896045685,0.020513869221671716
GRAMD1A,methy->rna,-1.5,0.2027885764837265,0.020590680823156612
GRAMD1A,methy->rna,-1.0,0.16240008175373077,0.02073054135728325
GRAMD1A,methy->rna,-0.5,0.09534521400928497,0.020970691755990166
GRAMD1A,methy->rna,0.0,0.04072355479001999,0.02130336913306686
GRAMD1A,methy->rna,0.5,-0.0038013304583728313,0.020951559140032272
GRAMD1A,methy->rna,1.0,-0.046960875391960144,0.021244650592031036
GRAMD1A,methy->rna,1.5,-0.09029369801282883,0.021375325116787296
GRAMD1A,methy->rna,2.0,-0.12650509178638458,0.021413058584459577
RHOD,methy->rna,-2.0,0.3275079131126404,0.021398794662436063
RHOD,methy->rna,-1.5,0.2973446846008301,0.021497563332582056
RHOD,methy->rna,-1.0,0.24278080463409424,0.02162368952956703
RHOD,methy->rna,-0.5,0.13256432116031647,0.021536876837453273
RHOD,methy->rna,0.0,0.004638215526938438,0.020522492955735435
RHOD,methy->rna,0.5,-0.07629337906837463,0.02121816698921519
RHOD,methy->rna,1.0,-0.23489901423454285,0.021402567137458632
RHOD,methy->rna,1.5,-0.3461117148399353,0.02123647580646798
RHOD,methy->rna,2.0,-0.41494616866111755,0.02103042805891827
FCER1A,methy->rna,-2.0,0.19401197135448456,0.027098387662186058
FCER1A,methy->rna,-1.5,0.16767704486846924,0.027336136404350588
FCER1A,methy->rna,-1.0,0.12342040240764618,0.027713277117886206
FCER1A,methy->rna,-0.5,0.04279858618974686,0.028278873771702816
FCER1A,methy->rna,0.0,-0.05741412565112114,0.027520534373232375
FCER1A,methy->rna,0.5,-0.09336148947477341,0.028665797639701923
FCER1A,methy->rna,1.0,-0.1797710508108139,0.029896158440663765
FCER1A,methy->rna,1.5,-0.23926205933094025,0.030475273674818316
FCER1A,methy->rna,2.0,-0.2780236303806305,0.030748410891515737
SCGB3A1,methy->rna,-2.0,0.38403549790382385,0.020033814692124754
SCGB3A1,methy->rna,-1.5,0.34313100576400757,0.020328651812808136
SCGB3A1,methy->rna,-1.0,0.26967597007751465,0.020722824237667473
SCGB3A1,methy->rna,-0.5,0.13171149790287018,0.021037874937688984
SCGB3A1,methy->rna,0.0,0.02708192728459835,0.021267557862373148
SCGB3A1,methy->rna,0.5,-0.03149745240807533,0.02122355437122315
SCGB3A1,methy->rna,1.0,-0.11359250545501709,0.021593795225763136
SCGB3A1,methy->rna,1.5,-0.17516867816448212,0.021914135236518195
SCGB3A1,methy->rna,2.0,-0.22001929581165314,0.02213996940852191
ACTR3B,cnv->rna,-2.0,-0.3841697573661804,0.01910698230612128
ACTR3B,cnv->rna,-1.5,-0.33266523480415344,0.0197572188284829
ACTR3B,cnv->rna,-1.0,-0.24146822094917297,0.02076229683593941
ACTR3B,cnv->rna,-0.5,-0.07311803847551346,0.022304306353381327
ACTR3B,cnv->rna,0.0,0.07927536964416504,0.022898289192737467
ACTR3B,cnv->rna,0.5,0.22630023956298828,0.023764764157741532
ACTR3B,cnv->rna,1.0,0.36709609627723694,0.02543488527063495
ACTR3B,cnv->rna,1.5,0.47983306646347046,0.026500804517377994
ACTR3B,cnv->rna,2.0,0.5637489557266235,0.02711159895253083
AGR2,cnv->rna,-2.0,-0.15998463332653046,0.031832752282317564
AGR2,cnv->rna,-1.5,-0.13319170475006104,0.03217218350115909
AGR2,cnv->rna,-1.0,-0.09059394150972366,0.0326391531433372
AGR2,cnv->rna,-0.5,-0.0258746687322855,0.03301409706032589
AGR2,cnv->rna,0.0,0.013719310984015465,0.032969352586213634
AGR2,cnv->rna,0.5,0.03402336314320564,0.03291807438586356
AGR2,cnv->rna,1.0,0.06607265770435333,0.033534306328342395
AGR2,cnv->rna,1.5,0.09723091870546341,0.03394107110483685
AGR2,cnv->rna,2.0,0.12178683280944824,0.034171065678237494
AKT1,cnv->rna,-2.0,-0.44673988223075867,0.021540627518859306
AKT1,cnv->rna,-1.5,-0.39406266808509827,0.021970035862935774
AKT1,cnv->rna,-1.0,-0.29761970043182373,0.022548033084561974
AKT1,cnv->rna,-0.5,-0.11200888454914093,0.023018278307305604
AKT1,cnv->rna,0.0,0.056560903787612915,0.022624857762216795
AKT1,cnv->rna,0.5,0.1637383997440338,0.022767863115209726
AKT1,cnv->rna,1.0,0.31722819805145264,0.023227895849244087
AKT1,cnv->rna,1.5,0.4363904595375061,0.02344017875048505
AKT1,cnv->rna,2.0,0.518328845500946,0.023454067822304126
AKT2,cnv->rna,-2.0,-0.5424509048461914,0.01924427119349654
AKT2,cnv->rna,-1.5,-0.4869551360607147,0.01955685703548771
AKT2,cnv->rna,-1.0,-0.3769510090351105,0.020125692220721726
AKT2,cnv->rna,-0.5,-0.1422547549009323,0.02115514638827495
AKT2,cnv->rna,0.0,0.09787511825561523,0.021679298121523017
AKT2,cnv->rna,0.5,0.30672067403793335,0.021728514645748678
AKT2,cnv->rna,1.0,0.5641663074493408,0.022454943830885542
AKT2,cnv->rna,1.5,0.7550675272941589,0.022847998243216528
AKT2,cnv->rna,2.0,0.8814708590507507,0.02294435653937352
ALDH1A3,cnv->rna,-2.0,-0.2756754457950592,0.024235499736857243
ALDH1A3,cnv->rna,-1.5,-0.24962306022644043,0.024576402024815026
ALDH1A3,cnv->rna,-1.0,-0.20436742901802063,0.025026359569924297
ALDH1A3,cnv->rna,-0.5,-0.11873593926429749,0.025280375067472095
ALDH1A3,cnv->rna,0.0,-0.03319916874170303,0.023891664028113574
ALDH1A3,cnv->rna,0.5,-0.009923141449689865,0.024128756782420338
ALDH1A3,cnv->rna,1.0,0.037936706095933914,0.024860967814024488
ALDH1A3,cnv->rna,1.5,0.08130083978176117,0.025167773988910024
ALDH1A3,cnv->rna,2.0,0.11589907854795456,0.025263593982738555
ANLN,cnv->rna,-2.0,-0.39372187852859497,0.029732492739193688
ANLN,cnv->rna,-1.5,-0.3452685475349426,0.030297036761331556
ANLN,cnv->rna,-1.0,-0.2617291510105133,0.031026355780021237
ANLN,cnv->rna,-0.5,-0.11519479751586914,0.03166880762255582
ANLN,cnv->rna,0.0,-0.005696870386600494,0.03190995834826178
ANLN,cnv->rna,0.5,0.06660193204879761,0.03241307924155158
ANLN,cnv->rna,1.0,0.1692272126674652,0.03339077792855257
ANLN,cnv->rna,1.5,0.25091996788978577,0.03382515303783784
ANLN,cnv->rna,2.0,0.3091732859611511,0.03399179356796522
AP2B1,cnv->rna,-2.0,-0.5542200207710266,0.024474386105805008
AP2B1,cnv->rna,-1.5,-0.4975103735923767,0.02507470652885013
AP2B1,cnv->rna,-1.0,-0.388353556394577,0.026104587851287477
AP2B1,cnv->rna,-0.5,-0.15955890715122223,0.02784501081240617
AP2B1,cnv->rna,0.0,0.06659508496522903,0.02875293287734043
AP2B1,cnv->rna,0.5,0.2542880177497864,0.0290589326884141
AP2B1,cnv->rna,1.0,0.4897438883781433,0.03072364898440632
AP2B1,cnv->rna,1.5,0.6685372591018677,0.03184804486304163
AP2B1,cnv->rna,2.0,0.7888302206993103,0.03242798171653963
APC,cnv->rna,-2.0,-0.29989200830459595,0.032068628952821567
APC,cnv->rna,-1.5,-0.2597513198852539,0.03242491317533121
APC,cnv->rna,-1.0,-0.192827045917511,0.03284722987658652
APC,cnv->rna,-0.5,-0.07694854587316513,0.03296605739139322
APC,cnv->rna,0.0,0.013771209865808487,0.031806586866303166
APC,cnv->rna,0.5,0.0814954861998558,0.032953266717847624
APC,cnv->rna,1.0,0.1711561232805252,0.03351895708421534
APC,cnv->rna,1.5,0.24356600642204285,0.033803710298527016
APC,cnv->rna,2.0,0.2970599830150604,0.03395382908795765
AR,cnv->rna,-2.0,-0.13068675994873047,0.03146760023723899
AR,cnv->rna,-1.5,-0.10153665393590927,0.03179588620058346
AR,cnv->rna,-1.0,-0.054989755153656006,0.032255058086764606
AR,cnv->rna,-0.5,0.017684482038021088,0.03260470615303871
AR,cnv->rna,0.0,0.06966912001371384,0.03166998665721047
AR,cnv->rna,0.5,0.07928750663995743,0.03188846548363293
AR,cnv->rna,1.0,0.11834056675434113,0.03230422448567223
AR,cnv->rna,1.5,0.15306971967220306,0.03240777467528646
AR,cnv->rna,2.0,0.17933866381645203,0.032380340870789594
ARID1A,cnv->rna,-2.0,-0.37835943698883057,0.028175848808247132
ARID1A,cnv->rna,-1.5,-0.3209916055202484,0.028557777579335947
ARID1A,cnv->rna,-1.0,-0.22392171621322632,0.029068408552884416
ARID1A,cnv->rna,-0.5,-0.05873950570821762,0.029568164511780886
ARID1A,cnv->rna,0.0,0.06254395842552185,0.028848260335435222
ARID1A,cnv->rna,0.5,0.15152239799499512,0.02950750851823492
ARID1A,cnv->rna,1.0,0.2621793746948242,0.030105728036645865
ARID1A,cnv->rna,1.5,0.3563081920146942,0.030518656047897004
ARID1A,cnv->rna,2.0,0.42718425393104553,0.030741959981020767
ARID1B,cnv->rna,-2.0,-0.4248653054237366,0.026320649765635973
ARID1B,cnv->rna,-1.5,-0.366211861371994,0.026968495528263477
ARID1B,cnv->rna,-1.0,-0.2630780339241028,0.027979917657493927
ARID1B,cnv->rna,-0.5,-0.0801219642162323,0.02928972054945669
ARID1B,cnv->rna,0.0,0.05827147886157036,0.029099486250066274
ARID1B,cnv->rna,0.5,0.15839257836341858,0.02954658447268588
ARID1B,cnv->rna,1.0,0.2805216312408447,0.03036459261387316
ARID1B,cnv->rna,1.5,0.3767119348049164,0.0309851789209361
ARID1B,cnv->rna,2.0,0.44652870297431946,0.031377886814764146
ASPM,cnv->rna,-2.0,-0.37853536009788513,0.03153418191512138
ASPM,cnv->rna,-1.5,-0.32904690504074097,0.03224138913047256
ASPM,cnv->rna,-1.0,-0.2418910562992096,0.03331403170791729
ASPM,cnv->rna,-0.5,-0.08989889174699783,0.0346392078169853
ASPM,cnv->rna,0.0,0.00942289363592863,0.03520398503082011
ASPM,cnv->rna,0.5,0.04999809339642525,0.03460230904482638
ASPM,cnv->rna,1.0,0.11184485256671906,0.03506516187284064
ASPM,cnv->rna,1.5,0.16360962390899658,0.03543016354196511
ASPM,cnv->rna,2.0,0.20157213509082794,0.0356503923957955
ATM,cnv->rna,-2.0,-0.354784220457077,0.02928795308715553
ATM,cnv->rna,-1.5,-0.3037180006504059,0.02959241208954003
ATM,cnv->rna,-1.0,-0.21883420646190643,0.029985697514206308
ATM,cnv->rna,-0.5,-0.07863160967826843,0.030227813697124867
ATM,cnv->rna,0.0,0.024739274755120277,0.029131592605948685
ATM,cnv->rna,0.5,0.09954537451267242,0.02971187379858797
ATM,cnv->rna,1.0,0.1860760748386383,0.029986288121214462
ATM,cnv->rna,1.5,0.25333061814308167,0.030055260558830975
ATM,cnv->rna,2.0,0.30206725001335144,0.030051710378697086
AURKA,cnv->rna,-2.0,-0.40970489382743835,0.030324666708377253
AURKA,cnv->rna,-1.5,-0.36652252078056335,0.031121676700031065
AURKA,cnv->rna,-1.0,-0.29180923104286194,0.032338584301504575
AURKA,cnv->rna,-0.5,-0.1531217247247696,0.0340072692150682
AURKA,cnv->rna,0.0,-0.0037376433610916138,0.03431866948431975
AURKA,cnv->rna,0.5,0.0929388552904129,0.034530176532812
AURKA,cnv->rna,1.0,0.22199855744838715,0.03625658619849735
AURKA,cnv->rna,1.5,0.3215598165988922,0.037173580945995995
AURKA,cnv->rna,2.0,0.3903186023235321,0.03760050481778724
AURKB,cnv->rna,-2.0,-0.26633843779563904,0.02768343076003869
AURKB,cnv->rna,-1.5,-0.2315097153186798,0.028476724940072935
AURKB,cnv->rna,-1.0,-0.17218250036239624,0.02974816234948384
AURKB,cnv->rna,-0.5,-0.06823262572288513,0.0316195562285437
AURKB,cnv->rna,0.0,-0.0009129554382525384,0.032147552355748905
AURKB,cnv->rna,0.5,0.050615523010492325,0.03196925442013584
AURKB,cnv->rna,1.0,0.10167094320058823,0.03353157994691361
AURKB,cnv->rna,1.5,0.14168515801429749,0.03455175439254535
AURKB,cnv->rna,2.0,0.17181947827339172,0.0351816661881245
AZGP1,cnv->rna,-2.0,-0.12845256924629211,0.025613148336461552
AZGP1,cnv->rna,-1.5,-0.09713676571846008,0.02588946524181173
AZGP1,cnv->rna,-1.0,-0.047764863818883896,0.026211455029338644
AZGP1,cnv->rna,-0.5,0.023402366787195206,0.02615006459091538
AZGP1,cnv->rna,0.0,0.08039341121912003,0.025487562621166696
AZGP1,cnv->rna,0.5,0.11339956521987915,0.026004097485435057
AZGP1,cnv->rna,1.0,0.1519254893064499,0.026562116498781728
AZGP1,cnv->rna,1.5,0.1845564842224121,0.026786499215924072
AZGP1,cnv->rna,2.0,0.20907707512378693,0.026824585740184256
BAG1,cnv->rna,-2.0,-0.3683914840221405,0.0195664941727204
BAG1,cnv->rna,-1.5,-0.3092438280582428,0.019862933124219256
BAG1,cnv->rna,-1.0,-0.2059057652950287,0.020355954855605776
BAG1,cnv->rna,-0.5,-0.03271440416574478,0.021080738622694092
BAG1,cnv->rna,0.0,0.08752718567848206,0.021378345712039334
BAG1,cnv->rna,0.5,0.19221296906471252,0.02148047931657865
BAG1,cnv->rna,1.0,0.29396331310272217,0.021574523130659405
BAG1,cnv->rna,1.5,0.376420259475708,0.021745679298133272
BAG1,cnv->rna,2.0,0.4392370581626892,0.02183468442807066
BBC3,cnv->rna,-2.0,-0.12065630406141281,0.02729047877770543
BBC3,cnv->rna,-1.5,-0.0868355929851532,0.027437576971884026
BBC3,cnv->rna,-1.0,-0.034446727484464645,0.027532379203820272
BBC3,cnv->rna,-0.5,0.04410262405872345,0.027341366872319483
BBC3,cnv->rna,0.0,0.12092803418636322,0.0264880508929805
BBC3,cnv->rna,0.5,0.19511854648590088,0.027421039975655696
BBC3,cnv->rna,1.0,0.27228936553001404,0.028275650495816984
BBC3,cnv->rna,1.5,0.33524805307388306,0.02871107823678099
BBC3,cnv->rna,2.0,0.38290858268737793,0.02890984691640732
BCL2,cnv->rna,-2.0,-0.3461671769618988,0.02777035459959679
BCL2,cnv->rna,-1.5,-0.3016522228717804,0.02814273340791906
BCL2,cnv->rna,-1.0,-0.22014646232128143,0.028724450799888137
BCL2,cnv->rna,-0.5,-0.06113116070628166,0.029418268017238933
BCL2,cnv->rna,0.0,0.07096119970083237,0.02952955058200051
BCL2,cnv->rna,0.5,0.14956820011138916,0.029647693777247956
BCL2,cnv->rna,1.0,0.25068894028663635,0.02989269761435768
BCL2,cnv->rna,1.5,0.32586079835891724,0.03011833782317421
BCL2,cnv->rna,2.0,0.3788454532623291,0.030257256873066445
BIRC5,cnv->rna,-2.0,-0.3253270387649536,0.030496284900521704
BIRC5,cnv->rna,-1.5,-0.2806980013847351,0.03126737356466633
BIRC5,cnv->rna,-1.0,-0.20488053560256958,0.032466100931224616
BIRC5,cnv->rna,-0.5,-0.07243046909570694,0.03412308267270783
BIRC5,cnv->rna,0.0,0.03288013115525246,0.03406878823582903
BIRC5,cnv->rna,0.5,0.09269094467163086,0.03395470083261914
BIRC5,cnv->rna,1.0,0.17168863117694855,0.03539157358516293
BIRC5,cnv->rna,1.5,0.23449955880641937,0.03628307633939816
BIRC5,cnv->rna,2.0,0.279715359210968,0.036778793941150315
BLVRA,cnv->rna,-2.0,-0.3354429304599762,0.023058326257054118
BLVRA,cnv->rna,-1.5,-0.2901979684829712,0.02345291276062766
BLVRA,cnv->rna,-1.0,-0.21121281385421753,0.02397158557867831
BLVRA,cnv->rna,-0.5,-0.07177426666021347,0.024326612309513766
BLVRA,cnv->rna,0.0,0.04714572802186012,0.023909186095809377
BLVRA,cnv->rna,0.5,0.11460329592227936,0.02446296189201628
BLVRA,cnv->rna,1.0,0.19873131811618805,0.025493244216997907
BLVRA,cnv->rna,1.5,0.2693331837654114,0.026009591656164052
BLVRA,cnv->rna,2.0,0.3222666382789612,0.026188273159428167
BRCA1,cnv->rna,-2.0,-0.4968847632408142,0.023987904638741266
BRCA1,cnv->rna,-1.5,-0.4379473626613617,0.02479470432294353
BRCA1,cnv->rna,-1.0,-0.323628693819046,0.02608846711313501
BRCA1,cnv->rna,-0.5,-0.0880720391869545,0.02771892384393096
BRCA1,cnv->rna,0.0,0.09030098468065262,0.028205618888436767
BRCA1,cnv->rna,0.5,0.20645344257354736,0.02818694829714946
BRCA1,cnv->rna,1.0,0.3528043329715729,0.030323420113511333
BRCA1,cnv->rna,1.5,0.46177607774734497,0.03179329711893886
BRCA1,cnv->rna,2.0,0.5342324376106262,0.03263193291817847
BRCA2,cnv->rna,-2.0,-0.4580855071544647,0.02455246391641071
BRCA2,cnv->rna,-1.5,-0.40107205510139465,0.02543061808051699
BRCA2,cnv->rna,-1.0,-0.2932330369949341,0.026854606446964066
BRCA2,cnv->rna,-0.5,-0.07620847970247269,0.02888093114598594
BRCA2,cnv->rna,0.0,0.08978120237588882,0.029475210378526982
BRCA2,cnv->rna,0.5,0.21036231517791748,0.030032813133797798
BRCA2,cnv->rna,1.0,0.35874807834625244,0.031016060475569127
BRCA2,cnv->rna,1.5,0.4649927616119385,0.03144932846913431
BRCA2,cnv->rna,2.0,0.5351895689964294,0.03162612482456797
BRD4,cnv->rna,-2.0,-0.4988928735256195,0.018687272121403805
BRD4,cnv->rna,-1.5,-0.4483778178691864,0.019194692895236364
BRD4,cnv->rna,-1.0,-0.347589910030365,0.020130292853172704
BRD4,cnv->rna,-0.5,-0.12411985546350479,0.021887634198809118
BRD4,cnv->rna,0.0,0.09159152209758759,0.022842004998668834
BRD4,cnv->rna,0.5,0.28001925349235535,0.023152609800916785
BRD4,cnv->rna,1.0,0.49280846118927,0.024556587268659523
BRD4,cnv->rna,1.5,0.650635838508606,0.025475517289306658
BRD4,cnv->rna,2.0,0.7568835616111755,0.026005969557095592
BUB1,cnv->rna,-2.0,-0.37745046615600586,0.032999580332350543
BUB1,cnv->rna,-1.5,-0.3329087793827057,0.03360026035006853
BUB1,cnv->rna,-1.0,-0.25482356548309326,0.03447374196278926
BUB1,cnv->rna,-0.5,-0.11243072897195816,0.03548274282122244
BUB1,cnv->rna,0.0,0.010638323612511158,0.03577881999868678
BUB1,cnv->rna,0.5,0.09278123825788498,0.03601944767759586
BUB1,cnv->rna,1.0,0.1908288300037384,0.036985488959111176
BUB1,cnv->rna,1.5,0.2678074240684509,0.03761884196674153
BUB1,cnv->rna,2.0,0.3229433000087738,0.03799656456983869
BUB1B,cnv->rna,-2.0,-0.3351520895957947,0.031003119426069415
BUB1B,cnv->rna,-1.5,-0.2964203357696533,0.03181669474565305
BUB1B,cnv->rna,-1.0,-0.2272709161043167,0.03306524449897673
BUB1B,cnv->rna,-0.5,-0.09766528755426407,0.03475761471499284
BUB1B,cnv->rna,0.0,0.005204465705901384,0.035000079595775994
BUB1B,cnv->rna,0.5,0.05776917189359665,0.034794807700975004
BUB1B,cnv->rna,1.0,0.13947278261184692,0.03571174578507065
BUB1B,cnv->rna,1.5,0.20543813705444336,0.03616932237852128
BUB1B,cnv->rna,2.0,0.25252801179885864,0.03636778376815444
CA12,cnv->rna,-2.0,-0.2521706223487854,0.02851517759709094
CA12,cnv->rna,-1.5,-0.21208631992340088,0.028928064200470657
CA12,cnv->rna,-1.0,-0.1434822976589203,0.02955402045464833
CA12,cnv->rna,-0.5,-0.026519760489463806,0.030298512189171116
CA12,cnv->rna,0.0,0.05650878697633743,0.030433595562552828
CA12,cnv->rna,0.5,0.10392675548791885,0.030759403591697036
CA12,cnv->rna,1.0,0.17176194489002228,0.031847301700717714
CA12,cnv->rna,1.5,0.2293505072593689,0.03265797628994027
CA12,cnv->rna,2.0,0.2739294767379761,0.0331775208526524
CBFB,cnv->rna,-2.0,-0.4469076097011566,0.021192701148291627
CBFB,cnv->rna,-1.5,-0.38967251777648926,0.02179924582821973
CBFB,cnv->rna,-1.0,-0.28999972343444824,0.022716260189973258
CBFB,cnv->rna,-0.5,-0.11510169506072998,0.0239331002312355
CBFB,cnv->rna,0.0,0.015342426486313343,0.023193143748314077
CBFB,cnv->rna,0.5,0.12354657799005508,0.024159814865347313
CBFB,cnv->rna,1.0,0.2599664032459259,0.025918010520751985
CBFB,cnv->rna,1.5,0.3626820743083954,0.0267940398072459
CBFB,cnv->rna,2.0,0.4321547746658325,0.0272000069373751
CCNB1,cnv->rna,-2.0,-0.3752298653125763,0.03102028843717732
CCNB1,cnv->rna,-1.5,-0.3266271948814392,0.031921792282041415
CCNB1,cnv->rna,-1.0,-0.24039630591869354,0.03321969585937493
CCNB1,cnv->rna,-0.5,-0.08451635390520096,0.03470437944787774
CCNB1,cnv->rna,0.0,0.044091809540987015,0.0349468770190857
CCNB1,cnv->rna,0.5,0.12771165370941162,0.03499027682705762
CCNB1,cnv->rna,1.0,0.22458221018314362,0.03588564576886653
CCNB1,cnv->rna,1.5,0.2989976108074188,0.0364403129239898
CCNB1,cnv->rna,2.0,0.3507915735244751,0.03674722806695802
CCNB2,cnv->rna,-2.0,-0.2845478057861328,0.03305149708566515
CCNB2,cnv->rna,-1.5,-0.2462928146123886,0.03374853975826343
CCNB2,cnv->rna,-1.0,-0.18159541487693787,0.03480849845088359
CCNB2,cnv->rna,-0.5,-0.06907753646373749,0.03630099723027659
CCNB2,cnv->rna,0.0,0.026580091565847397,0.03673049492818086
CCNB2,cnv->rna,0.5,0.08062398433685303,0.036587415476891705
CCNB2,cnv->rna,1.0,0.15951155126094818,0.0371453625713038
CCNB2,cnv->rna,1.5,0.22520218789577484,0.0376035384892092
CCNB2,cnv->rna,2.0,0.2724749743938446,0.037897713083949854
CCND1,cnv->rna,-2.0,-0.4431357979774475,0.025145673082379784
CCND1,cnv->rna,-1.5,-0.40335744619369507,0.02563121524457078
CCND1,cnv->rna,-1.0,-0.32422181963920593,0.026437461370913004
CCND1,cnv->rna,-0.5,-0.14183031022548676,0.02751339478445483
CCND1,cnv->rna,0.0,0.034429218620061874,0.027915214589357026
CCND1,cnv->rna,0.5,0.12134510278701782,0.027376591894728346
CCND1,cnv->rna,1.0,0.25497081875801086,0.027815970818370526
CCND1,cnv->rna,1.5,0.35765838623046875,0.028169522121366423
CCND1,cnv->rna,2.0,0.43002334237098694,0.028361578367099335
CCNE2,cnv->rna,-2.0,-0.4438612759113312,0.026711993379068797
CCNE2,cnv->rna,-1.5,-0.4024141728878021,0.027420150796100985
CCNE2,cnv->rna,-1.0,-0.3256276845932007,0.02853022390994813
CCNE2,cnv->rna,-0.5,-0.1704481840133667,0.030004856282504044
CCNE2,cnv->rna,0.0,-0.001669898978434503,0.030886626007593825
CCNE2,cnv->rna,0.5,0.08734747022390366,0.03153774081270189
CCNE2,cnv->rna,1.0,0.22467371821403503,0.03275809398494991
CCNE2,cnv->rna,1.5,0.3269425332546234,0.03354178371817627
CCNE2,cnv->rna,2.0,0.3939448893070221,0.03396785328019926
CD44,cnv->rna,-2.0,-0.45265790820121765,0.01747831483124302
CD44,cnv->rna,-1.5,-0.40604209899902344,0.01780236629489434
CD44,cnv->rna,-1.0,-0.3149375319480896,0.018395950311067853
CD44,cnv->rna,-0.5,-0.11423397809267044,0.01945820823023267
CD44,cnv->rna,0.0,0.05118764936923981,0.019389403603463494
CD44,cnv->rna,0.5,0.14520783722400665,0.019184846539284917
CD44,cnv->rna,1.0,0.28407880663871765,0.01992943634508212
CD44,cnv->rna,1.5,0.3894188106060028,0.02043582410149082
CD44,cnv->rna,2.0,0.4621938467025757,0.020694045767030274
CDC20,cnv->rna,-2.0,-0.30511897802352905,0.03122223898481806
CDC20,cnv->rna,-1.5,-0.2669982314109802,0.03178742809800542
CDC20,cnv->rna,-1.0,-0.20038841664791107,0.03266043678924731
CDC20,cnv->rna,-0.5,-0.07992216944694519,0.03386559109332237
CDC20,cnv->rna,0.0,0.030391255393624306,0.034682014838587405
CDC20,cnv->rna,0.5,0.0993070974946022,0.03463770623680589
CDC20,cnv->rna,1.0,0.18819665908813477,0.035674500494408797
CDC20,cnv->rna,1.5,0.25560370087623596,0.03649955451182251
CDC20,cnv->rna,2.0,0.30225515365600586,0.03704578317862263
CDC6,cnv->rna,-2.0,-0.5767260789871216,0.02423955334953314
CDC6,cnv->rna,-1.5,-0.5360987782478333,0.025252274378309198
CDC6,cnv->rna,-1.0,-0.4518437087535858,0.02707873635815458
CDC6,cnv->rna,-0.5,-0.2492745965719223,0.030247767932426207
CDC6,cnv->rna,0.0,-0.029900988563895226,0.031629844994910845
CDC6,cnv->rna,0.5,0.07662449032068253,0.03051514945499619
CDC6,cnv->rna,1.0,0.25618547201156616,0.032865656379368606
CDC6,cnv->rna,1.5,0.3890674114227295,0.03426476951190027
CDC6,cnv->rna,2.0,0.4745694696903229,0.03496752211203127
CDCA7,cnv->rna,-2.0,-0.18712444603443146,0.024866939264955642
CDCA7,cnv->rna,-1.5,-0.15343423187732697,0.025490870892157024
CDCA7,cnv->rna,-1.0,-0.09824144840240479,0.026433006755692826
CDCA7,cnv->rna,-0.5,-0.0004952744347974658,0.02793377185383834
CDCA7,cnv->rna,0.0,0.10547179728746414,0.02897286751734756
CDCA7,cnv->rna,0.5,0.18885892629623413,0.029772647477663238
CDCA7,cnv->rna,1.0,0.28625011444091797,0.03102853296231329
CDCA7,cnv->rna,1.5,0.3597003221511841,0.03165491637137509
CDCA7,cnv->rna,2.0,0.40945377945899963,0.03195420592791699
CDH1,cnv->rna,-2.0,-0.31393152475357056,0.01668690361967758
CDH1,cnv->rna,-1.5,-0.26979973912239075,0.016888690715194294
CDH1,cnv->rna,-1.0,-0.18903109431266785,0.0171806314642399
CDH1,cnv->rna,-0.5,-0.0325188934803009,0.01744713361438261
CDH1,cnv->rna,0.0,0.08735626935958862,0.01747261035211444
CDH1,cnv->rna,0.5,0.1825236827135086,0.018203681577573703
CDH1,cnv->rna,1.0,0.2778899371623993,0.01958124409239269
CDH1,cnv->rna,1.5,0.35120856761932373,0.020693906287884437
CDH1,cnv->rna,2.0,0.402556449174881,0.021436360319261008
CDH3,cnv->rna,-2.0,-0.25259122252464294,0.027259499151797987
CDH3,cnv->rna,-1.5,-0.22602003812789917,0.027700412346044374
CDH3,cnv->rna,-1.0,-0.18137764930725098,0.028344631650880112
CDH3,cnv->rna,-0.5,-0.09281694889068604,0.02914212110209774
CDH3,cnv->rna,0.0,0.020979467779397964,0.029010343820344703
CDH3,cnv->rna,0.5,0.05824274569749832,0.029218076214452732
CDH3,cnv->rna,1.0,0.13888263702392578,0.029184348413499966
CDH3,cnv->rna,1.5,0.20757974684238434,0.028920124785966204
CDH3,cnv->rna,2.0,0.25988030433654785,0.028632592885546048
CDK4,cnv->rna,-2.0,-0.4814118444919586,0.01775602434868992
CDK4,cnv->rna,-1.5,-0.4263567626476288,0.01838964541780368
CDK4,cnv->rna,-1.0,-0.3199142813682556,0.019456192320702993
CDK4,cnv->rna,-0.5,-0.10509923100471497,0.021284229979024002
CDK4,cnv->rna,0.0,0.08711662888526917,0.022483567566845327
CDK4,cnv->rna,0.5,0.2528471052646637,0.023800462101629248
CDK4,cnv->rna,1.0,0.4380113184452057,0.02593376512614663
CDK4,cnv->rna,1.5,0.5763318538665771,0.027128146845567424
CDK4,cnv->rna,2.0,0.6655979156494141,0.027707342716103162
CDK6,cnv->rna,-2.0,-0.26909446716308594,0.02264485776411286
CDK6,cnv->rna,-1.5,-0.24330055713653564,0.023178487541192897
CDK6,cnv->rna,-1.0,-0.20066408812999725,0.023947006737947803
CDK6,cnv->rna,-0.5,-0.12623383104801178,0.02489530365687864
CDK6,cnv->rna,0.0,-0.04788491502404213,0.024767008995048224
CDK6,cnv->rna,0.5,-0.001981439534574747,0.026031751405458943
CDK6,cnv->rna,1.0,0.06674427539110184,0.027102406405075493
CDK6,cnv->rna,1.5,0.1259680688381195,0.027674447431302113
CDK6,cnv->rna,2.0,0.16931934654712677,0.027961342958119386
CDKN1B,cnv->rna,-2.0,-0.38368314504623413,0.021365840534870364
CDKN1B,cnv->rna,-1.5,-0.327833890914917,0.02191917174129991
CDKN1B,cnv->rna,-1.0,-0.22403478622436523,0.022817857671545764
CDKN1B,cnv->rna,-0.5,-0.02692251093685627,0.024049216620145
CDKN1B,cnv->rna,0.0,0.1488679051399231,0.024186919586234465
CDKN1B,cnv->rna,0.5,0.3072047531604767,0.024668028926821822
CDKN1B,cnv->rna,1.0,0.48339977860450745,0.025144356747940945
CDKN1B,cnv->rna,1.5,0.6189371943473816,0.025347240062369474
CDKN1B,cnv->rna,2.0,0.7117425203323364,0.025342672120343305
CDKN2A,cnv->rna,-2.0,-0.2834905982017517,0.01903249172479758
CDKN2A,cnv->rna,-1.5,-0.25207650661468506,0.019662281476124123
CDKN2A,cnv->rna,-1.0,-0.19776931405067444,0.020637175324676797
CDKN2A,cnv->rna,-0.5,-0.09782879799604416,0.02210746858818018
CDKN2A,cnv->rna,0.0,0.016269855201244354,0.022662774296267986
CDKN2A,cnv->rna,0.5,0.09627887606620789,0.024210038254656986
CDKN2A,cnv->rna,1.0,0.16866427659988403,0.025806897946199395
CDKN2A,cnv->rna,1.5,0.2299814224243164,0.02669681848387404
CDKN2A,cnv->rna,2.0,0.2754276394844055,0.02720454654769977
CDKN3,cnv->rna,-2.0,-0.3261972963809967,0.03058446841111564
CDKN3,cnv->rna,-1.5,-0.28540927171707153,0.03137732671881915
CDKN3,cnv->rna,-1.0,-0.21303562819957733,0.0325693939561637
CDKN3,cnv->rna,-0.5,-0.08116422593593597,0.0340914906461757
CDKN3,cnv->rna,0.0,0.017330246046185493,0.03388173580445303
CDKN3,cnv->rna,0.5,0.07848303020000458,0.034017276843782016
CDKN3,cnv->rna,1.0,0.17124976217746735,0.03505798741427664
CDKN3,cnv->rna,1.5,0.24563802778720856,0.035667136431380926
CDKN3,cnv->rna,2.0,0.29647308588027954,0.03597051011166187
CENPA,cnv->rna,-2.0,-0.25399649143218994,0.03101654429385625
CENPA,cnv->rna,-1.5,-0.21394608914852142,0.031439935420406837
CENPA,cnv->rna,-1.0,-0.14743977785110474,0.03200229572216769
CENPA,cnv->rna,-0.5,-0.03510143235325813,0.03260230231713467
CENPA,cnv->rna,0.0,0.061796799302101135,0.03241486631810762
CENPA,cnv->rna,0.5,0.12884202599525452,0.033070178573760725
CENPA,cnv->rna,1.0,0.20682962238788605,0.03430913259772313
CENPA,cnv->rna,1.5,0.2679305374622345,0.03508598785280346
CENPA,cnv->rna,2.0,0.3106484115123749,0.03553770850149058
CENPF,cnv->rna,-2.0,-0.3143242299556732,0.03125566167513931
CENPF,cnv->rna,-1.5,-0.2672080397605896,0.03183292881061152
CENPF,cnv->rna,-1.0,-0.18422190845012665,0.03258701845385723
CENPF,cnv->rna,-0.5,-0.03913651406764984,0.03317490125994464
CENPF,cnv->rna,0.0,0.0481116846203804,0.03358712533738163
CENPF,cnv->rna,0.5,0.11478684842586517,0.033619885501760156
CENPF,cnv->rna,1.0,0.17492316663265228,0.034224438245136775
CENPF,cnv->rna,1.5,0.22578701376914978,0.03452665686374126
CENPF,cnv->rna,2.0,0.26328304409980774,0.03465810506188459
CEP55,cnv->rna,-2.0,-0.33605656027793884,0.030703677314211753
CEP55,cnv->rna,-1.5,-0.28750911355018616,0.03137304209380796
CEP55,cnv->rna,-1.0,-0.2020457535982132,0.03223508859593169
CEP55,cnv->rna,-0.5,-0.05295345559716225,0.03302985384508219
CEP55,cnv->rna,0.0,0.05048617348074913,0.033620872752589286
CEP55,cnv->rna,0.5,0.11675768345594406,0.033992942091556726
CEP55,cnv->rna,1.0,0.2150087058544159,0.03478790566261771
CEP55,cnv->rna,1.5,0.289656400680542,0.0351262515593557
CEP55,cnv->rna,2.0,0.33950796723365784,0.03523614587074386
CHEK1,cnv->rna,-2.0,-0.4871753454208374,0.026372795351924216
CHEK1,cnv->rna,-1.5,-0.43892550468444824,0.02745825039653109
CHEK1,cnv->rna,-1.0,-0.34380027651786804,0.029311152391959243
CHEK1,cnv->rna,-0.5,-0.12690836191177368,0.03238464075133236
CHEK1,cnv->rna,0.0,0.07530169934034348,0.033849391898150366
CHEK1,cnv->rna,0.5,0.24137793481349945,0.03360623615972299
CHEK1,cnv->rna,1.0,0.41148921847343445,0.035286146965164855
CHEK1,cnv->rna,1.5,0.5236203074455261,0.036131009200649114
CHEK1,cnv->rna,2.0,0.5948886871337891,0.03654992173900133
CHEK2,cnv->rna,-2.0,-0.4088435173034668,0.022825849390729906
CHEK2,cnv->rna,-1.5,-0.36142998933792114,0.023508028816849907
CHEK2,cnv->rna,-1.0,-0.2766648530960083,0.0245855880341854
CHEK2,cnv->rna,-0.5,-0.11994138360023499,0.026144341587212745
CHEK2,cnv->rna,0.0,0.025002112612128258,0.027251071560283103
CHEK2,cnv->rna,0.5,0.10357636213302612,0.027323066772513307
CHEK2,cnv->rna,1.0,0.2082812637090683,0.028902469777209523
CHEK2,cnv->rna,1.5,0.28665581345558167,0.029990777606221097
CHEK2,cnv->rna,2.0,0.34072166681289673,0.03065367186106745
DLGAP5,cnv->rna,-2.0,-0.35012465715408325,0.032537701678995494
DLGAP5,cnv->rna,-1.5,-0.3085264265537262,0.03332085310989339
DLGAP5,cnv->rna,-1.0,-0.23333990573883057,0.03449457230147539
DLGAP5,cnv->rna,-0.5,-0.09339533746242523,0.03595920140404079
DLGAP5,cnv->rna,0.0,0.0177135206758976,0.03596524695326817
DLGAP5,cnv->rna,0.5,0.08648359030485153,0.036213733410300514
DLGAP5,cnv->rna,1.0,0.1835392266511917,0.037097233548543336
DLGAP5,cnv->rna,1.5,0.26091787219047546,0.03765637493314167
DLGAP5,cnv->rna,2.0,0.31533533334732056,0.03796891718789976
DNMT1,cnv->rna,-2.0,-0.4331195056438446,0.022081878523642354
DNMT1,cnv->rna,-1.5,-0.37708625197410583,0.022846287444318367
DNMT1,cnv->rna,-1.0,-0.2733033001422882,0.024110641928354725
DNMT1,cnv->rna,-0.5,-0.07057906687259674,0.026023068828630574
DNMT1,cnv->rna,0.0,0.09070742875337601,0.026844964951008066
DNMT1,cnv->rna,0.5,0.22354725003242493,0.02781047010955657
DNMT1,cnv->rna,1.0,0.3789230287075043,0.029518760562453006
DNMT1,cnv->rna,1.5,0.4927636682987213,0.03049488357097837
DNMT1,cnv->rna,2.0,0.5698812007904053,0.031012183391187182
DNMT3A,cnv->rna,-2.0,-0.4127345383167267,0.018970772202764604
DNMT3A,cnv->rna,-1.5,-0.35375189781188965,0.019457587112161365
DNMT3A,cnv->rna,-1.0,-0.25404199957847595,0.02020183039945563
DNMT3A,cnv->rna,-0.5,-0.08296449482440948,0.021458265083242417
DNMT3A,cnv->rna,0.0,0.07540643215179443,0.021986609908312214
DNMT3A,cnv->rna,0.5,0.2347608357667923,0.023253202596766928
DNMT3A,cnv->rna,1.0,0.4155441224575043,0.025304478807362092
DNMT3A,cnv->rna,1.5,0.5580679178237915,0.026498660025510747
DNMT3A,cnv->rna,2.0,0.6562027931213379,0.027072037000431086
DNMT3B,cnv->rna,-2.0,-0.31524235010147095,0.020092108257638106
DNMT3B,cnv->rna,-1.5,-0.26810720562934875,0.020842604133516855
DNMT3B,cnv->rna,-1.0,-0.18380984663963318,0.02196133367185252
DNMT3B,cnv->rna,-0.5,-0.02680938132107258,0.02349797106281805
DNMT3B,cnv->rna,0.0,0.09393773972988129,0.02381967099524502
DNMT3B,cnv->rna,0.5,0.15677809715270996,0.02467091440165133
DNMT3B,cnv->rna,1.0,0.25653108954429626,0.025914377524875253
DNMT3B,cnv->rna,1.5,0.3346957862377167,0.026428214339416327
DNMT3B,cnv->rna,2.0,0.3872000575065613,0.02658552284294254
E2F1,cnv->rna,-2.0,-0.3692289888858795,0.026231204404644538
E2F1,cnv->rna,-1.5,-0.3215433359146118,0.027064768829315976
E2F1,cnv->rna,-1.0,-0.23858287930488586,0.028332329154344936
E2F1,cnv->rna,-0.5,-0.08663834631443024,0.030127504218289705
E2F1,cnv->rna,0.0,0.07123913615942001,0.030540732981449055
E2F1,cnv->rna,0.5,0.16630566120147705,0.031008938321684814
E2F1,cnv->rna,1.0,0.3016330897808075,0.032718671511996006
E2F1,cnv->rna,1.5,0.4061312675476074,0.03361149060067008
E2F1,cnv->rna,2.0,0.4788230061531067,0.03396973188994475
EGFR,cnv->rna,-2.0,-0.17109936475753784,0.02843353217145812
EGFR,cnv->rna,-1.5,-0.14962762594223022,0.028873431962535535
EGFR,cnv->rna,-1.0,-0.11483907699584961,0.029523430934476902
EGFR,cnv->rna,-0.5,-0.05176115781068802,0.030329705392520622
EGFR,cnv->rna,0.0,0.030525317415595055,0.030013296950188853
EGFR,cnv->rna,0.5,0.038980767130851746,0.03037078418033134
EGFR,cnv->rna,1.0,0.09412632882595062,0.030951505604024678
EGFR,cnv->rna,1.5,0.14189667999744415,0.031165547250120183
EGFR,cnv->rna,2.0,0.1772094964981079,0.03118414156374961
EGLN1,cnv->rna,-2.0,-0.3609088659286499,0.020333045405902007
EGLN1,cnv->rna,-1.5,-0.3105415403842926,0.020616085641953875
EGLN1,cnv->rna,-1.0,-0.22165247797966003,0.020921115637091644
EGLN1,cnv->rna,-0.5,-0.06832819432020187,0.02090444569980244
EGLN1,cnv->rna,0.0,0.03133513033390045,0.02022830092610155
EGLN1,cnv->rna,0.5,0.09511607885360718,0.020714000002331614
EGLN1,cnv->rna,1.0,0.1449577659368515,0.021249124821506093
EGLN1,cnv->rna,1.5,0.18994157016277313,0.02166396195356588
EGLN1,cnv->rna,2.0,0.22637729346752167,0.021916345109235052
ERBB2,cnv->rna,-2.0,-0.5052006840705872,0.018631907617953036
ERBB2,cnv->rna,-1.5,-0.47253498435020447,0.01926123752397065
ERBB2,cnv->rna,-1.0,-0.40225619077682495,0.020439760028637417
ERBB2,cnv->rna,-0.5,-0.2132577896118164,0.022528307682234273
ERBB2,cnv->rna,0.0,0.03129555284976959,0.02386424112042498
ERBB2,cnv->rna,0.5,0.14079587161540985,0.024256238542353918
ERBB2,cnv->rna,1.0,0.32978513836860657,0.025740157174916276
ERBB2,cnv->rna,1.5,0.46694526076316833,0.026570487426893614
ERBB2,cnv->rna,2.0,0.5577692985534668,0.02695846828529477
ERBB3,cnv->rna,-2.0,-0.29229095578193665,0.027947279537368017
ERBB3,cnv->rna,-1.5,-0.2466827630996704,0.02807315292840116
ERBB3,cnv->rna,-1.0,-0.1660650372505188,0.02808391679560882
ERBB3,cnv->rna,-0.5,-0.01708204858005047,0.027439366227801718
ERBB3,cnv->rna,0.0,0.09440425038337708,0.02642612433159042
ERBB3,cnv->rna,0.5,0.1594042330980301,0.0271273383023939
ERBB3,cnv->rna,1.0,0.23739133775234222,0.027651045445864608
ERBB3,cnv->rna,1.5,0.29870742559432983,0.028131980437519667
ERBB3,cnv->rna,2.0,0.34351426362991333,0.02846626400413514
ESM1,cnv->rna,-2.0,-0.3338302671909332,0.015629045831691595
ESM1,cnv->rna,-1.5,-0.2990553677082062,0.016022039221896277
ESM1,cnv->rna,-1.0,-0.24064701795578003,0.016599226810668128
ESM1,cnv->rna,-0.5,-0.13980919122695923,0.017225828155895295
ESM1,cnv->rna,0.0,-0.05146338790655136,0.01680862532676041
ESM1,cnv->rna,0.5,-0.002470355713739991,0.017051264556475862
ESM1,cnv->rna,1.0,0.04200989007949829,0.017602038282004785
ESM1,cnv->rna,1.5,0.08066017180681229,0.01809059341168203
ESM1,cnv->rna,2.0,0.1108008623123169,0.01845859824116531
ESR1,cnv->rna,-2.0,-0.2037283182144165,0.0337878271107948
ESR1,cnv->rna,-1.5,-0.17302682995796204,0.03430301077083787
ESR1,cnv->rna,-1.0,-0.1195572018623352,0.03506635616302687
ESR1,cnv->rna,-0.5,-0.02238570898771286,0.03586312642489878
ESR1,cnv->rna,0.0,0.0467856302857399,0.03631377046892897
ESR1,cnv->rna,0.5,0.08165846019983292,0.036466994848716135
ESR1,cnv->rna,1.0,0.14080815017223358,0.03764720417930287
ESR1,cnv->rna,1.5,0.1907801777124405,0.03849155862352181
ESR1,cnv->rna,2.0,0.22751621901988983,0.038991334196673166
EXO1,cnv->rna,-2.0,-0.34852585196495056,0.030767929254486338
EXO1,cnv->rna,-1.5,-0.30367785692214966,0.03144159609398696
EXO1,cnv->rna,-1.0,-0.2216191440820694,0.03239855597549128
EXO1,cnv->rna,-0.5,-0.06739528477191925,0.03333769085802993
EXO1,cnv->rna,0.0,0.036117274314165115,0.03392029089146876
EXO1,cnv->rna,0.5,0.10326448827981949,0.034009531392464744
EXO1,cnv->rna,1.0,0.17676107585430145,0.03478785117857637
EXO1,cnv->rna,1.5,0.23606877028942108,0.035293471799682966
EXO1,cnv->rna,2.0,0.2780471742153168,0.03556482847790931
EXT1,cnv->rna,-2.0,-0.3649590313434601,0.02105336366096188
EXT1,cnv->rna,-1.5,-0.33107462525367737,0.02165303245487254
EXT1,cnv->rna,-1.0,-0.271783709526062,0.022529682859437763
EXT1,cnv->rna,-0.5,-0.1601506769657135,0.023455490945463998
EXT1,cnv->rna,0.0,-0.030694402754306793,0.022704389207045518
EXT1,cnv->rna,0.5,0.037678372114896774,0.022924227955139886
EXT1,cnv->rna,1.0,0.13448454439640045,0.02415216312658115
EXT1,cnv->rna,1.5,0.21682265400886536,0.024925888818326757
EXT1,cnv->rna,2.0,0.2758152186870575,0.025313743273752
EZH2,cnv->rna,-2.0,-0.3060848116874695,0.025725309183969574
EZH2,cnv->rna,-1.5,-0.26206082105636597,0.026401170640655478
EZH2,cnv->rna,-1.0,-0.1840396672487259,0.02743397012834714
EZH2,cnv->rna,-0.5,-0.04386536031961441,0.028778294108904617
EZH2,cnv->rna,0.0,0.04509643465280533,0.029040416831804205
EZH2,cnv->rna,0.5,0.10388031601905823,0.029542493810861874
EZH2,cnv->rna,1.0,0.17750725150108337,0.03066957030433124
EZH2,cnv->rna,1.5,0.23447850346565247,0.03134338316106266
EZH2,cnv->rna,2.0,0.2743723392486572,0.03171740302871017
F12,cnv->rna,-2.0,-0.22339022159576416,0.01929803604549349
F12,cnv->rna,-1.5,-0.18393923342227936,0.019793184833854022
F12,cnv->rna,-1.0,-0.11930631101131439,0.020522434112970785
F12,cnv->rna,-0.5,-0.016293887048959732,0.021442900583583783
F12,cnv->rna,0.0,0.06744129210710526,0.020456220747207866
F12,cnv->rna,0.5,0.11301243305206299,0.02080492297052426
F12,cnv->rna,1.0,0.17603544890880585,0.021555020023220385
F12,cnv->rna,1.5,0.2285463511943817,0.021878576771776313
F12,cnv->rna,2.0,0.2674155533313751,0.02197975363654965
FGF19,cnv->rna,-2.0,-0.2884766757488251,0.0082652851902457
FGF19,cnv->rna,-1.5,-0.2688654661178589,0.008120470422239776
FGF19,cnv->rna,-1.0,-0.23177757859230042,0.007874217266062068
FGF19,cnv->rna,-0.5,-0.1485978066921234,0.007450909500094737
FGF19,cnv->rna,0.0,-0.04197564721107483,0.007265260032783308
FGF19,cnv->rna,0.5,0.001577638671733439,0.0073223146311965255
FGF19,cnv->rna,1.0,0.07237084954977036,0.007381244570312758
FGF19,cnv->rna,1.5,0.13566792011260986,0.007569367068260731
FGF19,cnv->rna,2.0,0.18532198667526245,0.007745931321678269
FGF3,cnv->rna,-2.0,-0.2758544385433197,0.007734046717740193
FGF3,cnv->rna,-1.5,-0.25796130299568176,0.007672218772464944
FGF3,cnv->rna,-1.0,-0.22554343938827515,0.007598832037818847
FGF3,cnv->rna,-0.5,-0.1578991711139679,0.00757714030643909
FGF3,cnv->rna,0.0,-0.07411252707242966,0.007835296046288518
FGF3,cnv->rna,0.5,-0.03398827835917473,0.007614545780182487
FGF3,cnv->rna,1.0,0.025463948026299477,0.007724133891258308
FGF3,cnv->rna,1.5,0.07895693928003311,0.00792750592753768
FGF3,cnv->rna,2.0,0.12085124105215073,0.00810582729128852
FGF4,cnv->rna,-2.0,-0.2408798187971115,0.0068914107001851995
FGF4,cnv->rna,-1.5,-0.22857311367988586,0.006852634407961621
FGF4,cnv->rna,-1.0,-0.2045946568250656,0.00682436263890891
FGF4,cnv->rna,-0.5,-0.14746429026126862,0.006886850385924818
FGF4,cnv->rna,0.0,-0.0752263069152832,0.007202024764720177
FGF4,cnv->rna,0.5,-0.039874620735645294,0.0068855743696765725
FGF4,cnv->rna,1.0,0.00423403037711978,0.006957728675307498
FGF4,cnv->rna,1.5,0.04423784092068672,0.007139468367812177
FGF4,cnv->rna,2.0,0.07552238553762436,0.0073083541852832935
FGFR1,cnv->rna,-2.0,-0.4822441637516022,0.018829981081211835
FGFR1,cnv->rna,-1.5,-0.44947701692581177,0.01923455341988266
FGFR1,cnv->rna,-1.0,-0.3809927999973297,0.019904140494367544
FGFR1,cnv->rna,-0.5,-0.21368004381656647,0.020748451351353413
FGFR1,cnv->rna,0.0,0.010811210609972477,0.020559243531301893
FGFR1,cnv->rna,0.5,0.15233489871025085,0.019380381046217147
FGFR1,cnv->rna,1.0,0.3648553490638733,0.019573027898958213
FGFR1,cnv->rna,1.5,0.548774778842926,0.01971096187738297
FGFR1,cnv->rna,2.0,0.6854696273803711,0.01978629151294335
FGFR2,cnv->rna,-2.0,-0.4059847295284271,0.019137868219477612
FGFR2,cnv->rna,-1.5,-0.3587869107723236,0.0196260800996944
FGFR2,cnv->rna,-1.0,-0.2614232897758484,0.020514573155485865
FGFR2,cnv->rna,-0.5,-0.023854419589042664,0.02209993671430497
FGFR2,cnv->rna,0.0,0.2107689529657364,0.022304057906152804
FGFR2,cnv->rna,0.5,0.3957843482494354,0.022758755562858887
FGFR2,cnv->rna,1.0,0.6152200698852539,0.02311940722612256
FGFR2,cnv->rna,1.5,0.7723908424377441,0.02297932003838394
FGFR2,cnv->rna,2.0,0.8777379989624023,0.022687043667643663
FGFR4,cnv->rna,-2.0,-0.3795665502548218,0.010135635699913844
FGFR4,cnv->rna,-1.5,-0.34251588582992554,0.01043668727035277
FGFR4,cnv->rna,-1.0,-0.27391573786735535,0.011093112090130091
FGFR4,cnv->rna,-0.5,-0.1357598751783371,0.01250132514724681
FGFR4,cnv->rna,0.0,0.011859406717121601,0.012691624827486836
FGFR4,cnv->rna,0.5,0.1042395532131195,0.013995757020426651
FGFR4,cnv->rna,1.0,0.21531987190246582,0.0159465755555942
FGFR4,cnv->rna,1.5,0.3108699917793274,0.01698931075306511
FGFR4,cnv->rna,2.0,0.38077279925346375,0.01746361830593125
FLT1,cnv->rna,-2.0,-0.21558015048503876,0.029177483424290787
FLT1,cnv->rna,-1.5,-0.19337716698646545,0.02950145425156092
FLT1,cnv->rna,-1.0,-0.1556106060743332,0.029963184708323518
FLT1,cnv->rna,-0.5,-0.0859905406832695,0.030468007683064856
FLT1,cnv->rna,0.0,-0.01993204839527607,0.030363701254956795
FLT1,cnv->rna,0.5,0.014991280622780323,0.03023886306070916
FLT1,cnv->rna,1.0,0.06741886585950851,0.030722528792516315
FLT1,cnv->rna,1.5,0.11130119860172272,0.030976781840484368
FLT1,cnv->rna,2.0,0.14408749341964722,0.031091773678780556
FOXA1,cnv->rna,-2.0,-0.21688324213027954,0.033857686548604375
FOXA1,cnv->rna,-1.5,-0.18491776287555695,0.03421305325985781
FOXA1,cnv->rna,-1.0,-0.13191421329975128,0.0346335349386007
FOXA1,cnv->rna,-0.5,-0.0412617027759552,0.034652935616042
FOXA1,cnv->rna,0.0,0.026443853974342346,0.03415438266477837
FOXA1,cnv->rna,0.5,0.06600191444158554,0.034281966854709675
FOXA1,cnv->rna,1.0,0.11959192901849747,0.03492352515896623
FOXA1,cnv->rna,1.5,0.16644875705242157,0.03524654142583204
FOXA1,cnv->rna,2.0,0.2026008516550064,0.035386351834640645
FOXC1,cnv->rna,-2.0,-0.09198246896266937,0.027570814425945046
FOXC1,cnv->rna,-1.5,-0.08281058818101883,0.027801913935704116
FOXC1,cnv->rna,-1.0,-0.06746140867471695,0.028099954718018447
FOXC1,cnv->rna,-0.5,-0.03378470987081528,0.0284846403815992
FOXC1,cnv->rna,0.0,0.014583373442292213,0.02828365093244774
FOXC1,cnv->rna,0.5,0.03839372098445892,0.029532512334487896
FOXC1,cnv->rna,1.0,0.079259492456913,0.0310913901111295
FOXC1,cnv->rna,1.5,0.11378353834152222,0.03210497416712043
FOXC1,cnv->rna,2.0,0.14032115042209625,0.03274808417687443
FOXM1,cnv->rna,-2.0,-0.40625494718551636,0.028558474975065133
FOXM1,cnv->rna,-1.5,-0.3529253602027893,0.029386375238798588
FOXM1,cnv->rna,-1.0,-0.2596522569656372,0.030725645279681118
FOXM1,cnv->rna,-0.5,-0.09476775676012039,0.03260735625680962
FOXM1,cnv->rna,0.0,0.03286764398217201,0.03309158862264674
FOXM1,cnv->rna,0.5,0.11626260727643967,0.03321273497825299
FOXM1,cnv->rna,1.0,0.2217950075864792,0.034066465036306184
FOXM1,cnv->rna,1.5,0.3031119406223297,0.03469556610935015
FOXM1,cnv->rna,2.0,0.3625693619251251,0.03512226114816776
GABRP,cnv->rna,-2.0,-0.06563334912061691,0.028697775413246765
GABRP,cnv->rna,-1.5,-0.048215627670288086,0.028968295216598085
GABRP,cnv->rna,-1.0,-0.017186235636472702,0.02934488673099697
GABRP,cnv->rna,-0.5,0.04999810457229614,0.029868755147230055
GABRP,cnv->rna,0.0,0.12358615547418594,0.029799641051106048
GABRP,cnv->rna,0.5,0.16379402577877045,0.030535652889434262
GABRP,cnv->rna,1.0,0.22523503005504608,0.031478721519757856
GABRP,cnv->rna,1.5,0.27334684133529663,0.03207572277500438
GABRP,cnv->rna,2.0,0.3093133270740509,0.032455687941243205
GATA3,cnv->rna,-2.0,-0.182423397898674,0.03342367103399197
GATA3,cnv->rna,-1.5,-0.14585690200328827,0.033855127978022925
GATA3,cnv->rna,-1.0,-0.08407957851886749,0.03445133376626584
GATA3,cnv->rna,-0.5,0.0199697557836771,0.03490473906151128
GATA3,cnv->rna,0.0,0.09754448384046555,0.03477833608559629
GATA3,cnv->rna,0.5,0.15542805194854736,0.03509970693441355
GATA3,cnv->rna,1.0,0.22279174625873566,0.03607465962573087
GATA3,cnv->rna,1.5,0.28008878231048584,0.03681631383138053
GATA3,cnv->rna,2.0,0.32287588715553284,0.03725851938708757
GMPS,cnv->rna,-2.0,-0.4849141240119934,0.024650668131888393
GMPS,cnv->rna,-1.5,-0.43176427483558655,0.025449600320520776
GMPS,cnv->rna,-1.0,-0.3364832401275635,0.026693037291404858
GMPS,cnv->rna,-0.5,-0.15805594623088837,0.028381445427934526
GMPS,cnv->rna,0.0,-0.004908403381705284,0.029066702112709564
GMPS,cnv->rna,0.5,0.09365082532167435,0.029722707405368545
GMPS,cnv->rna,1.0,0.2154211401939392,0.03126129532501414
GMPS,cnv->rna,1.5,0.31274864077568054,0.0322874194279605
GMPS,cnv->rna,2.0,0.38392582535743713,0.032888995163318155
GPR160,cnv->rna,-2.0,-0.22344519197940826,0.028857239305448493
GPR160,cnv->rna,-1.5,-0.18509353697299957,0.029244557637906923
GPR160,cnv->rna,-1.0,-0.12154901772737503,0.029835923063916962
GPR160,cnv->rna,-0.5,-0.0190940722823143,0.030559004749553732
GPR160,cnv->rna,0.0,0.054323211312294006,0.030031490261273996
GPR160,cnv->rna,0.5,0.10165750235319138,0.030202687836619283
GPR160,cnv->rna,1.0,0.15725980699062347,0.031233288348402354
GPR160,cnv->rna,1.5,0.2009819597005844,0.03203988317260917
GPR160,cnv->rna,2.0,0.23144541680812836,0.03254868348236853
GPR18,cnv->rna,-2.0,-0.3382863700389862,0.024166893431998553
GPR18,cnv->rna,-1.5,-0.2953748404979706,0.02466598904431395
GPR18,cnv->rna,-1.0,-0.2206628918647766,0.0254576399856613
GPR18,cnv->rna,-0.5,-0.08832358568906784,0.02649351891136965
GPR18,cnv->rna,0.0,0.012456807307898998,0.026144648877205915
GPR18,cnv->rna,0.5,0.054690197110176086,0.025685949912503628
GPR18,cnv->rna,1.0,0.1069047823548317,0.026865259166727384
GPR18,cnv->rna,1.5,0.14599211513996124,0.027646488400646707
GPR18,cnv->rna,2.0,0.17394918203353882,0.028110901651605017
GRB7,cnv->rna,-2.0,-0.43581423163414,0.019671164554224633
GRB7,cnv->rna,-1.5,-0.40224435925483704,0.02025497413338127
GRB7,cnv->rna,-1.0,-0.334862619638443,0.021284064347538323
GRB7,cnv->rna,-0.5,-0.17505131661891937,0.023140880476496532
GRB7,cnv->rna,0.0,0.026684340089559555,0.02482976807259002
GRB7,cnv->rna,0.5,0.13578598201274872,0.02587607088508805
GRB7,cnv->rna,1.0,0.3385375440120697,0.027970236933028164
GRB7,cnv->rna,1.5,0.5006569623947144,0.02908978809070728
GRB7,cnv->rna,2.0,0.6153396964073181,0.029623326334597862
GREB1,cnv->rna,-2.0,-0.19988062977790833,0.029661561055450494
GREB1,cnv->rna,-1.5,-0.16139179468154907,0.029946362215718555
GREB1,cnv->rna,-1.0,-0.09596793353557587,0.030395737871266287
GREB1,cnv->rna,-0.5,0.012814687564969063,0.03100747814937683
GREB1,cnv->rna,0.0,0.08007383346557617,0.031010999997809218
GREB1,cnv->rna,0.5,0.13201023638248444,0.03095301154292739
GREB1,cnv->rna,1.0,0.19939357042312622,0.031807639497981904
GREB1,cnv->rna,1.5,0.25609099864959717,0.032504869595682405
GREB1,cnv->rna,2.0,0.29854443669319153,0.03295696291521231
GSTM1,cnv->rna,-2.0,-0.426975280046463,0.012681824238130116
GSTM1,cnv->rna,-1.5,-0.3890133500099182,0.013091263091373671
GSTM1,cnv->rna,-1.0,-0.3193166255950928,0.013863321571454196
GSTM1,cnv->rna,-0.5,-0.18235276639461517,0.015294469140933699
GSTM1,cnv->rna,0.0,-0.024819746613502502,0.016205297384633176
GSTM1,cnv->rna,0.5,0.05998387187719345,0.018258362851146032
GSTM1,cnv->rna,1.0,0.17589683830738068,0.01995281217817978
GSTM1,cnv->rna,1.5,0.28783121705055237,0.02096643982140378
GSTM1,cnv->rna,2.0,0.3781222105026245,0.0215006166182589
GSTP1,cnv->rna,-2.0,-0.17221836745738983,0.02487006446956706
GSTP1,cnv->rna,-1.5,-0.15855416655540466,0.025335717777306328
GSTP1,cnv->rna,-1.0,-0.13432510197162628,0.026013603860968525
GSTP1,cnv->rna,-0.5,-0.0830218493938446,0.026851465986821074
GSTP1,cnv->rna,0.0,-0.0024934655521064997,0.02670139950207013
GSTP1,cnv->rna,0.5,0.02752077206969261,0.02817129176302923
GSTP1,cnv->rna,1.0,0.08042795211076736,0.02935394633739143
GSTP1,cnv->rna,1.5,0.12748266756534576,0.02995941659202426
GSTP1,cnv->rna,2.0,0.1634807586669922,0.030256818821374053
HOXB13,cnv->rna,-2.0,-0.2746780216693878,0.011240305086540623
HOXB13,cnv->rna,-1.5,-0.25899407267570496,0.011507154844867102
HOXB13,cnv->rna,-1.0,-0.23154743015766144,0.011956229748506622
HOXB13,cnv->rna,-0.5,-0.17184549570083618,0.012756828059123263
HOXB13,cnv->rna,0.0,-0.06549127399921417,0.013487642119907387
HOXB13,cnv->rna,0.5,-0.006971013732254505,0.013274827454422915
HOXB13,cnv->rna,1.0,0.06754029542207718,0.014445271065439393
HOXB13,cnv->rna,1.5,0.13458159565925598,0.015291453994085795
HOXB13,cnv->rna,2.0,0.18773606419563293,0.015858078216922127
HTATIP2,cnv->rna,-2.0,-0.41814011335372925,0.015265192686158627
HTATIP2,cnv->rna,-1.5,-0.37060749530792236,0.015929889273092593
HTATIP2,cnv->rna,-1.0,-0.2887180745601654,0.016962924131842857
HTATIP2,cnv->rna,-0.5,-0.1432649940252304,0.01852266711506098
HTATIP2,cnv->rna,0.0,0.0007156012579798698,0.019128244158414843
HTATIP2,cnv->rna,0.5,0.09493032097816467,0.019959376415480744
HTATIP2,cnv->rna,1.0,0.1794854700565338,0.021756754814057408
HTATIP2,cnv->rna,1.5,0.2534366548061371,0.022992838618721884
HTATIP2,cnv->rna,2.0,0.3119204044342041,0.02376536130283465
IGF1R,cnv->rna,-2.0,-0.3682877719402313,0.0276089445374383
IGF1R,cnv->rna,-1.5,-0.3269347846508026,0.028002909922940536
IGF1R,cnv->rna,-1.0,-0.24936948716640472,0.02865851639241689
IGF1R,cnv->rna,-0.5,-0.08487175405025482,0.029685895807675784
IGF1R,cnv->rna,0.0,0.07100657373666763,0.030311764887387307
IGF1R,cnv->rna,0.5,0.19513647258281708,0.030203773158722826
IGF1R,cnv->rna,1.0,0.3484729528427124,0.030633366748539864
IGF1R,cnv->rna,1.5,0.4629339873790741,0.030916099694598555
IGF1R,cnv->rna,2.0,0.5412453413009644,0.031028631033587706
IGFBP3,cnv->rna,-2.0,-0.18194524943828583,0.022869290606573243
IGFBP3,cnv->rna,-1.5,-0.16255977749824524,0.02321509427889021
IGFBP3,cnv->rna,-1.0,-0.1324329525232315,0.02373344891013942
IGFBP3,cnv->rna,-0.5,-0.08329789340496063,0.024515626166378104
IGFBP3,cnv->rna,0.0,-0.029282312840223312,0.024602277585729488
IGFBP3,cnv->rna,0.5,-0.005820404272526503,0.024649983812329128
IGFBP3,cnv->rna,1.0,0.02377035841345787,0.025438914910332653
IGFBP3,cnv->rna,1.5,0.051334135234355927,0.025998816892148124
IGFBP3,cnv->rna,2.0,0.07319818437099457,0.026370132171983387
IGFBP5,cnv->rna,-2.0,-0.3853076696395874,0.019640080318957812
IGFBP5,cnv->rna,-1.5,-0.353555291891098,0.019989686977360498
IGFBP5,cnv->rna,-1.0,-0.2940728962421417,0.02046702384292529
IGFBP5,cnv->rna,-0.5,-0.17501600086688995,0.02067204293177445
IGFBP5,cnv->rna,0.0,-0.0527845099568367,0.020513755894865725
IGFBP5,cnv->rna,0.5,-0.0006797772948630154,0.0209013357507226
IGFBP5,cnv->rna,1.0,0.08361151069402695,0.021800536010318727
IGFBP5,cnv->rna,1.5,0.16515904664993286,0.02237277971717914
IGFBP5,cnv->rna,2.0,0.2282082885503769,0.02266763863147906
IL17RB,cnv->rna,-2.0,-0.40297916531562805,0.017807899694133104
IL17RB,cnv->rna,-1.5,-0.35428640246391296,0.0180814498998639
IL17RB,cnv->rna,-1.0,-0.264570027589798,0.018501549100636564
IL17RB,cnv->rna,-0.5,-0.0887661799788475,0.019018670213189773
IL17RB,cnv->rna,0.0,0.05456192046403885,0.018995039394778628
IL17RB,cnv->rna,0.5,0.14765451848506927,0.0191497370230437
IL17RB,cnv->rna,1.0,0.25950726866722107,0.019840368013656778
IL17RB,cnv->rna,1.5,0.34667226672172546,0.020482715246831977
IL17RB,cnv->rna,2.0,0.4121392071247101,0.02094936452284699
IL25,cnv->rna,-2.0,-0.3238255977630615,0.01378891271619251
IL25,cnv->rna,-1.5,-0.29231247305870056,0.013850680184181868
IL25,cnv->rna,-1.0,-0.23580601811408997,0.013877814326451346
IL25,cnv->rna,-0.5,-0.12958908081054688,0.01346912408393584
IL25,cnv->rna,0.0,-0.03606042638421059,0.011600507801303632
IL25,cnv->rna,0.5,-0.025832340121269226,0.011960155868525774
IL25,cnv->rna,1.0,0.017163267359137535,0.011774924293811443
IL25,cnv->rna,1.5,0.05548939108848572,0.011511127821161808
IL25,cnv->rna,2.0,0.08343897759914398,0.011255635806093624
IL6ST,cnv->rna,-2.0,-0.3036547601222992,0.02899123953608831
IL6ST,cnv->rna,-1.5,-0.2688732445240021,0.029389156104268715
IL6ST,cnv->rna,-1.0,-0.2078312337398529,0.02999849254647522
IL6ST,cnv->rna,-0.5,-0.0957573652267456,0.030739002587256686
IL6ST,cnv->rna,0.0,-0.004855910781770945,0.03042670660036546
IL6ST,cnv->rna,0.5,0.07075072824954987,0.03077168211525402
IL6ST,cnv->rna,1.0,0.16982994973659515,0.03147887407507361
IL6ST,cnv->rna,1.5,0.2478923499584198,0.03202187510726459
IL6ST,cnv->rna,2.0,0.30420055985450745,0.032372673876491856
JUP,cnv->rna,-2.0,-0.433206170797348,0.023813971964520578
JUP,cnv->rna,-1.5,-0.3800639510154724,0.02431624290676543
JUP,cnv->rna,-1.0,-0.2802722156047821,0.025052152315095916
JUP,cnv->rna,-0.5,-0.08076177537441254,0.02581575487196006
JUP,cnv->rna,0.0,0.08041103184223175,0.02631468267342812
JUP,cnv->rna,0.5,0.19312343001365662,0.0265396712531102
JUP,cnv->rna,1.0,0.33050698041915894,0.027778583869201186
JUP,cnv->rna,1.5,0.43861666321754456,0.028715524134554554
JUP,cnv->rna,2.0,0.5167117714881897,0.029306913533542783
KIF23,cnv->rna,-2.0,-0.40290629863739014,0.03258931768040189
KIF23,cnv->rna,-1.5,-0.357745498418808,0.033268140889575186
KIF23,cnv->rna,-1.0,-0.27597978711128235,0.034281838272372106
KIF23,cnv->rna,-0.5,-0.12189765274524689,0.035537244297458345
KIF23,cnv->rna,0.0,0.02120235748589039,0.03648977353672068
KIF23,cnv->rna,0.5,0.10510613024234772,0.036113380344232275
KIF23,cnv->rna,1.0,0.20697511732578278,0.036963093838757684
KIF23,cnv->rna,1.5,0.28588998317718506,0.03768635423205006
KIF23,cnv->rna,2.0,0.3411441445350647,0.0381729490259198
KIF2C,cnv->rna,-2.0,-0.3107040226459503,0.032411507921799254
KIF2C,cnv->rna,-1.5,-0.2703705132007599,0.032976605501797165
KIF2C,cnv->rna,-1.0,-0.19839628040790558,0.03384029742196945
KIF2C,cnv->rna,-0.5,-0.06664121150970459,0.03492531877360724
KIF2C,cnv->rna,0.0,0.038080282509326935,0.03537957184053596
KIF2C,cnv->rna,0.5,0.11144134402275085,0.035507413195142404
KIF2C,cnv->rna,1.0,0.20158031582832336,0.03628329863428684
KIF2C,cnv->rna,1.5,0.2689669132232666,0.0369565775474131
KIF2C,cnv->rna,2.0,0.31547561287879944,0.03742926801393219
KRT5,cnv->rna,-2.0,-0.027253124862909317,0.033126301495066984
KRT5,cnv->rna,-1.5,-0.017551075667142868,0.033415603037149945
KRT5,cnv->rna,-1.0,-0.0025603349786251783,0.03376611848936223
KRT5,cnv->rna,-0.5,0.024053320288658142,0.03393122474888541
KRT5,cnv->rna,0.0,0.06248196214437485,0.033118782697361696
KRT5,cnv->rna,0.5,0.05235268548130989,0.03402977766222768
KRT5,cnv->rna,1.0,0.07160922884941101,0.03498319172232142
KRT5,cnv->rna,1.5,0.0906929150223732,0.03546457348311549
KRT5,cnv->rna,2.0,0.10563281923532486,0.03568110831894284
LIN9,cnv->rna,-2.0,-0.46522945165634155,0.023269210008113408
LIN9,cnv->rna,-1.5,-0.4062172770500183,0.02393890823004263
LIN9,cnv->rna,-1.0,-0.3003402054309845,0.02490205967800513
LIN9,cnv->rna,-0.5,-0.10782366245985031,0.025948371207949773
LIN9,cnv->rna,0.0,0.04852673411369324,0.02622166315932461
LIN9,cnv->rna,0.5,0.17048238217830658,0.02666768259792563
LIN9,cnv->rna,1.0,0.2686407268047333,0.027554382039076095
LIN9,cnv->rna,1.5,0.34463557600975037,0.028151886726864625
LIN9,cnv->rna,2.0,0.40118443965911865,0.028498701622988915
LMO1,cnv->rna,-2.0,-0.37619003653526306,0.01003855058664534
LMO1,cnv->rna,-1.5,-0.3511439859867096,0.010493453103346873
LMO1,cnv->rna,-1.0,-0.30581820011138916,0.011311950511225409
LMO1,cnv->rna,-0.5,-0.21568159759044647,0.012791133390914262
LMO1,cnv->rna,0.0,-0.11170263588428497,0.013642166488920988
LMO1,cnv->rna,0.5,-0.05746772140264511,0.014677959329844018
LMO1,cnv->rna,1.0,-0.01030623447149992,0.016116751010323897
LMO1,cnv->rna,1.5,0.03255215659737587,0.017073273929816647
LMO1,cnv->rna,2.0,0.06788451969623566,0.01771731779603926
LOX,cnv->rna,-2.0,-0.23295046389102936,0.034822540078018424
LOX,cnv->rna,-1.5,-0.20915859937667847,0.035272233920367595
LOX,cnv->rna,-1.0,-0.171976238489151,0.03583160195857791
LOX,cnv->rna,-0.5,-0.11235765367746353,0.03629046655476588
LOX,cnv->rna,0.0,-0.053383342921733856,0.03601656874085132
LOX,cnv->rna,0.5,-0.025326412171125412,0.03616470213181542
LOX,cnv->rna,1.0,0.0034427796490490437,0.036602897662079636
LOX,cnv->rna,1.5,0.03011292964220047,0.03672318970791764
LOX,cnv->rna,2.0,0.051010631024837494,0.03671373563706386
MAP2K4,cnv->rna,-2.0,-0.404560387134552,0.025825102154092807
MAP2K4,cnv->rna,-1.5,-0.3518584668636322,0.026214146540980972
MAP2K4,cnv->rna,-1.0,-0.25551551580429077,0.026776951432519184
MAP2K4,cnv->rna,-0.5,-0.07448546588420868,0.027295175302069166
MAP2K4,cnv->rna,0.0,0.03622865304350853,0.02639790377753657
MAP2K4,cnv->rna,0.5,0.12314072996377945,0.026864949697372558
MAP2K4,cnv->rna,1.0,0.233951136469841,0.02758242170611269
MAP2K4,cnv->rna,1.5,0.3204365670681,0.02810110760033326
MAP2K4,cnv->rna,2.0,0.3822745978832245,0.02841002775602289
MAP3K1,cnv->rna,-2.0,-0.2666281759738922,0.028886913493725366
MAP3K1,cnv->rna,-1.5,-0.22793464362621307,0.029152231160809287
MAP3K1,cnv->rna,-1.0,-0.16081735491752625,0.029399242190002072
MAP3K1,cnv->rna,-0.5,-0.03917769715189934,0.02914745400006436
MAP3K1,cnv->rna,0.0,0.04933292046189308,0.0279938350610145
MAP3K1,cnv->rna,0.5,0.08417177200317383,0.028654114081876403
MAP3K1,cnv->rna,1.0,0.14701761305332184,0.028737435436620922
MAP3K1,cnv->rna,1.5,0.20268629491329193,0.02875402691689059
MAP3K1,cnv->rna,2.0,0.24525484442710876,0.028733898332656955
MCM2,cnv->rna,-2.0,-0.41346195340156555,0.023926906485415664
MCM2,cnv->rna,-1.5,-0.3548447787761688,0.024592344055311893
MCM2,cnv->rna,-1.0,-0.2495976686477661,0.02560533968365632
MCM2,cnv->rna,-0.5,-0.053792133927345276,0.027114286105449848
MCM2,cnv->rna,0.0,0.09399884939193726,0.027991690569147253
MCM2,cnv->rna,0.5,0.22292067110538483,0.02919880193998735
MCM2,cnv->rna,1.0,0.37105441093444824,0.03127274351178106
MCM2,cnv->rna,1.5,0.4812141954898834,0.03259723748065146
MCM2,cnv->rna,2.0,0.5534477829933167,0.03334963811861555
MCM6,cnv->rna,-2.0,-0.3041095435619354,0.026525363743853614
MCM6,cnv->rna,-1.5,-0.2517376244068146,0.02709387856292454
MCM6,cnv->rna,-1.0,-0.16134296357631683,0.027921388720921977
MCM6,cnv->rna,-0.5,-0.003984040580689907,0.02911079495768736
MCM6,cnv->rna,0.0,0.10856415331363678,0.02990600261725356
MCM6,cnv->rna,0.5,0.19640211760997772,0.03092977300961391
MCM6,cnv->rna,1.0,0.29893726110458374,0.032080048807886986
MCM6,cnv->rna,1.5,0.372606486082077,0.032737416201579536
MCM6,cnv->rna,2.0,0.4212023913860321,0.033095300075543004
MDM2,cnv->rna,-2.0,-0.4982527494430542,0.022495702252533167
MDM2,cnv->rna,-1.5,-0.4571079909801483,0.0229673313699269
MDM2,cnv->rna,-1.0,-0.3739910125732422,0.023798254408274044
MDM2,cnv->rna,-0.5,-0.17741145193576813,0.025133926323066304
MDM2,cnv->rna,0.0,0.018298938870429993,0.02551312871272633
MDM2,cnv->rna,0.5,0.1343197375535965,0.025458470322451365
MDM2,cnv->rna,1.0,0.3111967146396637,0.02601968645934402
MDM2,cnv->rna,1.5,0.4452429711818695,0.02658143871920349
MDM2,cnv->rna,2.0,0.53582364320755,0.02696381643879297
MDM4,cnv->rna,-2.0,-0.40705254673957825,0.023481251000210812
MDM4,cnv->rna,-1.5,-0.34589752554893494,0.02393988022534018
MDM4,cnv->rna,-1.0,-0.22937558591365814,0.02466948691976815
MDM4,cnv->rna,-0.5,0.001335705048404634,0.02554155412677563
MDM4,cnv->rna,0.0,0.1700424700975418,0.024632823518667843
MDM4,cnv->rna,0.5,0.31115272641181946,0.024951461447971356
MDM4,cnv->rna,1.0,0.42915886640548706,0.02482916438941194
MDM4,cnv->rna,1.5,0.5128270387649536,0.024734486381089958
MDM4,cnv->rna,2.0,0.5697423815727234,0.02466288999204238
MELK,cnv->rna,-2.0,-0.33383557200431824,0.03069132905108185
MELK,cnv->rna,-1.5,-0.27904126048088074,0.031279734903966155
MELK,cnv->rna,-1.0,-0.18145669996738434,0.03200768310417565
MELK,cnv->rna,-0.5,-0.00812000036239624,0.03245211596749278
MELK,cnv->rna,0.0,0.10880545526742935,0.032590424796121974
MELK,cnv->rna,0.5,0.208779975771904,0.033088977747385596
MELK,cnv->rna,1.0,0.32472851872444153,0.03400375390472077
MELK,cnv->rna,1.5,0.4057905972003937,0.03446622752380728
MELK,cnv->rna,2.0,0.45810016989707947,0.034684571229807205
MGP,cnv->rna,-2.0,-0.1945565789937973,0.01940918784855584
MGP,cnv->rna,-1.5,-0.17122696340084076,0.01962629367713646
MGP,cnv->rna,-1.0,-0.12804695963859558,0.019977153468490032
MGP,cnv->rna,-0.5,-0.03848348557949066,0.020421568896913926
MGP,cnv->rna,0.0,0.04839905723929405,0.020207429179544
MGP,cnv->rna,0.5,0.10261254012584686,0.02044218565815799
MGP,cnv->rna,1.0,0.16665557026863098,0.02182026359200808
MGP,cnv->rna,1.5,0.22130392491817474,0.022811670463810888
MGP,cnv->rna,2.0,0.2642892301082611,0.023445441908878754
MIA,cnv->rna,-2.0,-0.31882551312446594,0.014529925099835155
MIA,cnv->rna,-1.5,-0.29274407029151917,0.01476204781989064
MIA,cnv->rna,-1.0,-0.24075035750865936,0.015106459969791718
MIA,cnv->rna,-0.5,-0.11534426361322403,0.015670892844485248
MIA,cnv->rna,0.0,0.006272932980209589,0.01586574412153904
MIA,cnv->rna,0.5,0.12408936768770218,0.017516390458694932
MIA,cnv->rna,1.0,0.25772520899772644,0.019519720712908546
MIA,cnv->rna,1.5,0.365377813577652,0.020605592015591277
MIA,cnv->rna,2.0,0.447208046913147,0.0211894822311291
MKI67,cnv->rna,-2.0,-0.3555888235569,0.031200604461681714
MKI67,cnv->rna,-1.5,-0.310492604970932,0.03194773758252879
MKI67,cnv->rna,-1.0,-0.2324901968240738,0.03304500040857545
MKI67,cnv->rna,-0.5,-0.09317135810852051,0.03448209327664627
MKI67,cnv->rna,0.0,0.013454174622893333,0.034435136750455494
MKI67,cnv->rna,0.5,0.08116897195577621,0.03507536782346495
MKI67,cnv->rna,1.0,0.1730295717716217,0.035868755716050305
MKI67,cnv->rna,1.5,0.2491014301776886,0.03637355471781345
MKI67,cnv->rna,2.0,0.30407410860061646,0.0366466766789793
MLPH,cnv->rna,-2.0,-0.13659833371639252,0.031192669405900566
MLPH,cnv->rna,-1.5,-0.10607415437698364,0.03134646913716431
MLPH,cnv->rna,-1.0,-0.05644213408231735,0.03150413287664008
MLPH,cnv->rna,-0.5,0.020152604207396507,0.03148763510892152
MLPH,cnv->rna,0.0,0.061595264822244644,0.03141670560453998
MLPH,cnv->rna,0.5,0.10320411622524261,0.031308519912688314
MLPH,cnv->rna,1.0,0.1339346468448639,0.03207150571020446
MLPH,cnv->rna,1.5,0.1594105213880539,0.032768820803009455
MLPH,cnv->rna,2.0,0.17934568226337433,0.03327239500352322
MMP2,cnv->rna,-2.0,-0.1257070004940033,0.034838534413194976
MMP2,cnv->rna,-1.5,-0.10716358572244644,0.035240550360646
MMP2,cnv->rna,-1.0,-0.0780312567949295,0.03576717566937103
MMP2,cnv->rna,-0.5,-0.031815171241760254,0.036251264197339
MMP2,cnv->rna,0.0,0.009983954951167107,0.035783714844961005
MMP2,cnv->rna,0.5,0.022485896944999695,0.035431970232776035
MMP2,cnv->rna,1.0,0.04619446396827698,0.03572114755124474
MMP2,cnv->rna,1.5,0.06722266972064972,0.03572473913925005
MMP2,cnv->rna,2.0,0.08311612159013748,0.03563004805475814
MMP9,cnv->rna,-2.0,-0.2001792937517166,0.02006898958921558
MMP9,cnv->rna,-1.5,-0.18032367527484894,0.020610258028891864
MMP9,cnv->rna,-1.0,-0.14699456095695496,0.021432879878700038
MMP9,cnv->rna,-0.5,-0.08555586636066437,0.022585766552234255
MMP9,cnv->rna,0.0,-0.012927037663757801,0.022690766017348197
MMP9,cnv->rna,0.5,0.0107123963534832,0.02201701418274308
MMP9,cnv->rna,1.0,0.0435459204018116,0.022888985497837792
MMP9,cnv->rna,1.5,0.06981238722801208,0.023422501948111837
MMP9,cnv->rna,2.0,0.08773668110370636,0.02369181220574535
MTDH,cnv->rna,-2.0,-0.4635160267353058,0.024362386531059363
MTDH,cnv->rna,-1.5,-0.4185138940811157,0.024953985148766348
MTDH,cnv->rna,-1.0,-0.33692798018455505,0.025856689821901636
MTDH,cnv->rna,-0.5,-0.17564138770103455,0.026979176579728294
MTDH,cnv->rna,0.0,0.004924213048070669,0.027875016263654403
MTDH,cnv->rna,0.5,0.13497287034988403,0.02867969978769092
MTDH,cnv->rna,1.0,0.32488131523132324,0.030502901442502357
MTDH,cnv->rna,1.5,0.46868959069252014,0.031714742028130995
MTDH,cnv->rna,2.0,0.5594124794006348,0.03229095217320116
MTOR,cnv->rna,-2.0,-0.38447293639183044,0.02662951979600757
MTOR,cnv->rna,-1.5,-0.3212904930114746,0.027219516582899082
MTOR,cnv->rna,-1.0,-0.20944151282310486,0.028103330549220037
MTOR,cnv->rna,-0.5,-0.008842998184263706,0.02912761091220736
MTOR,cnv->rna,0.0,0.1308182030916214,0.028397725259487718
MTOR,cnv->rna,0.5,0.2639414072036743,0.029607724284518973
MTOR,cnv->rna,1.0,0.39128562808036804,0.030411383508578246
MTOR,cnv->rna,1.5,0.48440250754356384,0.03088114491303475
MTOR,cnv->rna,2.0,0.5485817790031433,0.031165998377982503
MYBL2,cnv->rna,-2.0,-0.2853245735168457,0.030978608145550174
MYBL2,cnv->rna,-1.5,-0.2481430023908615,0.03165431486755867
MYBL2,cnv->rna,-1.0,-0.1850721836090088,0.03260944408527387
MYBL2,cnv->rna,-0.5,-0.07256782054901123,0.03383128140280806
MYBL2,cnv->rna,0.0,0.0374029278755188,0.0338553175824868
MYBL2,cnv->rna,0.5,0.10089574754238129,0.034400157995913505
MYBL2,cnv->rna,1.0,0.1913168579339981,0.0354758996256298
MYBL2,cnv->rna,1.5,0.2587146461009979,0.03586913274561639
MYBL2,cnv->rna,2.0,0.30373042821884155,0.03595860861767098
MYC,cnv->rna,-2.0,-0.27358463406562805,0.017515462050630454
MYC,cnv->rna,-1.5,-0.2343565970659256,0.017895277930595997
MYC,cnv->rna,-1.0,-0.16419081389904022,0.018465744368027812
MYC,cnv->rna,-0.5,-0.02632313035428524,0.019199727220656427
MYC,cnv->rna,0.0,0.11892446875572205,0.019531665794132513
MYC,cnv->rna,0.5,0.17750577628612518,0.019255928598982217
MYC,cnv->rna,1.0,0.2782166302204132,0.01983710115053787
MYC,cnv->rna,1.5,0.3574301600456238,0.020394836846869557
MYC,cnv->rna,2.0,0.41227975487709045,0.020826666461743297
NCOA3,cnv->rna,-2.0,-0.4531939923763275,0.027166462202801243
NCOA3,cnv->rna,-1.5,-0.3935565650463104,0.027735340975268336
NCOA3,cnv->rna,-1.0,-0.28575047850608826,0.02859725453633119
NCOA3,cnv->rna,-0.5,-0.0835796371102333,0.02958491726481293
NCOA3,cnv->rna,0.0,0.05302292853593826,0.028014334136729265
NCOA3,cnv->rna,0.5,0.15142934024333954,0.02925197618497614
NCOA3,cnv->rna,1.0,0.28429001569747925,0.030591076235649682
NCOA3,cnv->rna,1.5,0.38941702246665955,0.031328881688618894
NCOA3,cnv->rna,2.0,0.46264782547950745,0.03167228806311679
NCOR1,cnv->rna,-2.0,-0.546942412853241,0.02630978346843059
NCOR1,cnv->rna,-1.5,-0.49264413118362427,0.026893863288432285
NCOR1,cnv->rna,-1.0,-0.3861508369445801,0.027895829167447303
NCOR1,cnv->rna,-0.5,-0.15309946238994598,0.029484463948108622
NCOR1,cnv->rna,0.0,0.05157323181629181,0.029557533585634104
NCOR1,cnv->rna,0.5,0.20794342458248138,0.030147159881044487
NCOR1,cnv->rna,1.0,0.4155137240886688,0.031081001094126284
NCOR1,cnv->rna,1.5,0.5695568919181824,0.03153896343458962
NCOR1,cnv->rna,2.0,0.6742791533470154,0.03174407623598989
NDC80,cnv->rna,-2.0,-0.36776700615882874,0.029669829553564658
NDC80,cnv->rna,-1.5,-0.32403838634490967,0.030400918213917147
NDC80,cnv->rna,-1.0,-0.24346773326396942,0.03152329164493781
NDC80,cnv->rna,-0.5,-0.08954843878746033,0.03297793055368262
NDC80,cnv->rna,0.0,0.03352666273713112,0.033564220246401176
NDC80,cnv->rna,0.5,0.10212530195713043,0.034135659768811374
NDC80,cnv->rna,1.0,0.2003769427537918,0.03535994015075937
NDC80,cnv->rna,1.5,0.27516403794288635,0.03614935288768836
NDC80,cnv->rna,2.0,0.3266674280166626,0.03661274837675439
NDRG1,cnv->rna,-2.0,-0.29267618060112,0.01588861652209469
NDRG1,cnv->rna,-1.5,-0.2651970684528351,0.016381080336897863
NDRG1,cnv->rna,-1.0,-0.2149564027786255,0.017166191013922437
NDRG1,cnv->rna,-0.5,-0.10975159704685211,0.018312713951427827
NDRG1,cnv->rna,0.0,0.026149148121476173,0.018591837874587982
NDRG1,cnv->rna,0.5,0.0821935161948204,0.01956745745057134
NDRG1,cnv->rna,1.0,0.1800203025341034,0.02113926102118108
NDRG1,cnv->rna,1.5,0.2625855505466461,0.02192211823825572
NDRG1,cnv->rna,2.0,0.3211307227611542,0.022236268861914252
NEK2,cnv->rna,-2.0,-0.3892715275287628,0.03014330459027908
NEK2,cnv->rna,-1.5,-0.3393235504627228,0.03083538485639187
NEK2,cnv->rna,-1.0,-0.2465164214372635,0.03176643648655692
NEK2,cnv->rna,-0.5,-0.06491448730230331,0.032484810751021685
NEK2,cnv->rna,0.0,0.07566674053668976,0.03256766572237231
NEK2,cnv->rna,0.5,0.15024420619010925,0.032308265022178206
NEK2,cnv->rna,1.0,0.22840501368045807,0.03342849178196997
NEK2,cnv->rna,1.5,0.28834500908851624,0.03403103515390187
NEK2,cnv->rna,2.0,0.3302920162677765,0.03430012965473166
NF1,cnv->rna,-2.0,-0.4085291922092438,0.03050561256839957
NF1,cnv->rna,-1.5,-0.36944857239723206,0.03112256152086247
NF1,cnv->rna,-1.0,-0.29536330699920654,0.03205423862782214
NF1,cnv->rna,-0.5,-0.1382008194923401,0.03304265105671275
NF1,cnv->rna,0.0,0.0014888233272358775,0.03276142404955677
NF1,cnv->rna,0.5,0.06903936713933945,0.03361537204377533
NF1,cnv->rna,1.0,0.17637884616851807,0.034528864557096466
NF1,cnv->rna,1.5,0.2615346312522888,0.03506918715381504
NF1,cnv->rna,2.0,0.32205384969711304,0.03534583532213658
NMU,cnv->rna,-2.0,-0.3243006467819214,0.0161506912990379
NMU,cnv->rna,-1.5,-0.2921406030654907,0.016810355739913456
NMU,cnv->rna,-1.0,-0.23774968087673187,0.017893692444992924
NMU,cnv->rna,-0.5,-0.13741645216941833,0.019793145605344255
NMU,cnv->rna,0.0,-0.009868140332400799,0.02107546238813047
NMU,cnv->rna,0.5,0.06853360682725906,0.022170232024445284
NMU,cnv->rna,1.0,0.15970976650714874,0.024288819999076835
NMU,cnv->rna,1.5,0.2367590367794037,0.025503114545927547
NMU,cnv->rna,2.0,0.2953258156776428,0.026161004986416988
NOTCH3,cnv->rna,-2.0,-0.4793844521045685,0.020780294004475723
NOTCH3,cnv->rna,-1.5,-0.4355013966560364,0.02124132052742417
NOTCH3,cnv->rna,-1.0,-0.3527730107307434,0.022035580164671005
NOTCH3,cnv->rna,-0.5,-0.18686887621879578,0.02321938544198636
NOTCH3,cnv->rna,0.0,-0.02666720189154148,0.02318325598449121
NOTCH3,cnv->rna,0.5,0.04691477492451668,0.022936079323812742
NOTCH3,cnv->rna,1.0,0.16855083405971527,0.024051890696894097
NOTCH3,cnv->rna,1.5,0.27449852228164673,0.024816970860959454
NOTCH3,cnv->rna,2.0,0.35337600111961365,0.025249983869211155
NUF2,cnv->rna,-2.0,-0.3578975200653076,0.030636454904003164
NUF2,cnv->rna,-1.5,-0.31534960865974426,0.031257246071061555
NUF2,cnv->rna,-1.0,-0.2381378561258316,0.0321065999709141
NUF2,cnv->rna,-0.5,-0.09212789684534073,0.032934748681876076
NUF2,cnv->rna,0.0,0.04053259268403053,0.032969043116858804
NUF2,cnv->rna,0.5,0.11755716800689697,0.03291793054799442
NUF2,cnv->rna,1.0,0.19148872792720795,0.03413022879957034
NUF2,cnv->rna,1.5,0.2513680160045624,0.03489611314808591
NUF2,cnv->rna,2.0,0.2940494418144226,0.03530338789520733
NUSAP1,cnv->rna,-2.0,-0.3546757102012634,0.012005290448374043
NUSAP1,cnv->rna,-1.5,-0.3153679072856903,0.012301895031358579
NUSAP1,cnv->rna,-1.0,-0.2376873791217804,0.012875378794999953
NUSAP1,cnv->rna,-0.5,-0.0644766241312027,0.014056409744930139
NUSAP1,cnv->rna,0.0,0.0898517370223999,0.015398050931291903
NUSAP1,cnv->rna,0.5,0.17685846984386444,0.016059063307350276
NUSAP1,cnv->rna,1.0,0.28501734137535095,0.017413530037044104
NUSAP1,cnv->rna,1.5,0.3676650822162628,0.018386943009353084
NUSAP1,cnv->rna,2.0,0.42528945207595825,0.01902858848807579
OXCT1,cnv->rna,-2.0,-0.4056943953037262,0.018199657386280134
OXCT1,cnv->rna,-1.5,-0.3569898009300232,0.018596266337468314
OXCT1,cnv->rna,-1.0,-0.2692365050315857,0.019232323932910918
OXCT1,cnv->rna,-0.5,-0.10221953690052032,0.020311182049792022
OXCT1,cnv->rna,0.0,0.05124165490269661,0.020157809473412405
OXCT1,cnv->rna,0.5,0.1990862488746643,0.021531670342462568
OXCT1,cnv->rna,1.0,0.35272350907325745,0.02360058194755953
OXCT1,cnv->rna,1.5,0.4807835519313812,0.024873802074803168
OXCT1,cnv->rna,2.0,0.5738785862922668,0.02554090249764117
PAK1,cnv->rna,-2.0,-0.6614017486572266,0.015636726991840086
PAK1,cnv->rna,-1.5,-0.6222294569015503,0.01599944142090899
PAK1,cnv->rna,-1.0,-0.5313972234725952,0.016821053136590675
PAK1,cnv->rna,-0.5,-0.28012481331825256,0.018921963219168184
PAK1,cnv->rna,0.0,-0.0026535477954894304,0.02022260189537711
PAK1,cnv->rna,0.5,0.2249954789876938,0.020674749698948353
PAK1,cnv->rna,1.0,0.5293005108833313,0.022653243947756325
PAK1,cnv->rna,1.5,0.7613060474395752,0.02375332686778288
PAK1,cnv->rna,2.0,0.9165676236152649,0.024221214021217196
PCOLCE,cnv->rna,-2.0,-0.11366155743598938,0.03300418532352483
PCOLCE,cnv->rna,-1.5,-0.1000576764345169,0.03340814308220931
PCOLCE,cnv->rna,-1.0,-0.08121198415756226,0.03395537425537013
PCOLCE,cnv->rna,-0.5,-0.05898917466402054,0.034524865428461914
PCOLCE,cnv->rna,0.0,-0.02453034743666649,0.03432684862860611
PCOLCE,cnv->rna,0.5,-0.030627621337771416,0.03372189488268521
PCOLCE,cnv->rna,1.0,-0.024065624922513962,0.033680083829358845
PCOLCE,cnv->rna,1.5,-0.013515009544789791,0.033587724661836404
PCOLCE,cnv->rna,2.0,-0.004433233290910721,0.03347535459560963
PGR,cnv->rna,-2.0,-0.2311871349811554,0.03078292326266384
PGR,cnv->rna,-1.5,-0.1913011074066162,0.03123629150876116
PGR,cnv->rna,-1.0,-0.12110760062932968,0.03190631227621513
PGR,cnv->rna,-0.5,0.00574471103027463,0.03258317623926174
PGR,cnv->rna,0.0,0.09006623923778534,0.032542960478665894
PGR,cnv->rna,0.5,0.13659319281578064,0.03316124320046086
PGR,cnv->rna,1.0,0.1939341276884079,0.033833103349150566
PGR,cnv->rna,1.5,0.23909157514572144,0.034270998127506565
PGR,cnv->rna,2.0,0.27224600315093994,0.03451766699691972
PHGDH,cnv->rna,-2.0,-0.2434510588645935,0.021420008568773248
PHGDH,cnv->rna,-1.5,-0.2124253362417221,0.022261532022204024
PHGDH,cnv->rna,-1.0,-0.15898996591567993,0.023639230747126365
PHGDH,cnv->rna,-0.5,-0.05969463288784027,0.025854754548753144
PHGDH,cnv->rna,0.0,0.04029183089733124,0.026191047486813335
PHGDH,cnv->rna,0.5,0.09102818369865417,0.02653993059714699
PHGDH,cnv->rna,1.0,0.16719919443130493,0.02797436246463863
PHGDH,cnv->rna,1.5,0.23456986248493195,0.0287911893918096
PHGDH,cnv->rna,2.0,0.28604644536972046,0.029209801178253607
PIK3CA,cnv->rna,-2.0,-0.3404970169067383,0.030106231469187873
PIK3CA,cnv->rna,-1.5,-0.2947831153869629,0.030685540666529603
PIK3CA,cnv->rna,-1.0,-0.2140159010887146,0.031540042218608205
PIK3CA,cnv->rna,-0.5,-0.058562736958265305,0.032574199448610126
PIK3CA,cnv->rna,0.0,0.06915021687746048,0.03227483797313365
PIK3CA,cnv->rna,0.5,0.1664402037858963,0.03322780090536507
PIK3CA,cnv->rna,1.0,0.2980697453022003,0.03349671233981595
PIK3CA,cnv->rna,1.5,0.3958526849746704,0.03343014155874183
PIK3CA,cnv->rna,2.0,0.46143415570259094,0.033276603350876524
PIK3R1,cnv->rna,-2.0,-0.2076064795255661,0.028191871475125186
PIK3R1,cnv->rna,-1.5,-0.18515054881572723,0.028520044111663666
PIK3R1,cnv->rna,-1.0,-0.14705979824066162,0.02888939142792563
PIK3R1,cnv->rna,-0.5,-0.07783074676990509,0.028791723335414757
PIK3R1,cnv->rna,0.0,0.00041109483572654426,0.027657705575078337
PIK3R1,cnv->rna,0.5,0.02794785425066948,0.028344923685341708
PIK3R1,cnv->rna,1.0,0.07461880147457123,0.02872161327101501
PIK3R1,cnv->rna,1.5,0.11544238030910492,0.028803315360050825
PIK3R1,cnv->rna,2.0,0.14619702100753784,0.028766268391299463
PITX2,cnv->rna,-2.0,-0.2842875123023987,0.016218737507951587
PITX2,cnv->rna,-1.5,-0.26499518752098083,0.016486256330305753
PITX2,cnv->rna,-1.0,-0.23440955579280853,0.01687966053018216
PITX2,cnv->rna,-0.5,-0.18575260043144226,0.017267498640394997
PITX2,cnv->rna,0.0,-0.11366861313581467,0.017481611115744252
PITX2,cnv->rna,0.5,-0.09948508441448212,0.015793820828243408
PITX2,cnv->rna,1.0,-0.06768050044775009,0.015608236196941176
PITX2,cnv->rna,1.5,-0.0333370640873909,0.015720792598589346
PITX2,cnv->rna,2.0,-0.004946010187268257,0.01584390255904559
PLAT,cnv->rna,-2.0,-0.30158132314682007,0.026568634969487963
PLAT,cnv->rna,-1.5,-0.27380383014678955,0.027089201652815684
PLAT,cnv->rna,-1.0,-0.22037655115127563,0.02797797802562213
PLAT,cnv->rna,-0.5,-0.1038714349269867,0.02933775585966604
PLAT,cnv->rna,0.0,0.02698693610727787,0.0294299777274043
PLAT,cnv->rna,0.5,0.09360487759113312,0.029793883177616956
PLAT,cnv->rna,1.0,0.19179370999336243,0.030818279046771924
PLAT,cnv->rna,1.5,0.26865530014038086,0.031266190171288365
PLAT,cnv->rna,2.0,0.32372695207595825,0.03139166473913888
PLAU,cnv->rna,-2.0,-0.25870656967163086,0.028159952544344995
PLAU,cnv->rna,-1.5,-0.2300378680229187,0.028714926989461438
PLAU,cnv->rna,-1.0,-0.1838883012533188,0.02950606360145851
PLAU,cnv->rna,-0.5,-0.10713330656290054,0.030556607451734656
PLAU,cnv->rna,0.0,-0.03537977486848831,0.030875450241033615
PLAU,cnv->rna,0.5,-0.005476497579365969,0.030407471554409843
PLAU,cnv->rna,1.0,0.03396473079919815,0.03077455887263691
PLAU,cnv->rna,1.5,0.06893078982830048,0.03102882499677489
PLAU,cnv->rna,2.0,0.09540405124425888,0.03115808293645624
PLK1,cnv->rna,-2.0,-0.35023054480552673,0.030626713157411094
PLK1,cnv->rna,-1.5,-0.30372685194015503,0.031470200215691864
PLK1,cnv->rna,-1.0,-0.22187577188014984,0.03266945280840869
PLK1,cnv->rna,-0.5,-0.07471701502799988,0.03408923500686411
PLK1,cnv->rna,0.0,0.047999296337366104,0.034332619578265125
PLK1,cnv->rna,0.5,0.1405184268951416,0.034842921468203884
PLK1,cnv->rna,1.0,0.2414635568857193,0.036153203819730466
PLK1,cnv->rna,1.5,0.3167334496974945,0.03682945974087569
PLK1,cnv->rna,2.0,0.3676638603210449,0.03715379234218034
PPM1D,cnv->rna,-2.0,-0.5956314206123352,0.01889335691810163
PPM1D,cnv->rna,-1.5,-0.5493002533912659,0.019424698365445275
PPM1D,cnv->rna,-1.0,-0.4564638137817383,0.02047439008531482
PPM1D,cnv->rna,-0.5,-0.2412211298942566,0.022755301274637763
PPM1D,cnv->rna,0.0,-0.016717543825507164,0.02455469340338245
PPM1D,cnv->rna,0.5,0.1255466490983963,0.024148000545822567
PPM1D,cnv->rna,1.0,0.34639230370521545,0.025999749658935912
PPM1D,cnv->rna,1.5,0.5157657265663147,0.027490014592633866
PPM1D,cnv->rna,2.0,0.6311877965927124,0.028425398793766488
PRC1,cnv->rna,-2.0,-0.38720703125,0.01567163927585164
PRC1,cnv->rna,-1.5,-0.3457317650318146,0.016141726494875375
PRC1,cnv->rna,-1.0,-0.2649058699607849,0.01703246320348933
PRC1,cnv->rna,-0.5,-0.08821908384561539,0.018856386227008148
PRC1,cnv->rna,0.0,0.06493990123271942,0.021298182252331037
PRC1,cnv->rna,0.5,0.15905991196632385,0.021673893304621824
PRC1,cnv->rna,1.0,0.2869582176208496,0.023560651683340313
PRC1,cnv->rna,1.5,0.38050591945648193,0.02486260451462642
PRC1,cnv->rna,2.0,0.4420195519924164,0.025672614398544596
PTEN,cnv->rna,-2.0,-0.3551582992076874,0.025930016624102253
PTEN,cnv->rna,-1.5,-0.30602961778640747,0.026314133474291387
PTEN,cnv->rna,-1.0,-0.2199094593524933,0.026849016384322306
PTEN,cnv->rna,-0.5,-0.06422444432973862,0.027257790532261482
PTEN,cnv->rna,0.0,0.05638071894645691,0.026421092185532014
PTEN,cnv->rna,0.5,0.10866901278495789,0.02680083723624381
PTEN,cnv->rna,1.0,0.1864861249923706,0.027073776131030746
PTEN,cnv->rna,1.5,0.25089123845100403,0.027330592108303558
PTEN,cnv->rna,2.0,0.30070409178733826,0.027535626452684293
PTTG1,cnv->rna,-2.0,-0.2556298077106476,0.031028918709325996
PTTG1,cnv->rna,-1.5,-0.2203703075647354,0.03170865289167054
PTTG1,cnv->rna,-1.0,-0.1586896926164627,0.03272277742935159
PTTG1,cnv->rna,-0.5,-0.04816116392612457,0.03401497325851405
PTTG1,cnv->rna,0.0,0.029153097420930862,0.034354979828832156
PTTG1,cnv->rna,0.5,0.08408178389072418,0.03440519885941853
PTTG1,cnv->rna,1.0,0.14345690608024597,0.03516684434951764
PTTG1,cnv->rna,1.5,0.1885673850774765,0.03570890389747421
PTTG1,cnv->rna,2.0,0.22104384005069733,0.036056113258057826
RACGAP1,cnv->rna,-2.0,-0.4169337749481201,0.030031945747859622
RACGAP1,cnv->rna,-1.5,-0.36496493220329285,0.030866353585491044
RACGAP1,cnv->rna,-1.0,-0.27022987604141235,0.03203114829110111
RACGAP1,cnv->rna,-0.5,-0.09028268605470657,0.033261822920141085
RACGAP1,cnv->rna,0.0,0.05560355633497238,0.03379753180823876
RACGAP1,cnv->rna,0.5,0.14715079963207245,0.03463628965173098
RACGAP1,cnv->rna,1.0,0.2706623375415802,0.03571850398555879
RACGAP1,cnv->rna,1.5,0.3642311990261078,0.03625976588715011
RACGAP1,cnv->rna,2.0,0.4271450638771057,0.036485364688095226
RAD51,cnv->rna,-2.0,-0.4291757643222809,0.030573048556050218
RAD51,cnv->rna,-1.5,-0.388050377368927,0.03135572924483091
RAD51,cnv->rna,-1.0,-0.3115656077861786,0.03257043133231086
RAD51,cnv->rna,-0.5,-0.16116510331630707,0.03423291378260804
RAD51,cnv->rna,0.0,-0.001558065414428711,0.03533213149605807
RAD51,cnv->rna,0.5,0.07737361639738083,0.034889943375244266
RAD51,cnv->rna,1.0,0.1887103021144867,0.035845253479976726
RAD51,cnv->rna,1.5,0.27431434392929077,0.03655081963600266
RAD51,cnv->rna,2.0,0.3324788808822632,0.036969496803296274
RASSF1,cnv->rna,-2.0,-0.2787221372127533,0.021274324780307906
RASSF1,cnv->rna,-1.5,-0.22432178258895874,0.021740636255266593
RASSF1,cnv->rna,-1.0,-0.12469101697206497,0.022413217772663672
RASSF1,cnv->rna,-0.5,0.06043513864278793,0.02304252152634144
RASSF1,cnv->rna,0.0,0.2064255326986313,0.022335266365033885
RASSF1,cnv->rna,0.5,0.3251659870147705,0.02341086851560435
RASSF1,cnv->rna,1.0,0.4422152042388916,0.024020804282265624
RASSF1,cnv->rna,1.5,0.532152533531189,0.024023903334537196
RASSF1,cnv->rna,2.0,0.5955657958984375,0.023812422438384793
RASSF7,cnv->rna,-2.0,-0.2562809884548187,0.02696511097961527
RASSF7,cnv->rna,-1.5,-0.20908057689666748,0.02744984459863274
RASSF7,cnv->rna,-1.0,-0.1311647891998291,0.028123328371754453
RASSF7,cnv->rna,-0.5,-0.00573476729914546,0.028824537983834622
RASSF7,cnv->rna,0.0,0.11494340002536774,0.02818016830304478
RASSF7,cnv->rna,0.5,0.19046396017074585,0.0284989566083024
RASSF7,cnv->rna,1.0,0.267607182264328,0.02917194566632872
RASSF7,cnv->rna,1.5,0.3328261375427246,0.029584106542277753
RASSF7,cnv->rna,2.0,0.3834455907344818,0.029809082045789907
RB1,cnv->rna,-2.0,-0.39821571111679077,0.028844993472316314
RB1,cnv->rna,-1.5,-0.3586025536060333,0.02940546862624671
RB1,cnv->rna,-1.0,-0.28261905908584595,0.030183210881520105
RB1,cnv->rna,-0.5,-0.12067169696092606,0.03073910501725441
RB1,cnv->rna,0.0,0.008346552960574627,0.029908718101874076
RB1,cnv->rna,0.5,0.09107296168804169,0.030953848417802413
RB1,cnv->rna,1.0,0.20094580948352814,0.03176026889307693
RB1,cnv->rna,1.5,0.28678178787231445,0.03209706526367913
RB1,cnv->rna,2.0,0.347379595041275,0.032192203117310046
RBBP8,cnv->rna,-2.0,-0.47756287455558777,0.019490654566533056
RBBP8,cnv->rna,-1.5,-0.4220161736011505,0.019945365299409063
RBBP8,cnv->rna,-1.0,-0.31701603531837463,0.020737258149899972
RBBP8,cnv->rna,-0.5,-0.10726047307252884,0.02201489802257733
RBBP8,cnv->rna,0.0,0.06613179296255112,0.02248614575168166
RBBP8,cnv->rna,0.5,0.1857457011938095,0.022682009342223603
RBBP8,cnv->rna,1.0,0.31575340032577515,0.023833335592813764
RBBP8,cnv->rna,1.5,0.41353902220726013,0.02475007971372223
RBBP8,cnv->rna,2.0,0.48421400785446167,0.025372919480735102
RFC4,cnv->rna,-2.0,-0.33811473846435547,0.024503537247284993
RFC4,cnv->rna,-1.5,-0.2949643135070801,0.025130127695703892
RFC4,cnv->rna,-1.0,-0.21827052533626556,0.026140431812405995
RFC4,cnv->rna,-0.5,-0.07941946387290955,0.027703840481925656
RFC4,cnv->rna,0.0,0.0392603762447834,0.029052806502805527
RFC4,cnv->rna,0.5,0.1108686774969101,0.029072882782359474
RFC4,cnv->rna,1.0,0.21507687866687775,0.03090629692588018
RFC4,cnv->rna,1.5,0.2914554476737976,0.03209159942465163
RFC4,cnv->rna,2.0,0.34165695309638977,0.03278493936180027
RRM2,cnv->rna,-2.0,-0.26524630188941956,0.028031169705504153
RRM2,cnv->rna,-1.5,-0.21497896313667297,0.028466399124557673
RRM2,cnv->rna,-1.0,-0.12769807875156403,0.028986425326195272
RRM2,cnv->rna,-0.5,0.02207869291305542,0.02930029263283882
RRM2,cnv->rna,0.0,0.10250779241323471,0.029088279972442913
RRM2,cnv->rna,0.5,0.1666957587003708,0.030057230701765927
RRM2,cnv->rna,1.0,0.2586219608783722,0.03072429625481747
RRM2,cnv->rna,1.5,0.3274737298488617,0.030984477166483608
RRM2,cnv->rna,2.0,0.3734075427055359,0.031089162803519414
RSF1,cnv->rna,-2.0,-0.5863810181617737,0.022424844667086198
RSF1,cnv->rna,-1.5,-0.5434321165084839,0.022957297588873233
RSF1,cnv->rna,-1.0,-0.45446449518203735,0.023990308474645304
RSF1,cnv->rna,-0.5,-0.23791344463825226,0.026171282855975867
RSF1,cnv->rna,0.0,-0.03217962011694908,0.027431544498826566
RSF1,cnv->rna,0.5,0.14142216742038727,0.02781432757968363
RSF1,cnv->rna,1.0,0.3710576891899109,0.0292341969526052
RSF1,cnv->rna,1.5,0.5412732362747192,0.0300084740228492
RSF1,cnv->rna,2.0,0.6575722098350525,0.0304180000505589
RSPO2,cnv->rna,-2.0,-0.23617374897003174,0.008503522654261075
RSPO2,cnv->rna,-1.5,-0.22255298495292664,0.008481581930812382
RSPO2,cnv->rna,-1.0,-0.19851547479629517,0.008484911450578832
RSPO2,cnv->rna,-0.5,-0.14782018959522247,0.008629496295930291
RSPO2,cnv->rna,0.0,-0.06708645820617676,0.008883537400977519
RSPO2,cnv->rna,0.5,-0.028247930109500885,0.009047468439728933
RSPO2,cnv->rna,1.0,0.018549347296357155,0.00992243746677832
RSPO2,cnv->rna,1.5,0.058369167149066925,0.010659134714346626
RSPO2,cnv->rna,2.0,0.08767522871494293,0.0111698430552338
RUNDC1,cnv->rna,-2.0,-0.471049427986145,0.027330228154907387
RUNDC1,cnv->rna,-1.5,-0.40894606709480286,0.027782624405707158
RUNDC1,cnv->rna,-1.0,-0.2920682430267334,0.028495007604985884
RUNDC1,cnv->rna,-0.5,-0.06307099759578705,0.029482835964953304
RUNDC1,cnv->rna,0.0,0.1206730529665947,0.02984587620858944
RUNDC1,cnv->rna,0.5,0.2888929843902588,0.030734114279067422
RUNDC1,cnv->rna,1.0,0.46615055203437805,0.032232205300463834
RUNDC1,cnv->rna,1.5,0.5988069176673889,0.033203307059739055
RUNDC1,cnv->rna,2.0,0.6923162937164307,0.033684420759049725
RUNX1,cnv->rna,-2.0,-0.2739948630332947,0.027533104931250958
RUNX1,cnv->rna,-1.5,-0.2421167939901352,0.02781165132357288
RUNX1,cnv->rna,-1.0,-0.18771284818649292,0.02808341772179012
RUNX1,cnv->rna,-0.5,-0.09156765788793564,0.027873680314960684
RUNX1,cnv->rna,0.0,-0.018337082117795944,0.026953623564338582
RUNX1,cnv->rna,0.5,0.010365634225308895,0.026866392434787313
RUNX1,cnv->rna,1.0,0.06500214338302612,0.02677016925905285
RUNX1,cnv->rna,1.5,0.11637883633375168,0.026592429240023134
RUNX1,cnv->rna,2.0,0.15586835145950317,0.02638917107539017
SCG5,cnv->rna,-2.0,-0.2808029353618622,0.020853426843489162
SCG5,cnv->rna,-1.5,-0.2520851194858551,0.021309177131873986
SCG5,cnv->rna,-1.0,-0.2012292444705963,0.02199710135531316
SCG5,cnv->rna,-0.5,-0.10181357711553574,0.022841575664423054
SCG5,cnv->rna,0.0,0.02237602509558201,0.022771023189607602
SCG5,cnv->rna,0.5,0.06417818367481232,0.02211407641271422
SCG5,cnv->rna,1.0,0.14367948472499847,0.02240166497653737
SCG5,cnv->rna,1.5,0.21520699560642242,0.02263030616635106
SCG5,cnv->rna,2.0,0.2713514566421509,0.022784125511869688
SCUBE2,cnv->rna,-2.0,-0.18862305581569672,0.028742347717788375
SCUBE2,cnv->rna,-1.5,-0.15039736032485962,0.02914123846062799
SCUBE2,cnv->rna,-1.0,-0.08477257937192917,0.029742613694713503
SCUBE2,cnv->rna,-0.5,0.029943929985165596,0.0304047713253209
SCUBE2,cnv->rna,0.0,0.12050943076610565,0.02954331978892863
SCUBE2,cnv->rna,0.5,0.14460131525993347,0.030669291346039566
SCUBE2,cnv->rna,1.0,0.20247836410999298,0.031482066839896294
SCUBE2,cnv->rna,1.5,0.2519276738166809,0.031992667302381615
SCUBE2,cnv->rna,2.0,0.2897847592830658,0.032293979306538156
SEC14L2,cnv->rna,-2.0,-0.24238251149654388,0.02264549195835409
SEC14L2,cnv->rna,-1.5,-0.20881488919258118,0.022749055224138236
SEC14L2,cnv->rna,-1.0,-0.15049786865711212,0.0229333790947238
SEC14L2,cnv->rna,-0.5,-0.046558450907468796,0.023283752888428592
SEC14L2,cnv->rna,0.0,0.03573857247829437,0.023628007034609776
SEC14L2,cnv->rna,0.5,0.0898410901427269,0.023932925882303203
SEC14L2,cnv->rna,1.0,0.14693975448608398,0.025133180981380735
SEC14L2,cnv->rna,1.5,0.1915900707244873,0.026035247101551487
SEC14L2,cnv->rna,2.0,0.22550766170024872,0.02662263519254351
SERPINB5,cnv->rna,-2.0,-0.2005126029253006,0.028976321805568687
SERPINB5,cnv->rna,-1.5,-0.17758417129516602,0.029648563342547785
SERPINB5,cnv->rna,-1.0,-0.13701099157333374,0.030691281105125468
SERPINB5,cnv->rna,-0.5,-0.056475017219781876,0.032010298338160104
SERPINB5,cnv->rna,0.0,0.022310014814138412,0.03167885665914106
SERPINB5,cnv->rna,0.5,0.046122871339321136,0.0323570325979032
SERPINB5,cnv->rna,1.0,0.08649864047765732,0.03337807442947312
SERPINB5,cnv->rna,1.5,0.12153054028749466,0.03383842317094726
SERPINB5,cnv->rna,2.0,0.14876587688922882,0.03400290395367582
SERPINE1,cnv->rna,-2.0,-0.23606489598751068,0.024175349355214936
SERPINE1,cnv->rna,-1.5,-0.20901571214199066,0.02456086535558575
SERPINE1,cnv->rna,-1.0,-0.16406309604644775,0.02505898461388029
SERPINE1,cnv->rna,-0.5,-0.08819849044084549,0.025150387041636753
SERPINE1,cnv->rna,0.0,-0.021435493603348732,0.024386435786908016
SERPINE1,cnv->rna,0.5,0.012282876297831535,0.023674872027611087
SERPINE1,cnv->rna,1.0,0.045684222131967545,0.023979191550849745
SERPINE1,cnv->rna,1.5,0.07757730782032013,0.024393141682716474
SERPINE1,cnv->rna,2.0,0.10270743072032928,0.024715194671731344
SFRP1,cnv->rna,-2.0,-0.123944491147995,0.030114905328569624
SFRP1,cnv->rna,-1.5,-0.10414096713066101,0.03073252116569856
SFRP1,cnv->rna,-1.0,-0.06958241015672684,0.031714312693885215
SFRP1,cnv->rna,-0.5,-0.0009931575041264296,0.03315844925882081
SFRP1,cnv->rna,0.0,0.07812437415122986,0.033316492207224324
SFRP1,cnv->rna,0.5,0.07960790395736694,0.03304265541543606
SFRP1,cnv->rna,1.0,0.1336967498064041,0.033424810840136855
SFRP1,cnv->rna,1.5,0.18022453784942627,0.03353234490285406
SFRP1,cnv->rna,2.0,0.21434853971004486,0.03348846345595667
SFRP2,cnv->rna,-2.0,-0.10512667894363403,0.03300329832333177
SFRP2,cnv->rna,-1.5,-0.08932016789913177,0.03331654451190401
SFRP2,cnv->rna,-1.0,-0.06714785844087601,0.033710518614852865
SFRP2,cnv->rna,-0.5,-0.03865516930818558,0.03402882528118501
SFRP2,cnv->rna,0.0,0.001358569017611444,0.03357960218095304
SFRP2,cnv->rna,0.5,0.008209126070141792,0.032818331541058364
SFRP2,cnv->rna,1.0,0.03019326739013195,0.03308550166554794
SFRP2,cnv->rna,1.5,0.05254106968641281,0.03317033549728013
SFRP2,cnv->rna,2.0,0.0703607052564621,0.03317019819749594
SIAH2,cnv->rna,-2.0,-0.33134329319000244,0.023317931817243676
SIAH2,cnv->rna,-1.5,-0.27360066771507263,0.023513390046518024
SIAH2,cnv->rna,-1.0,-0.17458471655845642,0.02379251832840149
SIAH2,cnv->rna,-0.5,-0.010374369099736214,0.024068272958445013
SIAH2,cnv->rna,0.0,0.0923328697681427,0.02418516520010323
SIAH2,cnv->rna,0.5,0.21406838297843933,0.024410060067234198
SIAH2,cnv->rna,1.0,0.3191052973270416,0.024875353780300605
SIAH2,cnv->rna,1.5,0.3986043632030487,0.025394808989184933
SIAH2,cnv->rna,2.0,0.45703309774398804,0.025723474161457153
SLC2A3,cnv->rna,-2.0,-0.24070800840854645,0.02396508890158861
SLC2A3,cnv->rna,-1.5,-0.2117265909910202,0.02432438718126533
SLC2A3,cnv->rna,-1.0,-0.16386163234710693,0.024825723177360738
SLC2A3,cnv->rna,-0.5,-0.0808841809630394,0.025311165088915667
SLC2A3,cnv->rna,0.0,-0.003217836143448949,0.024206444487290025
SLC2A3,cnv->rna,0.5,0.02144712023437023,0.024210552584007262
SLC2A3,cnv->rna,1.0,0.07279785722494125,0.02489800824469089
SLC2A3,cnv->rna,1.5,0.1149618998169899,0.025150121159515
SLC2A3,cnv->rna,2.0,0.14556801319122314,0.02519296305090357
SLC39A6,cnv->rna,-2.0,-0.3615291118621826,0.027385555609210042
SLC39A6,cnv->rna,-1.5,-0.3169317841529846,0.027847436441926745
SLC39A6,cnv->rna,-1.0,-0.2342052310705185,0.02862685026758853
SLC39A6,cnv->rna,-0.5,-0.07046057283878326,0.02985760553300969
SLC39A6,cnv->rna,0.0,0.04315878450870514,0.03050199700741607
SLC39A6,cnv->rna,0.5,0.13138863444328308,0.030750932412949076
SLC39A6,cnv->rna,1.0,0.23376211524009705,0.03194649098766287
SLC39A6,cnv->rna,1.5,0.31308016180992126,0.0329204498900661
SLC39A6,cnv->rna,2.0,0.3712587356567383,0.03355102421158798
SMAD3,cnv->rna,-2.0,-0.2986323833465576,0.02477750698013413
SMAD3,cnv->rna,-1.5,-0.2654959261417389,0.02509602504454669
SMAD3,cnv->rna,-1.0,-0.2053227573633194,0.02547375418572881
SMAD3,cnv->rna,-0.5,-0.08951698988676071,0.025480460081537266
SMAD3,cnv->rna,0.0,0.018031859770417213,0.024808018043286025
SMAD3,cnv->rna,0.5,0.08768004179000854,0.024853884888649938
SMAD3,cnv->rna,1.0,0.17074479162693024,0.025197522275483122
SMAD3,cnv->rna,1.5,0.24199166893959045,0.025535726513713615
SMAD3,cnv->rna,2.0,0.29573288559913635,0.025759529520656077
SMAD4,cnv->rna,-2.0,-0.3595521152019501,0.024878533468953364
SMAD4,cnv->rna,-1.5,-0.3098892569541931,0.02535982587591963
SMAD4,cnv->rna,-1.0,-0.21537405252456665,0.026171616298308886
SMAD4,cnv->rna,-0.5,-0.020214738324284554,0.02733498570139743
SMAD4,cnv->rna,0.0,0.13952535390853882,0.027152246226734112
SMAD4,cnv->rna,0.5,0.24708393216133118,0.027431945501370847
SMAD4,cnv->rna,1.0,0.3758731484413147,0.027670051658846586
SMAD4,cnv->rna,1.5,0.4722694456577301,0.02786334360263715
SMAD4,cnv->rna,2.0,0.5392616391181946,0.0279900124606739
SNAI2,cnv->rna,-2.0,-0.21148082613945007,0.030664564310612676
SNAI2,cnv->rna,-1.5,-0.18678858876228333,0.0311125233810855
SNAI2,cnv->rna,-1.0,-0.14661641418933868,0.03168953553124422
SNAI2,cnv->rna,-0.5,-0.07917734980583191,0.0320349011518688
SNAI2,cnv->rna,0.0,-0.014157402329146862,0.031513414777923215
SNAI2,cnv->rna,0.5,0.0008834695909172297,0.03012448580239932
SNAI2,cnv->rna,1.0,0.04333994910120964,0.030289045042147415
SNAI2,cnv->rna,1.5,0.08194245398044586,0.03024508295886884
SNAI2,cnv->rna,2.0,0.11115626245737076,0.030107715614474045
STC2,cnv->rna,-2.0,-0.22668501734733582,0.026823010061708626
STC2,cnv->rna,-1.5,-0.18705466389656067,0.02713721081068519
STC2,cnv->rna,-1.0,-0.12044627219438553,0.027534689327173203
STC2,cnv->rna,-0.5,-0.007438903674483299,0.027731773360241217
STC2,cnv->rna,0.0,0.0858549252152443,0.02739535401920511
STC2,cnv->rna,0.5,0.13202491402626038,0.02744802701101355
STC2,cnv->rna,1.0,0.19756481051445007,0.028037513827278093
STC2,cnv->rna,1.5,0.25417548418045044,0.028505821597511576
STC2,cnv->rna,2.0,0.29830464720726013,0.0288147940578809
TBX3,cnv->rna,-2.0,-0.31027472019195557,0.024714109349627797
TBX3,cnv->rna,-1.5,-0.2559168338775635,0.02509633669326317
TBX3,cnv->rna,-1.0,-0.16081275045871735,0.025546187449651408
TBX3,cnv->rna,-0.5,0.005596821196377277,0.02559860763550802
TBX3,cnv->rna,0.0,0.13460135459899902,0.024953085072403368
TBX3,cnv->rna,0.5,0.22164413332939148,0.025363827183915836
TBX3,cnv->rna,1.0,0.3162011206150055,0.026039688640601744
TBX3,cnv->rna,1.5,0.398967444896698,0.026584951850189265
TBX3,cnv->rna,2.0,0.4643058180809021,0.026937722941713135
TFF3,cnv->rna,-2.0,-0.1532755196094513,0.03161698676115398
TFF3,cnv->rna,-1.5,-0.12501217424869537,0.032003557572565185
TFF3,cnv->rna,-1.0,-0.08006061613559723,0.032543167518023
TFF3,cnv->rna,-0.5,-0.010754937306046486,0.033024087254146475
TFF3,cnv->rna,0.0,0.05158418416976929,0.03280928719019548
TFF3,cnv->rna,0.5,0.07397128641605377,0.032734787891425164
TFF3,cnv->rna,1.0,0.11672310531139374,0.033311813117753816
TFF3,cnv->rna,1.5,0.1609565019607544,0.03377349562856003
TFF3,cnv->rna,2.0,0.19718651473522186,0.03406060473281936
TGFB1,cnv->rna,-2.0,-0.15424369275569916,0.026559747532664147
TGFB1,cnv->rna,-1.5,-0.12780572474002838,0.026923184420121257
TGFB1,cnv->rna,-1.0,-0.08568114042282104,0.027343448162698774
TGFB1,cnv->rna,-0.5,-0.015612255781888962,0.02748100947028075
TGFB1,cnv->rna,0.0,0.05613313615322113,0.027210433003526432
TGFB1,cnv->rna,0.5,0.10949008166790009,0.02591580936548174
TGFB1,cnv->rna,1.0,0.1494222730398178,0.02660899892667627
TGFB1,cnv->rna,1.5,0.18558627367019653,0.027175258106435604
TGFB1,cnv->rna,2.0,0.21285031735897064,0.027518202456262908
TMEM45B,cnv->rna,-2.0,-0.29232171177864075,0.02186188939959388
TMEM45B,cnv->rna,-1.5,-0.2632591724395752,0.022238391560164963
TMEM45B,cnv->rna,-1.0,-0.21356184780597687,0.02286069302484937
TMEM45B,cnv->rna,-0.5,-0.12665237486362457,0.0238209807915989
TMEM45B,cnv->rna,0.0,-0.02549758367240429,0.02403479360472077
TMEM45B,cnv->rna,0.5,0.01088238786906004,0.02448746227572725
TMEM45B,cnv->rna,1.0,0.05812889710068703,0.02532296851163214
TMEM45B,cnv->rna,1.5,0.10340429842472076,0.025997969120464832
TMEM45B,cnv->rna,2.0,0.13897830247879028,0.02646120115740683
TOP2A,cnv->rna,-2.0,-0.5355919599533081,0.029832545053353716
TOP2A,cnv->rna,-1.5,-0.4939720928668976,0.03082975338587869
TOP2A,cnv->rna,-1.0,-0.41305631399154663,0.03246830862457982
TOP2A,cnv->rna,-0.5,-0.2334119826555252,0.03493537652763909
TOP2A,cnv->rna,0.0,-0.030897583812475204,0.03588298694764901
TOP2A,cnv->rna,0.5,0.05967376381158829,0.034679475882260835
TOP2A,cnv->rna,1.0,0.2047450840473175,0.03647223185476999
TOP2A,cnv->rna,1.5,0.31586697697639465,0.03760155527010433
TOP2A,cnv->rna,2.0,0.3911522924900055,0.03821692418536829
TP53,cnv->rna,-2.0,-0.3641567528247833,0.015329413025689232
TP53,cnv->rna,-1.5,-0.3043971657752991,0.015774598858457712
TP53,cnv->rna,-1.0,-0.18687190115451813,0.016509553706383878
TP53,cnv->rna,-0.5,0.04688167944550514,0.017448225474571116
TP53,cnv->rna,0.0,0.2212524563074112,0.017497985749529377
TP53,cnv->rna,0.5,0.378125935792923,0.018322436083765013
TP53,cnv->rna,1.0,0.528013288974762,0.019743140152199953
TP53,cnv->rna,1.5,0.6449360251426697,0.02068464835957949
TP53,cnv->rna,2.0,0.7252750396728516,0.021224938265873256
TPX2,cnv->rna,-2.0,-0.34426552057266235,0.031820244925786945
TPX2,cnv->rna,-1.5,-0.3044067621231079,0.03248170734002681
TPX2,cnv->rna,-1.0,-0.23213158547878265,0.03345769086940634
TPX2,cnv->rna,-0.5,-0.09530109912157059,0.03462569795409397
TPX2,cnv->rna,0.0,0.018319647759199142,0.03487380738156022
TPX2,cnv->rna,0.5,0.07332862913608551,0.035082134741399706
TPX2,cnv->rna,1.0,0.1632164865732193,0.0360224966045494
TPX2,cnv->rna,1.5,0.23317840695381165,0.03659739695326568
TPX2,cnv->rna,2.0,0.28122183680534363,0.03690517512344877
TSPAN14,cnv->rna,-2.0,-0.5041004419326782,0.017013006952325865
TSPAN14,cnv->rna,-1.5,-0.4433318078517914,0.017363624834535872
TSPAN14,cnv->rna,-1.0,-0.3247453272342682,0.01800172122280552
TSPAN14,cnv->rna,-0.5,-0.07332516461610794,0.01930265193347604
TSPAN14,cnv->rna,0.0,0.17284691333770752,0.019466141106652162
TSPAN14,cnv->rna,0.5,0.41535675525665283,0.020047814911388167
TSPAN14,cnv->rna,1.0,0.6671037077903748,0.021250323470415635
TSPAN14,cnv->rna,1.5,0.8468616604804993,0.021806330932955933
TSPAN14,cnv->rna,2.0,0.9658194780349731,0.022010417255017307
TWIST1,cnv->rna,-2.0,-0.1691616028547287,0.02557322678968895
TWIST1,cnv->rna,-1.5,-0.15955492854118347,0.025913244256815328
TWIST1,cnv->rna,-1.0,-0.1442006528377533,0.02640667352883109
TWIST1,cnv->rna,-0.5,-0.11702001839876175,0.027038912882656398
TWIST1,cnv->rna,0.0,-0.07622185349464417,0.02722649925763756
TWIST1,cnv->rna,0.5,-0.0825764536857605,0.02650317784221888
TWIST1,cnv->rna,1.0,-0.06480316072702408,0.02668984016785887
TWIST1,cnv->rna,1.5,-0.04574015364050865,0.026909630969996854
TWIST1,cnv->rna,2.0,-0.030974561348557472,0.02706065637387543
TYMS,cnv->rna,-2.0,-0.44156700372695923,0.0238189234741978
TYMS,cnv->rna,-1.5,-0.38781216740608215,0.024678537808715997
TYMS,cnv->rna,-1.0,-0.2872670292854309,0.026066087248313094
TYMS,cnv->rna,-0.5,-0.09180666506290436,0.028054199020098872
TYMS,cnv->rna,0.0,0.07466349750757217,0.029427835414898705
TYMS,cnv->rna,0.5,0.2196141630411148,0.030217640436925364
TYMS,cnv->rna,1.0,0.3764239549636841,0.0324222914032618
TYMS,cnv->rna,1.5,0.49176809191703796,0.03386455153781355
TYMS,cnv->rna,2.0,0.5677993893623352,0.03469073228520223
UBE2C,cnv->rna,-2.0,-0.3120773136615753,0.03207663810689894
UBE2C,cnv->rna,-1.5,-0.2759917378425598,0.03270576097355944
UBE2C,cnv->rna,-1.0,-0.2123783528804779,0.03360023201836703
UBE2C,cnv->rna,-0.5,-0.09242436289787292,0.0346333605896684
UBE2C,cnv->rna,0.0,0.031271591782569885,0.03469279832004995
UBE2C,cnv->rna,0.5,0.09201249480247498,0.03470006867052671
UBE2C,cnv->rna,1.0,0.17967946827411652,0.0358796917528286
UBE2C,cnv->rna,1.5,0.24615506827831268,0.03654380209147772
UBE2C,cnv->rna,2.0,0.2915286421775818,0.03687495609475847
UBE2T,cnv->rna,-2.0,-0.2911115884780884,0.03089077333282083
UBE2T,cnv->rna,-1.5,-0.25216490030288696,0.03146111009823425
UBE2T,cnv->rna,-1.0,-0.18318337202072144,0.03229071898150421
UBE2T,cnv->rna,-0.5,-0.057727884501218796,0.03314687031035467
UBE2T,cnv->rna,0.0,0.043306902050971985,0.033722003850767894
UBE2T,cnv->rna,0.5,0.1086302250623703,0.03317364812699376
UBE2T,cnv->rna,1.0,0.16855114698410034,0.03399387703770617
UBE2T,cnv->rna,1.5,0.21930192410945892,0.03467494934810609
UBE2T,cnv->rna,2.0,0.25610849261283875,0.03509638776661495
VEGFA,cnv->rna,-2.0,-0.4718160927295685,0.01275138183435065
VEGFA,cnv->rna,-1.5,-0.4256760776042938,0.013013069774600323
VEGFA,cnv->rna,-1.0,-0.33275526762008667,0.013458264324815419
VEGFA,cnv->rna,-0.5,-0.1222711056470871,0.014343076438773772
VEGFA,cnv->rna,0.0,0.08868096023797989,0.014515677523024045
VEGFA,cnv->rna,0.5,0.31596609950065613,0.01560784718088599
VEGFA,cnv->rna,1.0,0.5365237593650818,0.01680623674638795
VEGFA,cnv->rna,1.5,0.7054433822631836,0.017573120332221748
VEGFA,cnv->rna,2.0,0.8232613801956177,0.018027628384463958
WIF1,cnv->rna,-2.0,-0.16615816950798035,0.02199768978295966
WIF1,cnv->rna,-1.5,-0.14989598095417023,0.02231273394489621
WIF1,cnv->rna,-1.0,-0.1211167722940445,0.022794976553543494
WIF1,cnv->rna,-0.5,-0.06294628232717514,0.023418779598407304
WIF1,cnv->rna,0.0,0.007957346737384796,0.02343287570958348
WIF1,cnv->rna,0.5,0.02771548368036747,0.023471493998087165
WIF1,cnv->rna,1.0,0.0723995566368103,0.02419335959992117
WIF1,cnv->rna,1.5,0.11054511368274689,0.024674322923277727
WIF1,cnv->rna,2.0,0.13973823189735413,0.02495549108766906
XRCC4,cnv->rna,-2.0,-0.4384728968143463,0.021221614739351354
XRCC4,cnv->rna,-1.5,-0.37908634543418884,0.021791844716043743
XRCC4,cnv->rna,-1.0,-0.2764151990413666,0.02265303472903757
XRCC4,cnv->rna,-0.5,-0.09978130459785461,0.02386524144742403
XRCC4,cnv->rna,0.0,0.048431023955345154,0.023664282509335725
XRCC4,cnv->rna,0.5,0.12030057609081268,0.02421750692704424
XRCC4,cnv->rna,1.0,0.23610670864582062,0.025576650566846923
XRCC4,cnv->rna,1.5,0.3397817015647888,0.026445871527534658
XRCC4,cnv->rna,2.0,0.41846928000450134,0.026897420006651136
ZEB1,cnv->rna,-2.0,-0.1638452261686325,0.03427150373941023
ZEB1,cnv->rna,-1.5,-0.14265522360801697,0.034365235904774506
ZEB1,cnv->rna,-1.0,-0.10892105102539062,0.03441739238787102
ZEB1,cnv->rna,-0.5,-0.054784346371889114,0.03413516941243929
ZEB1,cnv->rna,0.0,-0.010962524451315403,0.033400175336003354
ZEB1,cnv->rna,0.5,0.004956829361617565,0.033297329080203275
ZEB1,cnv->rna,1.0,0.038869403302669525,0.033599031190095836
ZEB1,cnv->rna,1.5,0.06695885211229324,0.033723437870736034
ZEB1,cnv->rna,2.0,0.08763081580400467,0.033749206642929463
ZEB2,cnv->rna,-2.0,-0.13643501698970795,0.032311527526573805
ZEB2,cnv->rna,-1.5,-0.11815094202756882,0.03240388451473459
ZEB2,cnv->rna,-1.0,-0.09032087028026581,0.03249908992857677
ZEB2,cnv->rna,-0.5,-0.04642980918288231,0.032420066275013364
ZEB2,cnv->rna,0.0,-0.0013072910951450467,0.03147026995526478
ZEB2,cnv->rna,0.5,0.0038304405752569437,0.03145923584721206
ZEB2,cnv->rna,1.0,0.035402171313762665,0.03183602350415978
ZEB2,cnv->rna,1.5,0.06149729713797569,0.031985553865943914
ZEB2,cnv->rna,2.0,0.08109769225120544,0.032018226855856285
ZNF703,cnv->rna,-2.0,-0.34915560483932495,0.024492880168798366
ZNF703,cnv->rna,-1.5,-0.3104332387447357,0.024886688640261535
ZNF703,cnv->rna,-1.0,-0.23811013996601105,0.02556292712651353
ZNF703,cnv->rna,-0.5,-0.09131046384572983,0.02669641966069141
ZNF703,cnv->rna,0.0,0.04956110194325447,0.027672616767512998
ZNF703,cnv->rna,0.5,0.15380270779132843,0.028024712256924218
ZNF703,cnv->rna,1.0,0.2917390763759613,0.02935642209223004
ZNF703,cnv->rna,1.5,0.40024906396865845,0.030362182239884163
ZNF703,cnv->rna,2.0,0.478704035282135,0.03100189462482003
FMOD,cnv->rna,-2.0,-0.22647713124752045,0.027391553212481046
FMOD,cnv->rna,-1.5,-0.20746898651123047,0.027738200297757996
FMOD,cnv->rna,-1.0,-0.1755351573228836,0.028166420889733198
FMOD,cnv->rna,-0.5,-0.1230248436331749,0.02822151733170056
FMOD,cnv->rna,0.0,-0.061401065438985825,0.027301430070015308
FMOD,cnv->rna,0.5,-0.038624368607997894,0.027120540873395986
FMOD,cnv->rna,1.0,0.009019462391734123,0.02706425885868901
FMOD,cnv->rna,1.5,0.05751494690775871,0.027095186179916762
FMOD,cnv->rna,2.0,0.09602129459381104,0.02711297630909597
AGR3,cnv->rna,-2.0,-0.16300815343856812,0.03400531214830317
AGR3,cnv->rna,-1.5,-0.13778850436210632,0.034447439246990674
AGR3,cnv->rna,-1.0,-0.09825088083744049,0.035101600799690616
AGR3,cnv->rna,-0.5,-0.03997364267706871,0.035812569593256086
AGR3,cnv->rna,0.0,-0.000951322028413415,0.035912053094024496
AGR3,cnv->rna,0.5,0.017777323722839355,0.0354152828605936
AGR3,cnv->rna,1.0,0.046911872923374176,0.035818122606749735
AGR3,cnv->rna,1.5,0.07545623928308487,0.03622862716784195
AGR3,cnv->rna,2.0,0.09841299057006836,0.036515967284436575
NDUFS6,cnv->rna,-2.0,-0.24817049503326416,0.02777466101822451
NDUFS6,cnv->rna,-1.5,-0.20752549171447754,0.028310367726960533
NDUFS6,cnv->rna,-1.0,-0.13998669385910034,0.02908887929689768
NDUFS6,cnv->rna,-0.5,-0.026949133723974228,0.030180384249455246
NDUFS6,cnv->rna,0.0,0.08952831476926804,0.030397823520368884
NDUFS6,cnv->rna,0.5,0.147109717130661,0.03064161999112245
NDUFS6,cnv->rna,1.0,0.22486130893230438,0.03198837831864712
NDUFS6,cnv->rna,1.5,0.2823769152164459,0.032706523750138244
NDUFS6,cnv->rna,2.0,0.3216266334056854,0.03302511155412372
COL1A2,cnv->rna,-2.0,-0.15165521204471588,0.03564554549547765
COL1A2,cnv->rna,-1.5,-0.1320921778678894,0.035863220137449886
COL1A2,cnv->rna,-1.0,-0.10195347666740417,0.03607154749728938
COL1A2,cnv->rna,-0.5,-0.05685536935925484,0.036015520467895884
COL1A2,cnv->rna,0.0,-0.015112618915736675,0.03553882433465728
COL1A2,cnv->rna,0.5,0.005137073807418346,0.03541071055984413
COL1A2,cnv->rna,1.0,0.023551030084490776,0.036030091679912564
COL1A2,cnv->rna,1.5,0.040819939225912094,0.036346347566928575
COL1A2,cnv->rna,2.0,0.05424146726727486,0.036478059467832
MARCKS,cnv->rna,-2.0,-0.36053237318992615,0.01905955503781331
MARCKS,cnv->rna,-1.5,-0.32062119245529175,0.019561387928365766
MARCKS,cnv->rna,-1.0,-0.25218909978866577,0.020317526171565962
MARCKS,cnv->rna,-0.5,-0.12618260085582733,0.021245016724788856
MARCKS,cnv->rna,0.0,0.012239922769367695,0.0203667862830247
MARCKS,cnv->rna,0.5,0.08972913771867752,0.02035563448944268
MARCKS,cnv->rna,1.0,0.18222592771053314,0.021385108271250786
MARCKS,cnv->rna,1.5,0.26075100898742676,0.02198077357780359
MARCKS,cnv->rna,2.0,0.31943047046661377,0.02227647590506349
VIM,cnv->rna,-2.0,-0.09285520017147064,0.02750758024756274
VIM,cnv->rna,-1.5,-0.08088473230600357,0.0277872642666679
VIM,cnv->rna,-1.0,-0.062331706285476685,0.028199673589845455
VIM,cnv->rna,-0.5,-0.03127285838127136,0.028769432824420644
VIM,cnv->rna,0.0,0.007283695042133331,0.028406438347379236
VIM,cnv->rna,0.5,-0.010847409255802631,0.028440839571083
VIM,cnv->rna,1.0,-0.0001246049505425617,0.02898781140020703
VIM,cnv->rna,1.5,0.014430748298764229,0.02932586090376011
VIM,cnv->rna,2.0,0.02673340030014515,0.0295159644414513
A2M,cnv->rna,-2.0,-0.19036799669265747,0.027083971184846786
A2M,cnv->rna,-1.5,-0.16504085063934326,0.02744669106231983
A2M,cnv->rna,-1.0,-0.12281724810600281,0.02793966920647327
A2M,cnv->rna,-0.5,-0.051752906292676926,0.028206192060551694
A2M,cnv->rna,0.0,0.005940651521086693,0.027134486608618058
A2M,cnv->rna,0.5,0.013738199137151241,0.027142386794612745
A2M,cnv->rna,1.0,0.055584460496902466,0.027523299983170928
A2M,cnv->rna,1.5,0.08929616957902908,0.027574419090120275
A2M,cnv->rna,2.0,0.11294897645711899,0.02749055943304729
ECM1,cnv->rna,-2.0,-0.36990487575531006,0.02239398708543136
ECM1,cnv->rna,-1.5,-0.3341267704963684,0.02285626674133069
ECM1,cnv->rna,-1.0,-0.27143776416778564,0.023523731117564863
ECM1,cnv->rna,-0.5,-0.16088561713695526,0.024121617193642794
ECM1,cnv->rna,0.0,-0.03874502703547478,0.024267189834663794
ECM1,cnv->rna,0.5,0.00132293242495507,0.02449515106364153
ECM1,cnv->rna,1.0,0.05370192229747772,0.024496674437437468
ECM1,cnv->rna,1.5,0.10189217329025269,0.024566045698236613
ECM1,cnv->rna,2.0,0.1391984522342682,0.02457893880177994
SLPI,cnv->rna,-2.0,-0.17014098167419434,0.022087050148846602
SLPI,cnv->rna,-1.5,-0.14816990494728088,0.022627098145996803
SLPI,cnv->rna,-1.0,-0.10926394909620285,0.023469565263023635
SLPI,cnv->rna,-0.5,-0.032374490052461624,0.024617892711978295
SLPI,cnv->rna,0.0,0.044658251106739044,0.023956262486891096
SLPI,cnv->rna,0.5,0.06639716774225235,0.024930670337794992
SLPI,cnv->rna,1.0,0.11172885447740555,0.02645345134736625
SLPI,cnv->rna,1.5,0.15405809879302979,0.02726103996048716
SLPI,cnv->rna,2.0,0.18807780742645264,0.02767115441584336
ELN,cnv->rna,-2.0,-0.0999658852815628,0.02706443102825965
ELN,cnv->rna,-1.5,-0.08530975878238678,0.027194022410274018
ELN,cnv->rna,-1.0,-0.06363721936941147,0.02737397884010555
ELN,cnv->rna,-0.5,-0.030707253143191338,0.027555792086066046
ELN,cnv->rna,0.0,0.011079581454396248,0.027797502907717014
ELN,cnv->rna,0.5,0.012072574347257614,0.026994628253853074
ELN,cnv->rna,1.0,0.030900320038199425,0.028016544009446125
ELN,cnv->rna,1.5,0.04680069908499718,0.028833739248736574
ELN,cnv->rna,2.0,0.058776676654815674,0.029411551224622207
CTSS,cnv->rna,-2.0,-0.3382951319217682,0.030054384455446188
CTSS,cnv->rna,-1.5,-0.29464852809906006,0.030929419953026012
CTSS,cnv->rna,-1.0,-0.2203957885503769,0.03209813968897441
CTSS,cnv->rna,-0.5,-0.09842115640640259,0.03294955526495136
CTSS,cnv->rna,0.0,-0.014837813563644886,0.03168424622051068
CTSS,cnv->rna,0.5,0.015961673110723495,0.03159388770698634
CTSS,cnv->rna,1.0,0.057146407663822174,0.032979044207487665
CTSS,cnv->rna,1.5,0.08823751658201218,0.03373017209824599
CTSS,cnv->rna,2.0,0.11037254333496094,0.03407308375764849
APOD,cnv->rna,-2.0,-0.18112938106060028,0.024523528531734444
APOD,cnv->rna,-1.5,-0.1648799031972885,0.02487484598903529
APOD,cnv->rna,-1.0,-0.1382955014705658,0.025343206063948465
APOD,cnv->rna,-0.5,-0.09191935509443283,0.025532444395063133
APOD,cnv->rna,0.0,-0.030107589438557625,0.024301231463694697
APOD,cnv->rna,0.5,-0.03154408931732178,0.02485233972123746
APOD,cnv->rna,1.0,0.004954556003212929,0.025355225243468657
APOD,cnv->rna,1.5,0.045881327241659164,0.025452723345770537
APOD,cnv->rna,2.0,0.07964223623275757,0.025359551276351266
PABPC1,cnv->rna,-2.0,-0.4644135534763336,0.01656672163160309
PABPC1,cnv->rna,-1.5,-0.4277302622795105,0.017182902359083062
PABPC1,cnv->rna,-1.0,-0.35619276762008667,0.018292746639956566
PABPC1,cnv->rna,-0.5,-0.19981127977371216,0.020327817117294766
PABPC1,cnv->rna,0.0,-0.030171658843755722,0.021771792409467985
PABPC1,cnv->rna,0.5,0.037991318851709366,0.021741285705039397
PABPC1,cnv->rna,1.0,0.16635428369045258,0.02382766707315247
PABPC1,cnv->rna,1.5,0.27114295959472656,0.02516310361688613
PABPC1,cnv->rna,2.0,0.344107061624527,0.025878729706305573
CPXM1,cnv->rna,-2.0,-0.1395099014043808,0.029418405317023114
CPXM1,cnv->rna,-1.5,-0.11815355718135834,0.02975498811018325
CPXM1,cnv->rna,-1.0,-0.08539577573537827,0.03016679810890604
CPXM1,cnv->rna,-0.5,-0.03342049941420555,0.03047472883440489
CPXM1,cnv->rna,0.0,0.035360585898160934,0.02982555801989193
CPXM1,cnv->rna,0.5,0.05942467227578163,0.029212939459034942
CPXM1,cnv->rna,1.0,0.09989743679761887,0.029685172259606752
CPXM1,cnv->rna,1.5,0.13418740034103394,0.029965930704007188
CPXM1,cnv->rna,2.0,0.15979783236980438,0.030111224386736513
PIP,cnv->rna,-2.0,-0.11705578118562698,0.02697740475870383
PIP,cnv->rna,-1.5,-0.09997490048408508,0.027337873355588592
PIP,cnv->rna,-1.0,-0.07455355674028397,0.027861724336928448
PIP,cnv->rna,-0.5,-0.03963450714945793,0.02828866128488961
PIP,cnv->rna,0.0,0.0019587986171245575,0.027701353830278778
PIP,cnv->rna,0.5,0.003412840887904167,0.027992538340830545
PIP,cnv->rna,1.0,0.023528477177023888,0.028721580580590204
PIP,cnv->rna,1.5,0.04535746946930885,0.029158976285127508
PIP,cnv->rna,2.0,0.06282897293567657,0.02937351918440337
RGS1,cnv->rna,-2.0,-0.24541474878787994,0.02049617280504362
RGS1,cnv->rna,-1.5,-0.20791633427143097,0.02113535124637433
RGS1,cnv->rna,-1.0,-0.14689163863658905,0.022036207820827273
RGS1,cnv->rna,-0.5,-0.056076690554618835,0.022657310636602142
RGS1,cnv->rna,0.0,-0.0007520263898186386,0.020598522166386652
RGS1,cnv->rna,0.5,0.02207252010703087,0.02009437043503465
RGS1,cnv->rna,1.0,0.04749606177210808,0.020881002306493514
RGS1,cnv->rna,1.5,0.06932023912668228,0.02118155589279457
RGS1,cnv->rna,2.0,0.08597972989082336,0.021205395929924466
HOXB2,cnv->rna,-2.0,-0.3801713287830353,0.02178190682690284
HOXB2,cnv->rna,-1.5,-0.34891918301582336,0.02262477494647395
HOXB2,cnv->rna,-1.0,-0.28545907139778137,0.024164049365040467
HOXB2,cnv->rna,-0.5,-0.13550640642642975,0.026925936953889888
HOXB2,cnv->rna,0.0,0.04353121295571327,0.027855820446208556
HOXB2,cnv->rna,0.5,0.16212067008018494,0.029017117276364426
HOXB2,cnv->rna,1.0,0.33768728375434875,0.03033373067349502
HOXB2,cnv->rna,1.5,0.48516845703125,0.03068278813276097
HOXB2,cnv->rna,2.0,0.59284907579422,0.03064296683662444
MT1E,cnv->rna,-2.0,-0.33316105604171753,0.019562658496209875
MT1E,cnv->rna,-1.5,-0.2956852316856384,0.02028725701755763
MT1E,cnv->rna,-1.0,-0.22663995623588562,0.021453121789739668
MT1E,cnv->rna,-0.5,-0.08900308609008789,0.023051955982940336
MT1E,cnv->rna,0.0,0.06258532404899597,0.023413239661083583
MT1E,cnv->rna,0.5,0.14607641100883484,0.02491251843458127
MT1E,cnv->rna,1.0,0.2672097086906433,0.026759037079725715
MT1E,cnv->rna,1.5,0.3735385537147522,0.027790698940634143
MT1E,cnv->rna,2.0,0.45516812801361084,0.028283548502450018
TRPS1,cnv->rna,-2.0,-0.47131919860839844,0.024527684574408064
TRPS1,cnv->rna,-1.5,-0.42080724239349365,0.02500642494887784
TRPS1,cnv->rna,-1.0,-0.3249855935573578,0.025739985005345634
TRPS1,cnv->rna,-0.5,-0.12837821245193481,0.02653447347556611
TRPS1,cnv->rna,0.0,0.06485172361135483,0.027028327723104345
TRPS1,cnv->rna,0.5,0.18237043917179108,0.026420658492562924
TRPS1,cnv->rna,1.0,0.33645737171173096,0.02734029026766255
TRPS1,cnv->rna,1.5,0.44410771131515503,0.027989140716012415
TRPS1,cnv->rna,2.0,0.5126820206642151,0.028315419487273827
TSPYL5,cnv->rna,-2.0,-0.39758366346359253,0.01826542180354239
TSPYL5,cnv->rna,-1.5,-0.3553515672683716,0.018988788985555796
TSPYL5,cnv->rna,-1.0,-0.27268004417419434,0.020133734065223906
TSPYL5,cnv->rna,-0.5,-0.0918315201997757,0.021551469843086497
TSPYL5,cnv->rna,0.0,0.08525825291872025,0.02149112767761866
TSPYL5,cnv->rna,0.5,0.22789710760116577,0.02197163769375125
TSPYL5,cnv->rna,1.0,0.43200063705444336,0.023363776868991052
TSPYL5,cnv->rna,1.5,0.5755185484886169,0.023849033534805414
TSPYL5,cnv->rna,2.0,0.6620169878005981,0.023871607362814507
NID1,cnv->rna,-2.0,-0.25104835629463196,0.03404509857465324
NID1,cnv->rna,-1.5,-0.22565072774887085,0.034304037250176764
NID1,cnv->rna,-1.0,-0.18512913584709167,0.03458180561038831
NID1,cnv->rna,-0.5,-0.12011425197124481,0.03461081727272246
NID1,cnv->rna,0.0,-0.061740096658468246,0.034072887615099655
NID1,cnv->rna,0.5,-0.05223394185304642,0.0338498800751608
NID1,cnv->rna,1.0,-0.036027248948812485,0.03362315018551741
NID1,cnv->rna,1.5,-0.016251100227236748,0.033351488396659544
NID1,cnv->rna,2.0,0.0009148184908553958,0.03311504727148724
WASL,cnv->rna,-2.0,-0.4755525588989258,0.026268478027007883
WASL,cnv->rna,-1.5,-0.4182014763355255,0.02675416838579133
WASL,cnv->rna,-1.0,-0.30984053015708923,0.027533813223788412
WASL,cnv->rna,-0.5,-0.0918349176645279,0.028429467661973958
WASL,cnv->rna,0.0,0.04335140809416771,0.027613037378623962
WASL,cnv->rna,0.5,0.1560574322938919,0.028784394142173344
WASL,cnv->rna,1.0,0.28553298115730286,0.02992957459290005
WASL,cnv->rna,1.5,0.3803996443748474,0.030767593632791666
WASL,cnv->rna,2.0,0.4473285377025604,0.031334741992105716
COL14A1,cnv->rna,-2.0,-0.03435678407549858,0.03145012829486122
COL14A1,cnv->rna,-1.5,-0.028122806921601295,0.03143823987704025
COL14A1,cnv->rna,-1.0,-0.02135954611003399,0.03137987003386902
COL14A1,cnv->rna,-0.5,-0.015470647253096104,0.03103184777138858
COL14A1,cnv->rna,0.0,0.016431650146842003,0.030363413579218505
COL14A1,cnv->rna,0.5,0.017052726820111275,0.02928375345724884
COL14A1,cnv->rna,1.0,0.051311273127794266,0.02940896432233926
COL14A1,cnv->rna,1.5,0.08040600270032883,0.029560320989189197
COL14A1,cnv->rna,2.0,0.10122594237327576,0.029659353362095287
TP53INP1,cnv->rna,-2.0,-0.4679967761039734,0.02657763355375612
TP53INP1,cnv->rna,-1.5,-0.42717424035072327,0.0272416044132594
TP53INP1,cnv->rna,-1.0,-0.34726452827453613,0.028344228468974175
TP53INP1,cnv->rna,-0.5,-0.17105866968631744,0.02985747041258716
TP53INP1,cnv->rna,0.0,0.029160166159272194,0.030313325310331363
TP53INP1,cnv->rna,0.5,0.16215521097183228,0.030442907974899115
TP53INP1,cnv->rna,1.0,0.3319169878959656,0.03213185441375725
TP53INP1,cnv->rna,1.5,0.449952632188797,0.03298848738153318
TP53INP1,cnv->rna,2.0,0.5246025919914246,0.033188655211341185
ENPP2,cnv->rna,-2.0,-0.0839579626917839,0.03002179863999996
ENPP2,cnv->rna,-1.5,-0.06687239557504654,0.03006031231914427
ENPP2,cnv->rna,-1.0,-0.038545504212379456,0.030080116178491503
ENPP2,cnv->rna,-0.5,0.013563373126089573,0.029845638658169187
ENPP2,cnv->rna,0.0,0.08498295396566391,0.028582994973030986
ENPP2,cnv->rna,0.5,0.09736475348472595,0.028760726274614085
ENPP2,cnv->rna,1.0,0.14849205315113068,0.029082918742774796
ENPP2,cnv->rna,1.5,0.18895323574543,0.029184023688613562
ENPP2,cnv->rna,2.0,0.21707655489444733,0.029181580624199756
SYNGR2,cnv->rna,-2.0,-0.3527117371559143,0.021461370673598948
SYNGR2,cnv->rna,-1.5,-0.30050039291381836,0.021857901167767597
SYNGR2,cnv->rna,-1.0,-0.20829425752162933,0.022422517108840037
SYNGR2,cnv->rna,-0.5,-0.0425444021821022,0.02305444045522556
SYNGR2,cnv->rna,0.0,0.08923649042844772,0.02304992481787908
SYNGR2,cnv->rna,0.5,0.19662430882453918,0.023294800072651233
SYNGR2,cnv->rna,1.0,0.31485816836357117,0.02501728470799826
SYNGR2,cnv->rna,1.5,0.4136161208152771,0.026124071344471617
SYNGR2,cnv->rna,2.0,0.4880686104297638,0.026692895632897364
C1orf115,cnv->rna,-2.0,-0.1811748594045639,0.021623127254260376
C1orf115,cnv->rna,-1.5,-0.15097945928573608,0.021661649650851298
C1orf115,cnv->rna,-1.0,-0.10220667719841003,0.021543846436021828
C1orf115,cnv->rna,-0.5,-0.023243138566613197,0.020812348055678442
C1orf115,cnv->rna,0.0,0.04473545029759407,0.019333367856623384
C1orf115,cnv->rna,0.5,0.11891244351863861,0.019825262858034935
C1orf115,cnv->rna,1.0,0.1681525558233261,0.01961476921271166
C1orf115,cnv->rna,1.5,0.20862628519535065,0.019398264887947464
C1orf115,cnv->rna,2.0,0.2403198480606079,0.019183188045066444
PLTP,cnv->rna,-2.0,-0.20432430505752563,0.023884746734224707
PLTP,cnv->rna,-1.5,-0.1831940859556198,0.024538437544807452
PLTP,cnv->rna,-1.0,-0.15002098679542542,0.02550582785118641
PLTP,cnv->rna,-0.5,-0.09460093080997467,0.026688475887463647
PLTP,cnv->rna,0.0,-0.01267574168741703,0.026166998230964682
PLTP,cnv->rna,0.5,0.007243865169584751,0.025766113372211925
PLTP,cnv->rna,1.0,0.05817278102040291,0.026821604373441985
PLTP,cnv->rna,1.5,0.10438640415668488,0.027399311739968242
PLTP,cnv->rna,2.0,0.13979241251945496,0.027665597043626408
PRRX1,cnv->rna,-2.0,-0.20747379958629608,0.034967066625445645
PRRX1,cnv->rna,-1.5,-0.1919950544834137,0.03518801902734506
PRRX1,cnv->rna,-1.0,-0.16965657472610474,0.03542774227116784
PRRX1,cnv->rna,-0.5,-0.13913613557815552,0.035506471710908004
PRRX1,cnv->rna,0.0,-0.09770467132329941,0.03480399588970703
PRRX1,cnv->rna,0.5,-0.10990424454212189,0.03456819985558422
PRRX1,cnv->rna,1.0,-0.1067776158452034,0.03395381165306442
PRRX1,cnv->rna,1.5,-0.09542401880025864,0.03353189813371505
PRRX1,cnv->rna,2.0,-0.08385585993528366,0.0332636252522287
LRP5,cnv->rna,-2.0,-0.4341989755630493,0.017643230396621495
LRP5,cnv->rna,-1.5,-0.38471561670303345,0.017965204928616835
LRP5,cnv->rna,-1.0,-0.2902182638645172,0.0184613856447204
LRP5,cnv->rna,-0.5,-0.09483499825000763,0.018968538357069555
LRP5,cnv->rna,0.0,0.07770759612321854,0.018811609062471087
LRP5,cnv->rna,0.5,0.16442878544330597,0.019173204389330813
LRP5,cnv->rna,1.0,0.28968775272369385,0.020245724922522936
LRP5,cnv->rna,1.5,0.40155667066574097,0.020970458564293217
LRP5,cnv->rna,2.0,0.4893064498901367,0.021383151204485758
S100A16,cnv->rna,-2.0,-0.30208539962768555,0.02545075538219724
S100A16,cnv->rna,-1.5,-0.2590738832950592,0.02626266566947745
S100A16,cnv->rna,-1.0,-0.18901173770427704,0.02734551637690814
S100A16,cnv->rna,-0.5,-0.08134668320417404,0.028226976632643095
S100A16,cnv->rna,0.0,0.01543215662240982,0.028395223352309262
S100A16,cnv->rna,0.5,0.07337304949760437,0.028547593422328175
S100A16,cnv->rna,1.0,0.1267896592617035,0.028920048508308323
S100A16,cnv->rna,1.5,0.17747817933559418,0.02907639591334525
S100A16,cnv->rna,2.0,0.21758967638015747,0.029075938247397973
IFI16,cnv->rna,-2.0,-0.259276419878006,0.029263165027706272
IFI16,cnv->rna,-1.5,-0.23367805778980255,0.02964085711974028
IFI16,cnv->rna,-1.0,-0.1915956735610962,0.030165643047229573
IFI16,cnv->rna,-0.5,-0.12326541543006897,0.030588083972099143
IFI16,cnv->rna,0.0,-0.06527140736579895,0.029419887282947636
IFI16,cnv->rna,0.5,-0.08016060292720795,0.02945068602183782
IFI16,cnv->rna,1.0,-0.06395484507083893,0.029680066015252117
IFI16,cnv->rna,1.5,-0.04857833310961723,0.029675277957698924
IFI16,cnv->rna,2.0,-0.036553435027599335,0.029599120164710137
CHAD,cnv->rna,-2.0,-0.23260964453220367,0.02588724229292495
CHAD,cnv->rna,-1.5,-0.20691607892513275,0.026462179690789348
CHAD,cnv->rna,-1.0,-0.15926849842071533,0.027476064498688488
CHAD,cnv->rna,-0.5,-0.05745233595371246,0.029260155329262502
CHAD,cnv->rna,0.0,0.06639496982097626,0.030556766545135377
CHAD,cnv->rna,0.5,0.1584862917661667,0.03101488579963778
CHAD,cnv->rna,1.0,0.2775208652019501,0.032772785061857546
CHAD,cnv->rna,1.5,0.36955323815345764,0.03401422573746683
CHAD,cnv->rna,2.0,0.43590134382247925,0.03480176204401198
EIF3K,cnv->rna,-2.0,-0.2674770951271057,0.01904829645551026
EIF3K,cnv->rna,-1.5,-0.227350115776062,0.019527049906149962
EIF3K,cnv->rna,-1.0,-0.15653061866760254,0.020318707385582273
EIF3K,cnv->rna,-0.5,-0.023003341630101204,0.021676068307552223
EIF3K,cnv->rna,0.0,0.11377224326133728,0.02201856152951721
EIF3K,cnv->rna,0.5,0.23215672373771667,0.023258657538986156
EIF3K,cnv->rna,1.0,0.3589974343776703,0.024786773625885692
EIF3K,cnv->rna,1.5,0.4601230025291443,0.02557591394260797
EIF3K,cnv->rna,2.0,0.5343292355537415,0.02594561867418114
IGFBP4,cnv->rna,-2.0,-0.3285515010356903,0.026581081303892282
IGFBP4,cnv->rna,-1.5,-0.29392698407173157,0.02688168937423468
IGFBP4,cnv->rna,-1.0,-0.23052598536014557,0.027306468754158677
IGFBP4,cnv->rna,-0.5,-0.10900403559207916,0.02769947957925659
IGFBP4,cnv->rna,0.0,0.00759764201939106,0.027713804523406403
IGFBP4,cnv->rna,0.5,0.0413430891931057,0.027424971544078986
IGFBP4,cnv->rna,1.0,0.10663140565156937,0.02822279879635294
IGFBP4,cnv->rna,1.5,0.166026309132576,0.028720157457430333
IGFBP4,cnv->rna,2.0,0.21269464492797852,0.02899550672620627
TPD52,cnv->rna,-2.0,-0.4744381010532379,0.02264046417101899
TPD52,cnv->rna,-1.5,-0.4294236898422241,0.023330820562063696
TPD52,cnv->rna,-1.0,-0.3453650176525116,0.024370336842372085
TPD52,cnv->rna,-0.5,-0.1730024367570877,0.025514952838430482
TPD52,cnv->rna,0.0,0.014239422976970673,0.025587041763211797
TPD52,cnv->rna,0.5,0.08697253465652466,0.02512729234619242
TPD52,cnv->rna,1.0,0.2296457290649414,0.026618633884547306
TPD52,cnv->rna,1.5,0.34658169746398926,0.02760996665805389
TPD52,cnv->rna,2.0,0.4272964894771576,0.028095181915996827
ANXA9,cnv->rna,-2.0,-0.3115858733654022,0.02737419459690927
ANXA9,cnv->rna,-1.5,-0.26593834161758423,0.02766911235397384
ANXA9,cnv->rna,-1.0,-0.18574342131614685,0.02803521895945674
ANXA9,cnv->rna,-0.5,-0.044336024671792984,0.028250801414241418
ANXA9,cnv->rna,0.0,0.04177888482809067,0.028686961420721073
ANXA9,cnv->rna,0.5,0.13704226911067963,0.027960421088139866
ANXA9,cnv->rna,1.0,0.2131349891424179,0.02832025984950671
ANXA9,cnv->rna,1.5,0.27349331974983215,0.028848027143738273
ANXA9,cnv->rna,2.0,0.31891322135925293,0.029210298072710653
FABP4,cnv->rna,-2.0,-0.0570322647690773,0.0294602577782209
FABP4,cnv->rna,-1.5,-0.049040425568819046,0.029619625778509868
FABP4,cnv->rna,-1.0,-0.03633362054824829,0.029831453193165207
FABP4,cnv->rna,-0.5,-0.013989817351102829,0.029829546251718214
FABP4,cnv->rna,0.0,0.01635127328336239,0.028263703235231363
FABP4,cnv->rna,0.5,-0.0047544874250888824,0.028589533057992108
FABP4,cnv->rna,1.0,0.006562875583767891,0.028952150505467424
FABP4,cnv->rna,1.5,0.020979996770620346,0.02909193476193618
FABP4,cnv->rna,2.0,0.032786834985017776,0.029104261231449546
KRT19,cnv->rna,-2.0,-0.2610635459423065,0.02450510638767566
KRT19,cnv->rna,-1.5,-0.22493065893650055,0.02492576677407415
KRT19,cnv->rna,-1.0,-0.15836606919765472,0.02551375201015929
KRT19,cnv->rna,-0.5,-0.02899002470076084,0.02605220253521733
KRT19,cnv->rna,0.0,0.07175512611865997,0.026080556030332054
KRT19,cnv->rna,0.5,0.13733476400375366,0.026209495783211963
KRT19,cnv->rna,1.0,0.22114652395248413,0.027254780833817712
KRT19,cnv->rna,1.5,0.2958901822566986,0.027938479275010347
KRT19,cnv->rna,2.0,0.3525620400905609,0.02828532032347448
PLEKHF2,cnv->rna,-2.0,-0.4370589554309845,0.028108547941019014
PLEKHF2,cnv->rna,-1.5,-0.3942028284072876,0.028643613917428843
PLEKHF2,cnv->rna,-1.0,-0.3150913715362549,0.029381726660391228
PLEKHF2,cnv->rna,-0.5,-0.15488001704216003,0.02994943075692697
PLEKHF2,cnv->rna,0.0,0.010472486726939678,0.029773253340202966
PLEKHF2,cnv->rna,0.5,0.11341039836406708,0.029385050186913134
PLEKHF2,cnv->rna,1.0,0.23170635104179382,0.03125501440472816
PLEKHF2,cnv->rna,1.5,0.31356972455978394,0.03248073970345256
PLEKHF2,cnv->rna,2.0,0.36709994077682495,0.033018917808303884
GIMAP4,cnv->rna,-2.0,-0.1091540977358818,0.03347820302129102
GIMAP4,cnv->rna,-1.5,-0.08669142425060272,0.033803189431091785
GIMAP4,cnv->rna,-1.0,-0.05009915307164192,0.03422411134088872
GIMAP4,cnv->rna,-0.5,0.008833542466163635,0.03436517052392489
GIMAP4,cnv->rna,0.0,0.056086521595716476,0.03262147416160233
GIMAP4,cnv->rna,0.5,0.04190542921423912,0.032655847053604595
GIMAP4,cnv->rna,1.0,0.05633719265460968,0.033486889956842694
GIMAP4,cnv->rna,1.5,0.06808079034090042,0.033833005277876145
GIMAP4,cnv->rna,2.0,0.0755029246211052,0.033933035798419636
RAB25,cnv->rna,-2.0,-0.29736557602882385,0.022601828447622072
RAB25,cnv->rna,-1.5,-0.24831967055797577,0.022958199844597866
RAB25,cnv->rna,-1.0,-0.1638369858264923,0.023420359635606243
RAB25,cnv->rna,-0.5,-0.02178221382200718,0.02370382484718058
RAB25,cnv->rna,0.0,0.07026290893554688,0.02387764637395693
RAB25,cnv->rna,0.5,0.15300926566123962,0.02413862493198832
RAB25,cnv->rna,1.0,0.20395644009113312,0.024903709454776983
RAB25,cnv->rna,1.5,0.24482665956020355,0.025443079670452885
RAB25,cnv->rna,2.0,0.27715572714805603,0.025792217766100026
FXYD5,cnv->rna,-2.0,-0.3396512269973755,0.021071358650136537
FXYD5,cnv->rna,-1.5,-0.3061562180519104,0.021928067895570343
FXYD5,cnv->rna,-1.0,-0.2449873834848404,0.023310955680590162
FXYD5,cnv->rna,-0.5,-0.1273159235715866,0.02529793200495436
FXYD5,cnv->rna,0.0,0.010408683679997921,0.026258941140411263
FXYD5,cnv->rna,0.5,0.09546877443790436,0.02775776224796167
FXYD5,cnv->rna,1.0,0.2117348313331604,0.029856949545151924
FXYD5,cnv->rna,1.5,0.3058164417743683,0.031008517704885646
FXYD5,cnv->rna,2.0,0.3733031749725342,0.03158932630304513
RGS2,cnv->rna,-2.0,-0.19462548196315765,0.02333400243007811
RGS2,cnv->rna,-1.5,-0.16671720147132874,0.02367603798609582
RGS2,cnv->rna,-1.0,-0.12324295192956924,0.024042290608809518
RGS2,cnv->rna,-0.5,-0.05687535181641579,0.023998675044033885
RGS2,cnv->rna,0.0,0.0032063040416687727,0.022569216479836004
RGS2,cnv->rna,0.5,0.029502231627702713,0.0233057470062378
RGS2,cnv->rna,1.0,0.06938198208808899,0.02374724862813069
RGS2,cnv->rna,1.5,0.10593211650848389,0.023857288956749656
RGS2,cnv->rna,2.0,0.1339789479970932,0.02385980829882134
KAT2A,cnv->rna,-2.0,-0.3936152458190918,0.019881788961247128
KAT2A,cnv->rna,-1.5,-0.344638466835022,0.020347625335365306
KAT2A,cnv->rna,-1.0,-0.2534131407737732,0.021088089609552045
KAT2A,cnv->rna,-0.5,-0.06812587380409241,0.022210718025886193
KAT2A,cnv->rna,0.0,0.1436377912759781,0.022831145239548413
KAT2A,cnv->rna,0.5,0.33401888608932495,0.022964062327446338
KAT2A,cnv->rna,1.0,0.5431041121482849,0.02432650987951604
KAT2A,cnv->rna,1.5,0.6903833150863647,0.025082523899101976
KAT2A,cnv->rna,2.0,0.7879977226257324,0.02546144950983198
PLOD2,cnv->rna,-2.0,-0.36892300844192505,0.02209743262776486
PLOD2,cnv->rna,-1.5,-0.3317142724990845,0.022748717423081915
PLOD2,cnv->rna,-1.0,-0.26978281140327454,0.023748615087887563
PLOD2,cnv->rna,-0.5,-0.16167759895324707,0.025147719502972614
PLOD2,cnv->rna,0.0,-0.0636049136519432,0.02483505302460026
PLOD2,cnv->rna,0.5,-0.00952791515737772,0.0256448667659696
PLOD2,cnv->rna,1.0,0.049495093524456024,0.027199780283763113
PLOD2,cnv->rna,1.5,0.09978338330984116,0.028184363574228165
PLOD2,cnv->rna,2.0,0.1382196694612503,0.028745797647286193
FSCN1,cnv->rna,-2.0,-0.22819340229034424,0.02489245305183559
FSCN1,cnv->rna,-1.5,-0.20217283070087433,0.025445631702949376
FSCN1,cnv->rna,-1.0,-0.16243690252304077,0.026229870635312468
FSCN1,cnv->rna,-0.5,-0.09984809160232544,0.02725656791037375
FSCN1,cnv->rna,0.0,-0.02335759997367859,0.026820492898998592
FSCN1,cnv->rna,0.5,0.015469849109649658,0.02728401261167888
FSCN1,cnv->rna,1.0,0.06698932498693466,0.028649783690270488
FSCN1,cnv->rna,1.5,0.11334400624036789,0.02937020437532808
FSCN1,cnv->rna,2.0,0.1493099480867386,0.029738010882900876
SQLE,cnv->rna,-2.0,-0.48993104696273804,0.018376974609149027
SQLE,cnv->rna,-1.5,-0.44414022564888,0.019022734722673934
SQLE,cnv->rna,-1.0,-0.3574894368648529,0.020060137022178227
SQLE,cnv->rna,-0.5,-0.17466790974140167,0.02141373636593388
SQLE,cnv->rna,0.0,0.03844168037176132,0.022533429182120486
SQLE,cnv->rna,0.5,0.1760571300983429,0.022764655094855472
SQLE,cnv->rna,1.0,0.3831813931465149,0.02494259798412573
SQLE,cnv->rna,1.5,0.5407618284225464,0.026458010571945807
SQLE,cnv->rna,2.0,0.641105592250824,0.02722283575069768
GIMAP7,cnv->rna,-2.0,-0.0776139497756958,0.03225358047956339
GIMAP7,cnv->rna,-1.5,-0.059054676443338394,0.032666403881455156
GIMAP7,cnv->rna,-1.0,-0.02907826378941536,0.03326402625477298
GIMAP7,cnv->rna,-0.5,0.01855391077697277,0.03372774428936376
GIMAP7,cnv->rna,0.0,0.0607583187520504,0.03228132593277674
GIMAP7,cnv->rna,0.5,0.040135107934474945,0.032266366794385694
GIMAP7,cnv->rna,1.0,0.049133699387311935,0.03309621104871425
GIMAP7,cnv->rna,1.5,0.057031579315662384,0.03345023963191231
GIMAP7,cnv->rna,2.0,0.06250694394111633,0.0335788132520344
CD163,cnv->rna,-2.0,-0.2995556890964508,0.030432442680238016
CD163,cnv->rna,-1.5,-0.27179330587387085,0.031040887763528154
CD163,cnv->rna,-1.0,-0.2245228886604309,0.031874604743515354
CD163,cnv->rna,-0.5,-0.14232322573661804,0.03259349551669204
CD163,cnv->rna,0.0,-0.06391815841197968,0.03087199377345084
CD163,cnv->rna,0.5,-0.04499432444572449,0.030738372751738765
CD163,cnv->rna,1.0,-0.012167342007160187,0.03205105022172276
CD163,cnv->rna,1.5,0.016258465126156807,0.03267629600400133
CD163,cnv->rna,2.0,0.03736894205212593,0.032855637853846514
CX3CL1,cnv->rna,-2.0,-0.09433937072753906,0.027436589721054897
CX3CL1,cnv->rna,-1.5,-0.07224111258983612,0.027771991300198723
CX3CL1,cnv->rna,-1.0,-0.03346133232116699,0.028236942853485495
CX3CL1,cnv->rna,-0.5,0.04406656697392464,0.028722038246537483
CX3CL1,cnv->rna,0.0,0.12094417959451675,0.027678246058664525
CX3CL1,cnv->rna,0.5,0.1633405089378357,0.028206024249704358
CX3CL1,cnv->rna,1.0,0.22962984442710876,0.029385950263276114
CX3CL1,cnv->rna,1.5,0.28269073367118835,0.029960081297328637
CX3CL1,cnv->rna,2.0,0.32270196080207825,0.030206233658029862
CLEC11A,cnv->rna,-2.0,-0.1444462686777115,0.03188429200606608
CLEC11A,cnv->rna,-1.5,-0.11862891167402267,0.0321986126199336
CLEC11A,cnv->rna,-1.0,-0.08008028566837311,0.03258416349009087
CLEC11A,cnv->rna,-0.5,-0.024015532806515694,0.032910004209659886
CLEC11A,cnv->rna,0.0,0.03473750501871109,0.03200155909792873
CLEC11A,cnv->rna,0.5,0.060129377990961075,0.03152653017635522
CLEC11A,cnv->rna,1.0,0.09096996486186981,0.03233237094142986
CLEC11A,cnv->rna,1.5,0.11984628438949585,0.03275279595676975
CLEC11A,cnv->rna,2.0,0.14337250590324402,0.03293814412733255
MRPL36,cnv->rna,-2.0,-0.2754015326499939,0.027375763737299937
MRPL36,cnv->rna,-1.5,-0.2362840175628662,0.027981421417034986
MRPL36,cnv->rna,-1.0,-0.17135848104953766,0.028872379330856793
MRPL36,cnv->rna,-0.5,-0.06060241907835007,0.03009525402453815
MRPL36,cnv->rna,0.0,0.06278403848409653,0.030051420523597144
MRPL36,cnv->rna,0.5,0.12465955317020416,0.030069217190861315
MRPL36,cnv->rna,1.0,0.21597710251808167,0.0314230083184425
MRPL36,cnv->rna,1.5,0.28309300541877747,0.03205566828906697
MRPL36,cnv->rna,2.0,0.32806023955345154,0.03226484777931306
AKR1B1,cnv->rna,-2.0,-0.18186405301094055,0.023662661064265365
AKR1B1,cnv->rna,-1.5,-0.15445029735565186,0.02426068008140417
AKR1B1,cnv->rna,-1.0,-0.11005368828773499,0.02513515766240065
AKR1B1,cnv->rna,-0.5,-0.03685900196433067,0.026192036917004117
AKR1B1,cnv->rna,0.0,0.03871016576886177,0.025180351085013566
AKR1B1,cnv->rna,0.5,0.07200092822313309,0.025576652746208576
AKR1B1,cnv->rna,1.0,0.12620097398757935,0.02697999166098678
AKR1B1,cnv->rna,1.5,0.17134958505630493,0.027739002302846563
AKR1B1,cnv->rna,2.0,0.20483499765396118,0.028128700498230838
CST1,cnv->rna,-2.0,-0.27595341205596924,0.01642623671036267
CST1,cnv->rna,-1.5,-0.22731555998325348,0.0165827791682676
CST1,cnv->rna,-1.0,-0.1457827389240265,0.016787562886058163
CST1,cnv->rna,-0.5,-0.013806470669806004,0.016756784851103688
CST1,cnv->rna,0.0,0.07332592457532883,0.015494250134048175
CST1,cnv->rna,0.5,0.1241099089384079,0.015138285188020798
CST1,cnv->rna,1.0,0.17038922011852264,0.015792990491453347
CST1,cnv->rna,1.5,0.21174666285514832,0.01630344929543117
CST1,cnv->rna,2.0,0.24449947476387024,0.016627398329084768
EPHX2,cnv->rna,-2.0,-0.3086225390434265,0.02197222612139775
EPHX2,cnv->rna,-1.5,-0.2679096460342407,0.022327257210956512
EPHX2,cnv->rna,-1.0,-0.19337378442287445,0.022888388352744676
EPHX2,cnv->rna,-0.5,-0.045964643359184265,0.02363082712858967
EPHX2,cnv->rna,0.0,0.09313144534826279,0.023349251423569098
EPHX2,cnv->rna,0.5,0.21148410439491272,0.023401351243262612
EPHX2,cnv->rna,1.0,0.3257092237472534,0.023894745645491915
EPHX2,cnv->rna,1.5,0.4068116247653961,0.024214806697955296
EPHX2,cnv->rna,2.0,0.4651150107383728,0.024377587578593967
RAB34,cnv->rna,-2.0,-0.522655189037323,0.019438286685356135
RAB34,cnv->rna,-1.5,-0.48003950715065,0.020263750422760747
RAB34,cnv->rna,-1.0,-0.38739413022994995,0.021788512472075226
RAB34,cnv->rna,-0.5,-0.1571863293647766,0.024453089383724987
RAB34,cnv->rna,0.0,0.0919499397277832,0.025896227801023183
RAB34,cnv->rna,0.5,0.2610626518726349,0.027078633928156858
RAB34,cnv->rna,1.0,0.50536048412323,0.02896841726085069
RAB34,cnv->rna,1.5,0.6937612295150757,0.029733384098110056
RAB34,cnv->rna,2.0,0.8224403262138367,0.029897976028282956
C6orf62,cnv->rna,-2.0,-0.45171985030174255,0.019877129486031504
C6orf62,cnv->rna,-1.5,-0.3941362202167511,0.020431140653297007
C6orf62,cnv->rna,-1.0,-0.28624701499938965,0.0213665967733642
C6orf62,cnv->rna,-0.5,-0.07416915148496628,0.022711315218380997
C6orf62,cnv->rna,0.0,0.07633029669523239,0.022146535825184527
C6orf62,cnv->rna,0.5,0.2204456478357315,0.023303127413530047
C6orf62,cnv->rna,1.0,0.3717373013496399,0.024992416012167812
C6orf62,cnv->rna,1.5,0.4892064034938812,0.026206828244547824
C6orf62,cnv->rna,2.0,0.5738253593444824,0.026969933906954922
CHI3L1,cnv->rna,-2.0,-0.1639259308576584,0.02602286614799678
CHI3L1,cnv->rna,-1.5,-0.1385166347026825,0.02636844098734011
CHI3L1,cnv->rna,-1.0,-0.09452767670154572,0.026710210661236067
CHI3L1,cnv->rna,-0.5,-0.013879004865884781,0.026676613621982523
CHI3L1,cnv->rna,0.0,0.04818516597151756,0.02582978996100993
CHI3L1,cnv->rna,0.5,0.09167035669088364,0.02726181145451257
CHI3L1,cnv->rna,1.0,0.12997037172317505,0.028288249385537062
CHI3L1,cnv->rna,1.5,0.1639285683631897,0.028801116384142234
CHI3L1,cnv->rna,2.0,0.19125084578990936,0.029085695249521617
LGALS3BP,cnv->rna,-2.0,-0.4951149821281433,0.015269577561805886
LGALS3BP,cnv->rna,-1.5,-0.4395473003387451,0.016058052083542957
LGALS3BP,cnv->rna,-1.0,-0.3323049247264862,0.017369659486954986
LGALS3BP,cnv->rna,-0.5,-0.119550921022892,0.019234729948176613
LGALS3BP,cnv->rna,0.0,0.09119995683431625,0.019612374094254238
LGALS3BP,cnv->rna,0.5,0.24502304196357727,0.020346441941987346
LGALS3BP,cnv->rna,1.0,0.42085379362106323,0.022352125906786962
LGALS3BP,cnv->rna,1.5,0.5690066814422607,0.02344773895606176
LGALS3BP,cnv->rna,2.0,0.6745334267616272,0.02389222194469692
PYCARD,cnv->rna,-2.0,-0.3056766390800476,0.022486089088278666
PYCARD,cnv->rna,-1.5,-0.2623370885848999,0.02303268170847495
PYCARD,cnv->rna,-1.0,-0.1879546195268631,0.023774878575176385
PYCARD,cnv->rna,-0.5,-0.06396514922380447,0.024379551183443957
PYCARD,cnv->rna,0.0,0.048664532601833344,0.023721854706141698
PYCARD,cnv->rna,0.5,0.11515465378761292,0.024553656027235287
PYCARD,cnv->rna,1.0,0.20175211131572723,0.025488249120087614
PYCARD,cnv->rna,1.5,0.27081024646759033,0.025894941977647495
PYCARD,cnv->rna,2.0,0.3210603892803192,0.026003160359923963
GRHL2,cnv->rna,-2.0,-0.4582643210887909,0.021914706229271465
GRHL2,cnv->rna,-1.5,-0.40650761127471924,0.02248418650555498
GRHL2,cnv->rna,-1.0,-0.30985066294670105,0.023452457274042035
GRHL2,cnv->rna,-0.5,-0.11594178527593613,0.024962055324970023
GRHL2,cnv->rna,0.0,0.05317682400345802,0.02572001115578941
GRHL2,cnv->rna,0.5,0.14548538625240326,0.025779969753606195
GRHL2,cnv->rna,1.0,0.2789621651172638,0.027854255664541194
GRHL2,cnv->rna,1.5,0.38422560691833496,0.029211544667576573
GRHL2,cnv->rna,2.0,0.4569445550441742,0.02995473096446879
ATP6V1B2,cnv->rna,-2.0,-0.47865238785743713,0.02177843292442683
ATP6V1B2,cnv->rna,-1.5,-0.42684492468833923,0.022336066190760794
ATP6V1B2,cnv->rna,-1.0,-0.33154723048210144,0.023207734574585644
ATP6V1B2,cnv->rna,-0.5,-0.15129919350147247,0.02418971570723617
ATP6V1B2,cnv->rna,0.0,0.007716658059507608,0.023644979903168842
ATP6V1B2,cnv->rna,0.5,0.11690960079431534,0.023985424525179346
ATP6V1B2,cnv->rna,1.0,0.23525720834732056,0.024714665086849493
ATP6V1B2,cnv->rna,1.5,0.33005690574645996,0.02513396991029938
ATP6V1B2,cnv->rna,2.0,0.4005998969078064,0.025354460287528205
LXN,cnv->rna,-2.0,-0.3913987874984741,0.018174625238325658
LXN,cnv->rna,-1.5,-0.34644436836242676,0.01858475712857509
LXN,cnv->rna,-1.0,-0.26654040813446045,0.019176848282015813
LXN,cnv->rna,-0.5,-0.12019935995340347,0.019807213384818934
LXN,cnv->rna,0.0,0.026053166016936302,0.01993155250524787
LXN,cnv->rna,0.5,0.1198316141963005,0.021013156617812643
LXN,cnv->rna,1.0,0.2373337596654892,0.022673897758148504
LXN,cnv->rna,1.5,0.3372552990913391,0.023708201005381225
LXN,cnv->rna,2.0,0.41067302227020264,0.02419651749495739
ZHX1,cnv->rna,-2.0,-0.39925381541252136,0.026262962062662352
ZHX1,cnv->rna,-1.5,-0.3567611873149872,0.026682619942700138
ZHX1,cnv->rna,-1.0,-0.27951815724372864,0.027307286014778817
ZHX1,cnv->rna,-0.5,-0.1244482472538948,0.027921818055167757
ZHX1,cnv->rna,0.0,0.04168378934264183,0.027825904348788122
ZHX1,cnv->rna,0.5,0.17697171866893768,0.02817124817579616
ZHX1,cnv->rna,1.0,0.34611260890960693,0.029444710212183357
ZHX1,cnv->rna,1.5,0.4660416841506958,0.030240464891524637
ZHX1,cnv->rna,2.0,0.539945662021637,0.03060363371749834
CLSTN2,cnv->rna,-2.0,-0.23972584307193756,0.030021373664477487
CLSTN2,cnv->rna,-1.5,-0.19926777482032776,0.030222040568104198
CLSTN2,cnv->rna,-1.0,-0.133493572473526,0.030487412719229463
CLSTN2,cnv->rna,-0.5,-0.02956734597682953,0.03072503069969477
CLSTN2,cnv->rna,0.0,0.03981252387166023,0.030272682394851383
CLSTN2,cnv->rna,0.5,0.09938428550958633,0.030851584051563873
CLSTN2,cnv->rna,1.0,0.18339042365550995,0.0316870837493838
CLSTN2,cnv->rna,1.5,0.2544395923614502,0.032378675838486165
CLSTN2,cnv->rna,2.0,0.30667564272880554,0.03280745652640637
QSOX1,cnv->rna,-2.0,-0.3991219699382782,0.01876042675403378
QSOX1,cnv->rna,-1.5,-0.3424051105976105,0.019124454248499047
QSOX1,cnv->rna,-1.0,-0.23841452598571777,0.019625720505021538
QSOX1,cnv->rna,-0.5,-0.04397212341427803,0.02008750980454878
QSOX1,cnv->rna,0.0,0.1262339949607849,0.019698957953394356
QSOX1,cnv->rna,0.5,0.2644347846508026,0.020429506132056727
QSOX1,cnv->rna,1.0,0.3527907133102417,0.020545498297351965
QSOX1,cnv->rna,1.5,0.42562586069107056,0.02052828134028768
QSOX1,cnv->rna,2.0,0.48233717679977417,0.020414472895369455
LAMB3,cnv->rna,-2.0,-0.1407439261674881,0.029260004953308397
LAMB3,cnv->rna,-1.5,-0.10881447046995163,0.029487940029946286
LAMB3,cnv->rna,-1.0,-0.054960984736680984,0.029571721229999737
LAMB3,cnv->rna,-0.5,0.03587467968463898,0.02870379916885761
LAMB3,cnv->rna,0.0,0.0974462553858757,0.02712319969461351
LAMB3,cnv->rna,0.5,0.1276896595954895,0.028337949728049847
LAMB3,cnv->rna,1.0,0.1606372743844986,0.02910269427042053
LAMB3,cnv->rna,1.5,0.18909205496311188,0.02932622703651793
LAMB3,cnv->rna,2.0,0.212176114320755,0.029345252863754792
PTN,cnv->rna,-2.0,-0.15224534273147583,0.027356535229429282
PTN,cnv->rna,-1.5,-0.14162853360176086,0.027589177727239178
PTN,cnv->rna,-1.0,-0.12369035184383392,0.027831725423765174
PTN,cnv->rna,-0.5,-0.09098023176193237,0.027637677241480772
PTN,cnv->rna,0.0,-0.052466824650764465,0.02605143975863853
PTN,cnv->rna,0.5,-0.07254084199666977,0.026436809741778547
PTN,cnv->rna,1.0,-0.06570790708065033,0.02663925500451468
PTN,cnv->rna,1.5,-0.05241171270608902,0.02663193016999657
PTN,cnv->rna,2.0,-0.03999250754714012,0.02653239218518682
S100A9,cnv->rna,-2.0,-0.20681624114513397,0.018253955092201412
S100A9,cnv->rna,-1.5,-0.180043026804924,0.01877178994569621
S100A9,cnv->rna,-1.0,-0.13452626764774323,0.019505404486205344
S100A9,cnv->rna,-0.5,-0.05578054487705231,0.020303595691875467
S100A9,cnv->rna,0.0,0.011740830726921558,0.019889453776183216
S100A9,cnv->rna,0.5,0.03873974829912186,0.020227409567185186
S100A9,cnv->rna,1.0,0.06250263005495071,0.021699498624691223
S100A9,cnv->rna,1.5,0.0834149569272995,0.022585906031380092
S100A9,cnv->rna,2.0,0.09910260885953903,0.02309609023578955
THRSP,cnv->rna,-2.0,-0.1871587634086609,0.024036242880220483
THRSP,cnv->rna,-1.5,-0.17649339139461517,0.0244514505037614
THRSP,cnv->rna,-1.0,-0.1569075733423233,0.025118675150213664
THRSP,cnv->rna,-0.5,-0.11045531183481216,0.025938269866684842
THRSP,cnv->rna,0.0,-0.019174763932824135,0.02526627895629592
THRSP,cnv->rna,0.5,-0.013911068439483643,0.02487113453613903
THRSP,cnv->rna,1.0,0.05461239442229271,0.025456500179516412
THRSP,cnv->rna,1.5,0.12528999149799347,0.025943384828486092
THRSP,cnv->rna,2.0,0.18239149451255798,0.02625903921168568
SSR3,cnv->rna,-2.0,-0.41957589983940125,0.02262296825566303
SSR3,cnv->rna,-1.5,-0.36806896328926086,0.023156201388922094
SSR3,cnv->rna,-1.0,-0.2769388258457184,0.023950330264469705
SSR3,cnv->rna,-0.5,-0.11124840378761292,0.024936068616611223
SSR3,cnv->rna,0.0,0.015945496037602425,0.02405205196965647
SSR3,cnv->rna,0.5,0.11675410717725754,0.02551598149713103
SSR3,cnv->rna,1.0,0.22589504718780518,0.026817707674805156
SSR3,cnv->rna,1.5,0.3156140446662903,0.027661665475203122
SSR3,cnv->rna,2.0,0.3824611306190491,0.028173843795525722
ID4,cnv->rna,-2.0,-0.09776178002357483,0.027636539614697534
ID4,cnv->rna,-1.5,-0.08147182315587997,0.028002807492942813
ID4,cnv->rna,-1.0,-0.05287798121571541,0.028544250281551387
ID4,cnv->rna,-0.5,0.005450141616165638,0.029178455419588342
ID4,cnv->rna,0.0,0.07187152653932571,0.028472015339539275
ID4,cnv->rna,0.5,0.10488244891166687,0.028981900971402175
ID4,cnv->rna,1.0,0.17202946543693542,0.030147617546991762
ID4,cnv->rna,1.5,0.22378894686698914,0.030862180107924197
ID4,cnv->rna,2.0,0.26135170459747314,0.03125519311238376
PDK4,cnv->rna,-2.0,-0.09024376422166824,0.030261757254881352
PDK4,cnv->rna,-1.5,-0.07346099615097046,0.030276162835412353
PDK4,cnv->rna,-1.0,-0.04688939079642296,0.030147201288915907
PDK4,cnv->rna,-0.5,-0.0032643915619701147,0.029272566793880364
PDK4,cnv->rna,0.0,0.04207329824566841,0.02755631949158624
PDK4,cnv->rna,0.5,0.06219826638698578,0.027913649807689664
PDK4,cnv->rna,1.0,0.11061616241931915,0.028244396270341175
PDK4,cnv->rna,1.5,0.1497586965560913,0.02834684806168193
PDK4,cnv->rna,2.0,0.1778562068939209,0.02832408898793227
FPR3,cnv->rna,-2.0,-0.26861417293548584,0.03163124632445418
FPR3,cnv->rna,-1.5,-0.23619991540908813,0.03200568245017755
FPR3,cnv->rna,-1.0,-0.1842895746231079,0.03246178797451193
FPR3,cnv->rna,-0.5,-0.10088147222995758,0.03273111130831536
FPR3,cnv->rna,0.0,-0.022195834666490555,0.031438760744475484
FPR3,cnv->rna,0.5,-0.0025648255832493305,0.03147114387928791
FPR3,cnv->rna,1.0,0.03108389675617218,0.03263583397553861
FPR3,cnv->rna,1.5,0.061576955020427704,0.03325069945826057
FPR3,cnv->rna,2.0,0.08553159981966019,0.03352781183061435
TIMP2,cnv->rna,-2.0,-0.21189157664775848,0.03249723747117112
TIMP2,cnv->rna,-1.5,-0.17978020012378693,0.03321531970117429
TIMP2,cnv->rna,-1.0,-0.1265440434217453,0.034210287649919256
TIMP2,cnv->rna,-0.5,-0.03716810420155525,0.03519804627031376
TIMP2,cnv->rna,0.0,0.031888481229543686,0.03495152123876975
TIMP2,cnv->rna,0.5,0.07419149577617645,0.03428453196337609
TIMP2,cnv->rna,1.0,0.12926754355430603,0.03460514439433786
TIMP2,cnv->rna,1.5,0.17146557569503784,0.03454794268901302
TIMP2,cnv->rna,2.0,0.20081987977027893,0.03438386508819039
KCNK1,cnv->rna,-2.0,-0.28984034061431885,0.015236704070621372
KCNK1,cnv->rna,-1.5,-0.24088528752326965,0.015741618578552167
KCNK1,cnv->rna,-1.0,-0.16079871356487274,0.016367975835274124
KCNK1,cnv->rna,-0.5,-0.03388287127017975,0.01680875717814046
KCNK1,cnv->rna,0.0,0.0952552780508995,0.0169505006807359
KCNK1,cnv->rna,0.5,0.23083406686782837,0.018243804715299274
KCNK1,cnv->rna,1.0,0.32832789421081543,0.01930170173179502
KCNK1,cnv->rna,1.5,0.41237542033195496,0.019952467839038493
KCNK1,cnv->rna,2.0,0.47778254747390747,0.020333071558241853
LMOD1,cnv->rna,-2.0,-0.080038882791996,0.02868711397603683
LMOD1,cnv->rna,-1.5,-0.0726807489991188,0.028834135892557546
LMOD1,cnv->rna,-1.0,-0.06111112982034683,0.029000935516085652
LMOD1,cnv->rna,-0.5,-0.03929281234741211,0.029069502592434574
LMOD1,cnv->rna,0.0,-0.0016440835315734148,0.028341798480730294
LMOD1,cnv->rna,0.5,-0.0022415604908019304,0.028471568570400264
LMOD1,cnv->rna,1.0,0.020569441840052605,0.02859579654338486
LMOD1,cnv->rna,1.5,0.04116149991750717,0.028800604234153614
LMOD1,cnv->rna,2.0,0.05702531710267067,0.029012503567743528
KDM2A,cnv->rna,-2.0,-0.6030248999595642,0.020352520181639532
KDM2A,cnv->rna,-1.5,-0.5406122207641602,0.020865498327689046
KDM2A,cnv->rna,-1.0,-0.4185684025287628,0.021788939626959353
KDM2A,cnv->rna,-0.5,-0.155779629945755,0.02350662966666823
KDM2A,cnv->rna,0.0,0.07902825623750687,0.024174889509906004
KDM2A,cnv->rna,0.5,0.28742170333862305,0.02486760179089837
KDM2A,cnv->rna,1.0,0.5757871270179749,0.026466468674523843
KDM2A,cnv->rna,1.5,0.7948010563850403,0.027406370692364596
KDM2A,cnv->rna,2.0,0.938546895980835,0.02784850432913706
KRT10,cnv->rna,-2.0,-0.4095808267593384,0.016260731627656864
KRT10,cnv->rna,-1.5,-0.37860092520713806,0.016707274113054775
KRT10,cnv->rna,-1.0,-0.3163059651851654,0.017531777841650928
KRT10,cnv->rna,-0.5,-0.17229034006595612,0.01901891648105664
KRT10,cnv->rna,0.0,-0.0038946757558733225,0.019721496911616992
KRT10,cnv->rna,0.5,0.07479938864707947,0.01925846973467044
KRT10,cnv->rna,1.0,0.20451495051383972,0.020598053603631105
KRT10,cnv->rna,1.5,0.31287530064582825,0.02167268157954236
KRT10,cnv->rna,2.0,0.39353421330451965,0.02234928619855218
PPP1R1B,cnv->rna,-2.0,-0.35074493288993835,0.020304988303972187
PPP1R1B,cnv->rna,-1.5,-0.32540032267570496,0.021126747126565495
PPP1R1B,cnv->rna,-1.0,-0.2706557810306549,0.022559123856017688
PPP1R1B,cnv->rna,-0.5,-0.11761057376861572,0.0249596885382141
PPP1R1B,cnv->rna,0.0,0.11317361891269684,0.02585497684364182
PPP1R1B,cnv->rna,0.5,0.2439797967672348,0.026266477373009783
PPP1R1B,cnv->rna,1.0,0.4738975167274475,0.027453200815579448
PPP1R1B,cnv->rna,1.5,0.6596092581748962,0.027897176012949297
PPP1R1B,cnv->rna,2.0,0.7928070425987244,0.027942685443002
RPL37,cnv->rna,-2.0,-0.18998943269252777,0.019694403087538108
RPL37,cnv->rna,-1.5,-0.15762291848659515,0.020156429937485607
RPL37,cnv->rna,-1.0,-0.10242412984371185,0.020868773908254565
RPL37,cnv->rna,-0.5,-0.000862366403453052,0.021878707533475535
RPL37,cnv->rna,0.0,0.10703738778829575,0.021656515074795164
RPL37,cnv->rna,0.5,0.20190829038619995,0.022970140567098528
RPL37,cnv->rna,1.0,0.3059995770454407,0.024833911039093715
RPL37,cnv->rna,1.5,0.3930002748966217,0.025833237711146095
RPL37,cnv->rna,2.0,0.45893508195877075,0.02631460421640859
NES,cnv->rna,-2.0,-0.15953901410102844,0.021323096714756212
NES,cnv->rna,-1.5,-0.13876430690288544,0.02151720809852857
NES,cnv->rna,-1.0,-0.10297976434230804,0.021654954651851112
NES,cnv->rna,-0.5,-0.03687606751918793,0.021351979794752788
NES,cnv->rna,0.0,0.030322201550006866,0.02014961725295612
NES,cnv->rna,0.5,0.07242538034915924,0.020892550743896506
NES,cnv->rna,1.0,0.10287878662347794,0.02166312725805251
NES,cnv->rna,1.5,0.1314256638288498,0.02211349452315268
NES,cnv->rna,2.0,0.1548890471458435,0.022364722617145387
MRC2,cnv->rna,-2.0,-0.19164220988750458,0.031673881176485646
MRC2,cnv->rna,-1.5,-0.1669427752494812,0.03224844590350726
MRC2,cnv->rna,-1.0,-0.12847945094108582,0.03298709476943646
MRC2,cnv->rna,-0.5,-0.067440465092659,0.03357980922031014
MRC2,cnv->rna,0.0,-0.0038992350455373526,0.03323212257952437
MRC2,cnv->rna,0.5,0.001929956371895969,0.032083256828241244
MRC2,cnv->rna,1.0,0.03913429006934166,0.0330169585621772
MRC2,cnv->rna,1.5,0.0752263069152832,0.033557562296549104
MRC2,cnv->rna,2.0,0.10465007275342941,0.033846650261190006
POLD2,cnv->rna,-2.0,-0.3719637095928192,0.020239291446921194
POLD2,cnv->rna,-1.5,-0.3197871446609497,0.021101154882666017
POLD2,cnv->rna,-1.0,-0.2245468944311142,0.02248622638806285
POLD2,cnv->rna,-0.5,-0.037979066371917725,0.024652745063544375
POLD2,cnv->rna,0.0,0.1557447910308838,0.02576242807165551
POLD2,cnv->rna,0.5,0.31854167580604553,0.026819723584334834
POLD2,cnv->rna,1.0,0.49316462874412537,0.028742994988199527
POLD2,cnv->rna,1.5,0.6234074831008911,0.029752429539601798
POLD2,cnv->rna,2.0,0.7134243845939636,0.03023786927179507
NECAB3,cnv->rna,-2.0,-0.2996148467063904,0.02704197052705655
NECAB3,cnv->rna,-1.5,-0.24738764762878418,0.027350897220831144
NECAB3,cnv->rna,-1.0,-0.15706270933151245,0.027699647390103926
NECAB3,cnv->rna,-0.5,0.0011790499556809664,0.02780303848631743
NECAB3,cnv->rna,0.0,0.1284627765417099,0.02741605577555367
NECAB3,cnv->rna,0.5,0.2506524622440338,0.028024498679482156
NECAB3,cnv->rna,1.0,0.3803578019142151,0.029277821234827448
NECAB3,cnv->rna,1.5,0.4784417748451233,0.030111928320550662
NECAB3,cnv->rna,2.0,0.5484974384307861,0.030573473531572692
KRT15,cnv->rna,-2.0,-0.16911756992340088,0.027093699855268934
KRT15,cnv->rna,-1.5,-0.1436196118593216,0.02765293495241837
KRT15,cnv->rna,-1.0,-0.0996493473649025,0.028506351182393426
KRT15,cnv->rna,-0.5,-0.017268821597099304,0.02950665202910501
KRT15,cnv->rna,0.0,0.06017306074500084,0.02936881612195467
KRT15,cnv->rna,0.5,0.09381739795207977,0.0301092760374181
KRT15,cnv->rna,1.0,0.1459759622812271,0.03164235235144147
KRT15,cnv->rna,1.5,0.19137875735759735,0.03247222493747153
KRT15,cnv->rna,2.0,0.2265530824661255,0.03285310761496656
CAPN8,cnv->rna,-2.0,-0.17245565354824066,0.029445438118975695
CAPN8,cnv->rna,-1.5,-0.14457006752490997,0.02990144775139731
CAPN8,cnv->rna,-1.0,-0.09723730385303497,0.030569463506129872
CAPN8,cnv->rna,-0.5,-0.016853492707014084,0.031254578532397416
CAPN8,cnv->rna,0.0,0.04592348262667656,0.030929350213453093
CAPN8,cnv->rna,0.5,0.07389935851097107,0.030328678913181726
CAPN8,cnv->rna,1.0,0.11244134604930878,0.0303473887329788
CAPN8,cnv->rna,1.5,0.14480093121528625,0.03048067849171951
CAPN8,cnv->rna,2.0,0.16993333399295807,0.030574604620270965
EFNA4,cnv->rna,-2.0,-0.21857386827468872,0.0195159896457574
EFNA4,cnv->rna,-1.5,-0.1703595072031021,0.019875636623298713
EFNA4,cnv->rna,-1.0,-0.0917721539735794,0.02030410784186409
EFNA4,cnv->rna,-0.5,0.028345974162220955,0.020569033223850345
EFNA4,cnv->rna,0.0,0.10308736562728882,0.020030857298360676
EFNA4,cnv->rna,0.5,0.18381650745868683,0.020678611527798724
EFNA4,cnv->rna,1.0,0.22957062721252441,0.021821154950924446
EFNA4,cnv->rna,1.5,0.27349916100502014,0.02250700442206929
EFNA4,cnv->rna,2.0,0.31096604466438293,0.02290848642591516
METRN,cnv->rna,-2.0,-0.21084493398666382,0.027398880226360806
METRN,cnv->rna,-1.5,-0.1725454479455948,0.027743378461047206
METRN,cnv->rna,-1.0,-0.10753064602613449,0.028158008553749888
METRN,cnv->rna,-0.5,0.0036558008287101984,0.02831800856891843
METRN,cnv->rna,0.0,0.08705805242061615,0.027734722036558683
METRN,cnv->rna,0.5,0.16468635201454163,0.027714316673395023
METRN,cnv->rna,1.0,0.2445022463798523,0.028495221182427945
METRN,cnv->rna,1.5,0.30551791191101074,0.029064139183404804
METRN,cnv->rna,2.0,0.35065799951553345,0.029401561030801614
MNDA,cnv->rna,-2.0,-0.2714599668979645,0.02985768181066757
MNDA,cnv->rna,-1.5,-0.23418836295604706,0.030203934431485203
MNDA,cnv->rna,-1.0,-0.17491044104099274,0.030602153930935475
MNDA,cnv->rna,-0.5,-0.08994501084089279,0.03057861028699048
MNDA,cnv->rna,0.0,-0.032167065888643265,0.02907107609154855
MNDA,cnv->rna,0.5,-0.006661314517259598,0.029041277679657418
MNDA,cnv->rna,1.0,0.009358620271086693,0.030077193654513883
MNDA,cnv->rna,1.5,0.02369731292128563,0.030660231739645105
MNDA,cnv->rna,2.0,0.035634562373161316,0.030954667857784206
TM4SF1,cnv->rna,-2.0,-0.25117138028144836,0.019649863473421302
TM4SF1,cnv->rna,-1.5,-0.22366738319396973,0.02007596136714579
TM4SF1,cnv->rna,-1.0,-0.17170380055904388,0.02067895804630166
TM4SF1,cnv->rna,-0.5,-0.057322174310684204,0.02114555065891368
TM4SF1,cnv->rna,0.0,0.056104905903339386,0.02058165390718696
TM4SF1,cnv->rna,0.5,0.11711405962705612,0.022016937905085198
TM4SF1,cnv->rna,1.0,0.19177988171577454,0.02375441001052477
TM4SF1,cnv->rna,1.5,0.25390303134918213,0.02476542459912598
TM4SF1,cnv->rna,2.0,0.30225300788879395,0.02529832211069037
SYCP2,cnv->rna,-2.0,-0.495769739151001,0.017645561223910134
SYCP2,cnv->rna,-1.5,-0.444680392742157,0.018395357524698043
SYCP2,cnv->rna,-1.0,-0.3427833020687103,0.019767564258253045
SYCP2,cnv->rna,-0.5,-0.12017840892076492,0.022043560987046882
SYCP2,cnv->rna,0.0,0.07404778152704239,0.022577317167102835
SYCP2,cnv->rna,0.5,0.20679795742034912,0.023049140247683744
SYCP2,cnv->rna,1.0,0.41634443402290344,0.025056530652658213
SYCP2,cnv->rna,1.5,0.5967671871185303,0.02635928766839454
SYCP2,cnv->rna,2.0,0.7250571846961975,0.027034883242958694
COL10A1,cnv->rna,-2.0,-0.20182856917381287,0.03548910219852796
COL10A1,cnv->rna,-1.5,-0.1690952181816101,0.036069076101174075
COL10A1,cnv->rna,-1.0,-0.1171695813536644,0.03684079678019827
COL10A1,cnv->rna,-0.5,-0.036552052944898605,0.03741501934744025
COL10A1,cnv->rna,0.0,0.024698328226804733,0.036447613785529714
COL10A1,cnv->rna,0.5,0.03948782756924629,0.03625846480824285
COL10A1,cnv->rna,1.0,0.06327205896377563,0.0369347054738565
COL10A1,cnv->rna,1.5,0.08801228553056717,0.03722854444690248
COL10A1,cnv->rna,2.0,0.10939562320709229,0.03732842459149187
BNIPL,cnv->rna,-2.0,-0.32708361744880676,0.02575773154729177
BNIPL,cnv->rna,-1.5,-0.28220292925834656,0.02629672473340158
BNIPL,cnv->rna,-1.0,-0.2005055844783783,0.027081824513617885
BNIPL,cnv->rna,-0.5,-0.05003882572054863,0.02768933247139693
BNIPL,cnv->rna,0.0,0.06251693516969681,0.02734157609103824
BNIPL,cnv->rna,0.5,0.13323912024497986,0.027069591756655628
BNIPL,cnv->rna,1.0,0.19753070175647736,0.027429221299303714
BNIPL,cnv->rna,1.5,0.24943110346794128,0.027804982476912536
BNIPL,cnv->rna,2.0,0.28967714309692383,0.02807074255441216
AQP1,cnv->rna,-2.0,-0.053927160799503326,0.02888976627813007
AQP1,cnv->rna,-1.5,-0.03389815613627434,0.029203156304571452
AQP1,cnv->rna,-1.0,-0.0003787107125390321,0.029649629050396448
AQP1,cnv->rna,-0.5,0.05900760367512703,0.030000848436422877
AQP1,cnv->rna,0.0,0.10762526839971542,0.029029064536950047
AQP1,cnv->rna,0.5,0.11675681918859482,0.029253030996016536
AQP1,cnv->rna,1.0,0.15535111725330353,0.029846179139859305
AQP1,cnv->rna,1.5,0.18721731007099152,0.030110197907397617
AQP1,cnv->rna,2.0,0.2107727974653244,0.03020688528716432
CD9,cnv->rna,-2.0,-0.44847649335861206,0.015944671883189685
CD9,cnv->rna,-1.5,-0.39283955097198486,0.016258267859307347
CD9,cnv->rna,-1.0,-0.2771424353122711,0.016898715778801345
CD9,cnv->rna,-0.5,-0.010686683468520641,0.01822888589509882
CD9,cnv->rna,0.0,0.21093423664569855,0.018626592154879645
CD9,cnv->rna,0.5,0.411347359418869,0.019392979935937225
CD9,cnv->rna,1.0,0.6123604774475098,0.019711744268216654
CD9,cnv->rna,1.5,0.7508726119995117,0.019636371045423203
CD9,cnv->rna,2.0,0.8377378582954407,0.01947094224037528
PTMS,cnv->rna,-2.0,-0.28762754797935486,0.021617317076091592
PTMS,cnv->rna,-1.5,-0.2502813935279846,0.022036484599757294
PTMS,cnv->rna,-1.0,-0.1839551031589508,0.022635118196882447
PTMS,cnv->rna,-0.5,-0.05752149224281311,0.02330460502073126
PTMS,cnv->rna,0.0,0.08027268201112747,0.023500614628503995
PTMS,cnv->rna,0.5,0.19950340688228607,0.02399992599762311
PTMS,cnv->rna,1.0,0.31356048583984375,0.025910796833678213
PTMS,cnv->rna,1.5,0.407387912273407,0.02720110751501022
PTMS,cnv->rna,2.0,0.47912582755088806,0.02797606890481348
SND1,cnv->rna,-2.0,-0.39693593978881836,0.01703779719113678
SND1,cnv->rna,-1.5,-0.3363826870918274,0.017582297624145506
SND1,cnv->rna,-1.0,-0.22398103773593903,0.018493385211881777
SND1,cnv->rna,-0.5,-0.011903369799256325,0.020023179407254666
SND1,cnv->rna,0.0,0.14851412177085876,0.020103044294416405
SND1,cnv->rna,0.5,0.32954809069633484,0.021017114338575775
SND1,cnv->rna,1.0,0.48428311944007874,0.022151350035077566
SND1,cnv->rna,1.5,0.5973345637321472,0.02283827393151769
SND1,cnv->rna,2.0,0.6762228012084961,0.023217203900971
FZD6,cnv->rna,-2.0,-0.4313230514526367,0.017937019244349445
FZD6,cnv->rna,-1.5,-0.3833211660385132,0.01852967376277765
FZD6,cnv->rna,-1.0,-0.2929515838623047,0.019467100025779793
FZD6,cnv->rna,-0.5,-0.10691109299659729,0.02064213337243898
FZD6,cnv->rna,0.0,0.09017040580511093,0.02077961186427811
FZD6,cnv->rna,0.5,0.24823977053165436,0.020988290101343846
FZD6,cnv->rna,1.0,0.46453070640563965,0.02265740870787656
FZD6,cnv->rna,1.5,0.6139640808105469,0.02350036836063713
FZD6,cnv->rna,2.0,0.7008266448974609,0.023790188590793675
C1S,cnv->rna,-2.0,-0.17341336607933044,0.029837311317290373
C1S,cnv->rna,-1.5,-0.148309588432312,0.030163609702806665
C1S,cnv->rna,-1.0,-0.10792574286460876,0.03056465365496014
C1S,cnv->rna,-0.5,-0.04343848302960396,0.030807767985516096
C1S,cnv->rna,0.0,0.024033332243561745,0.02935623902585113
C1S,cnv->rna,0.5,0.030599374324083328,0.02976123198132112
C1S,cnv->rna,1.0,0.05503349006175995,0.030690503073015095
C1S,cnv->rna,1.5,0.076805479824543,0.031029306635700356
C1S,cnv->rna,2.0,0.09322229772806168,0.031111274606857923
S100A14,cnv->rna,-2.0,-0.23583009839057922,0.024416548026877285
S100A14,cnv->rna,-1.5,-0.19143623113632202,0.024897465583639113
S100A14,cnv->rna,-1.0,-0.11826330423355103,0.025432339776223417
S100A14,cnv->rna,-0.5,-0.002315850229933858,0.025420436102870873
S100A14,cnv->rna,0.0,0.08118055015802383,0.02532870023278139
S100A14,cnv->rna,0.5,0.12673531472682953,0.025190339099472506
S100A14,cnv->rna,1.0,0.16425982117652893,0.025732566458276415
S100A14,cnv->rna,1.5,0.20213869214057922,0.026157374169901913
S100A14,cnv->rna,2.0,0.2335740327835083,0.026389861933034393
RBP1,cnv->rna,-2.0,-0.29413989186286926,0.015710076677338067
RBP1,cnv->rna,-1.5,-0.2523084282875061,0.01631324334670293
RBP1,cnv->rna,-1.0,-0.17949019372463226,0.017231587119065216
RBP1,cnv->rna,-0.5,-0.046404656022787094,0.018423894086191682
RBP1,cnv->rna,0.0,0.08383461087942123,0.017957493257405192
RBP1,cnv->rna,0.5,0.17878194153308868,0.019444378001178247
RBP1,cnv->rna,1.0,0.2815232276916504,0.021457515382833543
RBP1,cnv->rna,1.5,0.3709416389465332,0.02251097303964069
RBP1,cnv->rna,2.0,0.43911033868789673,0.02301485670950928
RIN2,cnv->rna,-2.0,-0.42478176951408386,0.02825660505432524
RIN2,cnv->rna,-1.5,-0.3839430510997772,0.02920473416240874
RIN2,cnv->rna,-1.0,-0.31232911348342896,0.030536219523464227
RIN2,cnv->rna,-0.5,-0.18554691970348358,0.03148853736464615
RIN2,cnv->rna,0.0,-0.051382921636104584,0.030234715735482157
RIN2,cnv->rna,0.5,-0.0025582797825336456,0.030255580943954745
RIN2,cnv->rna,1.0,0.11065016686916351,0.0307967469536333
RIN2,cnv->rna,1.5,0.21050849556922913,0.03085182814006909
RIN2,cnv->rna,2.0,0.2840336263179779,0.030715160370765132
YWHAZ,cnv->rna,-2.0,-0.4157308340072632,0.025289739784498073
YWHAZ,cnv->rna,-1.5,-0.38017264008522034,0.025999198280437525
YWHAZ,cnv->rna,-1.0,-0.31287306547164917,0.027203764156866088
YWHAZ,cnv->rna,-0.5,-0.17171905934810638,0.029102977587435512
YWHAZ,cnv->rna,0.0,-0.01757553406059742,0.02984453590117241
YWHAZ,cnv->rna,0.5,0.025825658813118935,0.030280894229562552
YWHAZ,cnv->rna,1.0,0.12408894300460815,0.03132792712821457
YWHAZ,cnv->rna,1.5,0.20474186539649963,0.03188740849323088
YWHAZ,cnv->rna,2.0,0.26140615344047546,0.032147534920855675
MAL2,cnv->rna,-2.0,-0.3993699252605438,0.016208715713387015
MAL2,cnv->rna,-1.5,-0.3569469749927521,0.016764694844225818
MAL2,cnv->rna,-1.0,-0.27697110176086426,0.01771108046298635
MAL2,cnv->rna,-0.5,-0.11564449220895767,0.019099254289697234
MAL2,cnv->rna,0.0,0.03148740157485008,0.01911600268400597
MAL2,cnv->rna,0.5,0.09210506826639175,0.020280690600895008
MAL2,cnv->rna,1.0,0.1765439510345459,0.021951944981848354
MAL2,cnv->rna,1.5,0.24904842674732208,0.02302502779034713
MAL2,cnv->rna,2.0,0.30352696776390076,0.023603765994935594
COL1A1,cnv->rna,-2.0,-0.15815390646457672,0.03588921992197861
COL1A1,cnv->rna,-1.5,-0.13597741723060608,0.03628727596930485
COL1A1,cnv->rna,-1.0,-0.09966031461954117,0.03680176877170369
COL1A1,cnv->rna,-0.5,-0.037180569022893906,0.03724038709812873
COL1A1,cnv->rna,0.0,0.015409794636070728,0.03703820771751434
COL1A1,cnv->rna,0.5,0.04778183624148369,0.03594942696702391
COL1A1,cnv->rna,1.0,0.08737567812204361,0.03615260013655239
COL1A1,cnv->rna,1.5,0.11856767535209656,0.03622111490822162
COL1A1,cnv->rna,2.0,0.1410224437713623,0.036205602211970535
KRT14,cnv->rna,-2.0,-0.08621103316545486,0.03046547962354656
KRT14,cnv->rna,-1.5,-0.06672772765159607,0.03105550038341626
KRT14,cnv->rna,-1.0,-0.03308872878551483,0.03192754143808389
KRT14,cnv->rna,-0.5,0.03081423230469227,0.03296454927312886
KRT14,cnv->rna,0.0,0.09606236219406128,0.032219726275634714
KRT14,cnv->rna,0.5,0.08356533199548721,0.03247461351784399
KRT14,cnv->rna,1.0,0.10059089213609695,0.03309775839548838
KRT14,cnv->rna,1.5,0.11969032138586044,0.03329190682840886
KRT14,cnv->rna,2.0,0.13486027717590332,0.03326148076036146
ETV3,cnv->rna,-2.0,-0.3712894916534424,0.0251924814119781
ETV3,cnv->rna,-1.5,-0.32094886898994446,0.025589334451671497
ETV3,cnv->rna,-1.0,-0.2333705723285675,0.026128227387145236
ETV3,cnv->rna,-0.5,-0.08050599694252014,0.026627534397541043
ETV3,cnv->rna,0.0,0.03858510032296181,0.026063123316464053
ETV3,cnv->rna,0.5,0.12550553679466248,0.02679264283642587
ETV3,cnv->rna,1.0,0.1965819150209427,0.027133427438854354
ETV3,cnv->rna,1.5,0.2574101984500885,0.027378457428303922
ETV3,cnv->rna,2.0,0.30469459295272827,0.027542393370619055
MIR635,cnv->rna,-2.0,-0.3702599108219147,0.022507135183768512
MIR635,cnv->rna,-1.5,-0.3216533958911896,0.022863149165433097
MIR635,cnv->rna,-1.0,-0.23434974253177643,0.023398437436731607
MIR635,cnv->rna,-0.5,-0.07431921362876892,0.023930147196194726
MIR635,cnv->rna,0.0,0.04679796099662781,0.023338997526988405
MIR635,cnv->rna,0.5,0.1426529586315155,0.02328533946371249
MIR635,cnv->rna,1.0,0.26701754331588745,0.02408167603261531
MIR635,cnv->rna,1.5,0.3738956153392792,0.024771019020491045
MIR635,cnv->rna,2.0,0.45392289757728577,0.025211282764964628
TMEM204,cnv->rna,-2.0,-0.10000742971897125,0.030152438294969764
TMEM204,cnv->rna,-1.5,-0.07623067498207092,0.030387024783374766
TMEM204,cnv->rna,-1.0,-0.0398775078356266,0.03065048563432973
TMEM204,cnv->rna,-0.5,0.01526610367000103,0.030783803724771935
TMEM204,cnv->rna,0.0,0.07502789050340652,0.030317309183434338
TMEM204,cnv->rna,0.5,0.10207638144493103,0.02966578029961207
TMEM204,cnv->rna,1.0,0.13319072127342224,0.029952767359618798
TMEM204,cnv->rna,1.5,0.1629045456647873,0.029966340423998084
TMEM204,cnv->rna,2.0,0.18647512793540955,0.02989299400754258
MT2A,cnv->rna,-2.0,-0.24959081411361694,0.017346100587478416
MT2A,cnv->rna,-1.5,-0.23051407933235168,0.017579790268562916
MT2A,cnv->rna,-1.0,-0.19558821618556976,0.017908868429868514
MT2A,cnv->rna,-0.5,-0.12197940051555634,0.018249750013890585
MT2A,cnv->rna,0.0,-0.011324578896164894,0.01812358567807667
MT2A,cnv->rna,0.5,0.04314154386520386,0.018542414311005218
MT2A,cnv->rna,1.0,0.097862109541893,0.019859280514087644
MT2A,cnv->rna,1.5,0.14908330142498016,0.020693348371301087
MT2A,cnv->rna,2.0,0.19064204394817352,0.02118461353719472
CRABP2,cnv->rna,-2.0,-0.32441282272338867,0.019926906106202166
CRABP2,cnv->rna,-1.5,-0.27041763067245483,0.020252358899396822
CRABP2,cnv->rna,-1.0,-0.17843346297740936,0.02062980472356396
CRABP2,cnv->rna,-0.5,-0.029557008296251297,0.0208310208263274
CRABP2,cnv->rna,0.0,0.09892019629478455,0.020476970449512806
CRABP2,cnv->rna,0.5,0.21512342989444733,0.02170054907700831
CRABP2,cnv->rna,1.0,0.29733654856681824,0.021791088477549906
CRABP2,cnv->rna,1.5,0.3703344762325287,0.021876831103091694
CRABP2,cnv->rna,2.0,0.42854124307632446,0.0218873574198791
SLC30A1,cnv->rna,-2.0,-0.40380173921585083,0.02624634007132953
SLC30A1,cnv->rna,-1.5,-0.361441045999527,0.02657571135677755
SLC30A1,cnv->rna,-1.0,-0.28463682532310486,0.026971193577990764
SLC30A1,cnv->rna,-0.5,-0.141215980052948,0.026904228332457317
SLC30A1,cnv->rna,0.0,-0.05048230662941933,0.025792198151845143
SLC30A1,cnv->rna,0.5,0.010420753620564938,0.026387499505001775
SLC30A1,cnv->rna,1.0,0.07433430105447769,0.026339313818838316
SLC30A1,cnv->rna,1.5,0.12443608045578003,0.026428260106011053
SLC30A1,cnv->rna,2.0,0.1617867797613144,0.026553403410890207
FAM107B,cnv->rna,-2.0,-0.35226061940193176,0.02216378111395031
FAM107B,cnv->rna,-1.5,-0.31237027049064636,0.022297386880130807
FAM107B,cnv->rna,-1.0,-0.24297504127025604,0.022414507954762665
FAM107B,cnv->rna,-0.5,-0.12361180782318115,0.022149345022356156
FAM107B,cnv->rna,0.0,-0.032723817974328995,0.02051985592813445
FAM107B,cnv->rna,0.5,0.012366942130029202,0.02058867363107355
FAM107B,cnv->rna,1.0,0.09926768392324448,0.021013644794823073
FAM107B,cnv->rna,1.5,0.17372511327266693,0.021350009651817835
FAM107B,cnv->rna,2.0,0.22841432690620422,0.021568460146538793
COPZ2,cnv->rna,-2.0,-0.1709948480129242,0.030324908617520813
COPZ2,cnv->rna,-1.5,-0.15160255134105682,0.030891337787489138
COPZ2,cnv->rna,-1.0,-0.121827132999897,0.031719719690148064
COPZ2,cnv->rna,-0.5,-0.07648799568414688,0.03270362301977716
COPZ2,cnv->rna,0.0,-0.01566464640200138,0.03293702829416585
COPZ2,cnv->rna,0.5,-0.022443676367402077,0.03087800881161507
COPZ2,cnv->rna,1.0,0.007073288783431053,0.031249138845709765
COPZ2,cnv->rna,1.5,0.03887529298663139,0.0315868091403351
COPZ2,cnv->rna,2.0,0.06498019397258759,0.03181090418173916
NRN1,cnv->rna,-2.0,-0.09293581545352936,0.025917725024375348
NRN1,cnv->rna,-1.5,-0.07907035946846008,0.026020207326779256
NRN1,cnv->rna,-1.0,-0.05647251382470131,0.026149951264109385
NRN1,cnv->rna,-0.5,-0.015054957941174507,0.02626125998121081
NRN1,cnv->rna,0.0,0.02944065071642399,0.02547547806079689
NRN1,cnv->rna,0.5,0.042793676257133484,0.025998407172157227
NRN1,cnv->rna,1.0,0.07942940294742584,0.02654708980017942
NRN1,cnv->rna,1.5,0.10999768227338791,0.02686301660358572
NRN1,cnv->rna,2.0,0.1325850635766983,0.027050929882814937
CYB5R1,cnv->rna,-2.0,-0.37780526280403137,0.026716907839597907
CYB5R1,cnv->rna,-1.5,-0.3207886517047882,0.027040325109008
CYB5R1,cnv->rna,-1.0,-0.22034740447998047,0.027452422783469075
CYB5R1,cnv->rna,-0.5,-0.04594673216342926,0.02766269849262698
CYB5R1,cnv->rna,0.0,0.09505721926689148,0.026717936498298456
CYB5R1,cnv->rna,0.5,0.21102415025234222,0.027262014135146364
CYB5R1,cnv->rna,1.0,0.2982674539089203,0.026685204665621434
CYB5R1,cnv->rna,1.5,0.3665783703327179,0.02621417923140578
CYB5R1,cnv->rna,2.0,0.4183712601661682,0.025838810338894624
EFR3A,cnv->rna,-2.0,-0.3971356153488159,0.028400458179001466
EFR3A,cnv->rna,-1.5,-0.35283803939819336,0.02882798791333244
EFR3A,cnv->rna,-1.0,-0.2724476754665375,0.029456871050211043
EFR3A,cnv->rna,-0.5,-0.11303743720054626,0.029912741203486817
EFR3A,cnv->rna,0.0,0.060494937002658844,0.02924085926118058
EFR3A,cnv->rna,0.5,0.17510153353214264,0.02937648965433737
EFR3A,cnv->rna,1.0,0.32252874970436096,0.030516267467524543
EFR3A,cnv->rna,1.5,0.42840057611465454,0.03133327092298946
EFR3A,cnv->rna,2.0,0.49528390169143677,0.031776043112726464
ISM1,cnv->rna,-2.0,-0.20698098838329315,0.027611004034201053
ISM1,cnv->rna,-1.5,-0.18659807741641998,0.02794504787103462
ISM1,cnv->rna,-1.0,-0.15052036941051483,0.02839604497165271
ISM1,cnv->rna,-0.5,-0.07806502282619476,0.02874317369585513
ISM1,cnv->rna,0.0,0.0021905414760112762,0.028002380338058686
ISM1,cnv->rna,0.5,0.03163731098175049,0.027310175848331633
ISM1,cnv->rna,1.0,0.1002371609210968,0.027864439821548966
ISM1,cnv->rna,1.5,0.1606529802083969,0.02816572131464236
ISM1,cnv->rna,2.0,0.20760931074619293,0.028307225087455888
RARRES1,cnv->rna,-2.0,-0.15661975741386414,0.025207471061432295
RARRES1,cnv->rna,-1.5,-0.14050623774528503,0.025607924406577616
RARRES1,cnv->rna,-1.0,-0.11204056441783905,0.026194687020775025
RARRES1,cnv->rna,-0.5,-0.051875367760658264,0.026933196407558386
RARRES1,cnv->rna,0.0,0.022729353979229927,0.025747987621338047
RARRES1,cnv->rna,0.5,0.060576800256967545,0.026899342203629707
RARRES1,cnv->rna,1.0,0.1027623862028122,0.028264306918409438
RARRES1,cnv->rna,1.5,0.1386318951845169,0.029025337828522207
RARRES1,cnv->rna,2.0,0.16656549274921417,0.029443049538603234
GAPDH,cnv->rna,-2.0,-0.42123615741729736,0.01760453583045993
GAPDH,cnv->rna,-1.5,-0.37458622455596924,0.018458042503943613
GAPDH,cnv->rna,-1.0,-0.2859227657318115,0.019796623866543572
GAPDH,cnv->rna,-0.5,-0.10410521924495697,0.02157568255105918
GAPDH,cnv->rna,0.0,0.04673883318901062,0.021934137417775914
GAPDH,cnv->rna,0.5,0.14471139013767242,0.023573518634543798
GAPDH,cnv->rna,1.0,0.26602163910865784,0.025775024782013933
GAPDH,cnv->rna,1.5,0.3582126498222351,0.026992494658794094
GAPDH,cnv->rna,2.0,0.42152735590934753,0.02762774153170152
ASAP1,cnv->rna,-2.0,-0.39816105365753174,0.028010855875529952
ASAP1,cnv->rna,-1.5,-0.3572036325931549,0.028595386823393965
ASAP1,cnv->rna,-1.0,-0.2856406271457672,0.02949933591203352
ASAP1,cnv->rna,-0.5,-0.15532298386096954,0.03067678835012832
ASAP1,cnv->rna,0.0,-0.03218868374824524,0.029511710327503264
ASAP1,cnv->rna,0.5,0.005245728883892298,0.02998747369395408
ASAP1,cnv->rna,1.0,0.07676846534013748,0.030649546329456982
ASAP1,cnv->rna,1.5,0.13684353232383728,0.030757058598557648
ASAP1,cnv->rna,2.0,0.17992156744003296,0.030664760453161508
RTP4,cnv->rna,-2.0,-0.3832177519798279,0.016767080155555798
RTP4,cnv->rna,-1.5,-0.33871445059776306,0.01766588813005426
RTP4,cnv->rna,-1.0,-0.26149314641952515,0.019059511450580238
RTP4,cnv->rna,-0.5,-0.1242581158876419,0.020931722590260233
RTP4,cnv->rna,0.0,0.03130365163087845,0.020884478388331178
RTP4,cnv->rna,0.5,0.12044832855463028,0.022338406825176876
RTP4,cnv->rna,1.0,0.2550394833087921,0.024883803165432025
RTP4,cnv->rna,1.5,0.36593109369277954,0.026055656823438453
RTP4,cnv->rna,2.0,0.4430866837501526,0.0265034546211489
TFAP2C,cnv->rna,-2.0,-0.3423526883125305,0.017968113286743706
TFAP2C,cnv->rna,-1.5,-0.3034820556640625,0.018696279423118575
TFAP2C,cnv->rna,-1.0,-0.23178981244564056,0.019884114340131633
TFAP2C,cnv->rna,-0.5,-0.08616477251052856,0.021377722414606372
TFAP2C,cnv->rna,0.0,0.04997162148356438,0.020373357058410625
TFAP2C,cnv->rna,0.5,0.12171090394258499,0.02162688665311302
TFAP2C,cnv->rna,1.0,0.24215176701545715,0.02315138282030575
TFAP2C,cnv->rna,1.5,0.34358957409858704,0.02378304900201613
TFAP2C,cnv->rna,2.0,0.4172544777393341,0.023990890364206843
ADAMTS2,cnv->rna,-2.0,-0.17395097017288208,0.03637970269703856
ADAMTS2,cnv->rna,-1.5,-0.15508055686950684,0.03677538106080061
ADAMTS2,cnv->rna,-1.0,-0.1280781328678131,0.037288010508985524
ADAMTS2,cnv->rna,-0.5,-0.08914044499397278,0.037839497975456035
ADAMTS2,cnv->rna,0.0,-0.03714169189333916,0.03736300670221288
ADAMTS2,cnv->rna,0.5,-0.020850414410233498,0.03721051676730302
ADAMTS2,cnv->rna,1.0,0.004135769326239824,0.03735671706448029
ADAMTS2,cnv->rna,1.5,0.030723586678504944,0.037358124932108584
ADAMTS2,cnv->rna,2.0,0.05261549726128578,0.037313556986290276
TMEM147,cnv->rna,-2.0,-0.45986852049827576,0.018737177323912037
TMEM147,cnv->rna,-1.5,-0.41325467824935913,0.01952062950671814
TMEM147,cnv->rna,-1.0,-0.32245969772338867,0.020855451470465455
TMEM147,cnv->rna,-0.5,-0.12679451704025269,0.023002663181056794
TMEM147,cnv->rna,0.0,0.07888078689575195,0.023810295381410773
TMEM147,cnv->rna,0.5,0.2608490288257599,0.025366754066616766
TMEM147,cnv->rna,1.0,0.449713796377182,0.0274397388986445
TMEM147,cnv->rna,1.5,0.5969857573509216,0.02858859375311936
TMEM147,cnv->rna,2.0,0.7028839588165283,0.02915501420564107
SSH3,cnv->rna,-2.0,-0.3766658902168274,0.026289397719521816
SSH3,cnv->rna,-1.5,-0.33197498321533203,0.02661624966289815
SSH3,cnv->rna,-1.0,-0.2479545623064041,0.027123450321203686
SSH3,cnv->rna,-0.5,-0.07925420999526978,0.027747113886921658
SSH3,cnv->rna,0.0,0.06333169341087341,0.027931302637084692
SSH3,cnv->rna,0.5,0.15808595716953278,0.027695229824031862
SSH3,cnv->rna,1.0,0.27584144473075867,0.028740870110587163
SSH3,cnv->rna,1.5,0.3746212124824524,0.02951963230711449
SSH3,cnv->rna,2.0,0.4499969482421875,0.030030808121076388
PPP1R2,cnv->rna,-2.0,-0.43812504410743713,0.022037299681015782
PPP1R2,cnv->rna,-1.5,-0.3834978938102722,0.02249198862027525
PPP1R2,cnv->rna,-1.0,-0.28309303522109985,0.023275201073299445
PPP1R2,cnv->rna,-0.5,-0.08778081834316254,0.024630785815521625
PPP1R2,cnv->rna,0.0,0.08251700550317764,0.024315501923803166
PPP1R2,cnv->rna,0.5,0.2730618417263031,0.025670134284982677
PPP1R2,cnv->rna,1.0,0.44461002945899963,0.02611881690352453
PPP1R2,cnv->rna,1.5,0.5712037682533264,0.02618830584985297
PPP1R2,cnv->rna,2.0,0.6590373516082764,0.026131707827706206
CFH,cnv->rna,-2.0,-0.18392668664455414,0.030944507673754625
CFH,cnv->rna,-1.5,-0.16441217064857483,0.031119965901132907
CFH,cnv->rna,-1.0,-0.1351306289434433,0.031293545518765696
CFH,cnv->rna,-0.5,-0.09373623132705688,0.031171150388931864
CFH,cnv->rna,0.0,-0.052720315754413605,0.029788973075811156
CFH,cnv->rna,0.5,-0.057202570140361786,0.030240935633641837
CFH,cnv->rna,1.0,-0.03601875528693199,0.03009414908817972
CFH,cnv->rna,1.5,-0.015596871264278889,0.029953425526838218
CFH,cnv->rna,2.0,-0.00042059586849063635,0.029855617955181508
CD93,cnv->rna,-2.0,-0.17124155163764954,0.031547796387372096
CD93,cnv->rna,-1.5,-0.14530155062675476,0.031743814712591446
CD93,cnv->rna,-1.0,-0.10408404469490051,0.03196304759814608
CD93,cnv->rna,-0.5,-0.04085242375731468,0.031914029395830906
CD93,cnv->rna,0.0,0.0070996894501149654,0.031003954121582786
CD93,cnv->rna,0.5,0.011866454966366291,0.03073342560078485
CD93,cnv->rna,1.0,0.03755039721727371,0.030744651492663092
CD93,cnv->rna,1.5,0.05982793867588043,0.030540087890399557
CD93,cnv->rna,2.0,0.07628943026065826,0.030292749956958714
SNRPE,cnv->rna,-2.0,-0.4495284855365753,0.01746108588768964
SNRPE,cnv->rna,-1.5,-0.3995129466056824,0.018136822031080458
SNRPE,cnv->rna,-1.0,-0.30496492981910706,0.019241880433762425
SNRPE,cnv->rna,-0.5,-0.11273130774497986,0.020725012316767794
SNRPE,cnv->rna,0.0,0.06221674755215645,0.021586670892517167
SNRPE,cnv->rna,0.5,0.18174618482589722,0.021617857557781714
SNRPE,cnv->rna,1.0,0.286109060049057,0.022623319132889275
SNRPE,cnv->rna,1.5,0.3607121706008911,0.023253760513350277
SNRPE,cnv->rna,2.0,0.4139387309551239,0.02359921766716431
INHBA,cnv->rna,-2.0,-0.27799996733665466,0.0341789506087006
INHBA,cnv->rna,-1.5,-0.24996554851531982,0.03458829139066974
INHBA,cnv->rna,-1.0,-0.20693284273147583,0.03509897684825956
INHBA,cnv->rna,-0.5,-0.1431051343679428,0.03546814763622757
INHBA,cnv->rna,0.0,-0.08454751968383789,0.034448317529737114
INHBA,cnv->rna,0.5,-0.0688457265496254,0.03417814206552708
INHBA,cnv->rna,1.0,-0.0445890799164772,0.03421977441119784
INHBA,cnv->rna,1.5,-0.01918436773121357,0.03406996944984534
INHBA,cnv->rna,2.0,0.002077288692817092,0.0338857719822357
DSTN,cnv->rna,-2.0,-0.49997851252555847,0.020583674175439947
DSTN,cnv->rna,-1.5,-0.45709261298179626,0.02124571847924135
DSTN,cnv->rna,-1.0,-0.3693193197250366,0.02240314476310024
DSTN,cnv->rna,-0.5,-0.1621769368648529,0.023967004560482216
DSTN,cnv->rna,0.0,0.030916959047317505,0.02382278530304817
DSTN,cnv->rna,0.5,0.14319992065429688,0.024713841288144394
DSTN,cnv->rna,1.0,0.30923640727996826,0.026475319062199545
DSTN,cnv->rna,1.5,0.4502173364162445,0.02758460324712805
DSTN,cnv->rna,2.0,0.5526332855224609,0.028169033944355992
CLDN3,cnv->rna,-2.0,-0.26888805627822876,0.023034930809701575
CLDN3,cnv->rna,-1.5,-0.2208925187587738,0.023496192703708625
CLDN3,cnv->rna,-1.0,-0.13848264515399933,0.024115942135896542
CLDN3,cnv->rna,-0.5,0.00595815060660243,0.02471412242579772
CLDN3,cnv->rna,0.0,0.13224083185195923,0.024535482330405027
CLDN3,cnv->rna,0.5,0.23311835527420044,0.025942140412981825
CLDN3,cnv->rna,1.0,0.3390755355358124,0.027141140199746824
CLDN3,cnv->rna,1.5,0.4287241995334625,0.02783735035619339
CLDN3,cnv->rna,2.0,0.4967799782752991,0.02820482560079482
LY96,cnv->rna,-2.0,-0.23073512315750122,0.02936047788426759
LY96,cnv->rna,-1.5,-0.20366676151752472,0.029856127925808478
LY96,cnv->rna,-1.0,-0.15988276898860931,0.0305501652586863
LY96,cnv->rna,-0.5,-0.08980554342269897,0.03107797178142763
LY96,cnv->rna,0.0,-0.019121555611491203,0.02914229763039169
LY96,cnv->rna,0.5,-0.023768600076436996,0.028315506661739973
LY96,cnv->rna,1.0,-0.001639693509787321,0.029328757275397885
LY96,cnv->rna,1.5,0.020840521901845932,0.029724760364046338
LY96,cnv->rna,2.0,0.03890863433480263,0.029798549190917543
ALDOC,cnv->rna,-2.0,-0.35166603326797485,0.0185037458971835
ALDOC,cnv->rna,-1.5,-0.3122410476207733,0.019277981559556078
ALDOC,cnv->rna,-1.0,-0.23829352855682373,0.020587137181107686
ALDOC,cnv->rna,-0.5,-0.07953289151191711,0.022692311184760675
ALDOC,cnv->rna,0.0,0.08917751163244247,0.02260577745093859
ALDOC,cnv->rna,0.5,0.1674748957157135,0.023506097902424722
ALDOC,cnv->rna,1.0,0.31094327569007874,0.02535280615203304
ALDOC,cnv->rna,1.5,0.43489745259284973,0.026157986570526603
ALDOC,cnv->rna,2.0,0.5255576372146606,0.026447129019208846
FKBP10,cnv->rna,-2.0,-0.41020214557647705,0.020984436989940094
FKBP10,cnv->rna,-1.5,-0.36561405658721924,0.021484121029901992
FKBP10,cnv->rna,-1.0,-0.28600260615348816,0.022158875370867817
FKBP10,cnv->rna,-0.5,-0.14003147184848785,0.022758711975625814
FKBP10,cnv->rna,0.0,0.006611288525164127,0.023164581034480596
FKBP10,cnv->rna,0.5,0.09338702261447906,0.023799461774630198
FKBP10,cnv->rna,1.0,0.19610600173473358,0.02549005799026019
FKBP10,cnv->rna,1.5,0.28978875279426575,0.026572893442159306
FKBP10,cnv->rna,2.0,0.3633122444152832,0.027187007045110737
ATP6V1C1,cnv->rna,-2.0,-0.46245795488357544,0.02332391198562145
ATP6V1C1,cnv->rna,-1.5,-0.41759568452835083,0.02392746222263736
ATP6V1C1,cnv->rna,-1.0,-0.3338770270347595,0.024904692346882806
ATP6V1C1,cnv->rna,-0.5,-0.15908116102218628,0.026208748262164742
ATP6V1C1,cnv->rna,0.0,0.05374394729733467,0.026848386548804386
ATP6V1C1,cnv->rna,0.5,0.22802479565143585,0.02765720868062129
ATP6V1C1,cnv->rna,1.0,0.44547224044799805,0.029274427968732628
ATP6V1C1,cnv->rna,1.5,0.5956586003303528,0.029944169777894925
ATP6V1C1,cnv->rna,2.0,0.6855292320251465,0.03008717513088786
CCDC3,cnv->rna,-2.0,-0.08566914498806,0.0251602050658867
CCDC3,cnv->rna,-1.5,-0.08330901712179184,0.02525530369100785
CCDC3,cnv->rna,-1.0,-0.07988950610160828,0.025459006445418174
CCDC3,cnv->rna,-0.5,-0.07105429470539093,0.02587853574311839
CCDC3,cnv->rna,0.0,-0.04327705129981041,0.025440093944987308
CCDC3,cnv->rna,0.5,-0.05643334239721298,0.025800133207626287
CCDC3,cnv->rna,1.0,-0.04223189502954483,0.026260776162923685
CCDC3,cnv->rna,1.5,-0.026960281655192375,0.02658043403348113
CCDC3,cnv->rna,2.0,-0.014850672334432602,0.026793494966832473
NME4,cnv->rna,-2.0,-0.2708807587623596,0.0281922615808612
NME4,cnv->rna,-1.5,-0.2306990623474121,0.02873911790381758
NME4,cnv->rna,-1.0,-0.1640908122062683,0.029455214735354222
NME4,cnv->rna,-0.5,-0.05265288054943085,0.030094057554990266
NME4,cnv->rna,0.0,0.06516788899898529,0.02929575956059911
NME4,cnv->rna,0.5,0.1306016892194748,0.03012509166493905
NME4,cnv->rna,1.0,0.22422325611114502,0.030855068850848148
NME4,cnv->rna,1.5,0.3046562075614929,0.031044930479395782
NME4,cnv->rna,2.0,0.3660951554775238,0.030990520536349337
ID1,cnv->rna,-2.0,-0.05393916741013527,0.02257053063491319
ID1,cnv->rna,-1.5,-0.034277185797691345,0.022821617070398408
ID1,cnv->rna,-1.0,-0.0035365838557481766,0.02312529804067253
ID1,cnv->rna,-0.5,0.04499809071421623,0.023273625394823815
ID1,cnv->rna,0.0,0.09348316490650177,0.022301061283878956
ID1,cnv->rna,0.5,0.12977264821529388,0.022716787595493455
ID1,cnv->rna,1.0,0.16473014652729034,0.023431001458561293
ID1,cnv->rna,1.5,0.19476726651191711,0.023747749881311044
ID1,cnv->rna,2.0,0.21730059385299683,0.02385412452362847
HOXB7,cnv->rna,-2.0,-0.3043421506881714,0.017060464731696985
HOXB7,cnv->rna,-1.5,-0.27513793110847473,0.017472111278295743
HOXB7,cnv->rna,-1.0,-0.22250746190547943,0.01817851321951587
HOXB7,cnv->rna,-0.5,-0.11769840121269226,0.019347043351000393
HOXB7,cnv->rna,0.0,0.010279064998030663,0.01976602562892553
HOXB7,cnv->rna,0.5,0.0678454339504242,0.018431761581761564
HOXB7,cnv->rna,1.0,0.1508142650127411,0.01908208963731264
HOXB7,cnv->rna,1.5,0.22320646047592163,0.019534764846404082
HOXB7,cnv->rna,2.0,0.278929203748703,0.019789904894565193
TM4SF18,cnv->rna,-2.0,-0.21275018155574799,0.021329085600580597
TM4SF18,cnv->rna,-1.5,-0.17995822429656982,0.02137425287085367
TM4SF18,cnv->rna,-1.0,-0.12040065973997116,0.021371650713039148
TM4SF18,cnv->rna,-0.5,-0.0026036787312477827,0.02106667956066603
TM4SF18,cnv->rna,0.0,0.07712486386299133,0.019947400823193625
TM4SF18,cnv->rna,0.5,0.16502733528614044,0.020343397373757115
TM4SF18,cnv->rna,1.0,0.2343839406967163,0.021226006153083572
TM4SF18,cnv->rna,1.5,0.2825353443622589,0.021677227727951994
TM4SF18,cnv->rna,2.0,0.316575288772583,0.02186474654272189
CDC42SE1,cnv->rna,-2.0,-0.46081674098968506,0.022073285300641787
CDC42SE1,cnv->rna,-1.5,-0.40158361196517944,0.022601449238694327
CDC42SE1,cnv->rna,-1.0,-0.29688796401023865,0.02338315793217747
CDC42SE1,cnv->rna,-0.5,-0.10789061337709427,0.024404097333749656
CDC42SE1,cnv->rna,0.0,0.07752995193004608,0.024767096169514374
CDC42SE1,cnv->rna,0.5,0.20695969462394714,0.025461381949620717
CDC42SE1,cnv->rna,1.0,0.3183104693889618,0.026016484977074726
CDC42SE1,cnv->rna,1.5,0.414282888174057,0.026386869669483854
CDC42SE1,cnv->rna,2.0,0.4874688684940338,0.026531356988401308
SCNN1A,cnv->rna,-2.0,-0.2692824602127075,0.028262731239933808
SCNN1A,cnv->rna,-1.5,-0.23667281866073608,0.029014560885144626
SCNN1A,cnv->rna,-1.0,-0.1781424880027771,0.03023870396730844
SCNN1A,cnv->rna,-0.5,-0.06946338713169098,0.031847221064336524
SCNN1A,cnv->rna,0.0,0.04223217815160751,0.03189885014191284
SCNN1A,cnv->rna,0.5,0.10219206660985947,0.03287592117275757
SCNN1A,cnv->rna,1.0,0.1946578472852707,0.03447838618247331
SCNN1A,cnv->rna,1.5,0.27906692028045654,0.03551267853289776
SCNN1A,cnv->rna,2.0,0.34430497884750366,0.036097008979489635
CMTM3,cnv->rna,-2.0,-0.17998576164245605,0.03337757099693111
CMTM3,cnv->rna,-1.5,-0.15605852007865906,0.033858407917311754
CMTM3,cnv->rna,-1.0,-0.12106000632047653,0.03446833714588807
CMTM3,cnv->rna,-0.5,-0.06889446824789047,0.03490224587177944
CMTM3,cnv->rna,0.0,-0.008883384056389332,0.03399158434924647
CMTM3,cnv->rna,0.5,-0.004079646430909634,0.0334817771744031
CMTM3,cnv->rna,1.0,0.026821088045835495,0.034279026895838824
CMTM3,cnv->rna,1.5,0.05814611539244652,0.034629280824652664
CMTM3,cnv->rna,2.0,0.08436588197946548,0.034747354280327186
S100A10,cnv->rna,-2.0,-0.28046271204948425,0.02047224559344757
S100A10,cnv->rna,-1.5,-0.24654166400432587,0.021307900025944914
S100A10,cnv->rna,-1.0,-0.18658678233623505,0.022559758050258918
S100A10,cnv->rna,-0.5,-0.07768543809652328,0.023915137932485647
S100A10,cnv->rna,0.0,0.019279547035694122,0.02337165308200755
S100A10,cnv->rna,0.5,0.05459180101752281,0.024070519880309983
S100A10,cnv->rna,1.0,0.1021217480301857,0.0255022929265841
S100A10,cnv->rna,1.5,0.14367838203907013,0.026166747604374502
S100A10,cnv->rna,2.0,0.17445988953113556,0.026436589626251523
SKAP1,cnv->rna,-2.0,-0.4232955276966095,0.019781505634751808
SKAP1,cnv->rna,-1.5,-0.37406155467033386,0.0203538822826731
SKAP1,cnv->rna,-1.0,-0.27944374084472656,0.021361126575613395
SKAP1,cnv->rna,-0.5,-0.08604218810796738,0.02294225127601604
SKAP1,cnv->rna,0.0,0.09938967972993851,0.02350824893237693
SKAP1,cnv->rna,0.5,0.2480546087026596,0.023886745208861155
SKAP1,cnv->rna,1.0,0.429828405380249,0.025001024490699957
SKAP1,cnv->rna,1.5,0.5799619555473328,0.025657432965264872
SKAP1,cnv->rna,2.0,0.6910538077354431,0.02594122072236396
VEZF1,cnv->rna,-2.0,-0.4807069003582001,0.026511186996296253
VEZF1,cnv->rna,-1.5,-0.4340411126613617,0.02706407797167175
VEZF1,cnv->rna,-1.0,-0.3420271575450897,0.027973706476780866
VEZF1,cnv->rna,-0.5,-0.13642656803131104,0.029239479725253786
VEZF1,cnv->rna,0.0,0.03950496390461922,0.029427445309162692
VEZF1,cnv->rna,0.5,0.17199479043483734,0.02969341896410438
VEZF1,cnv->rna,1.0,0.3656872510910034,0.031472466751811715
VEZF1,cnv->rna,1.5,0.5165637135505676,0.03284413954176156
VEZF1,cnv->rna,2.0,0.6211515069007874,0.0336914600971912
TMEM97,cnv->rna,-2.0,-0.5389829277992249,0.015008710151218832
TMEM97,cnv->rna,-1.5,-0.49156755208969116,0.015712368276116943
TMEM97,cnv->rna,-1.0,-0.3991660177707672,0.017059809833520047
TMEM97,cnv->rna,-0.5,-0.19285966455936432,0.019849551843665495
TMEM97,cnv->rna,0.0,0.06957977265119553,0.022338480923473104
TMEM97,cnv->rna,0.5,0.30956026911735535,0.023382981403883518
TMEM97,cnv->rna,1.0,0.6011274456977844,0.026153547210838003
TMEM97,cnv->rna,1.5,0.8133530020713806,0.027749676816226417
TMEM97,cnv->rna,2.0,0.9492998719215393,0.028473913563539652
SELENBP1,cnv->rna,-2.0,-0.284974604845047,0.02413790792200425
SELENBP1,cnv->rna,-1.5,-0.23763519525527954,0.02441468903138667
SELENBP1,cnv->rna,-1.0,-0.15326271951198578,0.024754473306816103
SELENBP1,cnv->rna,-0.5,0.002513520885258913,0.024719246105045587
SELENBP1,cnv->rna,0.0,0.09830131381750107,0.024115815732920626
SELENBP1,cnv->rna,0.5,0.1737821251153946,0.02401802123743384
SELENBP1,cnv->rna,1.0,0.23117457330226898,0.02396146680252015
SELENBP1,cnv->rna,1.5,0.276335209608078,0.023963822692467805
SELENBP1,cnv->rna,2.0,0.3125523626804352,0.023971803514843678
SFRP4,cnv->rna,-2.0,-0.1167343482375145,0.03087264104386199
SFRP4,cnv->rna,-1.5,-0.10030096769332886,0.03109680800420062
SFRP4,cnv->rna,-1.0,-0.07696229219436646,0.03136792495264505
SFRP4,cnv->rna,-0.5,-0.04627012461423874,0.03152331997663931
SFRP4,cnv->rna,0.0,-0.007883048616349697,0.03119735721281769
SFRP4,cnv->rna,0.5,0.00017554874648340046,0.030820177270772305
SFRP4,cnv->rna,1.0,0.020585797727108,0.03125342782944426
SFRP4,cnv->rna,1.5,0.040947940200567245,0.031519434174810755
SFRP4,cnv->rna,2.0,0.056784216314554214,0.03166666095132692
CHCHD2,cnv->rna,-2.0,-0.4163486361503601,0.019728165758277336
CHCHD2,cnv->rna,-1.5,-0.36058053374290466,0.02045180971922076
CHCHD2,cnv->rna,-1.0,-0.26114770770072937,0.021581558110077573
CHCHD2,cnv->rna,-0.5,-0.08217042684555054,0.02307188406590183
CHCHD2,cnv->rna,0.0,0.07141060382127762,0.022850707189752087
CHCHD2,cnv->rna,0.5,0.18694207072257996,0.02434762353521715
CHCHD2,cnv->rna,1.0,0.3216687738895416,0.026304801447690217
CHCHD2,cnv->rna,1.5,0.4308422803878784,0.027243380593007172
CHCHD2,cnv->rna,2.0,0.5092196464538574,0.02758561447093537
LPL,cnv->rna,-2.0,-0.15835818648338318,0.02988165696822
LPL,cnv->rna,-1.5,-0.1432640254497528,0.03006638620007315
LPL,cnv->rna,-1.0,-0.11876826733350754,0.03026136714914534
LPL,cnv->rna,-0.5,-0.07577785104513168,0.030093233756285163
LPL,cnv->rna,0.0,-0.032601747661828995,0.028798294110800683
LPL,cnv->rna,0.5,-0.04324980452656746,0.029356988726260004
LPL,cnv->rna,1.0,-0.027595948427915573,0.029518435837566605
LPL,cnv->rna,1.5,-0.010479463264346123,0.02952528339188255
LPL,cnv->rna,2.0,0.0033992573153227568,0.029486904833160774
CACNG4,cnv->rna,-2.0,-0.4253949522972107,0.022614353239045926
CACNG4,cnv->rna,-1.5,-0.38280799984931946,0.02338502346575304
CACNG4,cnv->rna,-1.0,-0.29804283380508423,0.024695392991745765
CACNG4,cnv->rna,-0.5,-0.11235889047384262,0.02641313533613433
CACNG4,cnv->rna,0.0,0.07348397374153137,0.026091280669029944
CACNG4,cnv->rna,0.5,0.19030876457691193,0.02678857832694171
CACNG4,cnv->rna,1.0,0.3861435651779175,0.02793562431124399
CACNG4,cnv->rna,1.5,0.5606625080108643,0.02836901870778509
CACNG4,cnv->rna,2.0,0.6887547969818115,0.028383509283420587
SLC7A2,cnv->rna,-2.0,-0.31175777316093445,0.025102177382495105
SLC7A2,cnv->rna,-1.5,-0.27359887957572937,0.025738673029630104
SLC7A2,cnv->rna,-1.0,-0.20555049180984497,0.026806174492933738
SLC7A2,cnv->rna,-0.5,-0.07803276926279068,0.02843298515168304
SLC7A2,cnv->rna,0.0,0.04369209334254265,0.02855796282507651
SLC7A2,cnv->rna,0.5,0.12576958537101746,0.02911415117463407
SLC7A2,cnv->rna,1.0,0.23747099936008453,0.029959584402871595
SLC7A2,cnv->rna,1.5,0.3308239281177521,0.030593756850483742
SLC7A2,cnv->rna,2.0,0.4006941020488739,0.03101606265493078
ADAMTS12,cnv->rna,-2.0,-0.24736912548542023,0.03434432275034553
ADAMTS12,cnv->rna,-1.5,-0.21508921682834625,0.034776437861595906
ADAMTS12,cnv->rna,-1.0,-0.16406680643558502,0.03529443725689556
ADAMTS12,cnv->rna,-0.5,-0.08302086591720581,0.035624671569558446
ADAMTS12,cnv->rna,0.0,-0.01579526998102665,0.03536433156449159
ADAMTS12,cnv->rna,0.5,0.0252416729927063,0.035281223787189134
ADAMTS12,cnv->rna,1.0,0.07193519920110703,0.03580551282022138
ADAMTS12,cnv->rna,1.5,0.11156520992517471,0.03593092200722229
ADAMTS12,cnv->rna,2.0,0.14186465740203857,0.03589391208761904
MDFIC,cnv->rna,-2.0,-0.1929972916841507,0.028180475593037952
MDFIC,cnv->rna,-1.5,-0.16638673841953278,0.028455665768413168
MDFIC,cnv->rna,-1.0,-0.12330660969018936,0.028763032039243706
MDFIC,cnv->rna,-0.5,-0.052054405212402344,0.028732165740142257
MDFIC,cnv->rna,0.0,0.0123941320925951,0.027051139101533693
MDFIC,cnv->rna,0.5,0.04409671574831009,0.027670352410754797
MDFIC,cnv->rna,1.0,0.10435128957033157,0.02825423608820766
MDFIC,cnv->rna,1.5,0.15522143244743347,0.028411010648128714
MDFIC,cnv->rna,2.0,0.19326239824295044,0.02839165355792049
SLC2A10,cnv->rna,-2.0,-0.3651077449321747,0.026103142934511072
SLC2A10,cnv->rna,-1.5,-0.3254610300064087,0.026523147333051795
SLC2A10,cnv->rna,-1.0,-0.25580355525016785,0.027070049422602906
SLC2A10,cnv->rna,-0.5,-0.12889619171619415,0.0273869416832218
SLC2A10,cnv->rna,0.0,-0.027310550212860107,0.026817631397147275
SLC2A10,cnv->rna,0.5,0.043558232486248016,0.027096958000941224
SLC2A10,cnv->rna,1.0,0.1241794303059578,0.02799966703279982
SLC2A10,cnv->rna,1.5,0.19675110280513763,0.02870051269148382
SLC2A10,cnv->rna,2.0,0.2529986500740051,0.02913080803575335
ZNF83,cnv->rna,-2.0,-0.333130806684494,0.022089011574334936
ZNF83,cnv->rna,-1.5,-0.28051745891571045,0.022291234542182393
ZNF83,cnv->rna,-1.0,-0.18747860193252563,0.022592346045066797
ZNF83,cnv->rna,-0.5,-0.01958766020834446,0.02302528931374558
ZNF83,cnv->rna,0.0,0.11096283048391342,0.022568004754756545
ZNF83,cnv->rna,0.5,0.23979301750659943,0.024036000971076922
ZNF83,cnv->rna,1.0,0.38041752576828003,0.02471685098658816
ZNF83,cnv->rna,1.5,0.4934956729412079,0.025004145336588065
ZNF83,cnv->rna,2.0,0.5772480964660645,0.02508289656994476
RGS5,cnv->rna,-2.0,-0.2299690842628479,0.026744755722808974
RGS5,cnv->rna,-1.5,-0.2013247013092041,0.02681484181423053
RGS5,cnv->rna,-1.0,-0.15261292457580566,0.026831788530449756
RGS5,cnv->rna,-0.5,-0.07151743024587631,0.026421181539359816
RGS5,cnv->rna,0.0,-0.021960699930787086,0.02474317767536494
RGS5,cnv->rna,0.5,-0.0002749922568909824,0.02515173170777709
RGS5,cnv->rna,1.0,0.03738446533679962,0.024928286116145837
RGS5,cnv->rna,1.5,0.06469153612852097,0.024750108045423727
RGS5,cnv->rna,2.0,0.0830715000629425,0.02463249879378144
MAPK3,cnv->rna,-2.0,-0.4113735556602478,0.024069022658853887
MAPK3,cnv->rna,-1.5,-0.3630346953868866,0.02454763663034775
MAPK3,cnv->rna,-1.0,-0.2696133255958557,0.025151982334367266
MAPK3,cnv->rna,-0.5,-0.08000485599040985,0.025188844057378063
MAPK3,cnv->rna,0.0,0.08116192370653152,0.024154994117369315
MAPK3,cnv->rna,0.5,0.1918434500694275,0.02474255437793198
MAPK3,cnv->rna,1.0,0.3160639703273773,0.025355905204304613
MAPK3,cnv->rna,1.5,0.4096970856189728,0.025415981487650695
MAPK3,cnv->rna,2.0,0.4734569787979126,0.025226272414418823
CST7,cnv->rna,-2.0,-0.15706637501716614,0.02724751920078756
CST7,cnv->rna,-1.5,-0.12285928428173065,0.02772583242037321
CST7,cnv->rna,-1.0,-0.06764233112335205,0.028443236868902076
CST7,cnv->rna,-0.5,0.01672947034239769,0.029325159149307615
CST7,cnv->rna,0.0,0.0738435909152031,0.02798764349455632
CST7,cnv->rna,0.5,0.09082119166851044,0.027751261212148663
CST7,cnv->rna,1.0,0.11508554965257645,0.02919071214952879
CST7,cnv->rna,1.5,0.13231760263442993,0.03000396492358768
CST7,cnv->rna,2.0,0.14470376074314117,0.030399911348833134
CLEC2B,cnv->rna,-2.0,-0.1472000926733017,0.028876097321838018
CLEC2B,cnv->rna,-1.5,-0.1206996962428093,0.029272220275377424
CLEC2B,cnv->rna,-1.0,-0.07936904579401016,0.02978810568987298
CLEC2B,cnv->rna,-0.5,-0.017947182059288025,0.030104246070721343
CLEC2B,cnv->rna,0.0,0.0358552485704422,0.028655657069927228
CLEC2B,cnv->rna,0.5,0.03198079392313957,0.028588720156095274
CLEC2B,cnv->rna,1.0,0.0457264706492424,0.029538278925423607
CLEC2B,cnv->rna,1.5,0.05986087769269943,0.030061251624017016
CLEC2B,cnv->rna,2.0,0.07125094532966614,0.030309585525733602
TUBB2A,cnv->rna,-2.0,-0.31283825635910034,0.016914561917385447
TUBB2A,cnv->rna,-1.5,-0.2673068940639496,0.017281120740411493
TUBB2A,cnv->rna,-1.0,-0.18473279476165771,0.01786671739612417
TUBB2A,cnv->rna,-0.5,-0.02943255379796028,0.018574771293477805
TUBB2A,cnv->rna,0.0,0.1151931881904602,0.01840675558614693
TUBB2A,cnv->rna,0.5,0.20821072161197662,0.018623174915806635
TUBB2A,cnv->rna,1.0,0.3213575780391693,0.019486862477255607
TUBB2A,cnv->rna,1.5,0.4152013659477234,0.019894475025433355
TUBB2A,cnv->rna,2.0,0.48278164863586426,0.020012988712161933
SNHG9,cnv->rna,-2.0,-0.16454143822193146,0.023089279730621717
SNHG9,cnv->rna,-1.5,-0.12478812038898468,0.023382257855814485
SNHG9,cnv->rna,-1.0,-0.0588688887655735,0.023730711631902362
SNHG9,cnv->rna,-0.5,0.048635758459568024,0.023840281218404126
SNHG9,cnv->rna,0.0,0.1312926560640335,0.023043412885257804
SNHG9,cnv->rna,0.5,0.19206194579601288,0.02384844292779726
SNHG9,cnv->rna,1.0,0.25026774406433105,0.024733087230908276
SNHG9,cnv->rna,1.5,0.30131766200065613,0.02518304477601755
SNHG9,cnv->rna,2.0,0.3407711982727051,0.025395233964707407
MFAP5,cnv->rna,-2.0,-0.21690011024475098,0.029791119747040056
MFAP5,cnv->rna,-1.5,-0.1959797441959381,0.030379699948856656
MFAP5,cnv->rna,-1.0,-0.16074997186660767,0.03125262146563239
MFAP5,cnv->rna,-0.5,-0.10133066773414612,0.032238407763730284
MFAP5,cnv->rna,0.0,-0.04925266653299332,0.03143323606268334
MFAP5,cnv->rna,0.5,-0.05001378059387207,0.03102649307980542
MFAP5,cnv->rna,1.0,-0.036731261759996414,0.031323152146831304
MFAP5,cnv->rna,1.5,-0.021592093631625175,0.03145319683606964
MFAP5,cnv->rna,2.0,-0.008942835964262486,0.03146019476633969
C17orf58,cnv->rna,-2.0,-0.42506033182144165,0.02219387156030304
C17orf58,cnv->rna,-1.5,-0.3835241198539734,0.022562325338286983
C17orf58,cnv->rna,-1.0,-0.3018418550491333,0.023180355254130126
C17orf58,cnv->rna,-0.5,-0.11643357574939728,0.024233819449022236
C17orf58,cnv->rna,0.0,0.05782131478190422,0.024747850226750488
C17orf58,cnv->rna,0.5,0.18972688913345337,0.024731788331362668
C17orf58,cnv->rna,1.0,0.3466343283653259,0.026590053735820594
C17orf58,cnv->rna,1.5,0.4701496958732605,0.028086403447255697
C17orf58,cnv->rna,2.0,0.5600576400756836,0.029066850309302016
ALDH3B2,cnv->rna,-2.0,-0.2790141701698303,0.01739048873596029
ALDH3B2,cnv->rna,-1.5,-0.24338839948177338,0.017561730988219476
ALDH3B2,cnv->rna,-1.0,-0.17871713638305664,0.01777336988809177
ALDH3B2,cnv->rna,-0.5,-0.05769367888569832,0.01777719030907072
ALDH3B2,cnv->rna,0.0,0.04493658244609833,0.017445817279943772
ALDH3B2,cnv->rna,0.5,0.1057218685746193,0.01763438327798827
ALDH3B2,cnv->rna,1.0,0.17589795589447021,0.01837868758740884
ALDH3B2,cnv->rna,1.5,0.24560652673244476,0.01900673384941242
ALDH3B2,cnv->rna,2.0,0.30219322443008423,0.019428608140252025
GOLPH3L,cnv->rna,-2.0,-0.4600200057029724,0.024470456716743375
GOLPH3L,cnv->rna,-1.5,-0.3965637981891632,0.024998540018414728
GOLPH3L,cnv->rna,-1.0,-0.27979087829589844,0.025743371733355495
GOLPH3L,cnv->rna,-0.5,-0.06501328945159912,0.02633204346836155
GOLPH3L,cnv->rna,0.0,0.06890488415956497,0.02545605776910071
GOLPH3L,cnv->rna,0.5,0.20425745844841003,0.026427072353909783
GOLPH3L,cnv->rna,1.0,0.33069029450416565,0.026565089148077384
GOLPH3L,cnv->rna,1.5,0.42929452657699585,0.02660360282722169
GOLPH3L,cnv->rna,2.0,0.5014210343360901,0.026571311225598717
KRT23,cnv->rna,-2.0,-0.26012375950813293,0.024215310130497304
KRT23,cnv->rna,-1.5,-0.23388831317424774,0.024870825066784202
KRT23,cnv->rna,-1.0,-0.18418268859386444,0.025889792146059788
KRT23,cnv->rna,-0.5,-0.07556609809398651,0.02711341218142671
KRT23,cnv->rna,0.0,0.04075046628713608,0.026985466217460893
KRT23,cnv->rna,0.5,0.09138122946023941,0.027695203671692016
KRT23,cnv->rna,1.0,0.18500232696533203,0.02894921926404319
KRT23,cnv->rna,1.5,0.2653115391731262,0.029598817233440274
KRT23,cnv->rna,2.0,0.32695716619491577,0.02987317271330212
BNIP3L,cnv->rna,-2.0,-0.3564660847187042,0.024959457525878807
BNIP3L,cnv->rna,-1.5,-0.31791606545448303,0.025378960671239178
BNIP3L,cnv->rna,-1.0,-0.24671652913093567,0.026016051284105637
BNIP3L,cnv->rna,-0.5,-0.10418606549501419,0.026646183195211812
BNIP3L,cnv->rna,0.0,0.012234843336045742,0.025817204147459773
BNIP3L,cnv->rna,0.5,0.08623704314231873,0.02615755505691917
BNIP3L,cnv->rna,1.0,0.17713749408721924,0.02637594888823713
BNIP3L,cnv->rna,1.5,0.24910233914852142,0.02645334455864522
BNIP3L,cnv->rna,2.0,0.30265262722969055,0.026491633763539194
CCND2,cnv->rna,-2.0,-0.134924054145813,0.02767224845539352
CCND2,cnv->rna,-1.5,-0.1143251284956932,0.027847471311713203
CCND2,cnv->rna,-1.0,-0.0820159986615181,0.02803375006970214
CCND2,cnv->rna,-0.5,-0.031401071697473526,0.02793809352799764
CCND2,cnv->rna,0.0,0.01997077837586403,0.026542003170079667
CCND2,cnv->rna,0.5,0.035644229501485825,0.026566091654438087
CCND2,cnv->rna,1.0,0.08153785020112991,0.0268872859749614
CCND2,cnv->rna,1.5,0.12058160454034805,0.026910454768701957
CCND2,cnv->rna,2.0,0.14879363775253296,0.026812193889821277
COX7A1,cnv->rna,-2.0,-0.04148928076028824,0.02797309843487948
COX7A1,cnv->rna,-1.5,-0.023785825818777084,0.02829205890970774
COX7A1,cnv->rna,-1.0,0.003703146707266569,0.028734063964142638
COX7A1,cnv->rna,-0.5,0.04816942662000656,0.029097245866286262
COX7A1,cnv->rna,0.0,0.10614676773548126,0.028400107301775217
COX7A1,cnv->rna,0.5,0.1144597977399826,0.02910492375739227
COX7A1,cnv->rna,1.0,0.15435045957565308,0.029769071145189504
COX7A1,cnv->rna,1.5,0.19143539667129517,0.030097296086407675
COX7A1,cnv->rna,2.0,0.21958979964256287,0.03024645813607233
SELL,cnv->rna,-2.0,-0.27416715025901794,0.02714386658117561
SELL,cnv->rna,-1.5,-0.23536719381809235,0.027691235054120616
SELL,cnv->rna,-1.0,-0.16985154151916504,0.028428543612632785
SELL,cnv->rna,-0.5,-0.0612410232424736,0.02886659094630455
SELL,cnv->rna,0.0,0.013290153816342354,0.028028037962807777
SELL,cnv->rna,0.5,0.047277145087718964,0.02737548259964661
SELL,cnv->rna,1.0,0.08065258711576462,0.027978888998793378
SELL,cnv->rna,1.5,0.11006656289100647,0.028637056218212838
SELL,cnv->rna,2.0,0.13319732248783112,0.0291065277675694
SHC1,cnv->rna,-2.0,-0.42578598856925964,0.0272086502856937
SHC1,cnv->rna,-1.5,-0.3850626051425934,0.02752511103270516
SHC1,cnv->rna,-1.0,-0.30864962935447693,0.027860458127807644
SHC1,cnv->rna,-0.5,-0.1572907418012619,0.027788730977060843
SHC1,cnv->rna,0.0,-0.008552216924726963,0.02732132328319034
SHC1,cnv->rna,0.5,0.10038977861404419,0.027507512687351476
SHC1,cnv->rna,1.0,0.18603171408176422,0.02703235736280205
SHC1,cnv->rna,1.5,0.2574286162853241,0.02676915803524553
SHC1,cnv->rna,2.0,0.3101122975349426,0.026549602604166143
DSP,cnv->rna,-2.0,-0.35150378942489624,0.016923792603669722
DSP,cnv->rna,-1.5,-0.2904033660888672,0.017211795246207078
DSP,cnv->rna,-1.0,-0.18250173330307007,0.01770261037391922
DSP,cnv->rna,-0.5,0.006129741668701172,0.01852037442660128
DSP,cnv->rna,0.0,0.12942050397396088,0.018172012183702863
DSP,cnv->rna,0.5,0.23009376227855682,0.01822558634155511
DSP,cnv->rna,1.0,0.3551969528198242,0.019228135199812493
DSP,cnv->rna,1.5,0.4522086977958679,0.02007474964206633
DSP,cnv->rna,2.0,0.5192129015922546,0.020651410914998808
PTPRC,cnv->rna,-2.0,-0.24733003973960876,0.033040611174204884
PTPRC,cnv->rna,-1.5,-0.21597571671009064,0.033929601124453396
PTPRC,cnv->rna,-1.0,-0.16132676601409912,0.03520168580427545
PTPRC,cnv->rna,-0.5,-0.062177494168281555,0.03643165867886293
PTPRC,cnv->rna,0.0,0.008248903788626194,0.035225283932261785
PTPRC,cnv->rna,0.5,0.021168751642107964,0.03516538417720966
PTPRC,cnv->rna,1.0,0.054224900901317596,0.03568129138532175
PTPRC,cnv->rna,1.5,0.08268663287162781,0.03570039131085483
PTPRC,cnv->rna,2.0,0.10347268730401993,0.035534075505613855
TRAM1,cnv->rna,-2.0,-0.4668310582637787,0.024448915906158136
TRAM1,cnv->rna,-1.5,-0.41882315278053284,0.025156567711286666
TRAM1,cnv->rna,-1.0,-0.32987457513809204,0.02626409533072228
TRAM1,cnv->rna,-0.5,-0.15301738679409027,0.02766154125158886
TRAM1,cnv->rna,0.0,0.014854309149086475,0.027457426597825987
TRAM1,cnv->rna,0.5,0.1180972158908844,0.028041401808468307
TRAM1,cnv->rna,1.0,0.26288115978240967,0.029174155539045576
TRAM1,cnv->rna,1.5,0.36572265625,0.029727604431004424
TRAM1,cnv->rna,2.0,0.43099337816238403,0.029926089793615773
SEMA3C,cnv->rna,-2.0,-0.2639768421649933,0.027202763829867038
SEMA3C,cnv->rna,-1.5,-0.22924606502056122,0.027400885239082216
SEMA3C,cnv->rna,-1.0,-0.16951759159564972,0.02764314525986992
SEMA3C,cnv->rna,-0.5,-0.06521862000226974,0.02764570818917468
SEMA3C,cnv->rna,0.0,-0.0005006917635910213,0.026728998938052674
SEMA3C,cnv->rna,0.5,0.031823936849832535,0.02746899900820717
SEMA3C,cnv->rna,1.0,0.0706687793135643,0.028065976290475504
SEMA3C,cnv->rna,1.5,0.10418331623077393,0.028459656179601105
SEMA3C,cnv->rna,2.0,0.1315854787826538,0.028743892885200854
STAC2,cnv->rna,-2.0,-0.1082119345664978,0.02728281178340769
STAC2,cnv->rna,-1.5,-0.09216722846031189,0.027681587020079657
STAC2,cnv->rna,-1.0,-0.06237427890300751,0.028324673056855463
STAC2,cnv->rna,-0.5,0.006088328082114458,0.0293899101634009
STAC2,cnv->rna,0.0,0.09880257397890091,0.02971155561178653
STAC2,cnv->rna,0.5,0.11919472366571426,0.02950833231694002
STAC2,cnv->rna,1.0,0.19154395163059235,0.030599728301414896
STAC2,cnv->rna,1.5,0.2535320520401001,0.03133418189616071
STAC2,cnv->rna,2.0,0.30106404423713684,0.03177052932774258
RARRES2,cnv->rna,-2.0,-0.06027362495660782,0.0295506511615317
RARRES2,cnv->rna,-1.5,-0.048449739813804626,0.029761868354924004
RARRES2,cnv->rna,-1.0,-0.03152672201395035,0.030019442750052305
RARRES2,cnv->rna,-0.5,-0.006184887606650591,0.03020219312152389
RARRES2,cnv->rna,0.0,0.03635408356785774,0.029526213979308685
RARRES2,cnv->rna,0.5,0.037984978407621384,0.029642443695024178
RARRES2,cnv->rna,1.0,0.058771613985300064,0.029826671673696976
RARRES2,cnv->rna,1.5,0.08144162595272064,0.029907347283393896
RARRES2,cnv->rna,2.0,0.09989766031503677,0.02993349526451507
CPA3,cnv->rna,-2.0,-0.18072472512722015,0.027937254473760963
CPA3,cnv->rna,-1.5,-0.14068742096424103,0.028095639581944106
CPA3,cnv->rna,-1.0,-0.07437260448932648,0.02827953629764554
CPA3,cnv->rna,-0.5,0.028057008981704712,0.028185564402499357
CPA3,cnv->rna,0.0,0.09166894108057022,0.02681627583419867
CPA3,cnv->rna,0.5,0.11187940090894699,0.02665643491243085
CPA3,cnv->rna,1.0,0.1410759687423706,0.026868512953676368
CPA3,cnv->rna,1.5,0.16227348148822784,0.026868233995384693
CPA3,cnv->rna,2.0,0.17681077122688293,0.02677550869510443
GIT1,cnv->rna,-2.0,-0.5343524217605591,0.016784497613892224
GIT1,cnv->rna,-1.5,-0.4791082739830017,0.017185300746582966
GIT1,cnv->rna,-1.0,-0.3691362142562866,0.01793387224612149
GIT1,cnv->rna,-0.5,-0.1188340038061142,0.019575939526127566
GIT1,cnv->rna,0.0,0.15395832061767578,0.0215085538534017
GIT1,cnv->rna,0.5,0.4122602641582489,0.022315710952915173
GIT1,cnv->rna,1.0,0.7401315569877625,0.02399676592322524
GIT1,cnv->rna,1.5,0.9566972851753235,0.024711984472015433
GIT1,cnv->rna,2.0,1.085404634475708,0.024914434093474876
NPEPPS,cnv->rna,-2.0,-0.5238585472106934,0.02492679979149801
NPEPPS,cnv->rna,-1.5,-0.46673086285591125,0.02550674754180428
NPEPPS,cnv->rna,-1.0,-0.3571842908859253,0.02653771854506848
NPEPPS,cnv->rna,-0.5,-0.1269044280052185,0.028373120266417366
NPEPPS,cnv->rna,0.0,0.06593547761440277,0.028699699789586988
NPEPPS,cnv->rna,0.5,0.22943249344825745,0.029676642238094145
NPEPPS,cnv->rna,1.0,0.43530207872390747,0.03151751197783218
NPEPPS,cnv->rna,1.5,0.5897699594497681,0.03267910084244965
NPEPPS,cnv->rna,2.0,0.6963893175125122,0.033304058948989926
RSAD1,cnv->rna,-2.0,-0.5530134439468384,0.019746182541068528
RSAD1,cnv->rna,-1.5,-0.5188948512077332,0.020203709009201123
RSAD1,cnv->rna,-1.0,-0.44670742750167847,0.020974265909102244
RSAD1,cnv->rna,-0.5,-0.2585465908050537,0.022144790156499908
RSAD1,cnv->rna,0.0,-0.002427380997687578,0.023173411807901414
RSAD1,cnv->rna,0.5,0.1796703040599823,0.022703824752377207
RSAD1,cnv->rna,1.0,0.4538273215293884,0.024107723763100414
RSAD1,cnv->rna,1.5,0.6670207977294922,0.025210679081786553
RSAD1,cnv->rna,2.0,0.8141874670982361,0.025895046587006875
ELOVL2,cnv->rna,-2.0,-0.3124004006385803,0.025179719070133992
ELOVL2,cnv->rna,-1.5,-0.26119011640548706,0.025502556629344197
ELOVL2,cnv->rna,-1.0,-0.16873836517333984,0.026078721007819633
ELOVL2,cnv->rna,-0.5,-0.0001445594389224425,0.026967730572323025
ELOVL2,cnv->rna,0.0,0.12471707910299301,0.02654110091435503
ELOVL2,cnv->rna,0.5,0.2549329996109009,0.027948820346057186
ELOVL2,cnv->rna,1.0,0.3903346657752991,0.02881101286541172
ELOVL2,cnv->rna,1.5,0.4985852539539337,0.029104954268455423
ELOVL2,cnv->rna,2.0,0.577340304851532,0.029092660489366866
SEC62,cnv->rna,-2.0,-0.395877867937088,0.027677683783357866
SEC62,cnv->rna,-1.5,-0.3501754105091095,0.028025915264557066
SEC62,cnv->rna,-1.0,-0.26769179105758667,0.028597206590374808
SEC62,cnv->rna,-0.5,-0.11369588226079941,0.029394316832664694
SEC62,cnv->rna,0.0,-0.0011752326972782612,0.02920261800224299
SEC62,cnv->rna,0.5,0.08816812187433243,0.030027693813273238
SEC62,cnv->rna,1.0,0.17595501244068146,0.031547569733760106
SEC62,cnv->rna,1.5,0.24379032850265503,0.03261830101103454
SEC62,cnv->rna,2.0,0.2921452224254608,0.03329494267919247
PRR15L,cnv->rna,-2.0,-0.41538357734680176,0.02158291585238783
PRR15L,cnv->rna,-1.5,-0.3734465539455414,0.022253464025362
PRR15L,cnv->rna,-1.0,-0.29058822989463806,0.023462826676790373
PRR15L,cnv->rna,-0.5,-0.11025626957416534,0.02535968421741214
PRR15L,cnv->rna,0.0,0.046435512602329254,0.025411361240944837
PRR15L,cnv->rna,0.5,0.10723374783992767,0.02510929517765611
PRR15L,cnv->rna,1.0,0.19627982378005981,0.02587444944001769
PRR15L,cnv->rna,1.5,0.2820093333721161,0.026400665028751817
PRR15L,cnv->rna,2.0,0.35040581226348877,0.02671975408591765
COTL1,cnv->rna,-2.0,-0.26823776960372925,0.022832370040797797
COTL1,cnv->rna,-1.5,-0.23832261562347412,0.02345507032866483
COTL1,cnv->rna,-1.0,-0.18888644874095917,0.024450066609111296
COTL1,cnv->rna,-0.5,-0.10023323446512222,0.025970496087458203
COTL1,cnv->rna,0.0,-0.0037087532691657543,0.02513037178420911
COTL1,cnv->rna,0.5,0.0555153489112854,0.026304478902165467
COTL1,cnv->rna,1.0,0.10459255427122116,0.0280924010505267
COTL1,cnv->rna,1.5,0.14145061373710632,0.02909858399434164
COTL1,cnv->rna,2.0,0.16935217380523682,0.029636790430894462
OLR1,cnv->rna,-2.0,-0.29201576113700867,0.025458812482230996
OLR1,cnv->rna,-1.5,-0.25847160816192627,0.02595727607966682
OLR1,cnv->rna,-1.0,-0.19958822429180145,0.026657461391769745
OLR1,cnv->rna,-0.5,-0.09649544209241867,0.027187963784876715
OLR1,cnv->rna,0.0,-0.01292171236127615,0.025634373139607
OLR1,cnv->rna,0.5,0.012284858152270317,0.025105522702633543
OLR1,cnv->rna,1.0,0.04654915630817413,0.026143541761485832
OLR1,cnv->rna,1.5,0.07538900524377823,0.026775275503407484
OLR1,cnv->rna,2.0,0.0975089892745018,0.027023380572150427
SLAMF7,cnv->rna,-2.0,-0.24061743915081024,0.029131952200621546
SLAMF7,cnv->rna,-1.5,-0.20722556114196777,0.029608388989823355
SLAMF7,cnv->rna,-1.0,-0.15181544423103333,0.030248554681983196
SLAMF7,cnv->rna,-0.5,-0.06330928951501846,0.030649912462214806
SLAMF7,cnv->rna,0.0,-0.020549878478050232,0.02928736465950903
SLAMF7,cnv->rna,0.5,-0.006077395286411047,0.029043267436847254
SLAMF7,cnv->rna,1.0,0.012566900812089443,0.030315888239636123
SLAMF7,cnv->rna,1.5,0.025003433227539062,0.031167417142419065
SLAMF7,cnv->rna,2.0,0.03395936265587807,0.03167627193621976
RAB4A,cnv->rna,-2.0,-0.4172999858856201,0.020201392347763233
RAB4A,cnv->rna,-1.5,-0.35065391659736633,0.020593370155437288
RAB4A,cnv->rna,-1.0,-0.2288055270910263,0.021081793433734484
RAB4A,cnv->rna,-0.5,-0.011531483381986618,0.021307206988939034
RAB4A,cnv->rna,0.0,0.1263108104467392,0.020371018603356196
RAB4A,cnv->rna,0.5,0.2858997881412506,0.021377201547171137
RAB4A,cnv->rna,1.0,0.41054481267929077,0.021716674173884086
RAB4A,cnv->rna,1.5,0.5105489492416382,0.021803310337703895
RAB4A,cnv->rna,2.0,0.5851590633392334,0.021774255088136674
CD55,cnv->rna,-2.0,-0.3354547917842865,0.01949139554949532
CD55,cnv->rna,-1.5,-0.29847168922424316,0.0196913715954778
CD55,cnv->rna,-1.0,-0.23678025603294373,0.019904489192232137
CD55,cnv->rna,-0.5,-0.13285967707633972,0.019861039258942184
CD55,cnv->rna,0.0,-0.027389807626605034,0.0192438636528673
CD55,cnv->rna,0.5,0.05404241383075714,0.01965738227112659
CD55,cnv->rna,1.0,0.11280529201030731,0.0200695584026072
CD55,cnv->rna,1.5,0.1672435849905014,0.020400677536101492
CD55,cnv->rna,2.0,0.20806485414505005,0.020590465066352898
VANGL2,cnv->rna,-2.0,-0.41714200377464294,0.021252757817382825
VANGL2,cnv->rna,-1.5,-0.36544182896614075,0.0219100249604393
VANGL2,cnv->rna,-1.0,-0.26529037952423096,0.022732842952796314
VANGL2,cnv->rna,-0.5,-0.06654609739780426,0.02307917403063348
VANGL2,cnv->rna,0.0,0.10436428338289261,0.022677665874447764
VANGL2,cnv->rna,0.5,0.24878832697868347,0.024136916312451816
VANGL2,cnv->rna,1.0,0.3682057857513428,0.024665631629002743
VANGL2,cnv->rna,1.5,0.46152061223983765,0.02473616448956331
VANGL2,cnv->rna,2.0,0.5297781825065613,0.02463087734871108
DHX9,cnv->rna,-2.0,-0.4080125093460083,0.027609652829975753
DHX9,cnv->rna,-1.5,-0.3413011133670807,0.028066000263453694
DHX9,cnv->rna,-1.0,-0.22740569710731506,0.02869123514892399
DHX9,cnv->rna,-0.5,-0.03895874693989754,0.029313717500625655
DHX9,cnv->rna,0.0,0.06422260403633118,0.02891543044096412
DHX9,cnv->rna,0.5,0.17364580929279327,0.02969195661243474
DHX9,cnv->rna,1.0,0.2776328921318054,0.02996312150683556
DHX9,cnv->rna,1.5,0.3565593957901001,0.030088783499788295
DHX9,cnv->rna,2.0,0.41340571641921997,0.030144960905135895
NDUFS2,cnv->rna,-2.0,-0.5098636150360107,0.01986973273257882
NDUFS2,cnv->rna,-1.5,-0.451051265001297,0.020371506780366627
NDUFS2,cnv->rna,-1.0,-0.33950355648994446,0.02113771367440695
NDUFS2,cnv->rna,-0.5,-0.12121599167585373,0.02195835666383356
NDUFS2,cnv->rna,0.0,0.06406044214963913,0.021790218912250078
NDUFS2,cnv->rna,0.5,0.21133965253829956,0.02250779335098793
NDUFS2,cnv->rna,1.0,0.33215993642807007,0.02305563474541179
NDUFS2,cnv->rna,1.5,0.42731112241744995,0.023382473612618204
NDUFS2,cnv->rna,2.0,0.4976682662963867,0.023517868634716395
CLDN4,cnv->rna,-2.0,-0.30340880155563354,0.021879941052171534
CLDN4,cnv->rna,-1.5,-0.2582201361656189,0.022381146286567722
CLDN4,cnv->rna,-1.0,-0.17780838906764984,0.02314490575747093
CLDN4,cnv->rna,-0.5,-0.030241234228014946,0.02406928418225233
CLDN4,cnv->rna,0.0,0.08756640553474426,0.02457037826920418
CLDN4,cnv->rna,0.5,0.16343866288661957,0.02515215668329956
CLDN4,cnv->rna,1.0,0.24745771288871765,0.02623954264233162
CLDN4,cnv->rna,1.5,0.3171253204345703,0.026894334030549485
CLDN4,cnv->rna,2.0,0.3693794906139374,0.027242184123459287
TBC1D20,cnv->rna,-2.0,-0.45278090238571167,0.02316448514256783
TBC1D20,cnv->rna,-1.5,-0.39337167143821716,0.02345413320315374
TBC1D20,cnv->rna,-1.0,-0.2853024899959564,0.02388722466842497
TBC1D20,cnv->rna,-0.5,-0.08238357305526733,0.024504234643014176
TBC1D20,cnv->rna,0.0,0.08528830856084824,0.02378945196655472
TBC1D20,cnv->rna,0.5,0.24496525526046753,0.024815785288219837
TBC1D20,cnv->rna,1.0,0.41438889503479004,0.025052038988289924
TBC1D20,cnv->rna,1.5,0.5461673736572266,0.02502630944460626
TBC1D20,cnv->rna,2.0,0.6389700770378113,0.024936922926379477
SEZ6L2,cnv->rna,-2.0,-0.32000529766082764,0.015261128176674464
SEZ6L2,cnv->rna,-1.5,-0.2692594528198242,0.015587302338576496
SEZ6L2,cnv->rna,-1.0,-0.18351076543331146,0.016076224690692392
SEZ6L2,cnv->rna,-0.5,-0.03546450659632683,0.016845404234028367
SEZ6L2,cnv->rna,0.0,0.13416750729084015,0.017025096961099804
SEZ6L2,cnv->rna,0.5,0.294946551322937,0.018994309308624637
SEZ6L2,cnv->rna,1.0,0.42863598465919495,0.020501860938959792
SEZ6L2,cnv->rna,1.5,0.5388950705528259,0.021317009757657407
SEZ6L2,cnv->rna,2.0,0.6211589574813843,0.0217141221413876
NET1,cnv->rna,-2.0,-0.5105139017105103,0.015797932194003127
NET1,cnv->rna,-1.5,-0.45478370785713196,0.016279143964588207
NET1,cnv->rna,-1.0,-0.34683793783187866,0.017178163337167075
NET1,cnv->rna,-0.5,-0.12618538737297058,0.01849142814511675
NET1,cnv->rna,0.0,0.04357403144240379,0.018420420183715674
NET1,cnv->rna,0.5,0.161382794380188,0.019264587202832396
NET1,cnv->rna,1.0,0.320033997297287,0.02105963150507794
NET1,cnv->rna,1.5,0.45074814558029175,0.022457768283588746
NET1,cnv->rna,2.0,0.5440900921821594,0.023361431875851664
LAPTM4B,cnv->rna,-2.0,-0.37964895367622375,0.01989903425001291
LAPTM4B,cnv->rna,-1.5,-0.33905860781669617,0.020648534157615916
LAPTM4B,cnv->rna,-1.0,-0.2666758894920349,0.021883652505067797
LAPTM4B,cnv->rna,-0.5,-0.12715965509414673,0.023850068731590925
LAPTM4B,cnv->rna,0.0,0.03804197907447815,0.025410236690331524
LAPTM4B,cnv->rna,0.5,0.09823743999004364,0.025307924378136604
LAPTM4B,cnv->rna,1.0,0.21167029440402985,0.02698532891767671
LAPTM4B,cnv->rna,1.5,0.30663982033729553,0.028206233468423113
LAPTM4B,cnv->rna,2.0,0.37267887592315674,0.02890473631332938
ELF3,cnv->rna,-2.0,-0.299404501914978,0.019834498992723344
ELF3,cnv->rna,-1.5,-0.2498653084039688,0.02016666204044976
ELF3,cnv->rna,-1.0,-0.16254837810993195,0.020636955209149772
ELF3,cnv->rna,-0.5,-0.0094023821875453,0.020962006999800144
ELF3,cnv->rna,0.0,0.07174984365701675,0.021451325995737014
ELF3,cnv->rna,0.5,0.152949720621109,0.02156066239054183
ELF3,cnv->rna,1.0,0.2198144793510437,0.022213259161574416
ELF3,cnv->rna,1.5,0.2742505669593811,0.02267691617403889
ELF3,cnv->rna,2.0,0.31655627489089966,0.02296662089802779
MAPRE1,cnv->rna,-2.0,-0.5270940065383911,0.021671777144456072
MAPRE1,cnv->rna,-1.5,-0.4620133638381958,0.022576255817977477
MAPRE1,cnv->rna,-1.0,-0.3432627320289612,0.023999481407845757
MAPRE1,cnv->rna,-0.5,-0.12908950448036194,0.025924206445933472
MAPRE1,cnv->rna,0.0,0.013142202980816364,0.026064311068565323
MAPRE1,cnv->rna,0.5,0.14163778722286224,0.028186261798228543
MAPRE1,cnv->rna,1.0,0.3002963364124298,0.03041400746000931
MAPRE1,cnv->rna,1.5,0.42432644963264465,0.03162750871921807
MAPRE1,cnv->rna,2.0,0.5101284384727478,0.0321956421499996
LYPLA1,cnv->rna,-2.0,-0.5376498103141785,0.023117633225736442
LYPLA1,cnv->rna,-1.5,-0.48172128200531006,0.023830814071380425
LYPLA1,cnv->rna,-1.0,-0.37205231189727783,0.025015957476751154
LYPLA1,cnv->rna,-0.5,-0.13306263089179993,0.026698280835543674
LYPLA1,cnv->rna,0.0,0.09509368240833282,0.026970605150344263
LYPLA1,cnv->rna,0.5,0.27873361110687256,0.02774212314873467
LYPLA1,cnv->rna,1.0,0.49438729882240295,0.029336507085438467
LYPLA1,cnv->rna,1.5,0.6334243416786194,0.03011829423594114
LYPLA1,cnv->rna,2.0,0.7147612571716309,0.030415766204863852
MUC1,cnv->rna,-2.0,-0.21827735006809235,0.024695153261963858
MUC1,cnv->rna,-1.5,-0.17095676064491272,0.024767331540572972
MUC1,cnv->rna,-1.0,-0.09007836133241653,0.024731640134770215
MUC1,cnv->rna,-0.5,0.042663153260946274,0.024105446330172288
MUC1,cnv->rna,0.0,0.10879240930080414,0.023443552402324992
MUC1,cnv->rna,0.5,0.16883014142513275,0.02350388585034621
MUC1,cnv->rna,1.0,0.20370981097221375,0.02314982021800004
MUC1,cnv->rna,1.5,0.23535270988941193,0.022898175865931472
MUC1,cnv->rna,2.0,0.2622850239276886,0.022702754685805238
ACLY,cnv->rna,-2.0,-0.48842984437942505,0.023193248357673456
ACLY,cnv->rna,-1.5,-0.4394141137599945,0.023747351058128415
ACLY,cnv->rna,-1.0,-0.3447330594062805,0.024660776011238287
ACLY,cnv->rna,-0.5,-0.14119388163089752,0.025970143030870304
ACLY,cnv->rna,0.0,0.056757066398859024,0.026027512547042483
ACLY,cnv->rna,0.5,0.18392573297023773,0.026452248339733406
ACLY,cnv->rna,1.0,0.3381834328174591,0.027867878854238515
ACLY,cnv->rna,1.5,0.45088088512420654,0.02899733738999538
ACLY,cnv->rna,2.0,0.5261797904968262,0.02975197187365452
AEBP1,cnv->rna,-2.0,-0.1661812663078308,0.0363836931082265
AEBP1,cnv->rna,-1.5,-0.15254254639148712,0.03680195619680591
AEBP1,cnv->rna,-1.0,-0.13179564476013184,0.037339426009119776
AEBP1,cnv->rna,-0.5,-0.0978928804397583,0.037844493072366335
AEBP1,cnv->rna,0.0,-0.05536709725856781,0.0375977195935938
AEBP1,cnv->rna,0.5,-0.04781416058540344,0.03686940308126483
AEBP1,cnv->rna,1.0,-0.02250288985669613,0.03717660589997134
AEBP1,cnv->rna,1.5,0.0019386975327506661,0.037263043741880664
AEBP1,cnv->rna,2.0,0.02086598053574562,0.037224394942313825
CALD1,cnv->rna,-2.0,-0.22099128365516663,0.03310472145597198
CALD1,cnv->rna,-1.5,-0.20454931259155273,0.03349413851370293
CALD1,cnv->rna,-1.0,-0.17966318130493164,0.03400029089905303
CALD1,cnv->rna,-0.5,-0.14091603457927704,0.03437441101733661
CALD1,cnv->rna,0.0,-0.0950240045785904,0.03368260970951549
CALD1,cnv->rna,0.5,-0.11335668712854385,0.03322311309844794
CALD1,cnv->rna,1.0,-0.10522361099720001,0.033472427712908696
CALD1,cnv->rna,1.5,-0.09269078075885773,0.033528219371243596
CALD1,cnv->rna,2.0,-0.08103615790605545,0.03347879144893752
SDCBP,cnv->rna,-2.0,-0.3994191586971283,0.023009796231749376
SDCBP,cnv->rna,-1.5,-0.3566962778568268,0.023604971181930095
SDCBP,cnv->rna,-1.0,-0.27699166536331177,0.024512500961766687
SDCBP,cnv->rna,-0.5,-0.11597325652837753,0.025509179709409812
SDCBP,cnv->rna,0.0,0.03086928278207779,0.024675161977514404
SDCBP,cnv->rna,0.5,0.10747811943292618,0.024898747048291495
SDCBP,cnv->rna,1.0,0.22077594697475433,0.025741589015522762
SDCBP,cnv->rna,1.5,0.3072839081287384,0.026153342350842552
SDCBP,cnv->rna,2.0,0.3656178414821625,0.026326061120622125
RPRD2,cnv->rna,-2.0,-0.4293266236782074,0.02606491693110505
RPRD2,cnv->rna,-1.5,-0.3651944398880005,0.026539562285027515
RPRD2,cnv->rna,-1.0,-0.24881799519062042,0.027278535875843116
RPRD2,cnv->rna,-0.5,-0.0362362414598465,0.02817672273227027
RPRD2,cnv->rna,0.0,0.08765123784542084,0.02744121432648406
RPRD2,cnv->rna,0.5,0.22560544312000275,0.028185298520377607
RPRD2,cnv->rna,1.0,0.3489062190055847,0.028203326199977067
RPRD2,cnv->rna,1.5,0.43707290291786194,0.028208022724340805
RPRD2,cnv->rna,2.0,0.49842333793640137,0.028227652234755745
ELMO3,cnv->rna,-2.0,-0.3949219882488251,0.022996329956091122
ELMO3,cnv->rna,-1.5,-0.3409528136253357,0.023590550345867517
ELMO3,cnv->rna,-1.0,-0.24022772908210754,0.024501316477759865
ELMO3,cnv->rna,-0.5,-0.04463597759604454,0.02551923092535671
ELMO3,cnv->rna,0.0,0.11286873370409012,0.025566826004512013
ELMO3,cnv->rna,0.5,0.26447564363479614,0.026391352616405527
ELMO3,cnv->rna,1.0,0.4205355644226074,0.02813985447117451
ELMO3,cnv->rna,1.5,0.5515041947364807,0.02920034928676148
ELMO3,cnv->rna,2.0,0.6492210626602173,0.029669047162730975
SERPINB9,cnv->rna,-2.0,-0.26045840978622437,0.02768463594703319
SERPINB9,cnv->rna,-1.5,-0.22339414060115814,0.028356945044223553
SERPINB9,cnv->rna,-1.0,-0.16066455841064453,0.029307166339494612
SERPINB9,cnv->rna,-0.5,-0.048967018723487854,0.03013247752158346
SERPINB9,cnv->rna,0.0,0.05242473632097244,0.028303722853278382
SERPINB9,cnv->rna,0.5,0.09935207664966583,0.028704226323741738
SERPINB9,cnv->rna,1.0,0.17785950005054474,0.03016885106758383
SERPINB9,cnv->rna,1.5,0.241702601313591,0.03082757620358664
SERPINB9,cnv->rna,2.0,0.2874261438846588,0.031024566524103545
RARA,cnv->rna,-2.0,-0.3875822126865387,0.027996829503926693
RARA,cnv->rna,-1.5,-0.35601264238357544,0.02859917673330976
RARA,cnv->rna,-1.0,-0.29179102182388306,0.029610716548069512
RARA,cnv->rna,-0.5,-0.13738426566123962,0.031123871317216348
RARA,cnv->rna,0.0,0.033831577748060226,0.03187109161252958
RARA,cnv->rna,0.5,0.13056473433971405,0.031263202266461135
RARA,cnv->rna,1.0,0.2657032907009125,0.03196113193925247
RARA,cnv->rna,1.5,0.3647070825099945,0.032420765850104206
RARA,cnv->rna,2.0,0.43165287375450134,0.03264063292990007
KCTD3,cnv->rna,-2.0,-0.38086631894111633,0.029263607438121973
KCTD3,cnv->rna,-1.5,-0.3304392695426941,0.02972639052656331
KCTD3,cnv->rna,-1.0,-0.23810116946697235,0.030302796814182305
KCTD3,cnv->rna,-0.5,-0.06376022845506668,0.03039358902067573
KCTD3,cnv->rna,0.0,0.06125197187066078,0.029496857977833253
KCTD3,cnv->rna,0.5,0.12672530114650726,0.030161487004555954
KCTD3,cnv->rna,1.0,0.21520069241523743,0.029929576772261705
KCTD3,cnv->rna,1.5,0.29052111506462097,0.029863657620322035
KCTD3,cnv->rna,2.0,0.3474774658679962,0.029815689870323948
ABCC11,cnv->rna,-2.0,-0.2318125069141388,0.0226118687667607
ABCC11,cnv->rna,-1.5,-0.21037666499614716,0.022987889288406314
ABCC11,cnv->rna,-1.0,-0.1746722310781479,0.02359768993464506
ABCC11,cnv->rna,-0.5,-0.11461341381072998,0.024502356033268682
ABCC11,cnv->rna,0.0,-0.03286776691675186,0.024551507176644734
ABCC11,cnv->rna,0.5,-0.02509511634707451,0.023799287425697903
ABCC11,cnv->rna,1.0,0.019526861608028412,0.023956033653917456
ABCC11,cnv->rna,1.5,0.07170159369707108,0.024338699049245224
ABCC11,cnv->rna,2.0,0.11576925963163376,0.024680194123572814
MAGEF1,cnv->rna,-2.0,-0.49402186274528503,0.016345260348757537
MAGEF1,cnv->rna,-1.5,-0.4364599585533142,0.016837013691661597
MAGEF1,cnv->rna,-1.0,-0.32604652643203735,0.017675343290588865
MAGEF1,cnv->rna,-0.5,-0.10523360222578049,0.01905341577603482
MAGEF1,cnv->rna,0.0,0.09525804966688156,0.020615226973462315
MAGEF1,cnv->rna,0.5,0.2852904498577118,0.0214838616858652
MAGEF1,cnv->rna,1.0,0.5067723989486694,0.02360675172040117
MAGEF1,cnv->rna,1.5,0.6862515807151794,0.025085062855428542
MAGEF1,cnv->rna,2.0,0.8107699751853943,0.025877215049956246
PI4KB,cnv->rna,-2.0,-0.40581566095352173,0.022604127674166734
PI4KB,cnv->rna,-1.5,-0.34697213768959045,0.02299645200034373
PI4KB,cnv->rna,-1.0,-0.2445414811372757,0.023569946660793373
PI4KB,cnv->rna,-0.5,-0.06728102266788483,0.02437605984607472
PI4KB,cnv->rna,0.0,0.09362656623125076,0.025034737036121146
PI4KB,cnv->rna,0.5,0.2804671823978424,0.0251542357943172
PI4KB,cnv->rna,1.0,0.4263068735599518,0.025881793888790684
PI4KB,cnv->rna,1.5,0.5435051918029785,0.026291417987774804
PI4KB,cnv->rna,2.0,0.6313544511795044,0.026453549418640667
PPP2R5A,cnv->rna,-2.0,-0.3600893020629883,0.02561510540322658
PPP2R5A,cnv->rna,-1.5,-0.30939605832099915,0.026062031456275545
PPP2R5A,cnv->rna,-1.0,-0.21596191823482513,0.026640427501084373
PPP2R5A,cnv->rna,-0.5,-0.03459206596016884,0.026770790377124154
PPP2R5A,cnv->rna,0.0,0.09829863160848618,0.025128547658504957
PPP2R5A,cnv->rna,0.5,0.17678335309028625,0.02590700910312407
PPP2R5A,cnv->rna,1.0,0.2634080648422241,0.02573250979487342
PPP2R5A,cnv->rna,1.5,0.33104443550109863,0.025498592370496106
PPP2R5A,cnv->rna,2.0,0.37921252846717834,0.025304051652477965
GOLT1A,cnv->rna,-2.0,-0.36376237869262695,0.016938914104503967
GOLT1A,cnv->rna,-1.5,-0.3048492670059204,0.01731002779338626
GOLT1A,cnv->rna,-1.0,-0.19670908153057098,0.017851660186458708
GOLT1A,cnv->rna,-0.5,0.004090272821485996,0.018214252571275007
GOLT1A,cnv->rna,0.0,0.15771795809268951,0.01829859822599677
GOLT1A,cnv->rna,0.5,0.29467999935150146,0.018802767392241997
GOLT1A,cnv->rna,1.0,0.3747707009315491,0.01937645601587882
GOLT1A,cnv->rna,1.5,0.44313180446624756,0.01997397813856058
GOLT1A,cnv->rna,2.0,0.5012621283531189,0.02041624471639392
SOX9,cnv->rna,-2.0,-0.2127240002155304,0.018274982663117202
SOX9,cnv->rna,-1.5,-0.1754525750875473,0.018717844206682006
SOX9,cnv->rna,-1.0,-0.10886180400848389,0.019345062311257172
SOX9,cnv->rna,-0.5,0.018106596544384956,0.019981246309675692
SOX9,cnv->rna,0.0,0.12736913561820984,0.02008661408690911
SOX9,cnv->rna,0.5,0.20913051068782806,0.020552132274225848
SOX9,cnv->rna,1.0,0.3120119571685791,0.021496057393679345
SOX9,cnv->rna,1.5,0.40118375420570374,0.02181992797031341
SOX9,cnv->rna,2.0,0.46849268674850464,0.021843783262974883
NME3,cnv->rna,-2.0,-0.1850138008594513,0.03208980145128733
NME3,cnv->rna,-1.5,-0.1464756578207016,0.03240615540957775
NME3,cnv->rna,-1.0,-0.08156363666057587,0.03275260199358256
NME3,cnv->rna,-0.5,0.027832070365548134,0.032836152181300725
NME3,cnv->rna,0.0,0.11959872394800186,0.03222936559222905
NME3,cnv->rna,0.5,0.2132381647825241,0.03273194818319038
NME3,cnv->rna,1.0,0.2994586229324341,0.033790490290735636
NME3,cnv->rna,1.5,0.3657020926475525,0.03455320148868341
NME3,cnv->rna,2.0,0.41410088539123535,0.03499645967606919
CTHRC1,cnv->rna,-2.0,-0.2207210808992386,0.034026218764647176
CTHRC1,cnv->rna,-1.5,-0.19565202295780182,0.03457046203298077
CTHRC1,cnv->rna,-1.0,-0.1567450910806656,0.03526460615457962
CTHRC1,cnv->rna,-0.5,-0.09448281675577164,0.03574978218401279
CTHRC1,cnv->rna,0.0,-0.031029585748910904,0.035054903617536645
CTHRC1,cnv->rna,0.5,0.0014617175329476595,0.03357115061645997
CTHRC1,cnv->rna,1.0,0.04231014475226402,0.03386745662689794
CTHRC1,cnv->rna,1.5,0.07793957740068436,0.03378054150478646
CTHRC1,cnv->rna,2.0,0.10447832942008972,0.0335678205518531
CD4,cnv->rna,-2.0,-0.2231224626302719,0.03189567045326008
CD4,cnv->rna,-1.5,-0.18867868185043335,0.03242702061805034
CD4,cnv->rna,-1.0,-0.12861812114715576,0.03305239716202813
CD4,cnv->rna,-0.5,-0.020722029730677605,0.03323846888065996
CD4,cnv->rna,0.0,0.06470261514186859,0.031481875056070766
CD4,cnv->rna,0.5,0.08923867344856262,0.030964464088417618
CD4,cnv->rna,1.0,0.14832672476768494,0.03220041059329791
CD4,cnv->rna,1.5,0.1933639496564865,0.03276697924241207
CD4,cnv->rna,2.0,0.22329483926296234,0.032933334276162816
GCC1,cnv->rna,-2.0,-0.44696372747421265,0.022862558558424943
GCC1,cnv->rna,-1.5,-0.3792558014392853,0.02333224586458522
GCC1,cnv->rna,-1.0,-0.25654101371765137,0.024042129336047144
GCC1,cnv->rna,-0.5,-0.033806219696998596,0.024891066977823832
GCC1,cnv->rna,0.0,0.11627580970525742,0.02418153656294981
GCC1,cnv->rna,0.5,0.28091439604759216,0.025769983918508908
GCC1,cnv->rna,1.0,0.4518616199493408,0.026593824031481507
GCC1,cnv->rna,1.5,0.5841701030731201,0.02696930189207535
GCC1,cnv->rna,2.0,0.6776443123817444,0.027139889246157595
ANKH,cnv->rna,-2.0,-0.3330516815185547,0.02272471175446633
ANKH,cnv->rna,-1.5,-0.2967822849750519,0.02338552253957174
ANKH,cnv->rna,-1.0,-0.23452366888523102,0.024390393507671148
ANKH,cnv->rna,-0.5,-0.12390635162591934,0.02561556524853551
ANKH,cnv->rna,0.0,-0.020558150485157967,0.025526701777105615
ANKH,cnv->rna,0.5,0.03179378807544708,0.025796223432819537
ANKH,cnv->rna,1.0,0.10024485737085342,0.02688758672686961
ANKH,cnv->rna,1.5,0.15868951380252838,0.02752800958370459
ANKH,cnv->rna,2.0,0.20280978083610535,0.02785555238472515
CTF1,cnv->rna,-2.0,-0.2913883328437805,0.022605413497542422
CTF1,cnv->rna,-1.5,-0.25659382343292236,0.023248013536669453
CTF1,cnv->rna,-1.0,-0.19315026700496674,0.024227233418104732
CTF1,cnv->rna,-0.5,-0.06969021260738373,0.025298714395788038
CTF1,cnv->rna,0.0,0.06217438727617264,0.025166117674053207
CTF1,cnv->rna,0.5,0.14895333349704742,0.026612243996178637
CTF1,cnv->rna,1.0,0.28041937947273254,0.02754814034729988
CTF1,cnv->rna,1.5,0.3830210566520691,0.027745575257594142
CTF1,cnv->rna,2.0,0.4531994163990021,0.027607388473217552
PXMP4,cnv->rna,-2.0,-0.3167003393173218,0.022232884313266046
PXMP4,cnv->rna,-1.5,-0.2651762068271637,0.022709685055864025
PXMP4,cnv->rna,-1.0,-0.17589116096496582,0.023353348623478064
PXMP4,cnv->rna,-0.5,-0.020503895357251167,0.023816918461476388
PXMP4,cnv->rna,0.0,0.11042085289955139,0.02323030840259474
PXMP4,cnv->rna,0.5,0.23682822287082672,0.025082693889310965
PXMP4,cnv->rna,1.0,0.3853769600391388,0.026636818478185834
PXMP4,cnv->rna,1.5,0.5103795528411865,0.027271873567267735
PXMP4,cnv->rna,2.0,0.5989384651184082,0.027353926533529797
VWF,cnv->rna,-2.0,-0.06138604134321213,0.03215416453900625
VWF,cnv->rna,-1.5,-0.043419115245342255,0.03241958245672624
VWF,cnv->rna,-1.0,-0.015746382996439934,0.03271683213076028
VWF,cnv->rna,-0.5,0.02417905256152153,0.03265292017090367
VWF,cnv->rna,0.0,0.048293981701135635,0.031133070402756646
VWF,cnv->rna,0.5,0.052894290536642075,0.031358987390503204
VWF,cnv->rna,1.0,0.07817288488149643,0.031508910037385
VWF,cnv->rna,1.5,0.10082140564918518,0.031387796372203555
VWF,cnv->rna,2.0,0.11754720658063889,0.031176147665203813
CRNKL1,cnv->rna,-2.0,-0.41113388538360596,0.02751906766283943
CRNKL1,cnv->rna,-1.5,-0.3536849915981293,0.027902282257303932
CRNKL1,cnv->rna,-1.0,-0.25300827622413635,0.02843950580175093
CRNKL1,cnv->rna,-0.5,-0.07395080476999283,0.02908073284303613
CRNKL1,cnv->rna,0.0,0.05958312004804611,0.02781968445062844
CRNKL1,cnv->rna,0.5,0.1609257310628891,0.02809567663109222
CRNKL1,cnv->rna,1.0,0.30507132411003113,0.02846720330900789
CRNKL1,cnv->rna,1.5,0.41495856642723083,0.02857996348097068
CRNKL1,cnv->rna,2.0,0.48895370960235596,0.028564298229403838
WFDC2,cnv->rna,-2.0,-0.3251422643661499,0.019018859817653645
WFDC2,cnv->rna,-1.5,-0.2853388786315918,0.019421719178064657
WFDC2,cnv->rna,-1.0,-0.21155062317848206,0.020074148138249908
WFDC2,cnv->rna,-0.5,-0.06864651292562485,0.02088973718800157
WFDC2,cnv->rna,0.0,0.0654984638094902,0.020716063857817674
WFDC2,cnv->rna,0.5,0.15301372110843658,0.022324988495475005
WFDC2,cnv->rna,1.0,0.28680288791656494,0.02397753741535458
WFDC2,cnv->rna,1.5,0.4004761278629303,0.024736201538711425
WFDC2,cnv->rna,2.0,0.4812735617160797,0.024936502309580312
KDELR2,cnv->rna,-2.0,-0.4533312916755676,0.016936356623603342
KDELR2,cnv->rna,-1.5,-0.4051978290081024,0.017427323216950414
KDELR2,cnv->rna,-1.0,-0.3172915577888489,0.018163602027081206
KDELR2,cnv->rna,-0.5,-0.15247976779937744,0.01898654424305248
KDELR2,cnv->rna,0.0,-0.0310065895318985,0.01878065558890349
KDELR2,cnv->rna,0.5,0.047229520976543427,0.019407590376463675
KDELR2,cnv->rna,1.0,0.13213330507278442,0.020858249770828816
KDELR2,cnv->rna,1.5,0.2038474828004837,0.021856179472061168
KDELR2,cnv->rna,2.0,0.25836074352264404,0.022462835299433614
PRR14,cnv->rna,-2.0,-0.3533536493778229,0.023800987327787793
PRR14,cnv->rna,-1.5,-0.3007766306400299,0.0241368792633037
PRR14,cnv->rna,-1.0,-0.20854933559894562,0.024579525050064787
PRR14,cnv->rna,-0.5,-0.03901324048638344,0.025158659898474222
PRR14,cnv->rna,0.0,0.13762426376342773,0.025442203567068094
PRR14,cnv->rna,0.5,0.32998746633529663,0.026145588182078666
PRR14,cnv->rna,1.0,0.5174316167831421,0.026798810429905864
PRR14,cnv->rna,1.5,0.6532399654388428,0.027046889346308965
PRR14,cnv->rna,2.0,0.7439937591552734,0.027042327942367755
C1orf116,cnv->rna,-2.0,-0.22244328260421753,0.020243626197250418
C1orf116,cnv->rna,-1.5,-0.1963273584842682,0.020685945079763447
C1orf116,cnv->rna,-1.0,-0.15027610957622528,0.02122118976382888
C1orf116,cnv->rna,-0.5,-0.0644092857837677,0.021279215267858826
C1orf116,cnv->rna,0.0,0.010259600356221199,0.02007676773095766
C1orf116,cnv->rna,0.5,0.042940180748701096,0.02128346938180686
C1orf116,cnv->rna,1.0,0.09495393186807632,0.021818589842258033
C1orf116,cnv->rna,1.5,0.14119616150856018,0.022026803875291528
C1orf116,cnv->rna,2.0,0.17733362317085266,0.022077541593951477
GMFG,cnv->rna,-2.0,-0.15510955452919006,0.025421671800928525
GMFG,cnv->rna,-1.5,-0.12652356922626495,0.02601020187742709
GMFG,cnv->rna,-1.0,-0.0781177207827568,0.026963530942416332
GMFG,cnv->rna,-0.5,0.0058446782641112804,0.028260482138707185
GMFG,cnv->rna,0.0,0.0721372663974762,0.027388859521477064
GMFG,cnv->rna,0.5,0.08058439195156097,0.027160673818248996
GMFG,cnv->rna,1.0,0.10971353203058243,0.028397871276718514
GMFG,cnv->rna,1.5,0.13214245438575745,0.029306327285257935
GMFG,cnv->rna,2.0,0.14847098290920258,0.029858431511076446
SLC2A4RG,cnv->rna,-2.0,-0.2911044657230377,0.025883380464074582
SLC2A4RG,cnv->rna,-1.5,-0.2518727481365204,0.026175615426943438
SLC2A4RG,cnv->rna,-1.0,-0.18303453922271729,0.026544635838957345
SLC2A4RG,cnv->rna,-0.5,-0.048140522092580795,0.02694809670318478
SLC2A4RG,cnv->rna,0.0,0.10556585341691971,0.026947292518734563
SLC2A4RG,cnv->rna,0.5,0.24661359190940857,0.02828463818327687
SLC2A4RG,cnv->rna,1.0,0.39421239495277405,0.029465076346837246
SLC2A4RG,cnv->rna,1.5,0.5043043494224548,0.030034194849086246
SLC2A4RG,cnv->rna,2.0,0.5800206065177917,0.03021316838681196
RSL1D1,cnv->rna,-2.0,-0.43938255310058594,0.01807882594843284
RSL1D1,cnv->rna,-1.5,-0.39569270610809326,0.018501117587029128
RSL1D1,cnv->rna,-1.0,-0.31157854199409485,0.01924214413652252
RSL1D1,cnv->rna,-0.5,-0.1357267200946808,0.02043526400554582
RSL1D1,cnv->rna,0.0,0.03132784366607666,0.02087264445455155
RSL1D1,cnv->rna,0.5,0.12939782440662384,0.02115980150476727
RSL1D1,cnv->rna,1.0,0.25392448902130127,0.022323037966794936
RSL1D1,cnv->rna,1.5,0.3540380597114563,0.02324677130052684
RSL1D1,cnv->rna,2.0,0.42585289478302,0.023872187073014393
STC1,cnv->rna,-2.0,-0.39544767141342163,0.019437029193681947
STC1,cnv->rna,-1.5,-0.35019007325172424,0.01969827363383509
STC1,cnv->rna,-1.0,-0.26713284850120544,0.020095159363953296
STC1,cnv->rna,-0.5,-0.10531220585107803,0.02055855267365767
STC1,cnv->rna,0.0,0.020755143836140633,0.019812727169802813
STC1,cnv->rna,0.5,0.09498664736747742,0.02067140002008661
STC1,cnv->rna,1.0,0.21052661538124084,0.021032306668663764
STC1,cnv->rna,1.5,0.31052568554878235,0.0212226107076271
STC1,cnv->rna,2.0,0.3858911395072937,0.021289970417619868
S100A4,cnv->rna,-2.0,-0.15896308422088623,0.023052607612074793
S100A4,cnv->rna,-1.5,-0.1320401132106781,0.023584988614927256
S100A4,cnv->rna,-1.0,-0.08819304406642914,0.02430123364305635
S100A4,cnv->rna,-0.5,-0.01838773675262928,0.024874678178187955
S100A4,cnv->rna,0.0,0.03802793100476265,0.024526132868910623
S100A4,cnv->rna,0.5,0.06704864650964737,0.024463112267970384
S100A4,cnv->rna,1.0,0.09416206926107407,0.025245213246551188
S100A4,cnv->rna,1.5,0.11760324984788895,0.02557319191990249
S100A4,cnv->rna,2.0,0.13423492014408112,0.02566391002809969
ZNF880,cnv->rna,-2.0,-0.3753705322742462,0.018405593986385506
ZNF880,cnv->rna,-1.5,-0.3294645845890045,0.018990752590405786
ZNF880,cnv->rna,-1.0,-0.2433677762746811,0.019963604377088936
ZNF880,cnv->rna,-0.5,-0.06742076575756073,0.021475122445633838
ZNF880,cnv->rna,0.0,0.09734185039997101,0.021471735717623976
ZNF880,cnv->rna,0.5,0.27043649554252625,0.024295909462536344
ZNF880,cnv->rna,1.0,0.46909424662590027,0.026260019924429848
ZNF880,cnv->rna,1.5,0.6301282048225403,0.02696416295729591
ZNF880,cnv->rna,2.0,0.7435879111289978,0.027033314102568026
CREG1,cnv->rna,-2.0,-0.3799954056739807,0.01970305733266498
CREG1,cnv->rna,-1.5,-0.32916510105133057,0.01991516588497365
CREG1,cnv->rna,-1.0,-0.23887315392494202,0.020093751496325
CREG1,cnv->rna,-0.5,-0.07976723462343216,0.019898301984497265
CREG1,cnv->rna,0.0,0.04390789940953255,0.01896603862925275
CREG1,cnv->rna,0.5,0.12364082783460617,0.019541597145188456
CREG1,cnv->rna,1.0,0.19600720703601837,0.019935154990061446
CREG1,cnv->rna,1.5,0.26164260506629944,0.02031221070849257
CREG1,cnv->rna,2.0,0.31284087896347046,0.020582148622282352
CD40,cnv->rna,-2.0,-0.1548277884721756,0.02861693199270251
CD40,cnv->rna,-1.5,-0.13081999123096466,0.029361000931064477
CD40,cnv->rna,-1.0,-0.09028594195842743,0.030455049198671917
CD40,cnv->rna,-0.5,-0.01606675237417221,0.03173794787101967
CD40,cnv->rna,0.0,0.0668121874332428,0.030939739230456315
CD40,cnv->rna,0.5,0.09911830723285675,0.030270108568738355
CD40,cnv->rna,1.0,0.15100060403347015,0.031211605879309625
CD40,cnv->rna,1.5,0.1913480907678604,0.03167532173453875
CD40,cnv->rna,2.0,0.21870562434196472,0.0318457347396887
PRKAR1A,cnv->rna,-2.0,-0.48462823033332825,0.02643502484458416
PRKAR1A,cnv->rna,-1.5,-0.43634799122810364,0.02719056594269124
PRKAR1A,cnv->rna,-1.0,-0.339154452085495,0.028487630465788085
PRKAR1A,cnv->rna,-0.5,-0.11617738008499146,0.030375694282137145
PRKAR1A,cnv->rna,0.0,0.08094894140958786,0.030439157293493085
PRKAR1A,cnv->rna,0.5,0.24302563071250916,0.03083391596663727
PRKAR1A,cnv->rna,1.0,0.4392980933189392,0.032067223264554925
PRKAR1A,cnv->rna,1.5,0.5871806740760803,0.03285176512818788
PRKAR1A,cnv->rna,2.0,0.687402069568634,0.03326450135561349
S100A6,cnv->rna,-2.0,-0.3128783404827118,0.021146108575497025
S100A6,cnv->rna,-1.5,-0.2766471803188324,0.022137715948571977
S100A6,cnv->rna,-1.0,-0.21185488998889923,0.02367345762189783
S100A6,cnv->rna,-0.5,-0.09643371403217316,0.025399281039298338
S100A6,cnv->rna,0.0,0.02047550305724144,0.025396567734039473
S100A6,cnv->rna,0.5,0.05967654287815094,0.025716580840546475
S100A6,cnv->rna,1.0,0.11934509128332138,0.02670092875995293
S100A6,cnv->rna,1.5,0.17115481197834015,0.02719179946138724
S100A6,cnv->rna,2.0,0.20813028514385223,0.027368295064912684
ECH1,cnv->rna,-2.0,-0.23576074838638306,0.021512679385012168
ECH1,cnv->rna,-1.5,-0.19538304209709167,0.02197567605089557
ECH1,cnv->rna,-1.0,-0.12761056423187256,0.02267485231855283
ECH1,cnv->rna,-0.5,-0.018291814252734184,0.023525947528366686
ECH1,cnv->rna,0.0,0.07261388003826141,0.02327040647766129
ECH1,cnv->rna,0.5,0.15437281131744385,0.024157027461792224
ECH1,cnv->rna,1.0,0.24750414490699768,0.02537146584651208
ECH1,cnv->rna,1.5,0.32943955063819885,0.02602841044404381
ECH1,cnv->rna,2.0,0.3918737769126892,0.026296186431073114
GRAMD1A,cnv->rna,-2.0,-0.48535001277923584,0.020168333610838154
GRAMD1A,cnv->rna,-1.5,-0.4343249499797821,0.020379110573176408
GRAMD1A,cnv->rna,-1.0,-0.33931463956832886,0.020760912941289306
GRAMD1A,cnv->rna,-0.5,-0.14911918342113495,0.021620398693469933
GRAMD1A,cnv->rna,0.0,0.05744404345750809,0.022828397064503087
GRAMD1A,cnv->rna,0.5,0.2730009853839874,0.023039651307043506
GRAMD1A,cnv->rna,1.0,0.5047287344932556,0.02469738492829725
GRAMD1A,cnv->rna,1.5,0.6936346888542175,0.02607524928470528
GRAMD1A,cnv->rna,2.0,0.831203043460846,0.02691213723589862
RHOD,cnv->rna,-2.0,-0.34827542304992676,0.02085784005083792
RHOD,cnv->rna,-1.5,-0.3085671663284302,0.021375601895717317
RHOD,cnv->rna,-1.0,-0.23479107022285461,0.02221011652206977
RHOD,cnv->rna,-0.5,-0.08691392838954926,0.023456356152040517
RHOD,cnv->rna,0.0,0.060597725212574005,0.02386062991816479
RHOD,cnv->rna,0.5,0.1563059240579605,0.023656704868865785
RHOD,cnv->rna,1.0,0.2598086893558502,0.025423929619601764
RHOD,cnv->rna,1.5,0.3445865511894226,0.0267582655857003
RHOD,cnv->rna,2.0,0.4098649024963379,0.027597805820026203
FCER1A,cnv->rna,-2.0,-0.14822299778461456,0.028794563043649538
FCER1A,cnv->rna,-1.5,-0.12786388397216797,0.028945784590076948
FCER1A,cnv->rna,-1.0,-0.09440240263938904,0.029038398742912874
FCER1A,cnv->rna,-0.5,-0.0375964492559433,0.028508927187868106
FCER1A,cnv->rna,0.0,0.02057153359055519,0.026614495276766917
FCER1A,cnv->rna,0.5,0.01513421256095171,0.026801105297727217
FCER1A,cnv->rna,1.0,0.0421714186668396,0.02663154660234552
FCER1A,cnv->rna,1.5,0.06674925982952118,0.02647816094979598
FCER1A,cnv->rna,2.0,0.08487647026777267,0.026356676793133398
SCGB3A1,cnv->rna,-2.0,-0.1327129751443863,0.02122721569880138
SCGB3A1,cnv->rna,-1.5,-0.10429541766643524,0.02148890472873188
SCGB3A1,cnv->rna,-1.0,-0.05514718219637871,0.02186869772540006
SCGB3A1,cnv->rna,-0.5,0.036958254873752594,0.022236728707223184
SCGB3A1,cnv->rna,0.0,0.11019562929868698,0.021450319130653
SCGB3A1,cnv->rna,0.5,0.17451323568820953,0.02240025275018577
SCGB3A1,cnv->rna,1.0,0.2498362958431244,0.023575035470254777
SCGB3A1,cnv->rna,1.5,0.3065219819545746,0.02427814112697367
SCGB3A1,cnv->rna,2.0,0.34743961691856384,0.02465532106901906
ACTR3B,methy->rna|CNVdiploid,-2.0,0.09558506309986115,0.020294385709526904
ACTR3B,methy->rna|CNVdiploid,-1.5,0.04947430267930031,0.020470582740505793
ACTR3B,methy->rna|CNVdiploid,-1.0,-0.02143721655011177,0.020661666990941154
ACTR3B,methy->rna|CNVdiploid,-0.5,-0.11657486110925674,0.020585646497736552
ACTR3B,methy->rna|CNVdiploid,0.0,-0.15434159338474274,0.020401072000560815
ACTR3B,methy->rna|CNVdiploid,0.5,-0.22578008472919464,0.01993875965423668
ACTR3B,methy->rna|CNVdiploid,1.0,-0.28124502301216125,0.020592267398440514
ACTR3B,methy->rna|CNVdiploid,1.5,-0.3272773027420044,0.020907760508877726
ACTR3B,methy->rna|CNVdiploid,2.0,-0.3629509508609772,0.020941111280264404
AGR2,methy->rna|CNVdiploid,-2.0,0.13144485652446747,0.03291751646928021
AGR2,methy->rna|CNVdiploid,-1.5,0.11198845505714417,0.03273408831633433
AGR2,methy->rna|CNVdiploid,-1.0,0.0783039927482605,0.03232973173446722
AGR2,methy->rna|CNVdiploid,-0.5,0.013315826654434204,0.031317533752488046
AGR2,methy->rna|CNVdiploid,0.0,-0.09555725008249283,0.02907293944576247
AGR2,methy->rna|CNVdiploid,0.5,-0.1503743678331375,0.029942842546647818
AGR2,methy->rna|CNVdiploid,1.0,-0.25244471430778503,0.03005025456511241
AGR2,methy->rna|CNVdiploid,1.5,-0.3233559727668762,0.029868519776171453
AGR2,methy->rna|CNVdiploid,2.0,-0.368735134601593,0.029680806998214376
AKT1,methy->rna|CNVdiploid,-2.0,0.22797389328479767,0.021802828698778424
AKT1,methy->rna|CNVdiploid,-1.5,0.19168078899383545,0.021929301414266338
AKT1,methy->rna|CNVdiploid,-1.0,0.12545986473560333,0.02204429979064749
AKT1,methy->rna|CNVdiploid,-0.5,-0.0033823067788034678,0.021794178812374863
AKT1,methy->rna|CNVdiploid,0.0,-0.10773289203643799,0.02088791524165907
AKT1,methy->rna|CNVdiploid,0.5,-0.1935347467660904,0.021340895561382037
AKT1,methy->rna|CNVdiploid,1.0,-0.39693260192871094,0.021894738917800204
AKT1,methy->rna|CNVdiploid,1.5,-0.5257284641265869,0.021938775099375002
AKT1,methy->rna|CNVdiploid,2.0,-0.5955368280410767,0.021900910870003502
AKT2,methy->rna|CNVdiploid,-2.0,0.08439260721206665,0.020855357757914347
AKT2,methy->rna|CNVdiploid,-1.5,0.04708366468548775,0.020929325292441157
AKT2,methy->rna|CNVdiploid,-1.0,-0.014839855954051018,0.020970262421744386
AKT2,methy->rna|CNVdiploid,-0.5,-0.11248090863227844,0.02068073858477274
AKT2,methy->rna|CNVdiploid,0.0,-0.18928195536136627,0.01986157756127065
AKT2,methy->rna|CNVdiploid,0.5,-0.21519982814788818,0.01987907347662661
AKT2,methy->rna|CNVdiploid,1.0,-0.27858874201774597,0.020321555811263665
AKT2,methy->rna|CNVdiploid,1.5,-0.34100472927093506,0.020476386380589615
AKT2,methy->rna|CNVdiploid,2.0,-0.3905102610588074,0.020471955738347626
ALDH1A3,methy->rna|CNVdiploid,-2.0,0.11413261294364929,0.022740662502409813
ALDH1A3,methy->rna|CNVdiploid,-1.5,0.080104298889637,0.02312293561263991
ALDH1A3,methy->rna|CNVdiploid,-1.0,0.025236155837774277,0.0236614449804626
ALDH1A3,methy->rna|CNVdiploid,-0.5,-0.06418128311634064,0.0243291904943501
ALDH1A3,methy->rna|CNVdiploid,0.0,-0.13267841935157776,0.025191624922848193
ALDH1A3,methy->rna|CNVdiploid,0.5,-0.17639204859733582,0.024405960687963576
ALDH1A3,methy->rna|CNVdiploid,1.0,-0.2510946989059448,0.024674377407319068
ALDH1A3,methy->rna|CNVdiploid,1.5,-0.3122996687889099,0.02482043168726554
ALDH1A3,methy->rna|CNVdiploid,2.0,-0.3579534888267517,0.024897443790022577
ANLN,methy->rna|CNVdiploid,-2.0,-0.09128815680742264,0.03249213340617814
ANLN,methy->rna|CNVdiploid,-1.5,-0.109571672976017,0.03232532506520342
ANLN,methy->rna|CNVdiploid,-1.0,-0.13837458193302155,0.032005000309979936
ANLN,methy->rna|CNVdiploid,-0.5,-0.1828007996082306,0.031316777513994205
ANLN,methy->rna|CNVdiploid,0.0,-0.21716667711734772,0.030044006335251235
ANLN,methy->rna|CNVdiploid,0.5,-0.24124807119369507,0.030483553069740748
ANLN,methy->rna|CNVdiploid,1.0,-0.28795957565307617,0.03042044529433436
ANLN,methy->rna|CNVdiploid,1.5,-0.3249303698539734,0.03056447276794288
ANLN,methy->rna|CNVdiploid,2.0,-0.3520910143852234,0.0306804518570682
AP2B1,methy->rna|CNVdiploid,-2.0,0.040340274572372437,0.028023827436092812
AP2B1,methy->rna|CNVdiploid,-1.5,0.008038707077503204,0.028069522111886083
AP2B1,methy->rna|CNVdiploid,-1.0,-0.040205080062150955,0.02809278461817775
AP2B1,methy->rna|CNVdiploid,-0.5,-0.09918129444122314,0.028114905138962875
AP2B1,methy->rna|CNVdiploid,0.0,-0.11736854165792465,0.02778746476794004
AP2B1,methy->rna|CNVdiploid,0.5,-0.14943422377109528,0.027428547876552717
AP2B1,methy->rna|CNVdiploid,1.0,-0.16727182269096375,0.027869118911019473
AP2B1,methy->rna|CNVdiploid,1.5,-0.18703478574752808,0.028118551211009528
AP2B1,methy->rna|CNVdiploid,2.0,-0.20770707726478577,0.028221785393183964
APC,methy->rna|CNVdiploid,-2.0,0.032605405896902084,0.03311920549352251
APC,methy->rna|CNVdiploid,-1.5,0.014001550152897835,0.03318554308289969
APC,methy->rna|CNVdiploid,-1.0,-0.016899725422263145,0.033242191230364496
APC,methy->rna|CNVdiploid,-0.5,-0.06924822181463242,0.03320808204112233
APC,methy->rna|CNVdiploid,0.0,-0.10532305389642715,0.0322213934872998
APC,methy->rna|CNVdiploid,0.5,-0.10396242141723633,0.032736877899251074
APC,methy->rna|CNVdiploid,1.0,-0.11422016471624374,0.03281269135309857
APC,methy->rna|CNVdiploid,1.5,-0.12519259750843048,0.0328173508283142
APC,methy->rna|CNVdiploid,2.0,-0.13596376776695251,0.03281720045236009
AR,methy->rna|CNVdiploid,-2.0,0.2257971465587616,0.03383129012025468
AR,methy->rna|CNVdiploid,-1.5,0.20585942268371582,0.033737000038307055
AR,methy->rna|CNVdiploid,-1.0,0.17079174518585205,0.033459201167032354
AR,methy->rna|CNVdiploid,-0.5,0.09859931468963623,0.03258161145759438
AR,methy->rna|CNVdiploid,0.0,-0.0012312987819314003,0.02992054331820709
AR,methy->rna|CNVdiploid,0.5,-0.04105869308114052,0.031066726275294502
AR,methy->rna|CNVdiploid,1.0,-0.1574578434228897,0.03082750210529041
AR,methy->rna|CNVdiploid,1.5,-0.24575687944889069,0.030471451074477716
AR,methy->rna|CNVdiploid,2.0,-0.30378735065460205,0.030204483630621937
ARID1A,methy->rna|CNVdiploid,-2.0,0.13422007858753204,0.029981633004722147
ARID1A,methy->rna|CNVdiploid,-1.5,0.11059949547052383,0.03002865273240087
ARID1A,methy->rna|CNVdiploid,-1.0,0.07293601334095001,0.030016184604380013
ARID1A,methy->rna|CNVdiploid,-0.5,0.0164558794349432,0.0297082190090947
ARID1A,methy->rna|CNVdiploid,0.0,-0.00603734003379941,0.029047861531213266
ARID1A,methy->rna|CNVdiploid,0.5,-0.023821724578738213,0.029652732461391326
ARID1A,methy->rna|CNVdiploid,1.0,-0.04232890158891678,0.030394083735771123
ARID1A,methy->rna|CNVdiploid,1.5,-0.06404756009578705,0.03072778105410175
ARID1A,methy->rna|CNVdiploid,2.0,-0.08674881607294083,0.03085182814006909
ARID1B,methy->rna|CNVdiploid,-2.0,0.09319817274808884,0.029956672775702242
ARID1B,methy->rna|CNVdiploid,-1.5,0.06952466070652008,0.029966205303575556
ARID1B,methy->rna|CNVdiploid,-1.0,0.032350778579711914,0.029900050780577284
ARID1B,methy->rna|CNVdiploid,-0.5,-0.024164525792002678,0.029544997897401983
ARID1B,methy->rna|CNVdiploid,0.0,-0.05250935256481171,0.028949785898073153
ARID1B,methy->rna|CNVdiploid,0.5,-0.08850450813770294,0.02894664543793016
ARID1B,methy->rna|CNVdiploid,1.0,-0.12727580964565277,0.029388020656847137
ARID1B,methy->rna|CNVdiploid,1.5,-0.15773580968379974,0.029596225972434016
ARID1B,methy->rna|CNVdiploid,2.0,-0.18170306086540222,0.029653543183926507
ASPM,methy->rna|CNVdiploid,-2.0,-0.18128974735736847,0.03392468448456263
ASPM,methy->rna|CNVdiploid,-1.5,-0.19855642318725586,0.03381203763940583
ASPM,methy->rna|CNVdiploid,-1.0,-0.22566565871238708,0.03358555183826766
ASPM,methy->rna|CNVdiploid,-0.5,-0.26199495792388916,0.03307068418566438
ASPM,methy->rna|CNVdiploid,0.0,-0.2600597143173218,0.03262173350563913
ASPM,methy->rna|CNVdiploid,0.5,-0.3125459551811218,0.032279227207504216
ASPM,methy->rna|CNVdiploid,1.0,-0.3351026177406311,0.03230929368087875
ASPM,methy->rna|CNVdiploid,1.5,-0.34707877039909363,0.03248699229203705
ASPM,methy->rna|CNVdiploid,2.0,-0.3559698462486267,0.03262694000062983
ATM,methy->rna|CNVdiploid,-2.0,0.16968214511871338,0.030219259702634067
ATM,methy->rna|CNVdiploid,-1.5,0.14749737083911896,0.030214761500180817
ATM,methy->rna|CNVdiploid,-1.0,0.1114884465932846,0.03016795752930581
ATM,methy->rna|CNVdiploid,-0.5,0.05036981403827667,0.029984607833379456
ATM,methy->rna|CNVdiploid,0.0,0.01338430866599083,0.02945253194115851
ATM,methy->rna|CNVdiploid,0.5,-0.007147334981709719,0.029834319053739834
ATM,methy->rna|CNVdiploid,1.0,-0.023141754791140556,0.03040073296817658
ATM,methy->rna|CNVdiploid,1.5,-0.039680879563093185,0.030803845134539425
ATM,methy->rna|CNVdiploid,2.0,-0.05597586929798126,0.031065858889356326
AURKA,methy->rna|CNVdiploid,-2.0,-0.13232773542404175,0.034262071462172985
AURKA,methy->rna|CNVdiploid,-1.5,-0.1476941704750061,0.03417921649082236
AURKA,methy->rna|CNVdiploid,-1.0,-0.17167603969573975,0.033985214075132684
AURKA,methy->rna|CNVdiploid,-0.5,-0.2050209790468216,0.03352906714292689
AURKA,methy->rna|CNVdiploid,0.0,-0.22183336317539215,0.033028214965118596
AURKA,methy->rna|CNVdiploid,0.5,-0.23848997056484222,0.032151052410564755
AURKA,methy->rna|CNVdiploid,1.0,-0.25574052333831787,0.032169038682292796
AURKA,methy->rna|CNVdiploid,1.5,-0.2772088646888733,0.03221459823766354
AURKA,methy->rna|CNVdiploid,2.0,-0.2955505847930908,0.032215247687436346
AURKB,methy->rna|CNVdiploid,-2.0,0.10457276552915573,0.033794511212986725
AURKB,methy->rna|CNVdiploid,-1.5,0.09726043790578842,0.033741803351391826
AURKB,methy->rna|CNVdiploid,-1.0,0.08511527627706528,0.033608568076692456
AURKB,methy->rna|CNVdiploid,-0.5,0.06506822258234024,0.03316025812899339
AURKB,methy->rna|CNVdiploid,0.0,0.034709177911281586,0.03220698572740714
AURKB,methy->rna|CNVdiploid,0.5,-0.006001690402626991,0.03155255393386214
AURKB,methy->rna|CNVdiploid,1.0,-0.03062756173312664,0.03164944181490098
AURKB,methy->rna|CNVdiploid,1.5,-0.056687869131565094,0.031899211915947356
AURKB,methy->rna|CNVdiploid,2.0,-0.07701295614242554,0.032079155269608965
AZGP1,methy->rna|CNVdiploid,-2.0,0.26421573758125305,0.027156526493021995
AZGP1,methy->rna|CNVdiploid,-1.5,0.232484832406044,0.02714422399648682
AZGP1,methy->rna|CNVdiploid,-1.0,0.17797167599201202,0.026949168949118404
AZGP1,methy->rna|CNVdiploid,-0.5,0.08306512981653214,0.026173215949762706
AZGP1,methy->rna|CNVdiploid,0.0,-0.036160606890916824,0.024635057364362892
AZGP1,methy->rna|CNVdiploid,0.5,-0.067671038210392,0.02531473052458113
AZGP1,methy->rna|CNVdiploid,1.0,-0.1685003936290741,0.025817245555331193
AZGP1,methy->rna|CNVdiploid,1.5,-0.2557867169380188,0.02607007112141607
AZGP1,methy->rna|CNVdiploid,2.0,-0.32073843479156494,0.02616018554643519
BAG1,methy->rna|CNVdiploid,-2.0,0.09837712347507477,0.02144343888591225
BAG1,methy->rna|CNVdiploid,-1.5,0.07178151607513428,0.02137093152369342
BAG1,methy->rna|CNVdiploid,-1.0,0.031033668667078018,0.021194553605697275
BAG1,methy->rna|CNVdiploid,-0.5,-0.021708963438868523,0.020750604560667275
BAG1,methy->rna|CNVdiploid,0.0,-0.05207088217139244,0.01962563333055539
BAG1,methy->rna|CNVdiploid,0.5,-0.1159096509218216,0.01965806877004751
BAG1,methy->rna|CNVdiploid,1.0,-0.18060171604156494,0.020088492696654605
BAG1,methy->rna|CNVdiploid,1.5,-0.2340690940618515,0.020254106747443094
BAG1,methy->rna|CNVdiploid,2.0,-0.273897260427475,0.020282523444045776
BBC3,methy->rna|CNVdiploid,-2.0,0.18875978887081146,0.02684234971702362
BBC3,methy->rna|CNVdiploid,-1.5,0.15996742248535156,0.0270872140749875
BBC3,methy->rna|CNVdiploid,-1.0,0.11216116696596146,0.02739800630233767
BBC3,methy->rna|CNVdiploid,-0.5,0.03784910589456558,0.027580194398502598
BBC3,methy->rna|CNVdiploid,0.0,-0.026842240244150162,0.0267246946987866
BBC3,methy->rna|CNVdiploid,0.5,-0.026008453220129013,0.028367386365906463
BBC3,methy->rna|CNVdiploid,1.0,-0.06011583283543587,0.028573229253460727
BBC3,methy->rna|CNVdiploid,1.5,-0.1017814353108406,0.02858107277605242
BBC3,methy->rna|CNVdiploid,2.0,-0.13983303308486938,0.028520732789946237
BCL2,methy->rna|CNVdiploid,-2.0,0.08032358437776566,0.030594142597496446
BCL2,methy->rna|CNVdiploid,-1.5,0.06344042718410492,0.030457354963301538
BCL2,methy->rna|CNVdiploid,-1.0,0.03745943307876587,0.030196646646115207
BCL2,methy->rna|CNVdiploid,-0.5,-0.0009257372585125268,0.029627586986630858
BCL2,methy->rna|CNVdiploid,0.0,-0.035014018416404724,0.02788520260002383
BCL2,methy->rna|CNVdiploid,0.5,-0.07404486835002899,0.028175449985064504
BCL2,methy->rna|CNVdiploid,1.0,-0.10662803053855896,0.028228593718990145
BCL2,methy->rna|CNVdiploid,1.5,-0.13066723942756653,0.028199577697932694
BCL2,methy->rna|CNVdiploid,2.0,-0.14890283346176147,0.028152305164302137
BIRC5,methy->rna|CNVdiploid,-2.0,-0.028728624805808067,0.033524019741336904
BIRC5,methy->rna|CNVdiploid,-1.5,-0.041141826659440994,0.03353509525726104
BIRC5,methy->rna|CNVdiploid,-1.0,-0.061728451400995255,0.033548297830159196
BIRC5,methy->rna|CNVdiploid,-0.5,-0.09628436714410782,0.03356153745220546
BIRC5,methy->rna|CNVdiploid,0.0,-0.12366588413715363,0.03362480432101257
BIRC5,methy->rna|CNVdiploid,0.5,-0.1684306561946869,0.03242870090588535
BIRC5,methy->rna|CNVdiploid,1.0,-0.20973630249500275,0.03244154388411064
BIRC5,methy->rna|CNVdiploid,1.5,-0.24415577948093414,0.03245961079221987
BIRC5,methy->rna|CNVdiploid,2.0,-0.2698942720890045,0.0324416637490016
BLVRA,methy->rna|CNVdiploid,-2.0,0.09757548570632935,0.025281364497662877
BLVRA,methy->rna|CNVdiploid,-1.5,0.07113660126924515,0.02514878739018293
BLVRA,methy->rna|CNVdiploid,-1.0,0.027127495035529137,0.024732276508373098
BLVRA,methy->rna|CNVdiploid,-0.5,-0.05135142058134079,0.023475737215226933
BLVRA,methy->rna|CNVdiploid,0.0,-0.15385852754116058,0.02091378862321188
BLVRA,methy->rna|CNVdiploid,0.5,-0.2010144591331482,0.02227747623206254
BLVRA,methy->rna|CNVdiploid,1.0,-0.3285715878009796,0.02263954665976278
BLVRA,methy->rna|CNVdiploid,1.5,-0.4328455924987793,0.022545276192070036
BLVRA,methy->rna|CNVdiploid,2.0,-0.5028762221336365,0.022445818843641472
BRCA1,methy->rna|CNVdiploid,-2.0,0.11517244577407837,0.028601244947519127
BRCA1,methy->rna|CNVdiploid,-1.5,0.08492394536733627,0.0285717145971114
BRCA1,methy->rna|CNVdiploid,-1.0,0.03539315238595009,0.028431313581294648
BRCA1,methy->rna|CNVdiploid,-0.5,-0.04365288466215134,0.02793145519240045
BRCA1,methy->rna|CNVdiploid,0.0,-0.0929870679974556,0.02817028489794522
BRCA1,methy->rna|CNVdiploid,0.5,-0.11810531467199326,0.027230934258602853
BRCA1,methy->rna|CNVdiploid,1.0,-0.17523901164531708,0.02740821879104694
BRCA1,methy->rna|CNVdiploid,1.5,-0.22122472524642944,0.02745021509011387
BRCA1,methy->rna|CNVdiploid,2.0,-0.25437459349632263,0.027344171710767806
BRCA2,methy->rna|CNVdiploid,-2.0,0.16642627120018005,0.029875563473036236
BRCA2,methy->rna|CNVdiploid,-1.5,0.14167793095111847,0.029769361000289447
BRCA2,methy->rna|CNVdiploid,-1.0,0.10146219283342361,0.02954781799138188
BRCA2,methy->rna|CNVdiploid,-0.5,0.036145828664302826,0.029055458785938088
BRCA2,methy->rna|CNVdiploid,0.0,0.0022767598275095224,0.030052096125709794
BRCA2,methy->rna|CNVdiploid,0.5,-0.008681152015924454,0.028613723972348255
BRCA2,methy->rna|CNVdiploid,1.0,-0.019374292343854904,0.02821825482730496
BRCA2,methy->rna|CNVdiploid,1.5,-0.028061723336577415,0.028115663556818365
BRCA2,methy->rna|CNVdiploid,2.0,-0.03587726876139641,0.028083589891360762
BRD4,methy->rna|CNVdiploid,-2.0,0.12472857534885406,0.022037844521429206
BRD4,methy->rna|CNVdiploid,-1.5,0.08774381875991821,0.02201391730983316
BRD4,methy->rna|CNVdiploid,-1.0,0.027420664206147194,0.021946830020047103
BRD4,methy->rna|CNVdiploid,-0.5,-0.07003137469291687,0.02174097623568457
BRD4,methy->rna|CNVdiploid,0.0,-0.16213704645633698,0.02142527826525191
BRD4,methy->rna|CNVdiploid,0.5,-0.18021969497203827,0.021563639398560795
BRD4,methy->rna|CNVdiploid,1.0,-0.25159209966659546,0.021710624265933398
BRD4,methy->rna|CNVdiploid,1.5,-0.3099125623703003,0.021846328757386412
BRD4,methy->rna|CNVdiploid,2.0,-0.3531538248062134,0.021884094915483498
BUB1,methy->rna|CNVdiploid,-2.0,-0.06772913783788681,0.03665681506939234
BUB1,methy->rna|CNVdiploid,-1.5,-0.08346464484930038,0.03648872090504193
BUB1,methy->rna|CNVdiploid,-1.0,-0.10768388211727142,0.036176562217934895
BUB1,methy->rna|CNVdiploid,-0.5,-0.14206084609031677,0.03554073345546593
BUB1,methy->rna|CNVdiploid,0.0,-0.1729448139667511,0.0351668508876026
BUB1,methy->rna|CNVdiploid,0.5,-0.1913139373064041,0.03458003161000219
BUB1,methy->rna|CNVdiploid,1.0,-0.20845195651054382,0.034613613393724166
BUB1,methy->rna|CNVdiploid,1.5,-0.2189905047416687,0.03477003271769566
BUB1,methy->rna|CNVdiploid,2.0,-0.2269345074892044,0.03488539286811133
BUB1B,methy->rna|CNVdiploid,-2.0,-0.010123704560101032,0.03575121620398093
BUB1B,methy->rna|CNVdiploid,-1.5,-0.019334701821208,0.03571202038463901
BUB1B,methy->rna|CNVdiploid,-1.0,-0.031775739043951035,0.035633796556802516
BUB1B,methy->rna|CNVdiploid,-0.5,-0.04562705010175705,0.03544049589556533
BUB1B,methy->rna|CNVdiploid,0.0,-0.07259167730808258,0.035342714476248475
BUB1B,methy->rna|CNVdiploid,0.5,-0.07964351773262024,0.035115038743647374
BUB1B,methy->rna|CNVdiploid,1.0,-0.09836797416210175,0.03500067674086911
BUB1B,methy->rna|CNVdiploid,1.5,-0.11876785755157471,0.03476081183853883
BUB1B,methy->rna|CNVdiploid,2.0,-0.13442739844322205,0.034533051110833234
CA12,methy->rna|CNVdiploid,-2.0,0.14798997342586517,0.029691477152870925
CA12,methy->rna|CNVdiploid,-1.5,0.12971988320350647,0.02953975217390151
CA12,methy->rna|CNVdiploid,-1.0,0.09939607977867126,0.02922953965675123
CA12,methy->rna|CNVdiploid,-0.5,0.04584169760346413,0.028629245386045953
CA12,methy->rna|CNVdiploid,0.0,-0.043493155390024185,0.02731601217884026
CA12,methy->rna|CNVdiploid,0.5,-0.056733421981334686,0.0282963544315272
CA12,methy->rna|CNVdiploid,1.0,-0.1362556368112564,0.02854065215546112
CA12,methy->rna|CNVdiploid,1.5,-0.19782015681266785,0.028481247115504378
CA12,methy->rna|CNVdiploid,2.0,-0.2399040311574936,0.028363653119393664
CBFB,methy->rna|CNVdiploid,-2.0,0.22960595786571503,0.02305753950749713
CBFB,methy->rna|CNVdiploid,-1.5,0.20024414360523224,0.02307109077825988
CBFB,methy->rna|CNVdiploid,-1.0,0.15181338787078857,0.023002924704455238
CBFB,methy->rna|CNVdiploid,-0.5,0.06880874186754227,0.02249832184524092
CBFB,methy->rna|CNVdiploid,0.0,0.030467305332422256,0.022484349957679006
CBFB,methy->rna|CNVdiploid,0.5,-0.01714007928967476,0.022637064366839207
CBFB,methy->rna|CNVdiploid,1.0,-0.09044339507818222,0.023269948811714014
CBFB,methy->rna|CNVdiploid,1.5,-0.1659349799156189,0.023647998319059227
CBFB,methy->rna|CNVdiploid,2.0,-0.225554421544075,0.023847300942290716
CCNB1,methy->rna|CNVdiploid,-2.0,0.0037884165067225695,0.03525146896253108
CCNB1,methy->rna|CNVdiploid,-1.5,-0.012532993219792843,0.035176732113340506
CCNB1,methy->rna|CNVdiploid,-1.0,-0.03737086430191994,0.03501141009701361
CCNB1,methy->rna|CNVdiploid,-0.5,-0.0718875527381897,0.03466702954785652
CCNB1,methy->rna|CNVdiploid,0.0,-0.09092209488153458,0.03510665473936556
CCNB1,methy->rna|CNVdiploid,0.5,-0.08813786506652832,0.03422383020323539
CCNB1,methy->rna|CNVdiploid,1.0,-0.09761129319667816,0.034860001125483986
CCNB1,methy->rna|CNVdiploid,1.5,-0.11170127242803574,0.03524942690066155
CCNB1,methy->rna|CNVdiploid,2.0,-0.12426716834306717,0.0354117849851394
CCNB2,methy->rna|CNVdiploid,-2.0,-0.017447466030716896,0.03736916121952295
CCNB2,methy->rna|CNVdiploid,-1.5,-0.030316965654492378,0.03720130678495445
CCNB2,methy->rna|CNVdiploid,-1.0,-0.048497941344976425,0.03692249233114912
CCNB2,methy->rna|CNVdiploid,-0.5,-0.069218710064888,0.03651700901930705
CCNB2,methy->rna|CNVdiploid,0.0,-0.08078417181968689,0.0368903162356938
CCNB2,methy->rna|CNVdiploid,0.5,-0.08452485501766205,0.03544886464431557
CCNB2,methy->rna|CNVdiploid,1.0,-0.08941113203763962,0.03568836341388803
CCNB2,methy->rna|CNVdiploid,1.5,-0.09749028086662292,0.03595116609762357
CCNB2,methy->rna|CNVdiploid,2.0,-0.10514391213655472,0.03610397421933488
CCND1,methy->rna|CNVdiploid,-2.0,0.04341605305671692,0.02748707027503971
CCND1,methy->rna|CNVdiploid,-1.5,0.01847877912223339,0.027430629166932008
CCND1,methy->rna|CNVdiploid,-1.0,-0.021340036764740944,0.02728657554098364
CCND1,methy->rna|CNVdiploid,-0.5,-0.08414559811353683,0.026920094085296303
CCND1,methy->rna|CNVdiploid,0.0,-0.14272908866405487,0.025519847684704708
CCND1,methy->rna|CNVdiploid,0.5,-0.20706433057785034,0.025546902280273825
CCND1,methy->rna|CNVdiploid,1.0,-0.27403560280799866,0.025675558716138754
CCND1,methy->rna|CNVdiploid,1.5,-0.31520015001296997,0.02565168598858405
CCND1,methy->rna|CNVdiploid,2.0,-0.3407631516456604,0.025594747986019305
CCNE2,methy->rna|CNVdiploid,-2.0,-0.2199857532978058,0.029234591417064523
CCNE2,methy->rna|CNVdiploid,-1.5,-0.23298268020153046,0.02912607664160315
CCNE2,methy->rna|CNVdiploid,-1.0,-0.2507837116718292,0.0289855012768541
CCNE2,methy->rna|CNVdiploid,-0.5,-0.26809629797935486,0.028942373889088897
CCNE2,methy->rna|CNVdiploid,0.0,-0.275241881608963,0.02961856878810782
CCNE2,methy->rna|CNVdiploid,0.5,-0.3011569678783417,0.028656491765440596
CCNE2,methy->rna|CNVdiploid,1.0,-0.3104071319103241,0.028845967646975522
CCNE2,methy->rna|CNVdiploid,1.5,-0.31498876214027405,0.028982336843732918
CCNE2,methy->rna|CNVdiploid,2.0,-0.3187703490257263,0.029038671163119586
CD44,methy->rna|CNVdiploid,-2.0,0.08471030741930008,0.020221494779657026
CD44,methy->rna|CNVdiploid,-1.5,0.055504702031612396,0.020137425903865285
CD44,methy->rna|CNVdiploid,-1.0,0.007947009056806564,0.0199296303082693
CD44,methy->rna|CNVdiploid,-0.5,-0.06966283917427063,0.019405807658630942
CD44,methy->rna|CNVdiploid,0.0,-0.11017194390296936,0.019064188360689092
CD44,methy->rna|CNVdiploid,0.5,-0.17676256597042084,0.01861613557766516
CD44,methy->rna|CNVdiploid,1.0,-0.2325645238161087,0.01907381024239021
CD44,methy->rna|CNVdiploid,1.5,-0.27416443824768066,0.01939422217207984
CD44,methy->rna|CNVdiploid,2.0,-0.3035639226436615,0.019551110058806883
CDC20,methy->rna|CNVdiploid,-2.0,-0.006709059700369835,0.035771272869279995
CDC20,methy->rna|CNVdiploid,-1.5,-0.023040717467665672,0.035429200264114176
CDC20,methy->rna|CNVdiploid,-1.0,-0.047620777040719986,0.03483920783594597
CDC20,methy->rna|CNVdiploid,-0.5,-0.07988174259662628,0.033826454116745105
CDC20,methy->rna|CNVdiploid,0.0,-0.10429882258176804,0.03421141873861753
CDC20,methy->rna|CNVdiploid,0.5,-0.12517155706882477,0.032914140638078626
CDC20,methy->rna|CNVdiploid,1.0,-0.1430446207523346,0.03316797960733247
CDC20,methy->rna|CNVdiploid,1.5,-0.1574767678976059,0.033432235925291036
CDC20,methy->rna|CNVdiploid,2.0,-0.16833336651325226,0.03358930687839699
CDC6,methy->rna|CNVdiploid,-2.0,0.011482498608529568,0.032282278313819406
CDC6,methy->rna|CNVdiploid,-1.5,-0.015194992534816265,0.032100648134237825
CDC6,methy->rna|CNVdiploid,-1.0,-0.05858045071363449,0.03175162118603502
CDC6,methy->rna|CNVdiploid,-0.5,-0.12685461342334747,0.03107400316385623
CDC6,methy->rna|CNVdiploid,0.0,-0.16085568070411682,0.03145969787188265
CDC6,methy->rna|CNVdiploid,0.5,-0.1749434918165207,0.030566366633219953
CDC6,methy->rna|CNVdiploid,1.0,-0.18582287430763245,0.03105222698221239
CDC6,methy->rna|CNVdiploid,1.5,-0.20034891366958618,0.03128696820529481
CDC6,methy->rna|CNVdiploid,2.0,-0.21296696364879608,0.031342042853645634
CDCA7,methy->rna|CNVdiploid,-2.0,0.15356981754302979,0.02746844762970878
CDCA7,methy->rna|CNVdiploid,-1.5,0.12064377963542938,0.027168746173814328
CDCA7,methy->rna|CNVdiploid,-1.0,0.06598129868507385,0.026551374425190608
CDCA7,methy->rna|CNVdiploid,-0.5,-0.022073350846767426,0.025051775285529827
CDCA7,methy->rna|CNVdiploid,0.0,-0.09332101047039032,0.02463238328761379
CDCA7,methy->rna|CNVdiploid,0.5,-0.12050149589776993,0.023127893660402094
CDCA7,methy->rna|CNVdiploid,1.0,-0.17627185583114624,0.02277751332861234
CDCA7,methy->rna|CNVdiploid,1.5,-0.2215263694524765,0.022839069398521292
CDCA7,methy->rna|CNVdiploid,2.0,-0.2552051246166229,0.02292527622809532
CDH1,methy->rna|CNVdiploid,-2.0,0.33058202266693115,0.018038926195276774
CDH1,methy->rna|CNVdiploid,-1.5,0.30073654651641846,0.017793526804026905
CDH1,methy->rna|CNVdiploid,-1.0,0.24937482178211212,0.01729857197885355
CDH1,methy->rna|CNVdiploid,-0.5,0.1541484296321869,0.016084118338602117
CDH1,methy->rna|CNVdiploid,0.0,0.06446703523397446,0.013964592148778644
CDH1,methy->rna|CNVdiploid,0.5,0.004327716771513224,0.014762397607436062
CDH1,methy->rna|CNVdiploid,1.0,-0.07355574518442154,0.015477374247082697
CDH1,methy->rna|CNVdiploid,1.5,-0.13365653157234192,0.01606164803027157
CDH1,methy->rna|CNVdiploid,2.0,-0.17559443414211273,0.01642069459367729
CDH3,methy->rna|CNVdiploid,-2.0,0.23813171684741974,0.02690866987150757
CDH3,methy->rna|CNVdiploid,-1.5,0.20368890464305878,0.02730546624779797
CDH3,methy->rna|CNVdiploid,-1.0,0.14755770564079285,0.02788526144278848
CDH3,methy->rna|CNVdiploid,-0.5,0.05534770339727402,0.028533048362651334
CDH3,methy->rna|CNVdiploid,0.0,0.005870747845619917,0.027521752636396796
CDH3,methy->rna|CNVdiploid,0.5,-0.028469057753682137,0.026916132005809862
CDH3,methy->rna|CNVdiploid,1.0,-0.08345575630664825,0.027889027379726084
CDH3,methy->rna|CNVdiploid,1.5,-0.12908035516738892,0.028236984261356915
CDH3,methy->rna|CNVdiploid,2.0,-0.16317401826381683,0.02830381656582949
CDK4,methy->rna|CNVdiploid,-2.0,0.15450482070446014,0.02167447301482171
CDK4,methy->rna|CNVdiploid,-1.5,0.11754102259874344,0.021551550479467683
CDK4,methy->rna|CNVdiploid,-1.0,0.05549493432044983,0.021305051600263518
CDK4,methy->rna|CNVdiploid,-0.5,-0.048227258026599884,0.020803613174170385
CDK4,methy->rna|CNVdiploid,0.0,-0.13639551401138306,0.02087700099849731
CDK4,methy->rna|CNVdiploid,0.5,-0.16217166185379028,0.021350441165425272
CDK4,methy->rna|CNVdiploid,1.0,-0.29315581917762756,0.02164531097653346
CDK4,methy->rna|CNVdiploid,1.5,-0.3974306583404541,0.02146230126102508
CDK4,methy->rna|CNVdiploid,2.0,-0.46044424176216125,0.021197805213284605
CDK6,methy->rna|CNVdiploid,-2.0,0.04335813596844673,0.02279447312100149
CDK6,methy->rna|CNVdiploid,-1.5,0.008766643702983856,0.022822595603780922
CDK6,methy->rna|CNVdiploid,-1.0,-0.04668809846043587,0.02276867601710656
CDK6,methy->rna|CNVdiploid,-0.5,-0.135442316532135,0.022413376866064393
CDK6,methy->rna|CNVdiploid,0.0,-0.22477872669696808,0.022235072392366367
CDK6,methy->rna|CNVdiploid,0.5,-0.2515842020511627,0.021438040607096018
CDK6,methy->rna|CNVdiploid,1.0,-0.32121074199676514,0.02155053925566036
CDK6,methy->rna|CNVdiploid,1.5,-0.3727942109107971,0.02170706318899124
CDK6,methy->rna|CNVdiploid,2.0,-0.4088924527168274,0.021791958042849734
CDKN1B,methy->rna|CNVdiploid,-2.0,0.2607993483543396,0.02471391756580227
CDKN1B,methy->rna|CNVdiploid,-1.5,0.21908050775527954,0.024725683939370635
CDKN1B,methy->rna|CNVdiploid,-1.0,0.1482914388179779,0.02458396005103008
CDKN1B,methy->rna|CNVdiploid,-0.5,0.03012084774672985,0.023862985808112445
CDKN1B,methy->rna|CNVdiploid,0.0,-0.052717722952365875,0.021837371580989678
CDKN1B,methy->rna|CNVdiploid,0.5,-0.13320885598659515,0.021707494702598674
CDKN1B,methy->rna|CNVdiploid,1.0,-0.2599254250526428,0.02175710787064531
CDKN1B,methy->rna|CNVdiploid,1.5,-0.35365551710128784,0.021629933400704904
CDKN1B,methy->rna|CNVdiploid,2.0,-0.41418465971946716,0.021485276091578458
CDKN2A,methy->rna|CNVdiploid,-2.0,0.06829661875963211,0.023587209384452384
CDKN2A,methy->rna|CNVdiploid,-1.5,0.04189242795109749,0.023400021832653852
CDKN2A,methy->rna|CNVdiploid,-1.0,0.001886239042505622,0.023006226437360604
CDKN2A,methy->rna|CNVdiploid,-0.5,-0.051145635545253754,0.022062366698756716
CDKN2A,methy->rna|CNVdiploid,0.0,-0.0864873081445694,0.021939413652339538
CDKN2A,methy->rna|CNVdiploid,0.5,-0.12401629984378815,0.020566008269874998
CDKN2A,methy->rna|CNVdiploid,1.0,-0.15377579629421234,0.02064069935247084
CDKN2A,methy->rna|CNVdiploid,1.5,-0.1778114289045334,0.020893289547497113
CDKN2A,methy->rna|CNVdiploid,2.0,-0.19695048034191132,0.021067106715550156
CDKN3,methy->rna|CNVdiploid,-2.0,0.014121698215603828,0.035003448888892626
CDKN3,methy->rna|CNVdiploid,-1.5,-0.0042963819578289986,0.034917082965917876
CDKN3,methy->rna|CNVdiploid,-1.0,-0.03287617862224579,0.03473861504009582
CDKN3,methy->rna|CNVdiploid,-0.5,-0.07488681375980377,0.03438850494915113
CDKN3,methy->rna|CNVdiploid,0.0,-0.10832108557224274,0.034673356234737225
CDKN3,methy->rna|CNVdiploid,0.5,-0.1352989822626114,0.03303402732264903
CDKN3,methy->rna|CNVdiploid,1.0,-0.16823162138462067,0.03299182180486335
CDKN3,methy->rna|CNVdiploid,1.5,-0.19269606471061707,0.03302385188308788
CDKN3,methy->rna|CNVdiploid,2.0,-0.20956552028656006,0.03299360670205773
CENPA,methy->rna|CNVdiploid,-2.0,0.05153458192944527,0.03472131744665035
CENPA,methy->rna|CNVdiploid,-1.5,0.030241038650274277,0.03444272964645701
CENPA,methy->rna|CNVdiploid,-1.0,-0.003072693943977356,0.03390207578676708
CENPA,methy->rna|CNVdiploid,-0.5,-0.051885936409235,0.032743235097194935
CENPA,methy->rna|CNVdiploid,0.0,-0.09140855073928833,0.031985161580846244
CENPA,methy->rna|CNVdiploid,0.5,-0.12281523644924164,0.03120179657250629
CENPA,methy->rna|CNVdiploid,1.0,-0.17792029678821564,0.031000092292732418
CENPA,methy->rna|CNVdiploid,1.5,-0.21755927801132202,0.031040881225443195
CENPA,methy->rna|CNVdiploid,2.0,-0.24460528790950775,0.031087112024203275
CENPF,methy->rna|CNVdiploid,-2.0,-0.13030417263507843,0.033043697150306535
CENPF,methy->rna|CNVdiploid,-1.5,-0.1472545713186264,0.03292667196758744
CENPF,methy->rna|CNVdiploid,-1.0,-0.17247374355793,0.032706770018005114
CENPF,methy->rna|CNVdiploid,-0.5,-0.20326481759548187,0.03223426479722659
CENPF,methy->rna|CNVdiploid,0.0,-0.22469860315322876,0.03265900494864082
CENPF,methy->rna|CNVdiploid,0.5,-0.23861904442310333,0.03205578161587296
CENPF,methy->rna|CNVdiploid,1.0,-0.2540871202945709,0.031900519532939584
CENPF,methy->rna|CNVdiploid,1.5,-0.25970786809921265,0.031909973603793364
CENPF,methy->rna|CNVdiploid,2.0,-0.2630908787250519,0.03193808736912618
CEP55,methy->rna|CNVdiploid,-2.0,0.025740478187799454,0.03443336928815434
CEP55,methy->rna|CNVdiploid,-1.5,0.007727870251983404,0.034150283285507746
CEP55,methy->rna|CNVdiploid,-1.0,-0.02010391466319561,0.03360606181079069
CEP55,methy->rna|CNVdiploid,-0.5,-0.05960637703537941,0.032507572004133
CEP55,methy->rna|CNVdiploid,0.0,-0.08288301527500153,0.032686545541858715
CEP55,methy->rna|CNVdiploid,0.5,-0.08517230302095413,0.03187894821129119
CEP55,methy->rna|CNVdiploid,1.0,-0.11749223619699478,0.03213383109477717
CEP55,methy->rna|CNVdiploid,1.5,-0.1511285901069641,0.03243304655302284
CEP55,methy->rna|CNVdiploid,2.0,-0.1770654022693634,0.03258663052748287
CHEK1,methy->rna|CNVdiploid,-2.0,0.28531357645988464,0.03399860407313306
CHEK1,methy->rna|CNVdiploid,-1.5,0.2586893141269684,0.033953763707108044
CHEK1,methy->rna|CNVdiploid,-1.0,0.21269015967845917,0.03381562268932618
CHEK1,methy->rna|CNVdiploid,-0.5,0.1268945336341858,0.03335343892533962
CHEK1,methy->rna|CNVdiploid,0.0,0.07246331125497818,0.03408051973961094
CHEK1,methy->rna|CNVdiploid,0.5,0.053556039929389954,0.032765078839050034
CHEK1,methy->rna|CNVdiploid,1.0,0.0376533679664135,0.032435648710837366
CHEK1,methy->rna|CNVdiploid,1.5,0.018306788057088852,0.03243684082166195
CHEK1,methy->rna|CNVdiploid,2.0,0.0008219091687351465,0.032463801704679954
CHEK2,methy->rna|CNVdiploid,-2.0,0.04783059284090996,0.028466429635620825
CHEK2,methy->rna|CNVdiploid,-1.5,0.03177475184202194,0.028270583479972116
CHEK2,methy->rna|CNVdiploid,-1.0,0.007639715448021889,0.027891189306486562
CHEK2,methy->rna|CNVdiploid,-0.5,-0.022397898137569427,0.02708297521657104
CHEK2,methy->rna|CNVdiploid,0.0,-0.029969673603773117,0.02736561227071697
CHEK2,methy->rna|CNVdiploid,0.5,-0.06281450390815735,0.026033834875199887
CHEK2,methy->rna|CNVdiploid,1.0,-0.08165030181407928,0.02629668986361512
CHEK2,methy->rna|CNVdiploid,1.5,-0.10375671833753586,0.026572703837695433
CHEK2,methy->rna|CNVdiploid,2.0,-0.12229509651660919,0.026719856515915373
DLGAP5,methy->rna|CNVdiploid,-2.0,-0.024646606296300888,0.03672921346352848
DLGAP5,methy->rna|CNVdiploid,-1.5,-0.04037012159824371,0.0365860599139431
DLGAP5,methy->rna|CNVdiploid,-1.0,-0.06381834298372269,0.03634682484713074
DLGAP5,methy->rna|CNVdiploid,-0.5,-0.09573695808649063,0.036019075006753075
DLGAP5,methy->rna|CNVdiploid,0.0,-0.12094632536172867,0.03639918401086104
DLGAP5,methy->rna|CNVdiploid,0.5,-0.13004596531391144,0.035169407278822395
DLGAP5,methy->rna|CNVdiploid,1.0,-0.15082164108753204,0.03526757444515197
DLGAP5,methy->rna|CNVdiploid,1.5,-0.16923435032367706,0.03534662860977853
DLGAP5,methy->rna|CNVdiploid,2.0,-0.18276424705982208,0.03533709608190522
DNMT1,methy->rna|CNVdiploid,-2.0,-0.01053864136338234,0.026601918180663375
DNMT1,methy->rna|CNVdiploid,-1.5,-0.028584638610482216,0.026485673209416305
DNMT1,methy->rna|CNVdiploid,-1.0,-0.05507253482937813,0.02624544435368986
DNMT1,methy->rna|CNVdiploid,-0.5,-0.08825360983610153,0.025693991757005805
DNMT1,methy->rna|CNVdiploid,0.0,-0.10376396775245667,0.025666265918047347
DNMT1,methy->rna|CNVdiploid,0.5,-0.12012096494436264,0.02589455623063479
DNMT1,methy->rna|CNVdiploid,1.0,-0.14271977543830872,0.026290112550144233
DNMT1,methy->rna|CNVdiploid,1.5,-0.16715629398822784,0.026458038903647303
DNMT1,methy->rna|CNVdiploid,2.0,-0.1878427118062973,0.026469334535098466
DNMT3A,methy->rna|CNVdiploid,-2.0,0.006878133863210678,0.0216660606788384
DNMT3A,methy->rna|CNVdiploid,-1.5,-0.022351877763867378,0.021538465592098828
DNMT3A,methy->rna|CNVdiploid,-1.0,-0.06731288135051727,0.021228675871109364
DNMT3A,methy->rna|CNVdiploid,-0.5,-0.12811219692230225,0.020381076357388055
DNMT3A,methy->rna|CNVdiploid,0.0,-0.16250519454479218,0.01987290806250827
DNMT3A,methy->rna|CNVdiploid,0.5,-0.20302508771419525,0.020084883673756066
DNMT3A,methy->rna|CNVdiploid,1.0,-0.2741188406944275,0.020350493375301586
DNMT3A,methy->rna|CNVdiploid,1.5,-0.34027284383773804,0.020624406444747726
DNMT3A,methy->rna|CNVdiploid,2.0,-0.39173874258995056,0.02075974480344292
DNMT3B,methy->rna|CNVdiploid,-2.0,-0.01871471479535103,0.024142517271901844
DNMT3B,methy->rna|CNVdiploid,-1.5,-0.0420527383685112,0.02389772919159584
DNMT3B,methy->rna|CNVdiploid,-1.0,-0.07663083076477051,0.023349948819298284
DNMT3B,methy->rna|CNVdiploid,-0.5,-0.1202131062746048,0.022006391974042912
DNMT3B,methy->rna|CNVdiploid,0.0,-0.1492053121328354,0.022509486714992862
DNMT3B,methy->rna|CNVdiploid,0.5,-0.17178741097450256,0.021339666401409343
DNMT3B,methy->rna|CNVdiploid,1.0,-0.20969754457473755,0.021031746572718762
DNMT3B,methy->rna|CNVdiploid,1.5,-0.2386244237422943,0.02098616740309314
DNMT3B,methy->rna|CNVdiploid,2.0,-0.25983572006225586,0.020945805625266486
E2F1,methy->rna|CNVdiploid,-2.0,-0.12129183113574982,0.029590424511711847
E2F1,methy->rna|CNVdiploid,-1.5,-0.14018979668617249,0.02955242734127947
E2F1,methy->rna|CNVdiploid,-1.0,-0.16601939499378204,0.02940047570869807
E2F1,methy->rna|CNVdiploid,-0.5,-0.19157198071479797,0.028854848545714375
E2F1,methy->rna|CNVdiploid,0.0,-0.19577354192733765,0.02802458367458665
E2F1,methy->rna|CNVdiploid,0.5,-0.21216730773448944,0.02800251763784287
E2F1,methy->rna|CNVdiploid,1.0,-0.22399641573429108,0.028570112766295928
E2F1,methy->rna|CNVdiploid,1.5,-0.23892267048358917,0.0288862858375691
E2F1,methy->rna|CNVdiploid,2.0,-0.25501054525375366,0.029001186142675828
EGFR,methy->rna|CNVdiploid,-2.0,0.1285761445760727,0.02885557427314506
EGFR,methy->rna|CNVdiploid,-1.5,0.09880759567022324,0.029011867194140645
EGFR,methy->rna|CNVdiploid,-1.0,0.049061112105846405,0.02918471672561944
EGFR,methy->rna|CNVdiploid,-0.5,-0.03820009157061577,0.029259510238213004
EGFR,methy->rna|CNVdiploid,0.0,-0.12100324034690857,0.029070524713050164
EGFR,methy->rna|CNVdiploid,0.5,-0.12176515907049179,0.0284233785255135
EGFR,methy->rna|CNVdiploid,1.0,-0.15952050685882568,0.028519039425941306
EGFR,methy->rna|CNVdiploid,1.5,-0.19221451878547668,0.02865684700139015
EGFR,methy->rna|CNVdiploid,2.0,-0.2182231843471527,0.028738189495753103
EGLN1,methy->rna|CNVdiploid,-2.0,-0.1443387269973755,0.020725337041654197
EGLN1,methy->rna|CNVdiploid,-1.5,-0.1637049913406372,0.02074681465075148
EGLN1,methy->rna|CNVdiploid,-1.0,-0.19279557466506958,0.020744914247389445
EGLN1,methy->rna|CNVdiploid,-0.5,-0.23009201884269714,0.02065439881982604
EGLN1,methy->rna|CNVdiploid,0.0,-0.237118661403656,0.02059521171603467
EGLN1,methy->rna|CNVdiploid,0.5,-0.29197022318840027,0.020654878279389857
EGLN1,methy->rna|CNVdiploid,1.0,-0.3263959288597107,0.021126418042955786
EGLN1,methy->rna|CNVdiploid,1.5,-0.34497636556625366,0.021407084954166766
EGLN1,methy->rna|CNVdiploid,2.0,-0.3583405911922455,0.02156108518670265
ERBB2,methy->rna|CNVdiploid,-2.0,0.18463805317878723,0.023264729240553384
ERBB2,methy->rna|CNVdiploid,-1.5,0.14476732909679413,0.02312837311996591
ERBB2,methy->rna|CNVdiploid,-1.0,0.07686708867549896,0.02274588207357044
ERBB2,methy->rna|CNVdiploid,-0.5,-0.04579925164580345,0.02140138592344232
ERBB2,methy->rna|CNVdiploid,0.0,-0.16843710839748383,0.018992925413974533
ERBB2,methy->rna|CNVdiploid,0.5,-0.24100996553897858,0.019071295259041828
ERBB2,methy->rna|CNVdiploid,1.0,-0.3542446196079254,0.019216652143259114
ERBB2,methy->rna|CNVdiploid,1.5,-0.4189993441104889,0.019002880738008664
ERBB2,methy->rna|CNVdiploid,2.0,-0.45658838748931885,0.018806964842787037
ERBB3,methy->rna|CNVdiploid,-2.0,0.1385110467672348,0.026476988453226286
ERBB3,methy->rna|CNVdiploid,-1.5,0.1131192073225975,0.02637432090508181
ERBB3,methy->rna|CNVdiploid,-1.0,0.07122720032930374,0.02616424133847274
ERBB3,methy->rna|CNVdiploid,-0.5,-0.0010746379848569632,0.025737912432412958
ERBB3,methy->rna|CNVdiploid,0.0,-0.07432293891906738,0.024873719259060324
ERBB3,methy->rna|CNVdiploid,0.5,-0.1249794140458107,0.026025980455799926
ERBB3,methy->rna|CNVdiploid,1.0,-0.23832055926322937,0.026860909160866586
ERBB3,methy->rna|CNVdiploid,1.5,-0.3127739727497101,0.027094026759516988
ERBB3,methy->rna|CNVdiploid,2.0,-0.3590117394924164,0.027139270307447942
ESM1,methy->rna|CNVdiploid,-2.0,0.09969301521778107,0.016053423119390484
ESM1,methy->rna|CNVdiploid,-1.5,0.06370124220848083,0.01613756282443597
ESM1,methy->rna|CNVdiploid,-1.0,0.006568215321749449,0.016227396111801764
ESM1,methy->rna|CNVdiploid,-0.5,-0.08185576647520065,0.016291254677297855
ESM1,methy->rna|CNVdiploid,0.0,-0.1498478204011917,0.016471329882339514
ESM1,methy->rna|CNVdiploid,0.5,-0.21113096177577972,0.016666257437051187
ESM1,methy->rna|CNVdiploid,1.0,-0.29765525460243225,0.017351056455878946
ESM1,methy->rna|CNVdiploid,1.5,-0.35882869362831116,0.01754472978795891
ESM1,methy->rna|CNVdiploid,2.0,-0.40011516213417053,0.01762090283647927
ESR1,methy->rna|CNVdiploid,-2.0,0.1788659542798996,0.03697656229377759
ESR1,methy->rna|CNVdiploid,-1.5,0.15797190368175507,0.036747598558439155
ESR1,methy->rna|CNVdiploid,-1.0,0.1232042908668518,0.03627378790003006
ESR1,methy->rna|CNVdiploid,-0.5,0.05991245061159134,0.03515513681871393
ESR1,methy->rna|CNVdiploid,0.0,-0.022879667580127716,0.03339722883904755
ESR1,methy->rna|CNVdiploid,0.5,-0.08927250653505325,0.03321805262068804
ESR1,methy->rna|CNVdiploid,1.0,-0.18512681126594543,0.03291667959440519
ESR1,methy->rna|CNVdiploid,1.5,-0.25088852643966675,0.0326463515748794
ESR1,methy->rna|CNVdiploid,2.0,-0.2932656705379486,0.03244493497084381
EXO1,methy->rna|CNVdiploid,-2.0,-0.16469614207744598,0.03331139250095465
EXO1,methy->rna|CNVdiploid,-1.5,-0.18126751482486725,0.0330857435746915
EXO1,methy->rna|CNVdiploid,-1.0,-0.2054423987865448,0.03269907469200587
EXO1,methy->rna|CNVdiploid,-0.5,-0.23283594846725464,0.03202225867491564
EXO1,methy->rna|CNVdiploid,0.0,-0.2489461600780487,0.0324977561592447
EXO1,methy->rna|CNVdiploid,0.5,-0.2727871537208557,0.03161466574099278
EXO1,methy->rna|CNVdiploid,1.0,-0.295369952917099,0.031697766980210276
EXO1,methy->rna|CNVdiploid,1.5,-0.3087403178215027,0.03187927511553924
EXO1,methy->rna|CNVdiploid,2.0,-0.3181411325931549,0.03199954536776071
EXT1,methy->rna|CNVdiploid,-2.0,-0.023703498765826225,0.021335434081077846
EXT1,methy->rna|CNVdiploid,-1.5,-0.06049399822950363,0.021486426794531617
EXT1,methy->rna|CNVdiploid,-1.0,-0.11585435271263123,0.021701420821669794
EXT1,methy->rna|CNVdiploid,-0.5,-0.19610938429832458,0.022060649361773595
EXT1,methy->rna|CNVdiploid,0.0,-0.2621523141860962,0.022311635546622743
EXT1,methy->rna|CNVdiploid,0.5,-0.3106898069381714,0.021439380914513046
EXT1,methy->rna|CNVdiploid,1.0,-0.40479543805122375,0.02118947787240579
EXT1,methy->rna|CNVdiploid,1.5,-0.47330552339553833,0.020995309825230436
EXT1,methy->rna|CNVdiploid,2.0,-0.5175070762634277,0.020846455065558954
EZH2,methy->rna|CNVdiploid,-2.0,-0.05728806182742119,0.029325834751420265
EZH2,methy->rna|CNVdiploid,-1.5,-0.0671023353934288,0.02914610061647741
EZH2,methy->rna|CNVdiploid,-1.0,-0.07948187738656998,0.028836267308254872
EZH2,methy->rna|CNVdiploid,-0.5,-0.087318055331707,0.028305501212387806
EZH2,methy->rna|CNVdiploid,0.0,-0.09033241868019104,0.0289205061742556
EZH2,methy->rna|CNVdiploid,0.5,-0.1054045706987381,0.028004681743965
EZH2,methy->rna|CNVdiploid,1.0,-0.12129037082195282,0.02826839322151014
EZH2,methy->rna|CNVdiploid,1.5,-0.13436412811279297,0.02857733299145466
EZH2,methy->rna|CNVdiploid,2.0,-0.14423133432865143,0.028766281467469384
F12,methy->rna|CNVdiploid,-2.0,0.04556053504347801,0.02215128683358961
F12,methy->rna|CNVdiploid,-1.5,0.028422590345144272,0.022197720312983487
F12,methy->rna|CNVdiploid,-1.0,0.005272130947560072,0.022140721288292437
F12,methy->rna|CNVdiploid,-0.5,-0.019842445850372314,0.021552339408386325
F12,methy->rna|CNVdiploid,0.0,-0.059510134160518646,0.019750900859048803
F12,methy->rna|CNVdiploid,0.5,-0.10202252864837646,0.020013535731937013
F12,methy->rna|CNVdiploid,1.0,-0.17865099012851715,0.019669142106609992
F12,methy->rna|CNVdiploid,1.5,-0.23509261012077332,0.019137314661617572
F12,methy->rna|CNVdiploid,2.0,-0.27190136909484863,0.018722876352740413
FGF19,methy->rna|CNVdiploid,-2.0,0.02285372093319893,0.007963679517106319
FGF19,methy->rna|CNVdiploid,-1.5,-0.0039012630004435778,0.008075378884784169
FGF19,methy->rna|CNVdiploid,-1.0,-0.046884629875421524,0.008241344902479731
FGF19,methy->rna|CNVdiploid,-0.5,-0.11294194310903549,0.008509714220719255
FGF19,methy->rna|CNVdiploid,0.0,-0.1542801707983017,0.008585284130901953
FGF19,methy->rna|CNVdiploid,0.5,-0.17806300520896912,0.008047480331414654
FGF19,methy->rna|CNVdiploid,1.0,-0.21727515757083893,0.008187419322560823
FGF19,methy->rna|CNVdiploid,1.5,-0.2509779930114746,0.008443905671383511
FGF19,methy->rna|CNVdiploid,2.0,-0.27621257305145264,0.008675498261716734
FGF3,methy->rna|CNVdiploid,-2.0,0.01216385792940855,0.00808558374572765
FGF3,methy->rna|CNVdiploid,-1.5,-0.014924184419214725,0.008057911845970121
FGF3,methy->rna|CNVdiploid,-1.0,-0.056290656328201294,0.008008473026855782
FGF3,methy->rna|CNVdiploid,-0.5,-0.11405478417873383,0.008037870981043048
FGF3,methy->rna|CNVdiploid,0.0,-0.17257541418075562,0.008579129068751471
FGF3,methy->rna|CNVdiploid,0.5,-0.18563492596149445,0.007822215517642969
FGF3,methy->rna|CNVdiploid,1.0,-0.23665182292461395,0.008186446782422856
FGF3,methy->rna|CNVdiploid,1.5,-0.27618682384490967,0.008517995250162929
FGF3,methy->rna|CNVdiploid,2.0,-0.3027912676334381,0.008746179863710167
FGF4,methy->rna|CNVdiploid,-2.0,0.011456313543021679,0.007267115214391026
FGF4,methy->rna|CNVdiploid,-1.5,-0.01369536854326725,0.007219824701026828
FGF4,methy->rna|CNVdiploid,-1.0,-0.05254703760147095,0.00715243665933256
FGF4,methy->rna|CNVdiploid,-0.5,-0.10907062143087387,0.007195939442142615
FGF4,methy->rna|CNVdiploid,0.0,-0.1702035367488861,0.008080385423343146
FGF4,methy->rna|CNVdiploid,0.5,-0.18446503579616547,0.007136854223508556
FGF4,methy->rna|CNVdiploid,1.0,-0.2259751409292221,0.007537162096263492
FGF4,methy->rna|CNVdiploid,1.5,-0.2589181363582611,0.00787254024726954
FGF4,methy->rna|CNVdiploid,2.0,-0.28212425112724304,0.008110782070008222
FGFR1,methy->rna|CNVdiploid,-2.0,0.32077455520629883,0.01714281082210147
FGFR1,methy->rna|CNVdiploid,-1.5,0.26456212997436523,0.01754828214745445
FGFR1,methy->rna|CNVdiploid,-1.0,0.16692456603050232,0.01815304193018817
FGFR1,methy->rna|CNVdiploid,-0.5,-0.014108137227594852,0.01885727104783955
FGFR1,methy->rna|CNVdiploid,0.0,-0.19646143913269043,0.0185207362006358
FGFR1,methy->rna|CNVdiploid,0.5,-0.2544991075992584,0.01841906026204376
FGFR1,methy->rna|CNVdiploid,1.0,-0.40156248211860657,0.019178567798360587
FGFR1,methy->rna|CNVdiploid,1.5,-0.5084737539291382,0.019519363297597337
FGFR1,methy->rna|CNVdiploid,2.0,-0.5753232836723328,0.01967636015240707
FGFR2,methy->rna|CNVdiploid,-2.0,0.6704645156860352,0.019736931150848545
FGFR2,methy->rna|CNVdiploid,-1.5,0.624387800693512,0.01996567041193665
FGFR2,methy->rna|CNVdiploid,-1.0,0.5331262946128845,0.020303111873588346
FGFR2,methy->rna|CNVdiploid,-0.5,0.32039710879325867,0.02051996707557879
FGFR2,methy->rna|CNVdiploid,0.0,0.10103879868984222,0.019108167878860896
FGFR2,methy->rna|CNVdiploid,0.5,-0.03716593608260155,0.018766025534122155
FGFR2,methy->rna|CNVdiploid,1.0,-0.24544553458690643,0.019433729640138234
FGFR2,methy->rna|CNVdiploid,1.5,-0.3838735520839691,0.019949963752498384
FGFR2,methy->rna|CNVdiploid,2.0,-0.4646701216697693,0.0202221551262381
FGFR4,methy->rna|CNVdiploid,-2.0,0.11523114889860153,0.012755437626388198
FGFR4,methy->rna|CNVdiploid,-1.5,0.07058574259281158,0.012757163680817935
FGFR4,methy->rna|CNVdiploid,-1.0,-0.0022544204257428646,0.01267406571064292
FGFR4,methy->rna|CNVdiploid,-0.5,-0.1167154386639595,0.012180159158424997
FGFR4,methy->rna|CNVdiploid,0.0,-0.2161392718553543,0.011364767340902993
FGFR4,methy->rna|CNVdiploid,0.5,-0.2652285397052765,0.010879329788071374
FGFR4,methy->rna|CNVdiploid,1.0,-0.36822864413261414,0.011243397600727234
FGFR4,methy->rna|CNVdiploid,1.5,-0.448114812374115,0.011688636827856229
FGFR4,methy->rna|CNVdiploid,2.0,-0.501953125,0.012040831478222692
FLT1,methy->rna|CNVdiploid,-2.0,0.09692668169736862,0.030506584563697123
FLT1,methy->rna|CNVdiploid,-1.5,0.0729048103094101,0.03056729940000774
FLT1,methy->rna|CNVdiploid,-1.0,0.03519214689731598,0.030593124835604165
FLT1,methy->rna|CNVdiploid,-0.5,-0.026007993146777153,0.03046434635548663
FLT1,methy->rna|CNVdiploid,0.0,-0.09309276938438416,0.030323984568179644
FLT1,methy->rna|CNVdiploid,0.5,-0.099052794277668,0.03010361405584177
FLT1,methy->rna|CNVdiploid,1.0,-0.13689512014389038,0.030351985006706467
FLT1,methy->rna|CNVdiploid,1.5,-0.1664080023765564,0.030564163298588055
FLT1,methy->rna|CNVdiploid,2.0,-0.18834863603115082,0.03068693109926467
FOXA1,methy->rna|CNVdiploid,-2.0,0.08322564512491226,0.034356917281342304
FOXA1,methy->rna|CNVdiploid,-1.5,0.06930354982614517,0.03424566086892057
FOXA1,methy->rna|CNVdiploid,-1.0,0.045771557837724686,0.03398338994942853
FOXA1,methy->rna|CNVdiploid,-0.5,0.002118252217769623,0.033311213793299044
FOXA1,methy->rna|CNVdiploid,0.0,-0.07219544053077698,0.03159681676904892
FOXA1,methy->rna|CNVdiploid,0.5,-0.11440130323171616,0.03261974156908764
FOXA1,methy->rna|CNVdiploid,1.0,-0.19893592596054077,0.03284716667509856
FOXA1,methy->rna|CNVdiploid,1.5,-0.26338595151901245,0.032645296763839
FOXA1,methy->rna|CNVdiploid,2.0,-0.3075076937675476,0.032416374436371985
FOXC1,methy->rna|CNVdiploid,-2.0,0.14367403090000153,0.02589597935379466
FOXC1,methy->rna|CNVdiploid,-1.5,0.10486026853322983,0.025857147487848915
FOXC1,methy->rna|CNVdiploid,-1.0,0.043278925120830536,0.02569390022381635
FOXC1,methy->rna|CNVdiploid,-0.5,-0.04892190173268318,0.02523570687101772
FOXC1,methy->rna|CNVdiploid,0.0,-0.10711650550365448,0.025579601422526042
FOXC1,methy->rna|CNVdiploid,0.5,-0.14411644637584686,0.02425566537023899
FOXC1,methy->rna|CNVdiploid,1.0,-0.17853140830993652,0.0239172257609499
FOXC1,methy->rna|CNVdiploid,1.5,-0.2037922441959381,0.023904439446127603
FOXC1,methy->rna|CNVdiploid,2.0,-0.22444815933704376,0.023923970885268122
FOXM1,methy->rna|CNVdiploid,-2.0,-0.11176742613315582,0.03187546123264526
FOXM1,methy->rna|CNVdiploid,-1.5,-0.12055035680532455,0.03195352596708104
FOXM1,methy->rna|CNVdiploid,-1.0,-0.13213090598583221,0.032078643119620345
FOXM1,methy->rna|CNVdiploid,-0.5,-0.1414194107055664,0.03226330043253892
FOXM1,methy->rna|CNVdiploid,0.0,-0.1364421397447586,0.032293935719305084
FOXM1,methy->rna|CNVdiploid,0.5,-0.16355328261852264,0.03159756646945779
FOXM1,methy->rna|CNVdiploid,1.0,-0.17129433155059814,0.03178585459889145
FOXM1,methy->rna|CNVdiploid,1.5,-0.1783095747232437,0.031965667190853836
FOXM1,methy->rna|CNVdiploid,2.0,-0.18579436838626862,0.03207711102837779
GABRP,methy->rna|CNVdiploid,-2.0,0.30624160170555115,0.026110866592211807
GABRP,methy->rna|CNVdiploid,-1.5,0.25749197602272034,0.026301445230743507
GABRP,methy->rna|CNVdiploid,-1.0,0.17807969450950623,0.026540425312242384
GABRP,methy->rna|CNVdiploid,-0.5,0.05770989879965782,0.026849537251757545
GABRP,methy->rna|CNVdiploid,0.0,-0.0034956932067871094,0.02757181039422079
GABRP,methy->rna|CNVdiploid,0.5,-0.06287877261638641,0.0266014038513131
GABRP,methy->rna|CNVdiploid,1.0,-0.11021619290113449,0.02714687627961938
GABRP,methy->rna|CNVdiploid,1.5,-0.14238370954990387,0.02779106725275362
GABRP,methy->rna|CNVdiploid,2.0,-0.1667167991399765,0.02823463055077091
GATA3,methy->rna|CNVdiploid,-2.0,0.10171810537576675,0.036338035481581335
GATA3,methy->rna|CNVdiploid,-1.5,0.08354552835226059,0.03622671150894834
GATA3,methy->rna|CNVdiploid,-1.0,0.054881926625967026,0.03598292593500304
GATA3,methy->rna|CNVdiploid,-0.5,0.011004987172782421,0.03532166402203532
GATA3,methy->rna|CNVdiploid,0.0,-0.035353802144527435,0.03353992036396235
GATA3,methy->rna|CNVdiploid,0.5,-0.07853174209594727,0.033426379980527526
GATA3,methy->rna|CNVdiploid,1.0,-0.1317761242389679,0.033087223361254366
GATA3,methy->rna|CNVdiploid,1.5,-0.1709088385105133,0.032800792038469334
GATA3,methy->rna|CNVdiploid,2.0,-0.198907732963562,0.03257861919404384
GMPS,methy->rna|CNVdiploid,-2.0,-0.15097732841968536,0.027971954270011284
GMPS,methy->rna|CNVdiploid,-1.5,-0.1720113754272461,0.027874105290483155
GMPS,methy->rna|CNVdiploid,-1.0,-0.2028881460428238,0.027640765396944073
GMPS,methy->rna|CNVdiploid,-0.5,-0.24270519614219666,0.027028656806714055
GMPS,methy->rna|CNVdiploid,0.0,-0.26607829332351685,0.026466222406656973
GMPS,methy->rna|CNVdiploid,0.5,-0.3227648437023163,0.026649541591520175
GMPS,methy->rna|CNVdiploid,1.0,-0.37604376673698425,0.026708475889359717
GMPS,methy->rna|CNVdiploid,1.5,-0.4099637269973755,0.026737984446150907
GMPS,methy->rna|CNVdiploid,2.0,-0.43394285440444946,0.026705400810066334
GPR160,methy->rna|CNVdiploid,-2.0,0.07729797810316086,0.03082703572189652
GPR160,methy->rna|CNVdiploid,-1.5,0.056387681514024734,0.030524302773941758
GPR160,methy->rna|CNVdiploid,-1.0,0.021263495087623596,0.02995325553662923
GPR160,methy->rna|CNVdiploid,-0.5,-0.038807500153779984,0.02883706713398178
GPR160,methy->rna|CNVdiploid,0.0,-0.1278124451637268,0.02760241299056214
GPR160,methy->rna|CNVdiploid,0.5,-0.16901564598083496,0.027518603458807193
GPR160,methy->rna|CNVdiploid,1.0,-0.2566770315170288,0.027524703492075916
GPR160,methy->rna|CNVdiploid,1.5,-0.31350719928741455,0.02744103126010515
GPR160,methy->rna|CNVdiploid,2.0,-0.3488093912601471,0.027344901796921797
GPR18,methy->rna|CNVdiploid,-2.0,0.028997981920838356,0.024109090222857288
GPR18,methy->rna|CNVdiploid,-1.5,0.01389686856418848,0.024204062445002523
GPR18,methy->rna|CNVdiploid,-1.0,-0.008726604282855988,0.02436850617858297
GPR18,methy->rna|CNVdiploid,-0.5,-0.04080374911427498,0.02460152134723565
GPR18,methy->rna|CNVdiploid,0.0,-0.07833575457334518,0.025712444412127743
GPR18,methy->rna|CNVdiploid,0.5,-0.11960673332214355,0.02492981820738839
GPR18,methy->rna|CNVdiploid,1.0,-0.1511136293411255,0.025201102966680163
GPR18,methy->rna|CNVdiploid,1.5,-0.17324720323085785,0.0255123768329558
GPR18,methy->rna|CNVdiploid,2.0,-0.18964126706123352,0.025756295347961977
GRB7,methy->rna|CNVdiploid,-2.0,0.09964174032211304,0.02348852353004923
GRB7,methy->rna|CNVdiploid,-1.5,0.07440465688705444,0.02337757440762067
GRB7,methy->rna|CNVdiploid,-1.0,0.03263936564326286,0.023088830782121053
GRB7,methy->rna|CNVdiploid,-0.5,-0.042787857353687286,0.022079097658172224
GRB7,methy->rna|CNVdiploid,0.0,-0.12608109414577484,0.01983465590676241
GRB7,methy->rna|CNVdiploid,0.5,-0.18759065866470337,0.021460695071486298
GRB7,methy->rna|CNVdiploid,1.0,-0.2723807394504547,0.022259705717138215
GRB7,methy->rna|CNVdiploid,1.5,-0.32731950283050537,0.022303395380210075
GRB7,methy->rna|CNVdiploid,2.0,-0.36251652240753174,0.022185829715800864
GREB1,methy->rna|CNVdiploid,-2.0,0.13277463614940643,0.03041227268813296
GREB1,methy->rna|CNVdiploid,-1.5,0.11373213678598404,0.0302050502646519
GREB1,methy->rna|CNVdiploid,-1.0,0.08110149204730988,0.029825771597333996
GREB1,methy->rna|CNVdiploid,-0.5,0.020933618769049644,0.029115554683539054
GREB1,methy->rna|CNVdiploid,0.0,-0.07231292128562927,0.028088430253593644
GREB1,methy->rna|CNVdiploid,0.5,-0.10591886192560196,0.02853536720345088
GREB1,methy->rna|CNVdiploid,1.0,-0.19202758371829987,0.028688072895164462
GREB1,methy->rna|CNVdiploid,1.5,-0.252984881401062,0.028757326470434302
GREB1,methy->rna|CNVdiploid,2.0,-0.2937780022621155,0.02876553612578382
GSTM1,methy->rna|CNVdiploid,-2.0,0.38589510321617126,0.011635706671372651
GSTM1,methy->rna|CNVdiploid,-1.5,0.32249993085861206,0.011361160497366109
GSTM1,methy->rna|CNVdiploid,-1.0,0.20201823115348816,0.010710794302986092
GSTM1,methy->rna|CNVdiploid,-0.5,-0.03754366561770439,0.008931329712362483
GSTM1,methy->rna|CNVdiploid,0.0,-0.23777435719966888,0.007058105714353927
GSTM1,methy->rna|CNVdiploid,0.5,-0.3468644618988037,0.0070520116743297495
GSTM1,methy->rna|CNVdiploid,1.0,-0.5117760300636292,0.008534661918409651
GSTM1,methy->rna|CNVdiploid,1.5,-0.6171836853027344,0.009724492585857092
GSTM1,methy->rna|CNVdiploid,2.0,-0.674564778804779,0.010458280385617698
GSTP1,methy->rna|CNVdiploid,-2.0,0.268710732460022,0.025095440975623495
GSTP1,methy->rna|CNVdiploid,-1.5,0.21920070052146912,0.025565716709430277
GSTP1,methy->rna|CNVdiploid,-1.0,0.13797713816165924,0.02617058546024668
GSTP1,methy->rna|CNVdiploid,-0.5,0.0015717693604528904,0.026559682151814538
GSTP1,methy->rna|CNVdiploid,0.0,-0.15426106750965118,0.025395695989377992
GSTP1,methy->rna|CNVdiploid,0.5,-0.2105492502450943,0.025199969698620237
GSTP1,methy->rna|CNVdiploid,1.0,-0.3190035820007324,0.025431332911139404
GSTP1,methy->rna|CNVdiploid,1.5,-0.4004532992839813,0.025388148859971205
GSTP1,methy->rna|CNVdiploid,2.0,-0.45413127541542053,0.025209077250971077
HOXB13,methy->rna|CNVdiploid,-2.0,0.1066431775689125,0.013942568609587109
HOXB13,methy->rna|CNVdiploid,-1.5,0.06748540699481964,0.013811193420059181
HOXB13,methy->rna|CNVdiploid,-1.0,0.002678052056580782,0.013482242751410328
HOXB13,methy->rna|CNVdiploid,-0.5,-0.10617435723543167,0.01267053732412557
HOXB13,methy->rna|CNVdiploid,0.0,-0.1899222582578659,0.013048864700081632
HOXB13,methy->rna|CNVdiploid,0.5,-0.1973506510257721,0.011941892817867712
HOXB13,methy->rna|CNVdiploid,1.0,-0.23844297230243683,0.012147831597334737
HOXB13,methy->rna|CNVdiploid,1.5,-0.27490609884262085,0.012340450118374306
HOXB13,methy->rna|CNVdiploid,2.0,-0.3027755916118622,0.012445675147419406
HTATIP2,methy->rna|CNVdiploid,-2.0,0.02497432380914688,0.01854772323599365
HTATIP2,methy->rna|CNVdiploid,-1.5,-0.0087954793125391,0.018509745679816156
HTATIP2,methy->rna|CNVdiploid,-1.0,-0.0617077499628067,0.018249101653798606
HTATIP2,methy->rna|CNVdiploid,-0.5,-0.1391109824180603,0.0171883496735365
HTATIP2,methy->rna|CNVdiploid,0.0,-0.17797182500362396,0.016567311148930418
HTATIP2,methy->rna|CNVdiploid,0.5,-0.24434076249599457,0.015980503857819107
HTATIP2,methy->rna|CNVdiploid,1.0,-0.3179384768009186,0.016017896255392582
HTATIP2,methy->rna|CNVdiploid,1.5,-0.37687861919403076,0.016195531665062917
HTATIP2,methy->rna|CNVdiploid,2.0,-0.418206125497818,0.01630544777006762
IGF1R,methy->rna|CNVdiploid,-2.0,0.20415769517421722,0.03096029714893573
IGF1R,methy->rna|CNVdiploid,-1.5,0.17921292781829834,0.03081787586486599
IGF1R,methy->rna|CNVdiploid,-1.0,0.138320654630661,0.030530638178269086
IGF1R,methy->rna|CNVdiploid,-0.5,0.06914722174406052,0.029935432717025215
IGF1R,methy->rna|CNVdiploid,0.0,0.017340898513793945,0.02843787563923396
IGF1R,methy->rna|CNVdiploid,0.5,-0.02915860153734684,0.028268460781721405
IGF1R,methy->rna|CNVdiploid,1.0,-0.08048251271247864,0.028510559529746734
IGF1R,methy->rna|CNVdiploid,1.5,-0.11557774990797043,0.028685540476922854
IGF1R,methy->rna|CNVdiploid,2.0,-0.14061880111694336,0.028764054159859297
IGFBP3,methy->rna|CNVdiploid,-2.0,0.0723128616809845,0.02276969159963719
IGFBP3,methy->rna|CNVdiploid,-1.5,0.04378200322389603,0.02295568486124949
IGFBP3,methy->rna|CNVdiploid,-1.0,-0.002336797770112753,0.02318033346051359
IGFBP3,methy->rna|CNVdiploid,-0.5,-0.077182337641716,0.023368135592298465
IGFBP3,methy->rna|CNVdiploid,0.0,-0.14587050676345825,0.02386167819112022
IGFBP3,methy->rna|CNVdiploid,0.5,-0.1798386573791504,0.02264684534194104
IGFBP3,methy->rna|CNVdiploid,1.0,-0.23543737828731537,0.022694324914928697
IGFBP3,methy->rna|CNVdiploid,1.5,-0.28150784969329834,0.022837426159834397
IGFBP3,methy->rna|CNVdiploid,2.0,-0.3175586760044098,0.022955283858705208
IGFBP5,methy->rna|CNVdiploid,-2.0,0.18675097823143005,0.020119605263622924
IGFBP5,methy->rna|CNVdiploid,-1.5,0.13845780491828918,0.02009618584329219
IGFBP5,methy->rna|CNVdiploid,-1.0,0.05663806572556496,0.019879995346606127
IGFBP5,methy->rna|CNVdiploid,-0.5,-0.08722119778394699,0.018998101397902086
IGFBP5,methy->rna|CNVdiploid,0.0,-0.22834008932113647,0.018554723345625357
IGFBP5,methy->rna|CNVdiploid,0.5,-0.30022621154785156,0.017463002636264074
IGFBP5,methy->rna|CNVdiploid,1.0,-0.43175363540649414,0.018506058199898083
IGFBP5,methy->rna|CNVdiploid,1.5,-0.5310298204421997,0.019312674817721438
IGFBP5,methy->rna|CNVdiploid,2.0,-0.595400333404541,0.01983551457525397
IL17RB,methy->rna|CNVdiploid,-2.0,0.17519031465053558,0.017744215477569308
IL17RB,methy->rna|CNVdiploid,-1.5,0.14397761225700378,0.017674056377532353
IL17RB,methy->rna|CNVdiploid,-1.0,0.09185515344142914,0.017536988695364943
IL17RB,methy->rna|CNVdiploid,-0.5,0.006330281030386686,0.017292686612707716
IL17RB,methy->rna|CNVdiploid,0.0,-0.04918719083070755,0.017306072251984782
IL17RB,methy->rna|CNVdiploid,0.5,-0.12453997135162354,0.01724394192028008
IL17RB,methy->rna|CNVdiploid,1.0,-0.1942150890827179,0.01774017712042499
IL17RB,methy->rna|CNVdiploid,1.5,-0.24513709545135498,0.018008039192239613
IL17RB,methy->rna|CNVdiploid,2.0,-0.28156372904777527,0.018143177049662666
IL25,methy->rna|CNVdiploid,-2.0,0.005408094730228186,0.014989171084312525
IL25,methy->rna|CNVdiploid,-1.5,-0.025382352992892265,0.015114584630036737
IL25,methy->rna|CNVdiploid,-1.0,-0.07017655670642853,0.015206675736075773
IL25,methy->rna|CNVdiploid,-0.5,-0.11827117204666138,0.015033073235145621
IL25,methy->rna|CNVdiploid,0.0,-0.12429109215736389,0.014011860323685892
IL25,methy->rna|CNVdiploid,0.5,-0.15858162939548492,0.013421230432233979
IL25,methy->rna|CNVdiploid,1.0,-0.19871525466442108,0.013235876813267041
IL25,methy->rna|CNVdiploid,1.5,-0.23255528509616852,0.013235747141248646
IL25,methy->rna|CNVdiploid,2.0,-0.256091833114624,0.013272073830973457
IL6ST,methy->rna|CNVdiploid,-2.0,0.15200823545455933,0.02864425900847834
IL6ST,methy->rna|CNVdiploid,-1.5,0.12371925264596939,0.028581521724553083
IL6ST,methy->rna|CNVdiploid,-1.0,0.0742143914103508,0.028446529884360826
IL6ST,methy->rna|CNVdiploid,-0.5,-0.021803664043545723,0.02811972806630253
IL6ST,methy->rna|CNVdiploid,0.0,-0.13317924737930298,0.02661983035409519
IL6ST,methy->rna|CNVdiploid,0.5,-0.1917135864496231,0.0270478809558614
IL6ST,methy->rna|CNVdiploid,1.0,-0.2743818759918213,0.027348369161312842
IL6ST,methy->rna|CNVdiploid,1.5,-0.31804803013801575,0.027408807218693442
IL6ST,methy->rna|CNVdiploid,2.0,-0.34363478422164917,0.02739146821737655
JUP,methy->rna|CNVdiploid,-2.0,0.17487265169620514,0.02318124007496153
JUP,methy->rna|CNVdiploid,-1.5,0.15091173350811005,0.02312505613152897
JUP,methy->rna|CNVdiploid,-1.0,0.10864526778459549,0.022987858777343162
JUP,methy->rna|CNVdiploid,-0.5,0.030090199783444405,0.022586014999462778
JUP,methy->rna|CNVdiploid,0.0,-0.0474633164703846,0.022004230047282435
JUP,methy->rna|CNVdiploid,0.5,-0.12622074782848358,0.02280494495374755
JUP,methy->rna|CNVdiploid,1.0,-0.28715530037879944,0.023265219596925468
JUP,methy->rna|CNVdiploid,1.5,-0.3958688974380493,0.023255527975651436
JUP,methy->rna|CNVdiploid,2.0,-0.4619051218032837,0.02318641823825074
KIF23,methy->rna|CNVdiploid,-2.0,-0.07325565814971924,0.0370637585535424
KIF23,methy->rna|CNVdiploid,-1.5,-0.08718294650316238,0.03681016803151708
KIF23,methy->rna|CNVdiploid,-1.0,-0.10756293684244156,0.03637794613154567
KIF23,methy->rna|CNVdiploid,-0.5,-0.13337023556232452,0.035687371804335594
KIF23,methy->rna|CNVdiploid,0.0,-0.14989784359931946,0.03632774453585253
KIF23,methy->rna|CNVdiploid,0.5,-0.1605391651391983,0.03506121286952412
KIF23,methy->rna|CNVdiploid,1.0,-0.17009612917900085,0.03520748508563597
KIF23,methy->rna|CNVdiploid,1.5,-0.18061575293540955,0.035388106220771876
KIF23,methy->rna|CNVdiploid,2.0,-0.1896897554397583,0.03548075960211757
KIF2C,methy->rna|CNVdiploid,-2.0,-0.02206459641456604,0.036561073532583345
KIF2C,methy->rna|CNVdiploid,-1.5,-0.03662323206663132,0.0362711356168975
KIF2C,methy->rna|CNVdiploid,-1.0,-0.05781453847885132,0.035784525567496187
KIF2C,methy->rna|CNVdiploid,-0.5,-0.08315366506576538,0.03499172610255733
KIF2C,methy->rna|CNVdiploid,0.0,-0.10325642675161362,0.03530529047793102
KIF2C,methy->rna|CNVdiploid,0.5,-0.12850724160671234,0.0337623961396577
KIF2C,methy->rna|CNVdiploid,1.0,-0.1479322761297226,0.033703065197997185
KIF2C,methy->rna|CNVdiploid,1.5,-0.16134418547153473,0.03381727682482134
KIF2C,methy->rna|CNVdiploid,2.0,-0.17094358801841736,0.03390484575542894
KRT5,methy->rna|CNVdiploid,-2.0,0.17190109193325043,0.0332814676860876
KRT5,methy->rna|CNVdiploid,-1.5,0.14586004614830017,0.033475515868372004
KRT5,methy->rna|CNVdiploid,-1.0,0.10572121292352676,0.03362474329888627
KRT5,methy->rna|CNVdiploid,-0.5,0.04668509587645531,0.03338335284339839
KRT5,methy->rna|CNVdiploid,0.0,-0.013546076603233814,0.032235062443591846
KRT5,methy->rna|CNVdiploid,0.5,-0.0298074409365654,0.03324162023761122
KRT5,methy->rna|CNVdiploid,1.0,-0.0677831694483757,0.034164651816890636
KRT5,methy->rna|CNVdiploid,1.5,-0.10067569464445114,0.03464354256731452
KRT5,methy->rna|CNVdiploid,2.0,-0.1252041906118393,0.03483321459139828
LIN9,methy->rna|CNVdiploid,-2.0,-0.2802078425884247,0.024444738069867984
LIN9,methy->rna|CNVdiploid,-1.5,-0.29963913559913635,0.024412707991643454
LIN9,methy->rna|CNVdiploid,-1.0,-0.32508090138435364,0.024301030962422553
LIN9,methy->rna|CNVdiploid,-0.5,-0.345233678817749,0.024000926324622165
LIN9,methy->rna|CNVdiploid,0.0,-0.33001792430877686,0.023845851666791002
LIN9,methy->rna|CNVdiploid,0.5,-0.38137075304985046,0.023770615743781736
LIN9,methy->rna|CNVdiploid,1.0,-0.4059821665287018,0.02375860092298485
LIN9,methy->rna|CNVdiploid,1.5,-0.414715439081192,0.023904722763142584
LIN9,methy->rna|CNVdiploid,2.0,-0.4214172065258026,0.024021057088217453
LMO1,methy->rna|CNVdiploid,-2.0,-0.03372585400938988,0.012419383328429087
LMO1,methy->rna|CNVdiploid,-1.5,-0.06793096661567688,0.012459897661571497
LMO1,methy->rna|CNVdiploid,-1.0,-0.12009163945913315,0.012444002487350187
LMO1,methy->rna|CNVdiploid,-0.5,-0.18977510929107666,0.012133638504564972
LMO1,methy->rna|CNVdiploid,0.0,-0.23204831779003143,0.011995074690622292
LMO1,methy->rna|CNVdiploid,0.5,-0.28327423334121704,0.011103189458416832
LMO1,methy->rna|CNVdiploid,1.0,-0.32269418239593506,0.011300727888389645
LMO1,methy->rna|CNVdiploid,1.5,-0.35019493103027344,0.011549714508921515
LMO1,methy->rna|CNVdiploid,2.0,-0.36868223547935486,0.011709152248783399
LOX,methy->rna|CNVdiploid,-2.0,-0.007864462211728096,0.03486299556839618
LOX,methy->rna|CNVdiploid,-1.5,-0.026499131694436073,0.03504746545621254
LOX,methy->rna|CNVdiploid,-1.0,-0.055382855236530304,0.03531693698660843
LOX,methy->rna|CNVdiploid,-0.5,-0.09910272061824799,0.03578579831470195
LOX,methy->rna|CNVdiploid,0.0,-0.13391579687595367,0.036713234383883506
LOX,methy->rna|CNVdiploid,0.5,-0.14118313789367676,0.036276512102097196
LOX,methy->rna|CNVdiploid,1.0,-0.17223411798477173,0.03677716377863334
LOX,methy->rna|CNVdiploid,1.5,-0.1959744244813919,0.03701661024352611
LOX,methy->rna|CNVdiploid,2.0,-0.21360354125499725,0.0371057940811191
MAP2K4,methy->rna|CNVdiploid,-2.0,0.27834996581077576,0.027565252695004785
MAP2K4,methy->rna|CNVdiploid,-1.5,0.251819372177124,0.02743780362549601
MAP2K4,methy->rna|CNVdiploid,-1.0,0.20685113966464996,0.02717310271776009
MAP2K4,methy->rna|CNVdiploid,-0.5,0.12391900271177292,0.02656173075176902
MAP2K4,methy->rna|CNVdiploid,0.0,0.05974757298827171,0.025091260959971686
MAP2K4,methy->rna|CNVdiploid,0.5,0.0001651820057304576,0.025663757472783932
MAP2K4,methy->rna|CNVdiploid,1.0,-0.05041399970650673,0.026446268171355633
MAP2K4,methy->rna|CNVdiploid,1.5,-0.09124279767274857,0.026955098992178142
MAP2K4,methy->rna|CNVdiploid,2.0,-0.12262418866157532,0.027246904620801215
MAP3K1,methy->rna|CNVdiploid,-2.0,0.16413645446300507,0.030070315589134783
MAP3K1,methy->rna|CNVdiploid,-1.5,0.13951176404953003,0.030022463345304343
MAP3K1,methy->rna|CNVdiploid,-1.0,0.09844158589839935,0.029873070283304392
MAP3K1,methy->rna|CNVdiploid,-0.5,0.02337847463786602,0.02943143572035063
MAP3K1,methy->rna|CNVdiploid,0.0,-0.04499455913901329,0.028118261355909585
MAP3K1,methy->rna|CNVdiploid,0.5,-0.07957561314105988,0.028670165080455952
MAP3K1,methy->rna|CNVdiploid,1.0,-0.16501691937446594,0.02947236195284559
MAP3K1,methy->rna|CNVdiploid,1.5,-0.23167496919631958,0.0298849194726156
MAP3K1,methy->rna|CNVdiploid,2.0,-0.2779664993286133,0.030057527094950832
MCM2,methy->rna|CNVdiploid,-2.0,0.02178145945072174,0.02865481147760559
MCM2,methy->rna|CNVdiploid,-1.5,-0.0070496550761163235,0.02830917779549761
MCM2,methy->rna|CNVdiploid,-1.0,-0.05133276805281639,0.027648484695921502
MCM2,methy->rna|CNVdiploid,-0.5,-0.11140153557062149,0.026371982450027382
MCM2,methy->rna|CNVdiploid,0.0,-0.14639881253242493,0.02674543132492162
MCM2,methy->rna|CNVdiploid,0.5,-0.17347854375839233,0.026044056081355772
MCM2,methy->rna|CNVdiploid,1.0,-0.2350837141275406,0.025887203064415183
MCM2,methy->rna|CNVdiploid,1.5,-0.2828595042228699,0.0259233717504201
MCM2,methy->rna|CNVdiploid,2.0,-0.31691688299179077,0.025898245889914517
MCM6,methy->rna|CNVdiploid,-2.0,0.03966802358627319,0.029948110063764827
MCM6,methy->rna|CNVdiploid,-1.5,0.021289080381393433,0.02954505456080498
MCM6,methy->rna|CNVdiploid,-1.0,-0.006747615523636341,0.028837463777802757
MCM6,methy->rna|CNVdiploid,-0.5,-0.04495490714907646,0.027604901821570674
MCM6,methy->rna|CNVdiploid,0.0,-0.07140417397022247,0.029241652548822532
MCM6,methy->rna|CNVdiploid,0.5,-0.08367983251810074,0.02769604054656704
MCM6,methy->rna|CNVdiploid,1.0,-0.10998571664094925,0.027553477603989806
MCM6,methy->rna|CNVdiploid,1.5,-0.1290566325187683,0.027719789050507482
MCM6,methy->rna|CNVdiploid,2.0,-0.143397718667984,0.027863609484758904
MDM2,methy->rna|CNVdiploid,-2.0,0.031114665791392326,0.026600906956856053
MDM2,methy->rna|CNVdiploid,-1.5,0.004120508208870888,0.026415896587349576
MDM2,methy->rna|CNVdiploid,-1.0,-0.03881720080971718,0.02605878856613483
MDM2,methy->rna|CNVdiploid,-0.5,-0.10662271827459335,0.025309347501296472
MDM2,methy->rna|CNVdiploid,0.0,-0.15773190557956696,0.023790249612919978
MDM2,methy->rna|CNVdiploid,0.5,-0.20302259922027588,0.023591624771162792
MDM2,methy->rna|CNVdiploid,1.0,-0.24775785207748413,0.023830314997561726
MDM2,methy->rna|CNVdiploid,1.5,-0.2769882380962372,0.02397985843551578
MDM2,methy->rna|CNVdiploid,2.0,-0.2974221706390381,0.02404296839028382
MDM4,methy->rna|CNVdiploid,-2.0,-0.10234345495700836,0.026480039559541473
MDM4,methy->rna|CNVdiploid,-1.5,-0.12681232392787933,0.026460026481475486
MDM4,methy->rna|CNVdiploid,-1.0,-0.1640048325061798,0.0263794293287981
MDM4,methy->rna|CNVdiploid,-0.5,-0.21333864331245422,0.026104474524481485
MDM4,methy->rna|CNVdiploid,0.0,-0.24014049768447876,0.024998511686713232
MDM4,methy->rna|CNVdiploid,0.5,-0.29972970485687256,0.024952631765179395
MDM4,methy->rna|CNVdiploid,1.0,-0.3525369465351105,0.024827889462844525
MDM4,methy->rna|CNVdiploid,1.5,-0.37933558225631714,0.024829500011106613
MDM4,methy->rna|CNVdiploid,2.0,-0.39635995030403137,0.02484584304414776
MELK,methy->rna|CNVdiploid,-2.0,0.08566007018089294,0.034018636765453934
MELK,methy->rna|CNVdiploid,-1.5,0.06473483890295029,0.03373803959381587
MELK,methy->rna|CNVdiploid,-1.0,0.03146225959062576,0.033205185669484556
MELK,methy->rna|CNVdiploid,-0.5,-0.019943244755268097,0.032071664803605175
MELK,methy->rna|CNVdiploid,0.0,-0.06052258983254433,0.031848890455363266
MELK,methy->rna|CNVdiploid,0.5,-0.07187166064977646,0.03141809821663669
MELK,methy->rna|CNVdiploid,1.0,-0.11425501853227615,0.031435827323689595
MELK,methy->rna|CNVdiploid,1.5,-0.14721396565437317,0.031611146071922044
MELK,methy->rna|CNVdiploid,2.0,-0.1716955304145813,0.03173667730317555
MGP,methy->rna|CNVdiploid,-2.0,0.3097454905509949,0.01650124924880243
MGP,methy->rna|CNVdiploid,-1.5,0.26440152525901794,0.016692213634346836
MGP,methy->rna|CNVdiploid,-1.0,0.18643710017204285,0.01709504139401387
MGP,methy->rna|CNVdiploid,-0.5,0.04521472379565239,0.018107661082473032
MGP,methy->rna|CNVdiploid,0.0,-0.10705295205116272,0.01887400854534002
MGP,methy->rna|CNVdiploid,0.5,-0.19690394401550293,0.019176913662865423
MGP,methy->rna|CNVdiploid,1.0,-0.318533331155777,0.020509242436880896
MGP,methy->rna|CNVdiploid,1.5,-0.3983069360256195,0.021172886392136124
MGP,methy->rna|CNVdiploid,2.0,-0.4477003812789917,0.02150292674161183
MIA,methy->rna|CNVdiploid,-2.0,0.1697736382484436,0.01252153872658494
MIA,methy->rna|CNVdiploid,-1.5,0.11759155988693237,0.012436238511458857
MIA,methy->rna|CNVdiploid,-1.0,0.030598513782024384,0.012219418179254872
MIA,methy->rna|CNVdiploid,-0.5,-0.105577252805233,0.011688397098074321
MIA,methy->rna|CNVdiploid,0.0,-0.1656433492898941,0.012415494257558047
MIA,methy->rna|CNVdiploid,0.5,-0.24267086386680603,0.010387178711665512
MIA,methy->rna|CNVdiploid,1.0,-0.2818245589733124,0.010608378471112621
MIA,methy->rna|CNVdiploid,1.5,-0.3130035102367401,0.011024934029836354
MIA,methy->rna|CNVdiploid,2.0,-0.33840513229370117,0.011363376908167928
MKI67,methy->rna|CNVdiploid,-2.0,-0.03882448002696037,0.035859072812222885
MKI67,methy->rna|CNVdiploid,-1.5,-0.05317381024360657,0.03567700893967222
MKI67,methy->rna|CNVdiploid,-1.0,-0.07387059926986694,0.03535117911691147
MKI67,methy->rna|CNVdiploid,-0.5,-0.09916042536497116,0.03475975484813678
MKI67,methy->rna|CNVdiploid,0.0,-0.10816555470228195,0.03495791112713842
MKI67,methy->rna|CNVdiploid,0.5,-0.11389394849538803,0.033491017667814815
MKI67,methy->rna|CNVdiploid,1.0,-0.12361711263656616,0.03351345419603973
MKI67,methy->rna|CNVdiploid,1.5,-0.13288260996341705,0.03374671127383597
MKI67,methy->rna|CNVdiploid,2.0,-0.14096699655056,0.03391025928977674
MLPH,methy->rna|CNVdiploid,-2.0,0.1865508109331131,0.02957770139837751
MLPH,methy->rna|CNVdiploid,-1.5,0.17070886492729187,0.02942564515643673
MLPH,methy->rna|CNVdiploid,-1.0,0.14378105103969574,0.029135899024576407
MLPH,methy->rna|CNVdiploid,-0.5,0.09351116418838501,0.028591145785615852
MLPH,methy->rna|CNVdiploid,0.0,0.00042662647319957614,0.0278409136124972
MLPH,methy->rna|CNVdiploid,0.5,-0.04358259588479996,0.028399793473697085
MLPH,methy->rna|CNVdiploid,1.0,-0.14837557077407837,0.029109275942614726
MLPH,methy->rna|CNVdiploid,1.5,-0.22358550131320953,0.0293007502987861
MLPH,methy->rna|CNVdiploid,2.0,-0.2725076973438263,0.029319603956452316
MMP2,methy->rna|CNVdiploid,-2.0,0.09652930498123169,0.03507627443791289
MMP2,methy->rna|CNVdiploid,-1.5,0.0823141410946846,0.03526316995524983
MMP2,methy->rna|CNVdiploid,-1.0,0.05987949296832085,0.03549752543131954
MMP2,methy->rna|CNVdiploid,-0.5,0.02505277469754219,0.03567111812512225
MMP2,methy->rna|CNVdiploid,0.0,0.006281726527959108,0.03670102995862275
MMP2,methy->rna|CNVdiploid,0.5,-0.012347463518381119,0.035883462048489516
MMP2,methy->rna|CNVdiploid,1.0,-0.048549748957157135,0.036178874520649475
MMP2,methy->rna|CNVdiploid,1.5,-0.07858724892139435,0.03633066923919181
MMP2,methy->rna|CNVdiploid,2.0,-0.10082236677408218,0.03639611329029097
MMP9,methy->rna|CNVdiploid,-2.0,-0.005393858999013901,0.021896733033713346
MMP9,methy->rna|CNVdiploid,-1.5,-0.02856358140707016,0.021922970368662323
MMP9,methy->rna|CNVdiploid,-1.0,-0.06438589096069336,0.02184044230155975
MMP9,methy->rna|CNVdiploid,-0.5,-0.11431849747896194,0.02132737480168244
MMP9,methy->rna|CNVdiploid,0.0,-0.13728566467761993,0.02196704795810854
MMP9,methy->rna|CNVdiploid,0.5,-0.14305491745471954,0.02028074944365966
MMP9,methy->rna|CNVdiploid,1.0,-0.16425810754299164,0.020453036699831798
MMP9,methy->rna|CNVdiploid,1.5,-0.18315489590168,0.020633387594122653
MMP9,methy->rna|CNVdiploid,2.0,-0.19819994270801544,0.02072311627212907
MTDH,methy->rna|CNVdiploid,-2.0,-0.2521206736564636,0.025256999234374435
MTDH,methy->rna|CNVdiploid,-1.5,-0.261851966381073,0.025238136859261604
MTDH,methy->rna|CNVdiploid,-1.0,-0.2739534080028534,0.025273174456568247
MTDH,methy->rna|CNVdiploid,-0.5,-0.28068289160728455,0.0256319910973195
MTDH,methy->rna|CNVdiploid,0.0,-0.2690238356590271,0.02649006680251018
MTDH,methy->rna|CNVdiploid,0.5,-0.321556955575943,0.02557001658997304
MTDH,methy->rna|CNVdiploid,1.0,-0.3499889373779297,0.025585899777705253
MTDH,methy->rna|CNVdiploid,1.5,-0.3708203136920929,0.025618431109110135
MTDH,methy->rna|CNVdiploid,2.0,-0.3877730071544647,0.02564201616092655
MTOR,methy->rna|CNVdiploid,-2.0,0.18174338340759277,0.030412185513666812
MTOR,methy->rna|CNVdiploid,-1.5,0.1599203199148178,0.030334040142849846
MTOR,methy->rna|CNVdiploid,-1.0,0.12544433772563934,0.030137727603807243
MTOR,methy->rna|CNVdiploid,-0.5,0.07121514528989792,0.029601234145514233
MTOR,methy->rna|CNVdiploid,0.0,0.032112836837768555,0.02866338944507458
MTOR,methy->rna|CNVdiploid,0.5,0.023437459021806717,0.029265575401695273
MTOR,methy->rna|CNVdiploid,1.0,-0.00751860998570919,0.029792006747233115
MTOR,methy->rna|CNVdiploid,1.5,-0.03504643589258194,0.030154173066846115
MTOR,methy->rna|CNVdiploid,2.0,-0.05767206847667694,0.030361297419052757
MYBL2,methy->rna|CNVdiploid,-2.0,-0.03736840561032295,0.034616538097063436
MYBL2,methy->rna|CNVdiploid,-1.5,-0.05900873988866806,0.03440995422654691
MYBL2,methy->rna|CNVdiploid,-1.0,-0.0919092446565628,0.0339669052578799
MYBL2,methy->rna|CNVdiploid,-0.5,-0.1376335620880127,0.03293921201454287
MYBL2,methy->rna|CNVdiploid,0.0,-0.17490950226783752,0.03228408064590702
MYBL2,methy->rna|CNVdiploid,0.5,-0.17931509017944336,0.030860094458821596
MYBL2,methy->rna|CNVdiploid,1.0,-0.21633172035217285,0.030361680986703807
MYBL2,methy->rna|CNVdiploid,1.5,-0.24590222537517548,0.030165327039789785
MYBL2,methy->rna|CNVdiploid,2.0,-0.267303466796875,0.030009212826449805
MYC,methy->rna|CNVdiploid,-2.0,0.031936343759298325,0.018309484137457036
MYC,methy->rna|CNVdiploid,-1.5,0.008806511759757996,0.01834263440757157
MYC,methy->rna|CNVdiploid,-1.0,-0.025857752189040184,0.018432596277274935
MYC,methy->rna|CNVdiploid,-0.5,-0.07230807840824127,0.018729983251093152
MYC,methy->rna|CNVdiploid,0.0,-0.11123507469892502,0.018967099978378105
MYC,methy->rna|CNVdiploid,0.5,-0.15021787583827972,0.018100037675408367
MYC,methy->rna|CNVdiploid,1.0,-0.1941545605659485,0.018459892781987612
MYC,methy->rna|CNVdiploid,1.5,-0.22579026222229004,0.01860810898869456
MYC,methy->rna|CNVdiploid,2.0,-0.2475181370973587,0.018648884845235414
NCOA3,methy->rna|CNVdiploid,-2.0,-0.087254099547863,0.029360939908938174
NCOA3,methy->rna|CNVdiploid,-1.5,-0.10882825404405594,0.029392080807607992
NCOA3,methy->rna|CNVdiploid,-1.0,-0.14229439198970795,0.02940191626675117
NCOA3,methy->rna|CNVdiploid,-0.5,-0.19090501964092255,0.029328338837960374
NCOA3,methy->rna|CNVdiploid,0.0,-0.21675938367843628,0.02943652235045038
NCOA3,methy->rna|CNVdiploid,0.5,-0.2560332417488098,0.02917957779084
NCOA3,methy->rna|CNVdiploid,1.0,-0.2853389382362366,0.029520410339224864
NCOA3,methy->rna|CNVdiploid,1.5,-0.2984006404876709,0.029797439895835807
NCOA3,methy->rna|CNVdiploid,2.0,-0.3082256019115448,0.02997677520759603
NCOR1,methy->rna|CNVdiploid,-2.0,0.2563999593257904,0.030918893636238606
NCOR1,methy->rna|CNVdiploid,-1.5,0.23026645183563232,0.030893344979572204
NCOR1,methy->rna|CNVdiploid,-1.0,0.18679915368556976,0.030781820505667065
NCOR1,methy->rna|CNVdiploid,-0.5,0.10865595936775208,0.030369746804184177
NCOR1,methy->rna|CNVdiploid,0.0,0.044795311987400055,0.029162142897610346
NCOR1,methy->rna|CNVdiploid,0.5,0.03810911625623703,0.029787833269666265
NCOR1,methy->rna|CNVdiploid,1.0,0.013056040741503239,0.03008688309642626
NCOR1,methy->rna|CNVdiploid,1.5,-0.015586947090923786,0.030227837670103057
NCOR1,methy->rna|CNVdiploid,2.0,-0.04127206653356552,0.0302806000157393
NDC80,methy->rna|CNVdiploid,-2.0,-0.019479844719171524,0.03443214012818165
NDC80,methy->rna|CNVdiploid,-1.5,-0.033690519630908966,0.03416361879946678
NDC80,methy->rna|CNVdiploid,-1.0,-0.054030753672122955,0.033701759760366615
NDC80,methy->rna|CNVdiploid,-0.5,-0.07784213870763779,0.0329216267453591
NDC80,methy->rna|CNVdiploid,0.0,-0.1018134132027626,0.03319817902176789
NDC80,methy->rna|CNVdiploid,0.5,-0.12387701869010925,0.031986647905494076
NDC80,methy->rna|CNVdiploid,1.0,-0.15200340747833252,0.0320214980776985
NDC80,methy->rna|CNVdiploid,1.5,-0.17414382100105286,0.03214227830054693
NDC80,methy->rna|CNVdiploid,2.0,-0.1902008205652237,0.03220150899157138
NDRG1,methy->rna|CNVdiploid,-2.0,0.09849872440099716,0.016237895186568495
NDRG1,methy->rna|CNVdiploid,-1.5,0.0510258786380291,0.016282059950480866
NDRG1,methy->rna|CNVdiploid,-1.0,-0.022035494446754456,0.01627701254889088
NDRG1,methy->rna|CNVdiploid,-0.5,-0.12613297998905182,0.01607556979251545
NDRG1,methy->rna|CNVdiploid,0.0,-0.21827279031276703,0.01642418920008901
NDRG1,methy->rna|CNVdiploid,0.5,-0.28510966897010803,0.014748605517210578
NDRG1,methy->rna|CNVdiploid,1.0,-0.3705197870731354,0.015351505214772859
NDRG1,methy->rna|CNVdiploid,1.5,-0.42814865708351135,0.015798229676868857
NDRG1,methy->rna|CNVdiploid,2.0,-0.46394240856170654,0.016052601500047035
NEK2,methy->rna|CNVdiploid,-2.0,-0.13830161094665527,0.032859711080777294
NEK2,methy->rna|CNVdiploid,-1.5,-0.1628689467906952,0.03277700430601912
NEK2,methy->rna|CNVdiploid,-1.0,-0.20022186636924744,0.032567587265352776
NEK2,methy->rna|CNVdiploid,-0.5,-0.24920617043972015,0.031888781491072715
NEK2,methy->rna|CNVdiploid,0.0,-0.2842158079147339,0.03092727981988207
NEK2,methy->rna|CNVdiploid,0.5,-0.3050970137119293,0.031100964046874235
NEK2,methy->rna|CNVdiploid,1.0,-0.34898144006729126,0.030963391842483992
NEK2,methy->rna|CNVdiploid,1.5,-0.375362366437912,0.030891481625358284
NEK2,methy->rna|CNVdiploid,2.0,-0.3931061327457428,0.030819841649077633
NF1,methy->rna|CNVdiploid,-2.0,-0.037678081542253494,0.03357839481459689
NF1,methy->rna|CNVdiploid,-1.5,-0.05596679076552391,0.0334683741002328
NF1,methy->rna|CNVdiploid,-1.0,-0.08306220173835754,0.033253090217994684
NF1,methy->rna|CNVdiploid,-0.5,-0.12047305703163147,0.032792242402701836
NF1,methy->rna|CNVdiploid,0.0,-0.15254636108875275,0.031690638288241
NF1,methy->rna|CNVdiploid,0.5,-0.17697221040725708,0.031937156781700046
NF1,methy->rna|CNVdiploid,1.0,-0.21239370107650757,0.032133403939893036
NF1,methy->rna|CNVdiploid,1.5,-0.23870673775672913,0.032145826301319166
NF1,methy->rna|CNVdiploid,2.0,-0.2580837905406952,0.03208257686740529
NMU,methy->rna|CNVdiploid,-2.0,-0.05290917307138443,0.020978376185181134
NMU,methy->rna|CNVdiploid,-1.5,-0.08080791682004929,0.020725659587178945
NMU,methy->rna|CNVdiploid,-1.0,-0.1208486407995224,0.020136752481114288
NMU,methy->rna|CNVdiploid,-0.5,-0.16833031177520752,0.01865197082133706
NMU,methy->rna|CNVdiploid,0.0,-0.18558281660079956,0.017725024018846767
NMU,methy->rna|CNVdiploid,0.5,-0.18623407185077667,0.017465125334514785
NMU,methy->rna|CNVdiploid,1.0,-0.2056271731853485,0.017663443975959627
NMU,methy->rna|CNVdiploid,1.5,-0.22976596653461456,0.017961512000294628
NMU,methy->rna|CNVdiploid,2.0,-0.2501465082168579,0.018146186748106436
NOTCH3,methy->rna|CNVdiploid,-2.0,0.14585654437541962,0.019934448876885644
NOTCH3,methy->rna|CNVdiploid,-1.5,0.10682431608438492,0.020218136383348663
NOTCH3,methy->rna|CNVdiploid,-1.0,0.04097622260451317,0.02073438139251708
NOTCH3,methy->rna|CNVdiploid,-0.5,-0.07775123417377472,0.02166222282296622
NOTCH3,methy->rna|CNVdiploid,0.0,-0.19329304993152618,0.022463868316857472
NOTCH3,methy->rna|CNVdiploid,0.5,-0.28369027376174927,0.022434351042619666
NOTCH3,methy->rna|CNVdiploid,1.0,-0.44895151257514954,0.02362728130717909
NOTCH3,methy->rna|CNVdiploid,1.5,-0.5650461912155151,0.02408596937507311
NOTCH3,methy->rna|CNVdiploid,2.0,-0.6349332332611084,0.024275227320442665
NUF2,methy->rna|CNVdiploid,-2.0,-0.13260304927825928,0.03359185673153183
NUF2,methy->rna|CNVdiploid,-1.5,-0.15724682807922363,0.03345413633054914
NUF2,methy->rna|CNVdiploid,-1.0,-0.19444967806339264,0.03315082585175615
NUF2,methy->rna|CNVdiploid,-0.5,-0.24224522709846497,0.03232444678245698
NUF2,methy->rna|CNVdiploid,0.0,-0.2746456265449524,0.03165723739153629
NUF2,methy->rna|CNVdiploid,0.5,-0.2898736298084259,0.031268254026774425
NUF2,methy->rna|CNVdiploid,1.0,-0.31775230169296265,0.031232549544801747
NUF2,methy->rna|CNVdiploid,1.5,-0.3338174819946289,0.03132885989500236
NUF2,methy->rna|CNVdiploid,2.0,-0.34479087591171265,0.03138357930740363
NUSAP1,methy->rna|CNVdiploid,-2.0,0.09336040169000626,0.015778025904658165
NUSAP1,methy->rna|CNVdiploid,-1.5,0.07286445051431656,0.015520094094218657
NUSAP1,methy->rna|CNVdiploid,-1.0,0.04215282201766968,0.015110043930031238
NUSAP1,methy->rna|CNVdiploid,-0.5,0.002396433148533106,0.014520706400039975
NUSAP1,methy->rna|CNVdiploid,0.0,-0.008111669681966305,0.014164076748708216
NUSAP1,methy->rna|CNVdiploid,0.5,-0.04626509174704552,0.013732948888286974
NUSAP1,methy->rna|CNVdiploid,1.0,-0.06780265271663666,0.013699105581166559
NUSAP1,methy->rna|CNVdiploid,1.5,-0.0866534411907196,0.013869354044511655
NUSAP1,methy->rna|CNVdiploid,2.0,-0.10199912637472153,0.014005802787969413
OXCT1,methy->rna|CNVdiploid,-2.0,0.0989455059170723,0.02019364907580761
OXCT1,methy->rna|CNVdiploid,-1.5,0.051349133253097534,0.020145777217722288
OXCT1,methy->rna|CNVdiploid,-1.0,-0.023056790232658386,0.019911321491016508
OXCT1,methy->rna|CNVdiploid,-0.5,-0.13566942512989044,0.019204404130765282
OXCT1,methy->rna|CNVdiploid,0.0,-0.21394722163677216,0.019230981446132236
OXCT1,methy->rna|CNVdiploid,0.5,-0.2723170816898346,0.018547790796204916
OXCT1,methy->rna|CNVdiploid,1.0,-0.3556707799434662,0.019222795763760913
OXCT1,methy->rna|CNVdiploid,1.5,-0.42076578736305237,0.019860816964053507
OXCT1,methy->rna|CNVdiploid,2.0,-0.4647792875766754,0.020221034934348094
PAK1,methy->rna|CNVdiploid,-2.0,0.3311668336391449,0.02032030485767444
PAK1,methy->rna|CNVdiploid,-1.5,0.2741851806640625,0.020355885116032858
PAK1,methy->rna|CNVdiploid,-1.0,0.17446859180927277,0.020206115024466814
PAK1,methy->rna|CNVdiploid,-0.5,-0.007611729670315981,0.01926506448303456
PAK1,methy->rna|CNVdiploid,0.0,-0.19693894684314728,0.01713336437901348
PAK1,methy->rna|CNVdiploid,0.5,-0.25277093052864075,0.017796228122796676
PAK1,methy->rna|CNVdiploid,1.0,-0.39038050174713135,0.018715915471618473
PAK1,methy->rna|CNVdiploid,1.5,-0.5044469833374023,0.019428085093455134
PAK1,methy->rna|CNVdiploid,2.0,-0.5773515105247498,0.019806812382274653
PCOLCE,methy->rna|CNVdiploid,-2.0,0.1030750498175621,0.033026937859189524
PCOLCE,methy->rna|CNVdiploid,-1.5,0.08343140035867691,0.03321924037278931
PCOLCE,methy->rna|CNVdiploid,-1.0,0.048310358077287674,0.03343451771694247
PCOLCE,methy->rna|CNVdiploid,-0.5,-0.018139995634555817,0.033413290734435365
PCOLCE,methy->rna|CNVdiploid,0.0,-0.08576581627130508,0.033140412861774736
PCOLCE,methy->rna|CNVdiploid,0.5,-0.10430849343538284,0.03294949860154836
PCOLCE,methy->rna|CNVdiploid,1.0,-0.15372467041015625,0.0333673040241805
PCOLCE,methy->rna|CNVdiploid,1.5,-0.19911247491836548,0.03352928507909226
PCOLCE,methy->rna|CNVdiploid,2.0,-0.2343229353427887,0.03353718526508694
PGR,methy->rna|CNVdiploid,-2.0,0.23089097440242767,0.0343114688734159
PGR,methy->rna|CNVdiploid,-1.5,0.21194013953208923,0.03414093382401334
PGR,methy->rna|CNVdiploid,-1.0,0.18182650208473206,0.03378210410709217
PGR,methy->rna|CNVdiploid,-0.5,0.13223671913146973,0.03293719174628988
PGR,methy->rna|CNVdiploid,0.0,0.07100736349821091,0.03140107740212124
PGR,methy->rna|CNVdiploid,0.5,0.02319122850894928,0.031672586635663344
PGR,methy->rna|CNVdiploid,1.0,-0.045390933752059937,0.031552547395777175
PGR,methy->rna|CNVdiploid,1.5,-0.09797811508178711,0.031500600131399416
PGR,methy->rna|CNVdiploid,2.0,-0.13549557328224182,0.0314472667930099
PHGDH,methy->rna|CNVdiploid,-2.0,0.18005511164665222,0.02583232455861319
PHGDH,methy->rna|CNVdiploid,-1.5,0.14259350299835205,0.02594724665733646
PHGDH,methy->rna|CNVdiploid,-1.0,0.08281262218952179,0.026000575637002667
PHGDH,methy->rna|CNVdiploid,-0.5,-0.006863792892545462,0.025629114339936608
PHGDH,methy->rna|CNVdiploid,0.0,-0.07353321462869644,0.0254249212291542
PHGDH,methy->rna|CNVdiploid,0.5,-0.11061922460794449,0.024574107156993673
PHGDH,methy->rna|CNVdiploid,1.0,-0.16687019169330597,0.025684125786799475
PHGDH,methy->rna|CNVdiploid,1.5,-0.22051605582237244,0.026047737023188883
PHGDH,methy->rna|CNVdiploid,2.0,-0.2611391842365265,0.026025239472837667
PIK3CA,methy->rna|CNVdiploid,-2.0,-0.02119588665664196,0.032632689156672307
PIK3CA,methy->rna|CNVdiploid,-1.5,-0.04221091419458389,0.03262945716333986
PIK3CA,methy->rna|CNVdiploid,-1.0,-0.07398111373186111,0.03256899077425777
PIK3CA,methy->rna|CNVdiploid,-0.5,-0.11780113726854324,0.03233467234733617
PIK3CA,methy->rna|CNVdiploid,0.0,-0.15213514864444733,0.03199062741987374
PIK3CA,methy->rna|CNVdiploid,0.5,-0.16487474739551544,0.03147433446474894
PIK3CA,methy->rna|CNVdiploid,1.0,-0.19317609071731567,0.031281918624343166
PIK3CA,methy->rna|CNVdiploid,1.5,-0.20993275940418243,0.031237633995539846
PIK3CA,methy->rna|CNVdiploid,2.0,-0.22188270092010498,0.03122048677804848
PIK3R1,methy->rna|CNVdiploid,-2.0,0.22973030805587769,0.026049236424006632
PIK3R1,methy->rna|CNVdiploid,-1.5,0.19307725131511688,0.026378180554570526
PIK3R1,methy->rna|CNVdiploid,-1.0,0.1294938623905182,0.02688815554026123
PIK3R1,methy->rna|CNVdiploid,-0.5,0.008198962546885014,0.027649038253781545
PIK3R1,methy->rna|CNVdiploid,0.0,-0.10622292757034302,0.027103123415059563
PIK3R1,methy->rna|CNVdiploid,0.5,-0.1483469307422638,0.02816894459052819
PIK3R1,methy->rna|CNVdiploid,1.0,-0.25804969668388367,0.02871777541514283
PIK3R1,methy->rna|CNVdiploid,1.5,-0.33317825198173523,0.028783378559642716
PIK3R1,methy->rna|CNVdiploid,2.0,-0.3806520402431488,0.028715389014132023
PITX2,methy->rna|CNVdiploid,-2.0,-0.04137277230620384,0.017332987368408062
PITX2,methy->rna|CNVdiploid,-1.5,-0.06700804084539413,0.017253650976447345
PITX2,methy->rna|CNVdiploid,-1.0,-0.1072964295744896,0.01698955702093198
PITX2,methy->rna|CNVdiploid,-0.5,-0.16632424294948578,0.01621672050874108
PITX2,methy->rna|CNVdiploid,0.0,-0.21552783250808716,0.017101623066208063
PITX2,methy->rna|CNVdiploid,0.5,-0.22321763634681702,0.016406532011970676
PITX2,methy->rna|CNVdiploid,1.0,-0.2639639675617218,0.017217396205657105
PITX2,methy->rna|CNVdiploid,1.5,-0.30301499366760254,0.017497715508684317
PITX2,methy->rna|CNVdiploid,2.0,-0.3327154815196991,0.01757751392531562
PLAT,methy->rna|CNVdiploid,-2.0,0.4029581844806671,0.025383487205393927
PLAT,methy->rna|CNVdiploid,-1.5,0.35576194524765015,0.025591049609292964
PLAT,methy->rna|CNVdiploid,-1.0,0.2649744153022766,0.025791322048460352
PLAT,methy->rna|CNVdiploid,-0.5,0.05881340056657791,0.025554516969891878
PLAT,methy->rna|CNVdiploid,0.0,-0.1873389333486557,0.023387261670171397
PLAT,methy->rna|CNVdiploid,0.5,-0.24468325078487396,0.024531472304962207
PLAT,methy->rna|CNVdiploid,1.0,-0.440471887588501,0.025540747762963757
PLAT,methy->rna|CNVdiploid,1.5,-0.560103714466095,0.02599177755400665
PLAT,methy->rna|CNVdiploid,2.0,-0.6265718936920166,0.026095554397232865
PLAU,methy->rna|CNVdiploid,-2.0,0.037523411214351654,0.030124742967074458
PLAU,methy->rna|CNVdiploid,-1.5,0.013995503075420856,0.030259019976644295
PLAU,methy->rna|CNVdiploid,-1.0,-0.02328033186495304,0.030378913199299667
PLAU,methy->rna|CNVdiploid,-0.5,-0.08078011870384216,0.03034886416081836
PLAU,methy->rna|CNVdiploid,0.0,-0.1245867908000946,0.030187068351647164
PLAU,methy->rna|CNVdiploid,0.5,-0.12690232694149017,0.029004692735576643
PLAU,methy->rna|CNVdiploid,1.0,-0.16607487201690674,0.029800453953002883
PLAU,methy->rna|CNVdiploid,1.5,-0.198166623711586,0.03033222691395396
PLAU,methy->rna|CNVdiploid,2.0,-0.22222168743610382,0.030620338524574003
PLK1,methy->rna|CNVdiploid,-2.0,-0.06436055898666382,0.03367261297760994
PLK1,methy->rna|CNVdiploid,-1.5,-0.08855827897787094,0.033598420968832796
PLK1,methy->rna|CNVdiploid,-1.0,-0.12661515176296234,0.03342506800481199
PLK1,methy->rna|CNVdiploid,-0.5,-0.1819320172071457,0.03297235574657244
PLK1,methy->rna|CNVdiploid,0.0,-0.22020137310028076,0.032712205345969456
PLK1,methy->rna|CNVdiploid,0.5,-0.21317856013774872,0.03224188166620629
PLK1,methy->rna|CNVdiploid,1.0,-0.23223848640918732,0.03225996818857041
PLK1,methy->rna|CNVdiploid,1.5,-0.2510905861854553,0.032374127510714876
PLK1,methy->rna|CNVdiploid,2.0,-0.26636844873428345,0.03238496765558042
PPM1D,methy->rna|CNVdiploid,-2.0,-0.15321949124336243,0.022356456298392877
PPM1D,methy->rna|CNVdiploid,-1.5,-0.17254585027694702,0.022333126231889947
PPM1D,methy->rna|CNVdiploid,-1.0,-0.20104219019412994,0.02228125742453172
PPM1D,methy->rna|CNVdiploid,-0.5,-0.23729418218135834,0.022206163160029945
PPM1D,methy->rna|CNVdiploid,0.0,-0.234002947807312,0.022436506431295182
PPM1D,methy->rna|CNVdiploid,0.5,-0.2589351534843445,0.022606562021133925
PPM1D,methy->rna|CNVdiploid,1.0,-0.2731880843639374,0.023301691214200254
PPM1D,methy->rna|CNVdiploid,1.5,-0.28570911288261414,0.023617330341868265
PPM1D,methy->rna|CNVdiploid,2.0,-0.2974926829338074,0.023737766225575413
PRC1,methy->rna|CNVdiploid,-2.0,-0.008050089702010155,0.01988358911397309
PRC1,methy->rna|CNVdiploid,-1.5,-0.02797640860080719,0.019543852784500042
PRC1,methy->rna|CNVdiploid,-1.0,-0.05676743760704994,0.01899555808285221
PRC1,methy->rna|CNVdiploid,-0.5,-0.09009549766778946,0.018191173131362252
PRC1,methy->rna|CNVdiploid,0.0,-0.10172918438911438,0.01860305940774292
PRC1,methy->rna|CNVdiploid,0.5,-0.15617433190345764,0.017822872998374897
PRC1,methy->rna|CNVdiploid,1.0,-0.19105757772922516,0.01799527576071468
PRC1,methy->rna|CNVdiploid,1.5,-0.2149055004119873,0.018306156252211825
PRC1,methy->rna|CNVdiploid,2.0,-0.23141378164291382,0.018515209339481996
PTEN,methy->rna|CNVdiploid,-2.0,0.1344502717256546,0.027658740771863848
PTEN,methy->rna|CNVdiploid,-1.5,0.10859476029872894,0.027682857587923767
PTEN,methy->rna|CNVdiploid,-1.0,0.06732434034347534,0.027646008941082892
PTEN,methy->rna|CNVdiploid,-0.5,0.0017032164614647627,0.02738439618881027
PTEN,methy->rna|CNVdiploid,0.0,-0.03462982922792435,0.026728029122116772
PTEN,methy->rna|CNVdiploid,0.5,-0.08065814524888992,0.027051269863232915
PTEN,methy->rna|CNVdiploid,1.0,-0.1342800408601761,0.027592272420787444
PTEN,methy->rna|CNVdiploid,1.5,-0.17307817935943604,0.027810838421676046
PTEN,methy->rna|CNVdiploid,2.0,-0.20094813406467438,0.02786930415676004
PTTG1,methy->rna|CNVdiploid,-2.0,0.010808482766151428,0.03452959464325046
PTTG1,methy->rna|CNVdiploid,-1.5,-0.0011293926509097219,0.03443320583603031
PTTG1,methy->rna|CNVdiploid,-1.0,-0.018263421952724457,0.03428259451086594
PTTG1,methy->rna|CNVdiploid,-0.5,-0.04092159867286682,0.034112018053591965
PTTG1,methy->rna|CNVdiploid,0.0,-0.08029196411371231,0.034068064687760004
PTTG1,methy->rna|CNVdiploid,0.5,-0.09594612568616867,0.033313214447297144
PTTG1,methy->rna|CNVdiploid,1.0,-0.1270395964384079,0.033513778920926135
PTTG1,methy->rna|CNVdiploid,1.5,-0.15097814798355103,0.03363168456575333
PTTG1,methy->rna|CNVdiploid,2.0,-0.16762328147888184,0.0336506907787353
RACGAP1,methy->rna|CNVdiploid,-2.0,-0.07623301446437836,0.03452061131451388
RACGAP1,methy->rna|CNVdiploid,-1.5,-0.09498515725135803,0.034260408609231206
RACGAP1,methy->rna|CNVdiploid,-1.0,-0.12286656349897385,0.033778839423334914
RACGAP1,methy->rna|CNVdiploid,-0.5,-0.15973146259784698,0.03290313050300409
RACGAP1,methy->rna|CNVdiploid,0.0,-0.18448197841644287,0.033225111573084394
RACGAP1,methy->rna|CNVdiploid,0.5,-0.1848483383655548,0.03203922500538975
RACGAP1,methy->rna|CNVdiploid,1.0,-0.20412565767765045,0.03213669041726683
RACGAP1,methy->rna|CNVdiploid,1.5,-0.21987470984458923,0.03229471375141545
RACGAP1,methy->rna|CNVdiploid,2.0,-0.2320430725812912,0.03234861808255824
RAD51,methy->rna|CNVdiploid,-2.0,-0.049493931233882904,0.03625569919830429
RAD51,methy->rna|CNVdiploid,-1.5,-0.06639814376831055,0.035993635318169355
RAD51,methy->rna|CNVdiploid,-1.0,-0.09178987890481949,0.03552391314222262
RAD51,methy->rna|CNVdiploid,-0.5,-0.12533408403396606,0.034704961337439284
RAD51,methy->rna|CNVdiploid,0.0,-0.14115913212299347,0.03522245512083528
RAD51,methy->rna|CNVdiploid,0.5,-0.14279311895370483,0.03374319596348854
RAD51,methy->rna|CNVdiploid,1.0,-0.14109346270561218,0.03420038245120316
RAD51,methy->rna|CNVdiploid,1.5,-0.1475328952074051,0.03457791544983645
RAD51,methy->rna|CNVdiploid,2.0,-0.15535953640937805,0.03477540920289536
RASSF1,methy->rna|CNVdiploid,-2.0,0.29996687173843384,0.02217389989010847
RASSF1,methy->rna|CNVdiploid,-1.5,0.26518604159355164,0.02247988880437387
RASSF1,methy->rna|CNVdiploid,-1.0,0.20706747472286224,0.022884413197088314
RASSF1,methy->rna|CNVdiploid,-0.5,0.11679660528898239,0.023136676487866534
RASSF1,methy->rna|CNVdiploid,0.0,0.0710580050945282,0.02324550509140604
RASSF1,methy->rna|CNVdiploid,0.5,0.04313246160745621,0.023300268091040383
RASSF1,methy->rna|CNVdiploid,1.0,-0.01747776009142399,0.02365186886535621
RASSF1,methy->rna|CNVdiploid,1.5,-0.07374046742916107,0.023795501874505413
RASSF1,methy->rna|CNVdiploid,2.0,-0.11809653788805008,0.023786889037249962
RASSF7,methy->rna|CNVdiploid,-2.0,0.12302698194980621,0.029263443985997947
RASSF7,methy->rna|CNVdiploid,-1.5,0.09849617630243301,0.029399150656812617
RASSF7,methy->rna|CNVdiploid,-1.0,0.06078070402145386,0.02950472111467983
RASSF7,methy->rna|CNVdiploid,-0.5,0.012406918220221996,0.029228225501674043
RASSF7,methy->rna|CNVdiploid,0.0,-0.018651030957698822,0.028612843510240155
RASSF7,methy->rna|CNVdiploid,0.5,-0.04879290983080864,0.0286890361730154
RASSF7,methy->rna|CNVdiploid,1.0,-0.08974079042673111,0.029454369143032587
RASSF7,methy->rna|CNVdiploid,1.5,-0.13254660367965698,0.029656805688322106
RASSF7,methy->rna|CNVdiploid,2.0,-0.16667886078357697,0.02960013138851746
RB1,methy->rna|CNVdiploid,-2.0,0.23588618636131287,0.031109435225622196
RB1,methy->rna|CNVdiploid,-1.5,0.20721127092838287,0.031128502460730477
RB1,methy->rna|CNVdiploid,-1.0,0.1596781611442566,0.031065194184051948
RB1,methy->rna|CNVdiploid,-0.5,0.07407316565513611,0.03067176274215487
RB1,methy->rna|CNVdiploid,0.0,-0.02040870487689972,0.028964662220721357
RB1,methy->rna|CNVdiploid,0.5,-0.03720785677433014,0.02997737889077411
RB1,methy->rna|CNVdiploid,1.0,-0.11386258155107498,0.030480364663641374
RB1,methy->rna|CNVdiploid,1.5,-0.1788339614868164,0.03070645164159692
RB1,methy->rna|CNVdiploid,2.0,-0.2260936200618744,0.030773547648829593
RBBP8,methy->rna|CNVdiploid,-2.0,0.016077455133199692,0.021458219316647688
RBBP8,methy->rna|CNVdiploid,-1.5,-0.00961387064307928,0.021431112416398883
RBBP8,methy->rna|CNVdiploid,-1.0,-0.04860113933682442,0.021367523002067026
RBBP8,methy->rna|CNVdiploid,-0.5,-0.10214006900787354,0.021259958428286672
RBBP8,methy->rna|CNVdiploid,0.0,-0.14107735455036163,0.021224851091407107
RBBP8,methy->rna|CNVdiploid,0.5,-0.1996522843837738,0.02123333752568664
RBBP8,methy->rna|CNVdiploid,1.0,-0.255838543176651,0.021435124621203356
RBBP8,methy->rna|CNVdiploid,1.5,-0.29387468099594116,0.021430016197487068
RBBP8,methy->rna|CNVdiploid,2.0,-0.32012617588043213,0.021353230748342014
RFC4,methy->rna|CNVdiploid,-2.0,-0.12329275161027908,0.028053547390964415
RFC4,methy->rna|CNVdiploid,-1.5,-0.13228996098041534,0.027711184930698646
RFC4,methy->rna|CNVdiploid,-1.0,-0.14156536757946014,0.02716177003716081
RFC4,methy->rna|CNVdiploid,-0.5,-0.13974198698997498,0.026363221416179482
RFC4,methy->rna|CNVdiploid,0.0,-0.14570516347885132,0.027082798688277093
RFC4,methy->rna|CNVdiploid,0.5,-0.1799648553133011,0.026709829272946666
RFC4,methy->rna|CNVdiploid,1.0,-0.2170509248971939,0.027115794223714212
RFC4,methy->rna|CNVdiploid,1.5,-0.24389873445034027,0.027341220855088687
RFC4,methy->rna|CNVdiploid,2.0,-0.26178544759750366,0.027434453946634265
RRM2,methy->rna|CNVdiploid,-2.0,0.042968738824129105,0.030214142561471164
RRM2,methy->rna|CNVdiploid,-1.5,0.026290111243724823,0.030029308720258635
RRM2,methy->rna|CNVdiploid,-1.0,0.0011927661253139377,0.029702389216671038
RRM2,methy->rna|CNVdiploid,-0.5,-0.03143278509378433,0.029099797898782753
RRM2,methy->rna|CNVdiploid,0.0,-0.05556591600179672,0.02937968241916005
RRM2,methy->rna|CNVdiploid,0.5,-0.06812060624361038,0.028260294713604965
RRM2,methy->rna|CNVdiploid,1.0,-0.09680628776550293,0.027873475454965234
RRM2,methy->rna|CNVdiploid,1.5,-0.1188305914402008,0.02776163715298196
RRM2,methy->rna|CNVdiploid,2.0,-0.13518984615802765,0.027707763332902327
RSF1,methy->rna|CNVdiploid,-2.0,-0.001590973581187427,0.027739279081776584
RSF1,methy->rna|CNVdiploid,-1.5,-0.027233591303229332,0.02768762167249877
RSF1,methy->rna|CNVdiploid,-1.0,-0.06532233208417892,0.027550018957045376
RSF1,methy->rna|CNVdiploid,-0.5,-0.12021839618682861,0.027281698129602645
RSF1,methy->rna|CNVdiploid,0.0,-0.15725938975811005,0.026689896831261866
RSF1,methy->rna|CNVdiploid,0.5,-0.1612793356180191,0.02649287599968181
RSF1,methy->rna|CNVdiploid,1.0,-0.17040057480335236,0.02658824050692471
RSF1,methy->rna|CNVdiploid,1.5,-0.18125919997692108,0.02678080018519963
RSF1,methy->rna|CNVdiploid,2.0,-0.19281764328479767,0.026920760969962335
RSPO2,methy->rna|CNVdiploid,-2.0,-0.07168269902467728,0.009529664192100664
RSPO2,methy->rna|CNVdiploid,-1.5,-0.0955694168806076,0.009307223286191768
RSPO2,methy->rna|CNVdiploid,-1.0,-0.13023963570594788,0.008908733001056024
RSPO2,methy->rna|CNVdiploid,-0.5,-0.1722245067358017,0.008274613402963978
RSPO2,methy->rna|CNVdiploid,0.0,-0.2086365669965744,0.008476602634274074
RSPO2,methy->rna|CNVdiploid,0.5,-0.22113671898841858,0.007889273930887114
RSPO2,methy->rna|CNVdiploid,1.0,-0.25120997428894043,0.008323264927680917
RSPO2,methy->rna|CNVdiploid,1.5,-0.27874237298965454,0.008802549052883293
RSPO2,methy->rna|CNVdiploid,2.0,-0.2992999851703644,0.009158564669069119
RUNDC1,methy->rna|CNVdiploid,-2.0,0.1047312468290329,0.029819797967041185
RUNDC1,methy->rna|CNVdiploid,-1.5,0.07612896710634232,0.029766813326516265
RUNDC1,methy->rna|CNVdiploid,-1.0,0.03299201279878616,0.02964815580191854
RUNDC1,methy->rna|CNVdiploid,-0.5,-0.023055877536535263,0.029599824098524286
RUNDC1,methy->rna|CNVdiploid,0.0,-0.06823180615901947,0.029365845652020668
RUNDC1,methy->rna|CNVdiploid,0.5,-0.0733678936958313,0.029538008684578548
RUNDC1,methy->rna|CNVdiploid,1.0,-0.11775911599397659,0.029910182632905367
RUNDC1,methy->rna|CNVdiploid,1.5,-0.16051016747951508,0.030170701345627826
RUNDC1,methy->rna|CNVdiploid,2.0,-0.19745448231697083,0.03028547960648195
RUNX1,methy->rna|CNVdiploid,-2.0,0.029715104028582573,0.02814408025342105
RUNX1,methy->rna|CNVdiploid,-1.5,0.007017324212938547,0.02819456080740586
RUNX1,methy->rna|CNVdiploid,-1.0,-0.026738926768302917,0.028176190968026763
RUNX1,methy->rna|CNVdiploid,-0.5,-0.07258735597133636,0.027827401570244218
RUNX1,methy->rna|CNVdiploid,0.0,-0.11481526494026184,0.027194839670894158
RUNX1,methy->rna|CNVdiploid,0.5,-0.15117336809635162,0.027692170000270057
RUNX1,methy->rna|CNVdiploid,1.0,-0.2300349920988083,0.02849743541386811
RUNX1,methy->rna|CNVdiploid,1.5,-0.2911701202392578,0.028748236352976693
RUNX1,methy->rna|CNVdiploid,2.0,-0.33346521854400635,0.028791062988833684
SCG5,methy->rna|CNVdiploid,-2.0,0.27569130063056946,0.018413814538543287
SCG5,methy->rna|CNVdiploid,-1.5,0.23155860602855682,0.019065443673001628
SCG5,methy->rna|CNVdiploid,-1.0,0.1546953171491623,0.02010384194078166
SCG5,methy->rna|CNVdiploid,-0.5,0.013836263678967953,0.021478169193225722
SCG5,methy->rna|CNVdiploid,0.0,-0.10758780688047409,0.022237668012095934
SCG5,methy->rna|CNVdiploid,0.5,-0.14955833554267883,0.021269312248504382
SCG5,methy->rna|CNVdiploid,1.0,-0.21126295626163483,0.021172127974280634
SCG5,methy->rna|CNVdiploid,1.5,-0.2571169137954712,0.02099933946492814
SCG5,methy->rna|CNVdiploid,2.0,-0.2929350435733795,0.020899683794589088
SCUBE2,methy->rna|CNVdiploid,-2.0,0.3170526325702667,0.030678856564337685
SCUBE2,methy->rna|CNVdiploid,-1.5,0.28579825162887573,0.03064525952508414
SCUBE2,methy->rna|CNVdiploid,-1.0,0.22786572575569153,0.030430825593890966
SCUBE2,methy->rna|CNVdiploid,-0.5,0.10801456868648529,0.02959424711205245
SCUBE2,methy->rna|CNVdiploid,0.0,-0.03567662090063095,0.026746922008292758
SCUBE2,methy->rna|CNVdiploid,0.5,-0.08273929357528687,0.027634963936221904
SCUBE2,methy->rna|CNVdiploid,1.0,-0.20125523209571838,0.027460074522235242
SCUBE2,methy->rna|CNVdiploid,1.5,-0.2871338427066803,0.027176947111717226
SCUBE2,methy->rna|CNVdiploid,2.0,-0.3441585302352905,0.026936698641735896
SEC14L2,methy->rna|CNVdiploid,-2.0,0.21424424648284912,0.022870844491432337
SEC14L2,methy->rna|CNVdiploid,-1.5,0.18940016627311707,0.022663543610931744
SEC14L2,methy->rna|CNVdiploid,-1.0,0.14893919229507446,0.022297138432902285
SEC14L2,methy->rna|CNVdiploid,-0.5,0.08128788322210312,0.021773671019213483
SEC14L2,methy->rna|CNVdiploid,0.0,-0.01533071231096983,0.021315937511723785
SEC14L2,methy->rna|CNVdiploid,0.5,-0.052572425454854965,0.021758173578493974
SEC14L2,methy->rna|CNVdiploid,1.0,-0.14452676475048065,0.022410641767188988
SEC14L2,methy->rna|CNVdiploid,1.5,-0.21372586488723755,0.022865426598361223
SEC14L2,methy->rna|CNVdiploid,2.0,-0.2617299258708954,0.023125701222578465
SERPINB5,methy->rna|CNVdiploid,-2.0,0.1769586205482483,0.03186797730472643
SERPINB5,methy->rna|CNVdiploid,-1.5,0.14852070808410645,0.032239922420079614
SERPINB5,methy->rna|CNVdiploid,-1.0,0.1035708338022232,0.03270311304915019
SERPINB5,methy->rna|CNVdiploid,-0.5,0.030922232195734978,0.03295042918897449
SERPINB5,methy->rna|CNVdiploid,0.0,-0.05238884314894676,0.03190709902577212
SERPINB5,methy->rna|CNVdiploid,0.5,-0.0926644429564476,0.032381543878422445
SERPINB5,methy->rna|CNVdiploid,1.0,-0.154258131980896,0.03258280138905731
SERPINB5,methy->rna|CNVdiploid,1.5,-0.20188334584236145,0.03241972193587208
SERPINB5,methy->rna|CNVdiploid,2.0,-0.23525136709213257,0.032180465075443185
SERPINE1,methy->rna|CNVdiploid,-2.0,0.07789605110883713,0.024162037814234094
SERPINE1,methy->rna|CNVdiploid,-1.5,0.04921748861670494,0.02439052426937037
SERPINE1,methy->rna|CNVdiploid,-1.0,0.0032990602776408195,0.024676345370892368
SERPINE1,methy->rna|CNVdiploid,-0.5,-0.06815211474895477,0.02484107460084945
SERPINE1,methy->rna|CNVdiploid,0.0,-0.13539285957813263,0.025358581460415364
SERPINE1,methy->rna|CNVdiploid,0.5,-0.173716738820076,0.024214571326896698
SERPINE1,methy->rna|CNVdiploid,1.0,-0.25800618529319763,0.024955600055751745
SERPINE1,methy->rna|CNVdiploid,1.5,-0.326578289270401,0.025257361008408953
SERPINE1,methy->rna|CNVdiploid,2.0,-0.3745774030685425,0.025368656649340453
SFRP1,methy->rna|CNVdiploid,-2.0,0.18085022270679474,0.03314583075484585
SFRP1,methy->rna|CNVdiploid,-1.5,0.15108054876327515,0.03326614677366204
SFRP1,methy->rna|CNVdiploid,-1.0,0.10342313349246979,0.03335431938744771
SFRP1,methy->rna|CNVdiploid,-0.5,0.026773132383823395,0.03313891346095698
SFRP1,methy->rna|CNVdiploid,0.0,-0.05024322494864464,0.03240070482608183
SFRP1,methy->rna|CNVdiploid,0.5,-0.05816954746842384,0.03188910403659746
SFRP1,methy->rna|CNVdiploid,1.0,-0.10692652314901352,0.03207540240884128
SFRP1,methy->rna|CNVdiploid,1.5,-0.14416256546974182,0.03215541113387217
SFRP1,methy->rna|CNVdiploid,2.0,-0.17031671106815338,0.03213580123771211
SFRP2,methy->rna|CNVdiploid,-2.0,0.053626079112291336,0.033091178902655845
SFRP2,methy->rna|CNVdiploid,-1.5,0.04119730368256569,0.033346480223579326
SFRP2,methy->rna|CNVdiploid,-1.0,0.02118763141334057,0.03369142740676639
SFRP2,methy->rna|CNVdiploid,-0.5,-0.011175473220646381,0.03397040095397244
SFRP2,methy->rna|CNVdiploid,0.0,-0.0413346104323864,0.0341104532719246
SFRP2,methy->rna|CNVdiploid,0.5,-0.04738065227866173,0.034073105551265026
SFRP2,methy->rna|CNVdiploid,1.0,-0.08156589418649673,0.03419125528459743
SFRP2,methy->rna|CNVdiploid,1.5,-0.11740848422050476,0.034120103485327215
SFRP2,methy->rna|CNVdiploid,2.0,-0.1465976983308792,0.03402962292755027
SIAH2,methy->rna|CNVdiploid,-2.0,-0.056494615972042084,0.02459582885459617
SIAH2,methy->rna|CNVdiploid,-1.5,-0.0710751935839653,0.024477469902545006
SIAH2,methy->rna|CNVdiploid,-1.0,-0.08974185585975647,0.024268050682517008
SIAH2,methy->rna|CNVdiploid,-0.5,-0.09904603660106659,0.023953087156961646
SIAH2,methy->rna|CNVdiploid,0.0,-0.11202660202980042,0.02324319714741476
SIAH2,methy->rna|CNVdiploid,0.5,-0.14307492971420288,0.023262410399753842
SIAH2,methy->rna|CNVdiploid,1.0,-0.16096681356430054,0.023689966286424658
SIAH2,methy->rna|CNVdiploid,1.5,-0.17553286254405975,0.023932041061471798
SIAH2,methy->rna|CNVdiploid,2.0,-0.18914534151554108,0.02404771721932725
SLC2A3,methy->rna|CNVdiploid,-2.0,0.06251885741949081,0.02373212821697727
SLC2A3,methy->rna|CNVdiploid,-1.5,0.038168925791978836,0.023963898970125685
SLC2A3,methy->rna|CNVdiploid,-1.0,-0.0020927847363054752,0.024243007637754263
SLC2A3,methy->rna|CNVdiploid,-0.5,-0.06999464333057404,0.024360030641111707
SLC2A3,methy->rna|CNVdiploid,0.0,-0.1292697638273239,0.02523587032314175
SLC2A3,methy->rna|CNVdiploid,0.5,-0.15569177269935608,0.024647619204934856
SLC2A3,methy->rna|CNVdiploid,1.0,-0.19366388022899628,0.02464172403166158
SLC2A3,methy->rna|CNVdiploid,1.5,-0.22277063131332397,0.02475246175600973
SLC2A3,methy->rna|CNVdiploid,2.0,-0.24567055702209473,0.024858568336843755
SLC39A6,methy->rna|CNVdiploid,-2.0,0.15597422420978546,0.028431071672151084
SLC39A6,methy->rna|CNVdiploid,-1.5,0.13277843594551086,0.02826001575531329
SLC39A6,methy->rna|CNVdiploid,-1.0,0.09298713505268097,0.027955035885493557
SLC39A6,methy->rna|CNVdiploid,-0.5,0.020403124392032623,0.027502700656820093
SLC39A6,methy->rna|CNVdiploid,0.0,-0.07092837244272232,0.02681714104077519
SLC39A6,methy->rna|CNVdiploid,0.5,-0.12752912938594818,0.026934305702640125
SLC39A6,methy->rna|CNVdiploid,1.0,-0.21165362000465393,0.027349670240220107
SLC39A6,methy->rna|CNVdiploid,1.5,-0.2664478123188019,0.02742206427563294
SLC39A6,methy->rna|CNVdiploid,2.0,-0.3017791211605072,0.02739897611827357
SMAD3,methy->rna|CNVdiploid,-2.0,0.14112389087677002,0.02473271238070384
SMAD3,methy->rna|CNVdiploid,-1.5,0.11146540194749832,0.024615233890760774
SMAD3,methy->rna|CNVdiploid,-1.0,0.06422751396894455,0.0243556762765276
SMAD3,methy->rna|CNVdiploid,-0.5,-0.012053617276251316,0.02377790788787504
SMAD3,methy->rna|CNVdiploid,0.0,-0.09907598048448563,0.022948787181615506
SMAD3,methy->rna|CNVdiploid,0.5,-0.15916867554187775,0.02349542992712983
SMAD3,methy->rna|CNVdiploid,1.0,-0.25031882524490356,0.02417103639850225
SMAD3,methy->rna|CNVdiploid,1.5,-0.3097342550754547,0.02448139929160664
SMAD3,methy->rna|CNVdiploid,2.0,-0.34626370668411255,0.024605910581606216
SMAD4,methy->rna|CNVdiploid,-2.0,0.17228162288665771,0.028870764423871396
SMAD4,methy->rna|CNVdiploid,-1.5,0.14903609454631805,0.028777856057212222
SMAD4,methy->rna|CNVdiploid,-1.0,0.11303364485502243,0.028586991922303885
SMAD4,methy->rna|CNVdiploid,-0.5,0.059709109365940094,0.028194724259529888
SMAD4,methy->rna|CNVdiploid,0.0,0.03330056741833687,0.027463345744077456
SMAD4,methy->rna|CNVdiploid,0.5,-0.02028770186007023,0.027355410678815972
SMAD4,methy->rna|CNVdiploid,1.0,-0.06825513392686844,0.027558638332385785
SMAD4,methy->rna|CNVdiploid,1.5,-0.10483251512050629,0.027674480121726918
SMAD4,methy->rna|CNVdiploid,2.0,-0.1317472755908966,0.027705769216989185
SNAI2,methy->rna|CNVdiploid,-2.0,0.04263683408498764,0.03064087464943688
SNAI2,methy->rna|CNVdiploid,-1.5,0.020157331600785255,0.03093854276090843
SNAI2,methy->rna|CNVdiploid,-1.0,-0.0159633606672287,0.031334388935517814
SNAI2,methy->rna|CNVdiploid,-0.5,-0.07534386217594147,0.03174322628494494
SNAI2,methy->rna|CNVdiploid,0.0,-0.12689395248889923,0.032363184935851615
SNAI2,methy->rna|CNVdiploid,0.5,-0.16303379833698273,0.031439416732333254
SNAI2,methy->rna|CNVdiploid,1.0,-0.22989177703857422,0.031174846586296552
SNAI2,methy->rna|CNVdiploid,1.5,-0.279003381729126,0.030878712745429214
SNAI2,methy->rna|CNVdiploid,2.0,-0.31285881996154785,0.030602450324120376
STC2,methy->rna|CNVdiploid,-2.0,0.22582930326461792,0.02584384030559138
STC2,methy->rna|CNVdiploid,-1.5,0.19618013501167297,0.02581399612710552
STC2,methy->rna|CNVdiploid,-1.0,0.14449548721313477,0.025671531255802703
STC2,methy->rna|CNVdiploid,-0.5,0.050058700144290924,0.025122262379495667
STC2,methy->rna|CNVdiploid,0.0,-0.05213109031319618,0.024101004791122035
STC2,methy->rna|CNVdiploid,0.5,-0.1330999732017517,0.024664868852423947
STC2,methy->rna|CNVdiploid,1.0,-0.2754111886024475,0.024787240009279586
STC2,methy->rna|CNVdiploid,1.5,-0.3639746606349945,0.0247215191792504
STC2,methy->rna|CNVdiploid,2.0,-0.416385293006897,0.024660882799959316
TBX3,methy->rna|CNVdiploid,-2.0,0.22078146040439606,0.02550845398197913
TBX3,methy->rna|CNVdiploid,-1.5,0.18868465721607208,0.02557565677793283
TBX3,methy->rna|CNVdiploid,-1.0,0.13475927710533142,0.025597759863824728
TBX3,methy->rna|CNVdiploid,-0.5,0.03920350968837738,0.02529626915201258
TBX3,methy->rna|CNVdiploid,0.0,-0.05962667241692543,0.023583789966017718
TBX3,methy->rna|CNVdiploid,0.5,-0.12897904217243195,0.02428434794896343
TBX3,methy->rna|CNVdiploid,1.0,-0.24519534409046173,0.02418468791990107
TBX3,methy->rna|CNVdiploid,1.5,-0.32797420024871826,0.0239693451948983
TBX3,methy->rna|CNVdiploid,2.0,-0.3811275064945221,0.02381551277320975
TFF3,methy->rna|CNVdiploid,-2.0,0.1904948502779007,0.033154206041681046
TFF3,methy->rna|CNVdiploid,-1.5,0.1618504673242569,0.032973199159532424
TFF3,methy->rna|CNVdiploid,-1.0,0.11209151148796082,0.032506205544376124
TFF3,methy->rna|CNVdiploid,-0.5,0.018417147919535637,0.031142230259787174
TFF3,methy->rna|CNVdiploid,0.0,-0.10118409246206284,0.028259693209788543
TFF3,methy->rna|CNVdiploid,0.5,-0.17531883716583252,0.028678265767722783
TFF3,methy->rna|CNVdiploid,1.0,-0.3167124390602112,0.028329563544406383
TFF3,methy->rna|CNVdiploid,1.5,-0.412231981754303,0.02791423387661286
TFF3,methy->rna|CNVdiploid,2.0,-0.4701439440250397,0.027600747958258707
TGFB1,methy->rna|CNVdiploid,-2.0,0.17458376288414001,0.025980471025747222
TGFB1,methy->rna|CNVdiploid,-1.5,0.1429884433746338,0.026372666769586647
TGFB1,methy->rna|CNVdiploid,-1.0,0.08923927694559097,0.026912065316964044
TGFB1,methy->rna|CNVdiploid,-0.5,-0.0019304612651467323,0.027263465590007734
TGFB1,methy->rna|CNVdiploid,0.0,-0.07002830505371094,0.027557108420504885
TGFB1,methy->rna|CNVdiploid,0.5,-0.08223540335893631,0.026625200301209923
TGFB1,methy->rna|CNVdiploid,1.0,-0.135648712515831,0.02775268215594688
TGFB1,methy->rna|CNVdiploid,1.5,-0.18053150177001953,0.028203836170604037
TGFB1,methy->rna|CNVdiploid,2.0,-0.21501517295837402,0.02836411514406425
TMEM45B,methy->rna|CNVdiploid,-2.0,0.285228431224823,0.023454283579107844
TMEM45B,methy->rna|CNVdiploid,-1.5,0.2462836652994156,0.023238688048153242
TMEM45B,methy->rna|CNVdiploid,-1.0,0.17845982313156128,0.022748222707986522
TMEM45B,methy->rna|CNVdiploid,-0.5,0.05083600804209709,0.02149369060692342
TMEM45B,methy->rna|CNVdiploid,0.0,-0.09182579815387726,0.018779062475534628
TMEM45B,methy->rna|CNVdiploid,0.5,-0.1843177080154419,0.020161867444811608
TMEM45B,methy->rna|CNVdiploid,1.0,-0.33718737959861755,0.02187123668172663
TMEM45B,methy->rna|CNVdiploid,1.5,-0.4422444701194763,0.022706056418710603
TMEM45B,methy->rna|CNVdiploid,2.0,-0.504717230796814,0.023069419207871488
TOP2A,methy->rna|CNVdiploid,-2.0,-0.024845408275723457,0.03726860983154423
TOP2A,methy->rna|CNVdiploid,-1.5,-0.046783823519945145,0.03715420206217124
TOP2A,methy->rna|CNVdiploid,-1.0,-0.08136127144098282,0.036900119004412174
TOP2A,methy->rna|CNVdiploid,-0.5,-0.13429595530033112,0.03624875139335228
TOP2A,methy->rna|CNVdiploid,0.0,-0.17427262663841248,0.03559454843278091
TOP2A,methy->rna|CNVdiploid,0.5,-0.1764443814754486,0.034710148218175106
TOP2A,methy->rna|CNVdiploid,1.0,-0.1817043125629425,0.03491286590111795
TOP2A,methy->rna|CNVdiploid,1.5,-0.18965895473957062,0.03501128151467604
TOP2A,methy->rna|CNVdiploid,2.0,-0.19744673371315002,0.03500774005198877
TP53,methy->rna|CNVdiploid,-2.0,0.5454655885696411,0.017266163781382102
TP53,methy->rna|CNVdiploid,-1.5,0.5122130513191223,0.017215241906662414
TP53,methy->rna|CNVdiploid,-1.0,0.4502238631248474,0.017069403383519664
TP53,methy->rna|CNVdiploid,-0.5,0.3197488486766815,0.0165394044229547
TP53,methy->rna|CNVdiploid,0.0,0.20671844482421875,0.01641791699724964
TP53,methy->rna|CNVdiploid,0.5,0.15036238729953766,0.015969626663805456
TP53,methy->rna|CNVdiploid,1.0,0.05560962110757828,0.016615282167970986
TP53,methy->rna|CNVdiploid,1.5,-0.031831663101911545,0.017175913146259623
TP53,methy->rna|CNVdiploid,2.0,-0.09805390983819962,0.01749470907928303
TPX2,methy->rna|CNVdiploid,-2.0,-0.12289457023143768,0.035463065364851123
TPX2,methy->rna|CNVdiploid,-1.5,-0.13779699802398682,0.03523732054667521
TPX2,methy->rna|CNVdiploid,-1.0,-0.15892170369625092,0.03483901387275879
TPX2,methy->rna|CNVdiploid,-0.5,-0.1815781146287918,0.03415088260996252
TPX2,methy->rna|CNVdiploid,0.0,-0.19742220640182495,0.03440836547190136
TPX2,methy->rna|CNVdiploid,0.5,-0.2248239368200302,0.03294509847036953
TPX2,methy->rna|CNVdiploid,1.0,-0.25515997409820557,0.03286384750919603
TPX2,methy->rna|CNVdiploid,1.5,-0.27464085817337036,0.03288391071258005
TPX2,methy->rna|CNVdiploid,2.0,-0.28743621706962585,0.032872251127732725
TSPAN14,methy->rna|CNVdiploid,-2.0,0.40114492177963257,0.019000747142949685
TSPAN14,methy->rna|CNVdiploid,-1.5,0.344007283449173,0.01921165268762551
TSPAN14,methy->rna|CNVdiploid,-1.0,0.24189859628677368,0.019465443710922976
TSPAN14,methy->rna|CNVdiploid,-0.5,0.058439671993255615,0.019498450143168367
TSPAN14,methy->rna|CNVdiploid,0.0,-0.037515006959438324,0.019760150069907136
TSPAN14,methy->rna|CNVdiploid,0.5,-0.12216499447822571,0.019258742154877155
TSPAN14,methy->rna|CNVdiploid,1.0,-0.22068697214126587,0.019408305207086092
TSPAN14,methy->rna|CNVdiploid,1.5,-0.29466378688812256,0.019785319517645797
TSPAN14,methy->rna|CNVdiploid,2.0,-0.35111624002456665,0.020119099651719263
TWIST1,methy->rna|CNVdiploid,-2.0,0.01722904108464718,0.02811783638038711
TWIST1,methy->rna|CNVdiploid,-1.5,-0.005012082401663065,0.028071819159069093
TWIST1,methy->rna|CNVdiploid,-1.0,-0.04198922961950302,0.02786361384348221
TWIST1,methy->rna|CNVdiploid,-0.5,-0.10581924021244049,0.027027039720367
TWIST1,methy->rna|CNVdiploid,0.0,-0.18018411099910736,0.02616592162630775
TWIST1,methy->rna|CNVdiploid,0.5,-0.1788685917854309,0.025792045596529384
TWIST1,methy->rna|CNVdiploid,1.0,-0.2171967476606369,0.025932514172557403
TWIST1,methy->rna|CNVdiploid,1.5,-0.2477215677499771,0.026031095417601176
TWIST1,methy->rna|CNVdiploid,2.0,-0.2700355648994446,0.026057023283195327
TYMS,methy->rna|CNVdiploid,-2.0,0.022648081183433533,0.029821816055932517
TYMS,methy->rna|CNVdiploid,-1.5,-0.002927787834778428,0.029465507860444683
TYMS,methy->rna|CNVdiploid,-1.0,-0.040338050574064255,0.028811544629655222
TYMS,methy->rna|CNVdiploid,-0.5,-0.08577506989240646,0.02766740373443733
TYMS,methy->rna|CNVdiploid,0.0,-0.1000741571187973,0.028677734003479276
TYMS,methy->rna|CNVdiploid,0.5,-0.13260780274868011,0.02749127644303136
TYMS,methy->rna|CNVdiploid,1.0,-0.15648561716079712,0.027876633350001456
TYMS,methy->rna|CNVdiploid,1.5,-0.17655424773693085,0.02823022388150712
TYMS,methy->rna|CNVdiploid,2.0,-0.19278867542743683,0.028405453275911763
UBE2C,methy->rna|CNVdiploid,-2.0,-0.03544890135526657,0.035788300221880405
UBE2C,methy->rna|CNVdiploid,-1.5,-0.05714666470885277,0.03565841680540444
UBE2C,methy->rna|CNVdiploid,-1.0,-0.09112809598445892,0.03536772918930972
UBE2C,methy->rna|CNVdiploid,-0.5,-0.14050577580928802,0.03465979624652787
UBE2C,methy->rna|CNVdiploid,0.0,-0.1779298633337021,0.03377572511553177
UBE2C,methy->rna|CNVdiploid,0.5,-0.20311902463436127,0.033009991142970305
UBE2C,methy->rna|CNVdiploid,1.0,-0.24175910651683807,0.03289198960623035
UBE2C,methy->rna|CNVdiploid,1.5,-0.2665055990219116,0.032803224206074864
UBE2C,methy->rna|CNVdiploid,2.0,-0.28270095586776733,0.03268667848291959
UBE2T,methy->rna|CNVdiploid,-2.0,-0.11474395543336868,0.03329924255973523
UBE2T,methy->rna|CNVdiploid,-1.5,-0.13364864885807037,0.03310638648827541
UBE2T,methy->rna|CNVdiploid,-1.0,-0.16158321499824524,0.03276395646779838
UBE2T,methy->rna|CNVdiploid,-0.5,-0.19452762603759766,0.032146155384928876
UBE2T,methy->rna|CNVdiploid,0.0,-0.21631020307540894,0.03239737912019828
UBE2T,methy->rna|CNVdiploid,0.5,-0.2499227672815323,0.03123681891428136
UBE2T,methy->rna|CNVdiploid,1.0,-0.27389803528785706,0.031095071052962612
UBE2T,methy->rna|CNVdiploid,1.5,-0.2866099774837494,0.031125091759742426
UBE2T,methy->rna|CNVdiploid,2.0,-0.29485926032066345,0.031150514013432915
VEGFA,methy->rna|CNVdiploid,-2.0,0.20100180804729462,0.013374232498171792
VEGFA,methy->rna|CNVdiploid,-1.5,0.14966799318790436,0.013264866681984648
VEGFA,methy->rna|CNVdiploid,-1.0,0.06415791064500809,0.013072266685519135
VEGFA,methy->rna|CNVdiploid,-0.5,-0.07415968179702759,0.012754378456624497
VEGFA,methy->rna|CNVdiploid,0.0,-0.17083130776882172,0.012823269168178997
VEGFA,methy->rna|CNVdiploid,0.5,-0.27157026529312134,0.011857228976344508
VEGFA,methy->rna|CNVdiploid,1.0,-0.3383253216743469,0.011729155519721946
VEGFA,methy->rna|CNVdiploid,1.5,-0.380227655172348,0.011964250889073089
VEGFA,methy->rna|CNVdiploid,2.0,-0.41312021017074585,0.012182970534958279
WIF1,methy->rna|CNVdiploid,-2.0,0.11355960369110107,0.022678783886976115
WIF1,methy->rna|CNVdiploid,-1.5,0.07894010841846466,0.022786058605656526
WIF1,methy->rna|CNVdiploid,-1.0,0.024204691872000694,0.022841152868262233
WIF1,methy->rna|CNVdiploid,-0.5,-0.05498674139380455,0.02261833493278725
WIF1,methy->rna|CNVdiploid,0.0,-0.10551398247480392,0.02249201259325344
WIF1,methy->rna|CNVdiploid,0.5,-0.12477661669254303,0.02171462993265291
WIF1,methy->rna|CNVdiploid,1.0,-0.15518614649772644,0.022010593783311258
WIF1,methy->rna|CNVdiploid,1.5,-0.1813838928937912,0.022251644258381154
WIF1,methy->rna|CNVdiploid,2.0,-0.202454075217247,0.02239318072161949
XRCC4,methy->rna|CNVdiploid,-2.0,0.09990204870700836,0.02346638121564757
XRCC4,methy->rna|CNVdiploid,-1.5,0.0724368467926979,0.023582395174559345
XRCC4,methy->rna|CNVdiploid,-1.0,0.02553088217973709,0.023684064575066423
XRCC4,methy->rna|CNVdiploid,-0.5,-0.057717859745025635,0.023541750079717712
XRCC4,methy->rna|CNVdiploid,0.0,-0.11659735441207886,0.023623284357906192
XRCC4,methy->rna|CNVdiploid,0.5,-0.14313815534114838,0.023642863743003093
XRCC4,methy->rna|CNVdiploid,1.0,-0.23110061883926392,0.02401702744851975
XRCC4,methy->rna|CNVdiploid,1.5,-0.30044421553611755,0.0239843392030758
XRCC4,methy->rna|CNVdiploid,2.0,-0.34752950072288513,0.023826557778070735
ZEB1,methy->rna|CNVdiploid,-2.0,0.030790502205491066,0.03433905959195183
ZEB1,methy->rna|CNVdiploid,-1.5,0.01523387897759676,0.03438911299105252
ZEB1,methy->rna|CNVdiploid,-1.0,-0.009461361914873123,0.034419005115494755
ZEB1,methy->rna|CNVdiploid,-0.5,-0.05008057504892349,0.034277865296077396
ZEB1,methy->rna|CNVdiploid,0.0,-0.1019301787018776,0.03407124001768946
ZEB1,methy->rna|CNVdiploid,0.5,-0.09791252017021179,0.033624401139106634
ZEB1,methy->rna|CNVdiploid,1.0,-0.13787594437599182,0.03374727572850428
ZEB1,methy->rna|CNVdiploid,1.5,-0.167005717754364,0.03383218801725601
ZEB1,methy->rna|CNVdiploid,2.0,-0.18757107853889465,0.0338812192957411
ZEB2,methy->rna|CNVdiploid,-2.0,0.057016659528017044,0.031227560985976413
ZEB2,methy->rna|CNVdiploid,-1.5,0.04173043370246887,0.031262908052637886
ZEB2,methy->rna|CNVdiploid,-1.0,0.016601664945483208,0.03134460360358874
ZEB2,methy->rna|CNVdiploid,-0.5,-0.028962282463908195,0.03160973820429375
ZEB2,methy->rna|CNVdiploid,0.0,-0.09078219532966614,0.03187957804680911
ZEB2,methy->rna|CNVdiploid,0.5,-0.0844249427318573,0.03237409699965173
ZEB2,methy->rna|CNVdiploid,1.0,-0.10303090512752533,0.0329838823903589
ZEB2,methy->rna|CNVdiploid,1.5,-0.12092521041631699,0.033448284744508935
ZEB2,methy->rna|CNVdiploid,2.0,-0.13661807775497437,0.03376600734191789
ZNF703,methy->rna|CNVdiploid,-2.0,0.09238167852163315,0.02645902397511478
ZNF703,methy->rna|CNVdiploid,-1.5,0.07219626754522324,0.02631966033544519
ZNF703,methy->rna|CNVdiploid,-1.0,0.03762286156415939,0.026016814060684436
ZNF703,methy->rna|CNVdiploid,-0.5,-0.024445021525025368,0.025268222946891027
ZNF703,methy->rna|CNVdiploid,0.0,-0.11425816267728806,0.02398161718037032
ZNF703,methy->rna|CNVdiploid,0.5,-0.13794183731079102,0.024027405568714702
ZNF703,methy->rna|CNVdiploid,1.0,-0.2036314308643341,0.024273239742614486
ZNF703,methy->rna|CNVdiploid,1.5,-0.251909464597702,0.024277354377416682
ZNF703,methy->rna|CNVdiploid,2.0,-0.28453949093818665,0.024221606306314862
FMOD,methy->rna|CNVdiploid,-2.0,0.13704052567481995,0.02596717691965961
FMOD,methy->rna|CNVdiploid,-1.5,0.09259655326604843,0.02597887573301671
FMOD,methy->rna|CNVdiploid,-1.0,0.017474090680480003,0.02596146917148855
FMOD,methy->rna|CNVdiploid,-0.5,-0.11406112462282181,0.02585872752504785
FMOD,methy->rna|CNVdiploid,0.0,-0.23997607827186584,0.024992880216200053
FMOD,methy->rna|CNVdiploid,0.5,-0.30207082629203796,0.02536191370438388
FMOD,methy->rna|CNVdiploid,1.0,-0.38749808073043823,0.026398771163474746
FMOD,methy->rna|CNVdiploid,1.5,-0.43411433696746826,0.026922266908865046
FMOD,methy->rna|CNVdiploid,2.0,-0.4612518846988678,0.027173699862853205
AGR3,methy->rna|CNVdiploid,-2.0,0.060274481773376465,0.035938187998975746
AGR3,methy->rna|CNVdiploid,-1.5,0.04496573284268379,0.03577789376998396
AGR3,methy->rna|CNVdiploid,-1.0,0.019182788208127022,0.03542026488133398
AGR3,methy->rna|CNVdiploid,-0.5,-0.029509998857975006,0.034380885900809774
AGR3,methy->rna|CNVdiploid,0.0,-0.11017467826604843,0.032089648895971566
AGR3,methy->rna|CNVdiploid,0.5,-0.17120711505413055,0.03216184896819722
AGR3,methy->rna|CNVdiploid,1.0,-0.26126226782798767,0.03168848289956548
AGR3,methy->rna|CNVdiploid,1.5,-0.3217218220233917,0.031202683572699348
AGR3,methy->rna|CNVdiploid,2.0,-0.359579861164093,0.030861375923473978
NDUFS6,methy->rna|CNVdiploid,-2.0,-0.06779098510742188,0.03068043660153662
NDUFS6,methy->rna|CNVdiploid,-1.5,-0.08179005235433578,0.03053407939032029
NDUFS6,methy->rna|CNVdiploid,-1.0,-0.09958285838365555,0.030174523945968427
NDUFS6,methy->rna|CNVdiploid,-0.5,-0.10963370651006699,0.029197577138737964
NDUFS6,methy->rna|CNVdiploid,0.0,-0.11046332865953445,0.029248088203785928
NDUFS6,methy->rna|CNVdiploid,0.5,-0.10763107240200043,0.02925744420336529
NDUFS6,methy->rna|CNVdiploid,1.0,-0.1319800466299057,0.02949127009455315
NDUFS6,methy->rna|CNVdiploid,1.5,-0.167416512966156,0.029569086381760406
NDUFS6,methy->rna|CNVdiploid,2.0,-0.19735105335712433,0.029533617270846326
COL1A2,methy->rna|CNVdiploid,-2.0,-0.0029407134279608727,0.03560435120149928
COL1A2,methy->rna|CNVdiploid,-1.5,-0.015190469101071358,0.03567230369786186
COL1A2,methy->rna|CNVdiploid,-1.0,-0.03406069055199623,0.03571702855771924
COL1A2,methy->rna|CNVdiploid,-0.5,-0.06090877205133438,0.03555592142683061
COL1A2,methy->rna|CNVdiploid,0.0,-0.08568105846643448,0.03562794932948562
COL1A2,methy->rna|CNVdiploid,0.5,-0.08822548389434814,0.0350233072322812
COL1A2,methy->rna|CNVdiploid,1.0,-0.11500679701566696,0.03585832747053731
COL1A2,methy->rna|CNVdiploid,1.5,-0.13692441582679749,0.0363433335097615
COL1A2,methy->rna|CNVdiploid,2.0,-0.1541433334350586,0.036621095331888086
MARCKS,methy->rna|CNVdiploid,-2.0,0.18318995833396912,0.01906328174624115
MARCKS,methy->rna|CNVdiploid,-1.5,0.14653517305850983,0.019380374508132184
MARCKS,methy->rna|CNVdiploid,-1.0,0.08570526540279388,0.019805984224846244
MARCKS,methy->rna|CNVdiploid,-0.5,-0.01804235391318798,0.020162675987985133
MARCKS,methy->rna|CNVdiploid,0.0,-0.09374328702688217,0.021190975093861888
MARCKS,methy->rna|CNVdiploid,0.5,-0.18078160285949707,0.019648967755781628
MARCKS,methy->rna|CNVdiploid,1.0,-0.2651369571685791,0.020020793006243858
MARCKS,methy->rna|CNVdiploid,1.5,-0.33301034569740295,0.020452677105158936
MARCKS,methy->rna|CNVdiploid,2.0,-0.3863357603549957,0.020784992708201114
VIM,methy->rna|CNVdiploid,-2.0,0.12875419855117798,0.027627909342548856
VIM,methy->rna|CNVdiploid,-1.5,0.10748676210641861,0.02770621816548985
VIM,methy->rna|CNVdiploid,-1.0,0.07132314145565033,0.027769025188988026
VIM,methy->rna|CNVdiploid,-0.5,0.006280527915805578,0.02767028485054353
VIM,methy->rna|CNVdiploid,0.0,-0.07025441527366638,0.027824141245210272
VIM,methy->rna|CNVdiploid,0.5,-0.10411840677261353,0.027219076351845034
VIM,methy->rna|CNVdiploid,1.0,-0.16806575655937195,0.027432967621986434
VIM,methy->rna|CNVdiploid,1.5,-0.21741823852062225,0.027697520333129905
VIM,methy->rna|CNVdiploid,2.0,-0.2536267042160034,0.027887891932304506
A2M,methy->rna|CNVdiploid,-2.0,0.14790433645248413,0.026586721491852077
A2M,methy->rna|CNVdiploid,-1.5,0.11799956858158112,0.026902711496746338
A2M,methy->rna|CNVdiploid,-1.0,0.0691429153084755,0.027333250929521078
A2M,methy->rna|CNVdiploid,-0.5,-0.013514135964214802,0.027797696870904193
A2M,methy->rna|CNVdiploid,0.0,-0.10654935240745544,0.027538355013474736
A2M,methy->rna|CNVdiploid,0.5,-0.1317359358072281,0.02773556762888032
A2M,methy->rna|CNVdiploid,1.0,-0.19841966032981873,0.028234680676088947
A2M,methy->rna|CNVdiploid,1.5,-0.2511797249317169,0.028627146660773435
A2M,methy->rna|CNVdiploid,2.0,-0.2886957824230194,0.028843842769363158
ECM1,methy->rna|CNVdiploid,-2.0,0.05711087957024574,0.02030381362804084
ECM1,methy->rna|CNVdiploid,-1.5,0.014475975185632706,0.02027953335985689
ECM1,methy->rna|CNVdiploid,-1.0,-0.058959972113370895,0.020181098132043915
ECM1,methy->rna|CNVdiploid,-0.5,-0.1907915472984314,0.019848826116234813
ECM1,methy->rna|CNVdiploid,0.0,-0.30397140979766846,0.018460825548775397
ECM1,methy->rna|CNVdiploid,0.5,-0.3833279013633728,0.018872376203461393
ECM1,methy->rna|CNVdiploid,1.0,-0.5025516152381897,0.020467880332055197
ECM1,methy->rna|CNVdiploid,1.5,-0.5853666663169861,0.021426644725008784
ECM1,methy->rna|CNVdiploid,2.0,-0.6387479305267334,0.021958123472136614
SLPI,methy->rna|CNVdiploid,-2.0,0.14112435281276703,0.02094281989980091
SLPI,methy->rna|CNVdiploid,-1.5,0.09865150600671768,0.021298044952546853
SLPI,methy->rna|CNVdiploid,-1.0,0.03503775596618652,0.021760947905879142
SLPI,methy->rna|CNVdiploid,-0.5,-0.04443545639514923,0.022191851292050053
SLPI,methy->rna|CNVdiploid,0.0,-0.09834638237953186,0.022930323629685303
SLPI,methy->rna|CNVdiploid,0.5,-0.16272830963134766,0.02172712421301361
SLPI,methy->rna|CNVdiploid,1.0,-0.2500931918621063,0.022372943169303168
SLPI,methy->rna|CNVdiploid,1.5,-0.3172987997531891,0.02274649883291844
SLPI,methy->rna|CNVdiploid,2.0,-0.3627694249153137,0.022884038346883878
ELN,methy->rna|CNVdiploid,-2.0,0.11516115069389343,0.02728415209082472
ELN,methy->rna|CNVdiploid,-1.5,0.09127674996852875,0.02740721410532458
ELN,methy->rna|CNVdiploid,-1.0,0.05126965790987015,0.02753476996355439
ELN,methy->rna|CNVdiploid,-0.5,-0.01712227798998356,0.027496548318871678
ELN,methy->rna|CNVdiploid,0.0,-0.09755585342645645,0.027492993780014484
ELN,methy->rna|CNVdiploid,0.5,-0.09565217792987823,0.02762427852603378
ELN,methy->rna|CNVdiploid,1.0,-0.13510257005691528,0.028104699188338567
ELN,methy->rna|CNVdiploid,1.5,-0.17195428907871246,0.028442953551887095
ELN,methy->rna|CNVdiploid,2.0,-0.2029452621936798,0.028649857788566713
CTSS,methy->rna|CNVdiploid,-2.0,-0.11053416132926941,0.030757723303862027
CTSS,methy->rna|CNVdiploid,-1.5,-0.12871578335762024,0.030937557689440953
CTSS,methy->rna|CNVdiploid,-1.0,-0.15685047209262848,0.03116898410344808
CTSS,methy->rna|CNVdiploid,-0.5,-0.19765423238277435,0.03132350302405755
CTSS,methy->rna|CNVdiploid,0.0,-0.23601140081882477,0.03126837607102703
CTSS,methy->rna|CNVdiploid,0.5,-0.26959580183029175,0.031390801711924016
CTSS,methy->rna|CNVdiploid,1.0,-0.3050156533718109,0.03184782692687626
CTSS,methy->rna|CNVdiploid,1.5,-0.3282255232334137,0.03225904413922923
CTSS,methy->rna|CNVdiploid,2.0,-0.34563538432121277,0.03252296265613148
APOD,methy->rna|CNVdiploid,-2.0,0.25696831941604614,0.023602477992198254
APOD,methy->rna|CNVdiploid,-1.5,0.2097470760345459,0.023761950601846597
APOD,methy->rna|CNVdiploid,-1.0,0.1284034252166748,0.023898932199228683
APOD,methy->rna|CNVdiploid,-0.5,-0.01304014865309,0.023905727448864943
APOD,methy->rna|CNVdiploid,0.0,-0.15085136890411377,0.0229897635394285
APOD,methy->rna|CNVdiploid,0.5,-0.21872127056121826,0.023895181517822654
APOD,methy->rna|CNVdiploid,1.0,-0.33685994148254395,0.024734185629181747
APOD,methy->rna|CNVdiploid,1.5,-0.41199392080307007,0.02513275382649661
APOD,methy->rna|CNVdiploid,2.0,-0.4569365084171295,0.025288824452603515
PABPC1,methy->rna|CNVdiploid,-2.0,-0.2193230837583542,0.01932039629606052
PABPC1,methy->rna|CNVdiploid,-1.5,-0.23655085265636444,0.01902286766373481
PABPC1,methy->rna|CNVdiploid,-1.0,-0.2588796019554138,0.01853474295798417
PABPC1,methy->rna|CNVdiploid,-0.5,-0.27945253252983093,0.017886046154630894
PABPC1,methy->rna|CNVdiploid,0.0,-0.3050970435142517,0.01798758806248123
PABPC1,methy->rna|CNVdiploid,0.5,-0.3591931164264679,0.017413326266729482
PABPC1,methy->rna|CNVdiploid,1.0,-0.40141531825065613,0.017773787235848458
PABPC1,methy->rna|CNVdiploid,1.5,-0.43221500515937805,0.018149487391330977
PABPC1,methy->rna|CNVdiploid,2.0,-0.4536055326461792,0.018420197888826994
CPXM1,methy->rna|CNVdiploid,-2.0,0.12504391372203827,0.02873072518208916
CPXM1,methy->rna|CNVdiploid,-1.5,0.09967736899852753,0.029172327054618117
CPXM1,methy->rna|CNVdiploid,-1.0,0.05554674565792084,0.029795487187794085
CPXM1,methy->rna|CNVdiploid,-0.5,-0.025749925523996353,0.030390038840541842
CPXM1,methy->rna|CNVdiploid,0.0,-0.09814099222421646,0.030826586773395854
CPXM1,methy->rna|CNVdiploid,0.5,-0.10612510144710541,0.030333939892213776
CPXM1,methy->rna|CNVdiploid,1.0,-0.1492989957332611,0.030126057122151644
CPXM1,methy->rna|CNVdiploid,1.5,-0.1854097843170166,0.029846978965586215
CPXM1,methy->rna|CNVdiploid,2.0,-0.21403641998767853,0.029643753491378055
PIP,methy->rna|CNVdiploid,-2.0,0.25816941261291504,0.02699788204080206
PIP,methy->rna|CNVdiploid,-1.5,0.22150005400180817,0.026872865138898822
PIP,methy->rna|CNVdiploid,-1.0,0.15673451125621796,0.026528397415275577
PIP,methy->rna|CNVdiploid,-0.5,0.030769914388656616,0.025534183525662793
PIP,methy->rna|CNVdiploid,0.0,-0.12112012505531311,0.023452775460843477
PIP,methy->rna|CNVdiploid,0.5,-0.19585005939006805,0.023917297679884472
PIP,methy->rna|CNVdiploid,1.0,-0.34285780787467957,0.024479355050375462
PIP,methy->rna|CNVdiploid,1.5,-0.4377343952655792,0.02472640966680132
PIP,methy->rna|CNVdiploid,2.0,-0.49380815029144287,0.024801390604497105
RGS1,methy->rna|CNVdiploid,-2.0,-0.03428442403674126,0.02103794249790025
RGS1,methy->rna|CNVdiploid,-1.5,-0.05050332099199295,0.02110473775322471
RGS1,methy->rna|CNVdiploid,-1.0,-0.0765085369348526,0.02111665450274718
RGS1,methy->rna|CNVdiploid,-0.5,-0.11903436481952667,0.020762233634451455
RGS1,methy->rna|CNVdiploid,0.0,-0.15712225437164307,0.020641643016066896
RGS1,methy->rna|CNVdiploid,0.5,-0.19667765498161316,0.02033247659251039
RGS1,methy->rna|CNVdiploid,1.0,-0.2502245008945465,0.020231070894763413
RGS1,methy->rna|CNVdiploid,1.5,-0.2867077589035034,0.02022280239664925
RGS1,methy->rna|CNVdiploid,2.0,-0.31060102581977844,0.020227490203566373
HOXB2,methy->rna|CNVdiploid,-2.0,0.62172931432724,0.020368789116384452
HOXB2,methy->rna|CNVdiploid,-1.5,0.5689783692359924,0.020661998253912517
HOXB2,methy->rna|CNVdiploid,-1.0,0.4638933539390564,0.021109782975453042
HOXB2,methy->rna|CNVdiploid,-0.5,0.20685110986232758,0.021453777777597435
HOXB2,methy->rna|CNVdiploid,0.0,-0.11216387152671814,0.018655388060410075
HOXB2,methy->rna|CNVdiploid,0.5,-0.22231464087963104,0.018620017020770412
HOXB2,methy->rna|CNVdiploid,1.0,-0.47285836935043335,0.019083386357496596
HOXB2,methy->rna|CNVdiploid,1.5,-0.6138215661048889,0.019508943769530964
HOXB2,methy->rna|CNVdiploid,2.0,-0.6856434345245361,0.019715800060254203
MT1E,methy->rna|CNVdiploid,-2.0,0.6333087086677551,0.015824137928208123
MT1E,methy->rna|CNVdiploid,-1.5,0.5807135701179504,0.016060912495713446
MT1E,methy->rna|CNVdiploid,-1.0,0.47682908177375793,0.016464227342710084
MT1E,methy->rna|CNVdiploid,-0.5,0.2388116717338562,0.0168684259208573
MT1E,methy->rna|CNVdiploid,0.0,0.02621285989880562,0.016627495310678357
MT1E,methy->rna|CNVdiploid,0.5,-0.14743788540363312,0.01670848801749589
MT1E,methy->rna|CNVdiploid,1.0,-0.3768799602985382,0.018097024707922117
MT1E,methy->rna|CNVdiploid,1.5,-0.5167389512062073,0.018547766823226723
MT1E,methy->rna|CNVdiploid,2.0,-0.5948694944381714,0.01861836942336021
TRPS1,methy->rna|CNVdiploid,-2.0,-0.07223810255527496,0.02528163473850794
TRPS1,methy->rna|CNVdiploid,-1.5,-0.09896203875541687,0.0251709340633079
TRPS1,methy->rna|CNVdiploid,-1.0,-0.14173495769500732,0.024978960633317827
TRPS1,methy->rna|CNVdiploid,-0.5,-0.20967113971710205,0.024654939680729657
TRPS1,methy->rna|CNVdiploid,0.0,-0.2739211618900299,0.023450199455368796
TRPS1,methy->rna|CNVdiploid,0.5,-0.34937307238578796,0.023399324436924666
TRPS1,methy->rna|CNVdiploid,1.0,-0.4308767020702362,0.023269628445550916
TRPS1,methy->rna|CNVdiploid,1.5,-0.48107412457466125,0.023104859987084066
TRPS1,methy->rna|CNVdiploid,2.0,-0.5131050944328308,0.022976565325253655
TSPYL5,methy->rna|CNVdiploid,-2.0,0.32287541031837463,0.012778210865988609
TSPYL5,methy->rna|CNVdiploid,-1.5,0.2519730031490326,0.01277674851431897
TSPYL5,methy->rna|CNVdiploid,-1.0,0.12813374400138855,0.012948050699023635
TSPYL5,methy->rna|CNVdiploid,-0.5,-0.09242527186870575,0.014196013114381636
TSPYL5,methy->rna|CNVdiploid,0.0,-0.2577398419380188,0.016362028357321156
TSPYL5,methy->rna|CNVdiploid,0.5,-0.4019794166088104,0.015146850079319867
TSPYL5,methy->rna|CNVdiploid,1.0,-0.574777364730835,0.016213525564556748
TSPYL5,methy->rna|CNVdiploid,1.5,-0.6685324311256409,0.016557604272124805
TSPYL5,methy->rna|CNVdiploid,2.0,-0.7184612154960632,0.016640932164954287
NID1,methy->rna|CNVdiploid,-2.0,-0.10758324712514877,0.03362092723663063
NID1,methy->rna|CNVdiploid,-1.5,-0.12324082106351852,0.03375855610442387
NID1,methy->rna|CNVdiploid,-1.0,-0.14774182438850403,0.03395799602743954
NID1,methy->rna|CNVdiploid,-0.5,-0.18334585428237915,0.03424874684502222
NID1,methy->rna|CNVdiploid,0.0,-0.20970551669597626,0.03476974722131903
NID1,methy->rna|CNVdiploid,0.5,-0.2283194363117218,0.034266456337820245
NID1,methy->rna|CNVdiploid,1.0,-0.24857038259506226,0.03438609893388544
NID1,methy->rna|CNVdiploid,1.5,-0.2619372606277466,0.03447241037281885
NID1,methy->rna|CNVdiploid,2.0,-0.2721672058105469,0.03455141223276571
WASL,methy->rna|CNVdiploid,-2.0,-0.058590035885572433,0.027285394326967333
WASL,methy->rna|CNVdiploid,-1.5,-0.07646983861923218,0.02732962229236766
WASL,methy->rna|CNVdiploid,-1.0,-0.10384327918291092,0.027409726909311306
WASL,methy->rna|CNVdiploid,-0.5,-0.14437980949878693,0.027598182849592295
WASL,methy->rna|CNVdiploid,0.0,-0.18456435203552246,0.027228754896949144
WASL,methy->rna|CNVdiploid,0.5,-0.2477090209722519,0.027748944550710773
WASL,methy->rna|CNVdiploid,1.0,-0.30923011898994446,0.028016459014341633
WASL,methy->rna|CNVdiploid,1.5,-0.34600844979286194,0.0280380782819464
WASL,methy->rna|CNVdiploid,2.0,-0.3727152645587921,0.027993769680164888
COL14A1,methy->rna|CNVdiploid,-2.0,0.16966848075389862,0.030714807314177233
COL14A1,methy->rna|CNVdiploid,-1.5,0.14708289504051208,0.030616361189555987
COL14A1,methy->rna|CNVdiploid,-1.0,0.10708258301019669,0.030452521139153615
COL14A1,methy->rna|CNVdiploid,-0.5,0.028885994106531143,0.0302415022676718
COL14A1,methy->rna|CNVdiploid,0.0,-0.0733829140663147,0.030216618316309774
COL14A1,methy->rna|CNVdiploid,0.5,-0.07494846731424332,0.030172181132190695
COL14A1,methy->rna|CNVdiploid,1.0,-0.13367131352424622,0.03070101195490927
COL14A1,methy->rna|CNVdiploid,1.5,-0.18299013376235962,0.031045248666197223
COL14A1,methy->rna|CNVdiploid,2.0,-0.2192169576883316,0.031223611982659896
TP53INP1,methy->rna|CNVdiploid,-2.0,-0.06241998448967934,0.027757570464136145
TP53INP1,methy->rna|CNVdiploid,-1.5,-0.09316454827785492,0.027692499083879767
TP53INP1,methy->rna|CNVdiploid,-1.0,-0.14469477534294128,0.027525032575685626
TP53INP1,methy->rna|CNVdiploid,-0.5,-0.23337318003177643,0.027069729056439812
TP53INP1,methy->rna|CNVdiploid,0.0,-0.3173964321613312,0.02500971142625163
TP53INP1,methy->rna|CNVdiploid,0.5,-0.38890254497528076,0.0254008174892642
TP53INP1,methy->rna|CNVdiploid,1.0,-0.5010908246040344,0.02511000564955522
TP53INP1,methy->rna|CNVdiploid,1.5,-0.5722968578338623,0.024768700179691502
TP53INP1,methy->rna|CNVdiploid,2.0,-0.6163678169250488,0.024505167409801965
ENPP2,methy->rna|CNVdiploid,-2.0,0.16071848571300507,0.02864844556221511
ENPP2,methy->rna|CNVdiploid,-1.5,0.13311536610126495,0.028778932661869153
ENPP2,methy->rna|CNVdiploid,-1.0,0.08759940415620804,0.028964330957749994
ENPP2,methy->rna|CNVdiploid,-0.5,0.010810303501784801,0.029257158706988657
ENPP2,methy->rna|CNVdiploid,0.0,-0.06355834752321243,0.029723812341726975
ENPP2,methy->rna|CNVdiploid,0.5,-0.07802938669919968,0.02959859711791325
ENPP2,methy->rna|CNVdiploid,1.0,-0.11139403283596039,0.029565335700354377
ENPP2,methy->rna|CNVdiploid,1.5,-0.1318395584821701,0.029731326780708955
ENPP2,methy->rna|CNVdiploid,2.0,-0.1457832157611847,0.02991612793149668
SYNGR2,methy->rna|CNVdiploid,-2.0,0.004463797435164452,0.0229259126016982
SYNGR2,methy->rna|CNVdiploid,-1.5,-0.013098681345582008,0.022819197978962792
SYNGR2,methy->rna|CNVdiploid,-1.0,-0.040615469217300415,0.022597471903676315
SYNGR2,methy->rna|CNVdiploid,-0.5,-0.07901353389024734,0.022130713659578617
SYNGR2,methy->rna|CNVdiploid,0.0,-0.11959481984376907,0.022206143545775065
SYNGR2,methy->rna|CNVdiploid,0.5,-0.16622090339660645,0.022323146934877622
SYNGR2,methy->rna|CNVdiploid,1.0,-0.26056480407714844,0.02286534814134169
SYNGR2,methy->rna|CNVdiploid,1.5,-0.34930431842803955,0.023005661982692292
SYNGR2,methy->rna|CNVdiploid,2.0,-0.4157407283782959,0.02299033671154343
C1orf115,methy->rna|CNVdiploid,-2.0,0.15787585079669952,0.021351129843707843
C1orf115,methy->rna|CNVdiploid,-1.5,0.11643113195896149,0.021454765028426564
C1orf115,methy->rna|CNVdiploid,-1.0,0.04762069508433342,0.021556159829365273
C1orf115,methy->rna|CNVdiploid,-0.5,-0.06514827907085419,0.02164347377465938
C1orf115,methy->rna|CNVdiploid,0.0,-0.181231290102005,0.021240152389577785
C1orf115,methy->rna|CNVdiploid,0.5,-0.20218579471111298,0.021415856884822934
C1orf115,methy->rna|CNVdiploid,1.0,-0.2549947500228882,0.02215931778128352
C1orf115,methy->rna|CNVdiploid,1.5,-0.29411783814430237,0.022696608885941782
C1orf115,methy->rna|CNVdiploid,2.0,-0.32446858286857605,0.023060610228067203
PLTP,methy->rna|CNVdiploid,-2.0,0.07387650012969971,0.024951073521596995
PLTP,methy->rna|CNVdiploid,-1.5,0.040679313242435455,0.02519693384783662
PLTP,methy->rna|CNVdiploid,-1.0,-0.01267743855714798,0.025420418667977642
PLTP,methy->rna|CNVdiploid,-0.5,-0.09909142553806305,0.02519130673604675
PLTP,methy->rna|CNVdiploid,0.0,-0.17369577288627625,0.02518385767791438
PLTP,methy->rna|CNVdiploid,0.5,-0.1904556304216385,0.024848480071748745
PLTP,methy->rna|CNVdiploid,1.0,-0.245336651802063,0.024808678389867098
PLTP,methy->rna|CNVdiploid,1.5,-0.29144132137298584,0.024740146183304633
PLTP,methy->rna|CNVdiploid,2.0,-0.32648974657058716,0.024657389283228425
PRRX1,methy->rna|CNVdiploid,-2.0,-0.0743747428059578,0.03442609675831592
PRRX1,methy->rna|CNVdiploid,-1.5,-0.08985275775194168,0.034569476961513294
PRRX1,methy->rna|CNVdiploid,-1.0,-0.11420130729675293,0.03479326035420087
PRRX1,methy->rna|CNVdiploid,-0.5,-0.15177789330482483,0.03515625918996559
PRRX1,methy->rna|CNVdiploid,0.0,-0.18561162054538727,0.03508263381521841
PRRX1,methy->rna|CNVdiploid,0.5,-0.21011024713516235,0.03527130551230311
PRRX1,methy->rna|CNVdiploid,1.0,-0.23717452585697174,0.03606450597978625
PRRX1,methy->rna|CNVdiploid,1.5,-0.2581537961959839,0.036536653785253566
PRRX1,methy->rna|CNVdiploid,2.0,-0.27428221702575684,0.0368081848124122
LRP5,methy->rna|CNVdiploid,-2.0,0.1159665435552597,0.016938349649835656
LRP5,methy->rna|CNVdiploid,-1.5,0.08094126731157303,0.01699188784822062
LRP5,methy->rna|CNVdiploid,-1.0,0.024010857567191124,0.01708373050703113
LRP5,methy->rna|CNVdiploid,-0.5,-0.07152380049228668,0.01728181704645985
LRP5,methy->rna|CNVdiploid,0.0,-0.17142310738563538,0.01731622262888692
LRP5,methy->rna|CNVdiploid,0.5,-0.2275550216436386,0.017045254966715766
LRP5,methy->rna|CNVdiploid,1.0,-0.3477243483066559,0.01793775477890757
LRP5,methy->rna|CNVdiploid,1.5,-0.4367871582508087,0.018466433046310383
LRP5,methy->rna|CNVdiploid,2.0,-0.4933014214038849,0.01874898510535182
S100A16,methy->rna|CNVdiploid,-2.0,0.0956709161400795,0.021967390117888175
S100A16,methy->rna|CNVdiploid,-1.5,0.05765806883573532,0.022235360068104656
S100A16,methy->rna|CNVdiploid,-1.0,-0.008572292514145374,0.02264639203471707
S100A16,methy->rna|CNVdiploid,-0.5,-0.12819771468639374,0.02309434238774328
S100A16,methy->rna|CNVdiploid,0.0,-0.21797187626361847,0.02249305214876226
S100A16,methy->rna|CNVdiploid,0.5,-0.3174094557762146,0.023003109950195805
S100A16,methy->rna|CNVdiploid,1.0,-0.4592152237892151,0.023866939170152267
S100A16,methy->rna|CNVdiploid,1.5,-0.5488001108169556,0.02405402647131473
S100A16,methy->rna|CNVdiploid,2.0,-0.6038578152656555,0.024058579157809325
IFI16,methy->rna|CNVdiploid,-2.0,-0.09966280311346054,0.02979687762052915
IFI16,methy->rna|CNVdiploid,-1.5,-0.11464234441518784,0.029862938430976312
IFI16,methy->rna|CNVdiploid,-1.0,-0.13667026162147522,0.03003076889256662
IFI16,methy->rna|CNVdiploid,-0.5,-0.1694203019142151,0.030355498137692245
IFI16,methy->rna|CNVdiploid,0.0,-0.20688772201538086,0.03007397037862805
IFI16,methy->rna|CNVdiploid,0.5,-0.2500532567501068,0.030413316602365084
IFI16,methy->rna|CNVdiploid,1.0,-0.2987472116947174,0.030567604510639258
IFI16,methy->rna|CNVdiploid,1.5,-0.3304428458213806,0.030612501540067272
IFI16,methy->rna|CNVdiploid,2.0,-0.35157907009124756,0.03060197522327987
CHAD,methy->rna|CNVdiploid,-2.0,0.3737289011478424,0.025958973802395056
CHAD,methy->rna|CNVdiploid,-1.5,0.32938551902770996,0.025776458801982073
CHAD,methy->rna|CNVdiploid,-1.0,0.2465616762638092,0.025306021795412918
CHAD,methy->rna|CNVdiploid,-0.5,0.07183223217725754,0.024069227518849337
CHAD,methy->rna|CNVdiploid,0.0,-0.12584416568279266,0.021825637897846122
CHAD,methy->rna|CNVdiploid,0.5,-0.17637290060520172,0.02199293441583127
CHAD,methy->rna|CNVdiploid,1.0,-0.3169800043106079,0.02180838825035703
CHAD,methy->rna|CNVdiploid,1.5,-0.4052286446094513,0.021711849067182782
CHAD,methy->rna|CNVdiploid,2.0,-0.4580051898956299,0.021632391720650283
EIF3K,methy->rna|CNVdiploid,-2.0,0.22578822076320648,0.020692289201537387
EIF3K,methy->rna|CNVdiploid,-1.5,0.1814832091331482,0.02081801439597808
EIF3K,methy->rna|CNVdiploid,-1.0,0.10575056821107864,0.020914372692135072
EIF3K,methy->rna|CNVdiploid,-0.5,-0.014892738312482834,0.020652938647518056
EIF3K,methy->rna|CNVdiploid,0.0,-0.09238976240158081,0.020709571539451282
EIF3K,methy->rna|CNVdiploid,0.5,-0.1414400190114975,0.02010663370306006
EIF3K,methy->rna|CNVdiploid,1.0,-0.19726364314556122,0.02016205704927548
EIF3K,methy->rna|CNVdiploid,1.5,-0.2508569061756134,0.020320054231084263
EIF3K,methy->rna|CNVdiploid,2.0,-0.2965729534626007,0.020369166145950544
IGFBP4,methy->rna|CNVdiploid,-2.0,0.13627949357032776,0.026961447472675388
IGFBP4,methy->rna|CNVdiploid,-1.5,0.11304861307144165,0.026997169389541296
IGFBP4,methy->rna|CNVdiploid,-1.0,0.07357897609472275,0.026988473736543006
IGFBP4,methy->rna|CNVdiploid,-0.5,0.0014217658899724483,0.026684210876707345
IGFBP4,methy->rna|CNVdiploid,0.0,-0.1094801276922226,0.02578520675966005
IGFBP4,methy->rna|CNVdiploid,0.5,-0.13851398229599,0.02626923862422503
IGFBP4,methy->rna|CNVdiploid,1.0,-0.23510587215423584,0.02669617775154785
IGFBP4,methy->rna|CNVdiploid,1.5,-0.30630502104759216,0.026859688718340508
IGFBP4,methy->rna|CNVdiploid,2.0,-0.35305240750312805,0.026907615060467176
TPD52,methy->rna|CNVdiploid,-2.0,-0.1236426904797554,0.024202122813130722
TPD52,methy->rna|CNVdiploid,-1.5,-0.1484692245721817,0.02403101459161324
TPD52,methy->rna|CNVdiploid,-1.0,-0.1855786144733429,0.023700850018523272
TPD52,methy->rna|CNVdiploid,-0.5,-0.23695938289165497,0.023010726819175507
TPD52,methy->rna|CNVdiploid,0.0,-0.2867238521575928,0.022004707327484597
TPD52,methy->rna|CNVdiploid,0.5,-0.36709773540496826,0.021965962636004997
TPD52,methy->rna|CNVdiploid,1.0,-0.4574972093105316,0.021918755483224053
TPD52,methy->rna|CNVdiploid,1.5,-0.5078569650650024,0.02181061555796712
TPD52,methy->rna|CNVdiploid,2.0,-0.5359287858009338,0.021770369286308117
ANXA9,methy->rna|CNVdiploid,-2.0,-0.010572128929197788,0.025789654836795267
ANXA9,methy->rna|CNVdiploid,-1.5,-0.03541206941008568,0.025669003196284405
ANXA9,methy->rna|CNVdiploid,-1.0,-0.0754777193069458,0.02543304588939922
ANXA9,methy->rna|CNVdiploid,-0.5,-0.13949710130691528,0.024987185544198917
ANXA9,methy->rna|CNVdiploid,0.0,-0.2137235403060913,0.024301381839648802
ANXA9,methy->rna|CNVdiploid,0.5,-0.29594793915748596,0.024390308512566655
ANXA9,methy->rna|CNVdiploid,1.0,-0.3889305293560028,0.02473441228279373
ANXA9,methy->rna|CNVdiploid,1.5,-0.44102463126182556,0.024975695949560575
ANXA9,methy->rna|CNVdiploid,2.0,-0.4741874635219574,0.025134020035617415
FABP4,methy->rna|CNVdiploid,-2.0,0.10012724250555038,0.030369679243972915
FABP4,methy->rna|CNVdiploid,-1.5,0.08188717812299728,0.030332447029480986
FABP4,methy->rna|CNVdiploid,-1.0,0.0537932813167572,0.030248393409220822
FABP4,methy->rna|CNVdiploid,-0.5,0.013137311674654484,0.030150293803102517
FABP4,methy->rna|CNVdiploid,0.0,-0.03732448071241379,0.02988690705044378
FABP4,methy->rna|CNVdiploid,0.5,-0.05839823558926582,0.03004325227611905
FABP4,methy->rna|CNVdiploid,1.0,-0.09739430248737335,0.030154279855567147
FABP4,methy->rna|CNVdiploid,1.5,-0.1236451268196106,0.03024227158233556
FABP4,methy->rna|CNVdiploid,2.0,-0.1407327950000763,0.030281513168272205
KRT19,methy->rna|CNVdiploid,-2.0,0.1892048567533493,0.025410132080972144
KRT19,methy->rna|CNVdiploid,-1.5,0.1634909212589264,0.02524702429608542
KRT19,methy->rna|CNVdiploid,-1.0,0.12292051315307617,0.02487109966635257
KRT19,methy->rna|CNVdiploid,-0.5,0.06257519125938416,0.023918173783269263
KRT19,methy->rna|CNVdiploid,0.0,0.005522416904568672,0.02299726490224056
KRT19,methy->rna|CNVdiploid,0.5,-0.08243566751480103,0.023196724439511117
KRT19,methy->rna|CNVdiploid,1.0,-0.2245451956987381,0.02384097643477166
KRT19,methy->rna|CNVdiploid,1.5,-0.31183797121047974,0.023767124406412495
KRT19,methy->rna|CNVdiploid,2.0,-0.36077073216438293,0.023604132127693418
PLEKHF2,methy->rna|CNVdiploid,-2.0,-0.16657085716724396,0.0282224239461485
PLEKHF2,methy->rna|CNVdiploid,-1.5,-0.17685434222221375,0.028190049528782686
PLEKHF2,methy->rna|CNVdiploid,-1.0,-0.19292335212230682,0.028105015195778352
PLEKHF2,methy->rna|CNVdiploid,-0.5,-0.21860046684741974,0.027870943036723626
PLEKHF2,methy->rna|CNVdiploid,0.0,-0.25420117378234863,0.027071965081496514
PLEKHF2,methy->rna|CNVdiploid,0.5,-0.3340260684490204,0.027497975800754856
PLEKHF2,methy->rna|CNVdiploid,1.0,-0.41889533400535583,0.027183291233491166
PLEKHF2,methy->rna|CNVdiploid,1.5,-0.47266218066215515,0.026704082296265842
PLEKHF2,methy->rna|CNVdiploid,2.0,-0.5068503022193909,0.02637383926615634
GIMAP4,methy->rna|CNVdiploid,-2.0,0.055858876556158066,0.03454909121260452
GIMAP4,methy->rna|CNVdiploid,-1.5,0.04373198375105858,0.03468457994725382
GIMAP4,methy->rna|CNVdiploid,-1.0,0.025802066549658775,0.034845606441761254
GIMAP4,methy->rna|CNVdiploid,-0.5,0.0010648538591340184,0.034818011364502015
GIMAP4,methy->rna|CNVdiploid,0.0,-0.03447967767715454,0.033687637496850595
GIMAP4,methy->rna|CNVdiploid,0.5,-0.05871999263763428,0.03484047840379008
GIMAP4,methy->rna|CNVdiploid,1.0,-0.09657183289527893,0.03514276240324418
GIMAP4,methy->rna|CNVdiploid,1.5,-0.123357854783535,0.03531510632281931
GIMAP4,methy->rna|CNVdiploid,2.0,-0.1413932591676712,0.035387968920987695
RAB25,methy->rna|CNVdiploid,-2.0,0.012444458901882172,0.02164935805112439
RAB25,methy->rna|CNVdiploid,-1.5,-0.012046719901263714,0.02150378541010339
RAB25,methy->rna|CNVdiploid,-1.0,-0.05292360484600067,0.021231280208285543
RAB25,methy->rna|CNVdiploid,-0.5,-0.12279917299747467,0.02070681900568265
RAB25,methy->rna|CNVdiploid,0.0,-0.19034531712532043,0.020150356056556726
RAB25,methy->rna|CNVdiploid,0.5,-0.2916628122329712,0.02059314786054861
RAB25,methy->rna|CNVdiploid,1.0,-0.40361863374710083,0.02114132487666714
RAB25,methy->rna|CNVdiploid,1.5,-0.4773353040218353,0.0214632231310046
RAB25,methy->rna|CNVdiploid,2.0,-0.5257005095481873,0.021668303241980064
FXYD5,methy->rna|CNVdiploid,-2.0,0.32746389508247375,0.019724739801757707
FXYD5,methy->rna|CNVdiploid,-1.5,0.2674502730369568,0.020083063906775223
FXYD5,methy->rna|CNVdiploid,-1.0,0.1597977727651596,0.02055265532102274
FXYD5,methy->rna|CNVdiploid,-0.5,-0.04165971651673317,0.02069706418292066
FXYD5,methy->rna|CNVdiploid,0.0,-0.22158698737621307,0.02105123660398786
FXYD5,methy->rna|CNVdiploid,0.5,-0.3057725131511688,0.020111262667212533
FXYD5,methy->rna|CNVdiploid,1.0,-0.4497807025909424,0.021192326298087188
FXYD5,methy->rna|CNVdiploid,1.5,-0.5614412426948547,0.021662915859972102
FXYD5,methy->rna|CNVdiploid,2.0,-0.6337293386459351,0.021743975037320073
RGS2,methy->rna|CNVdiploid,-2.0,0.05518392100930214,0.022291940655358194
RGS2,methy->rna|CNVdiploid,-1.5,0.022938091307878494,0.02259788816175217
RGS2,methy->rna|CNVdiploid,-1.0,-0.03041714057326317,0.023031095133191053
RGS2,methy->rna|CNVdiploid,-0.5,-0.11879955977201462,0.023480841280219916
RGS2,methy->rna|CNVdiploid,0.0,-0.19717641174793243,0.02372725952304289
RGS2,methy->rna|CNVdiploid,0.5,-0.22698350250720978,0.02281779229069615
RGS2,methy->rna|CNVdiploid,1.0,-0.25990650057792664,0.022764485104646483
RGS2,methy->rna|CNVdiploid,1.5,-0.2811647355556488,0.022863561064785647
RGS2,methy->rna|CNVdiploid,2.0,-0.29747098684310913,0.022971267297073494
KAT2A,methy->rna|CNVdiploid,-2.0,0.11604803055524826,0.02131713398127167
KAT2A,methy->rna|CNVdiploid,-1.5,0.08367636054754257,0.021349331870343536
KAT2A,methy->rna|CNVdiploid,-1.0,0.031152185052633286,0.02135963153351895
KAT2A,methy->rna|CNVdiploid,-0.5,-0.04412875324487686,0.021225350165225806
KAT2A,methy->rna|CNVdiploid,0.0,-0.06817558407783508,0.021152047336003378
KAT2A,methy->rna|CNVdiploid,0.5,-0.1100047379732132,0.0210011069272293
KAT2A,methy->rna|CNVdiploid,1.0,-0.1338110864162445,0.02163975578367816
KAT2A,methy->rna|CNVdiploid,1.5,-0.16619575023651123,0.02178650963871547
KAT2A,methy->rna|CNVdiploid,2.0,-0.1964842677116394,0.021675863447556773
PLOD2,methy->rna|CNVdiploid,-2.0,-0.042961426079273224,0.023234126644212035
PLOD2,methy->rna|CNVdiploid,-1.5,-0.07630664855241776,0.02332142097525126
PLOD2,methy->rna|CNVdiploid,-1.0,-0.12677627801895142,0.02339153321901266
PLOD2,methy->rna|CNVdiploid,-0.5,-0.197995126247406,0.023455994378006002
PLOD2,methy->rna|CNVdiploid,0.0,-0.2504116892814636,0.024092884489600324
PLOD2,methy->rna|CNVdiploid,0.5,-0.31422439217567444,0.02277651953969825
PLOD2,methy->rna|CNVdiploid,1.0,-0.3858437240123749,0.022820924033392528
PLOD2,methy->rna|CNVdiploid,1.5,-0.43777573108673096,0.02292544839766596
PLOD2,methy->rna|CNVdiploid,2.0,-0.47595885396003723,0.02296953688392045
FSCN1,methy->rna|CNVdiploid,-2.0,0.033189620822668076,0.024638611903220087
FSCN1,methy->rna|CNVdiploid,-1.5,0.0019111607689410448,0.02478212286811668
FSCN1,methy->rna|CNVdiploid,-1.0,-0.0477546751499176,0.02488584958602486
FSCN1,methy->rna|CNVdiploid,-0.5,-0.12466806173324585,0.024618372171542113
FSCN1,methy->rna|CNVdiploid,0.0,-0.1869065761566162,0.025213298674494306
FSCN1,methy->rna|CNVdiploid,0.5,-0.20769231021404266,0.02429878186119593
FSCN1,methy->rna|CNVdiploid,1.0,-0.25094297528266907,0.024709883567381262
FSCN1,methy->rna|CNVdiploid,1.5,-0.2918383777141571,0.024748907217152536
FSCN1,methy->rna|CNVdiploid,2.0,-0.3259541988372803,0.02466142546101109
SQLE,methy->rna|CNVdiploid,-2.0,-0.15353649854660034,0.02006835975369766
SQLE,methy->rna|CNVdiploid,-1.5,-0.1750432848930359,0.019947749521058218
SQLE,methy->rna|CNVdiploid,-1.0,-0.2072681337594986,0.019788520999915092
SQLE,methy->rna|CNVdiploid,-0.5,-0.2513779103755951,0.019713352637117088
SQLE,methy->rna|CNVdiploid,0.0,-0.2802504003047943,0.02018633295873612
SQLE,methy->rna|CNVdiploid,0.5,-0.35216501355171204,0.018994562114576466
SQLE,methy->rna|CNVdiploid,1.0,-0.4266500174999237,0.018949325104730474
SQLE,methy->rna|CNVdiploid,1.5,-0.4850410521030426,0.01895907121004585
SQLE,methy->rna|CNVdiploid,2.0,-0.525509774684906,0.01899892737596884
GIMAP7,methy->rna|CNVdiploid,-2.0,0.06356819719076157,0.03386500920376083
GIMAP7,methy->rna|CNVdiploid,-1.5,0.05106964334845543,0.03395854304721462
GIMAP7,methy->rna|CNVdiploid,-1.0,0.032717473804950714,0.03406504627186962
GIMAP7,methy->rna|CNVdiploid,-0.5,0.00873227696865797,0.03397603242448562
GIMAP7,methy->rna|CNVdiploid,0.0,-0.030347459018230438,0.03289143822773196
GIMAP7,methy->rna|CNVdiploid,0.5,-0.050151437520980835,0.033857468612439004
GIMAP7,methy->rna|CNVdiploid,1.0,-0.0866539254784584,0.03408044564131471
GIMAP7,methy->rna|CNVdiploid,1.5,-0.11231888830661774,0.03423534812957523
GIMAP7,methy->rna|CNVdiploid,2.0,-0.12900646030902863,0.03430905414070359
CD163,methy->rna|CNVdiploid,-2.0,-0.0779561772942543,0.033346815845274
CD163,methy->rna|CNVdiploid,-1.5,-0.09307777881622314,0.033361816391536465
CD163,methy->rna|CNVdiploid,-1.0,-0.11438068002462387,0.033247251708124405
CD163,methy->rna|CNVdiploid,-0.5,-0.14029711484909058,0.032606427848745144
CD163,methy->rna|CNVdiploid,0.0,-0.1790613979101181,0.03214740415915645
CD163,methy->rna|CNVdiploid,0.5,-0.19862544536590576,0.03224933944178528
CD163,methy->rna|CNVdiploid,1.0,-0.23980966210365295,0.03255373742204347
CD163,methy->rna|CNVdiploid,1.5,-0.2709949016571045,0.032592497369054646
CD163,methy->rna|CNVdiploid,2.0,-0.2927403748035431,0.03253075169468183
CX3CL1,methy->rna|CNVdiploid,-2.0,0.41561123728752136,0.02248482941724282
CX3CL1,methy->rna|CNVdiploid,-1.5,0.37700575590133667,0.022893420498803087
CX3CL1,methy->rna|CNVdiploid,-1.0,0.3102771043777466,0.02355330723456732
CX3CL1,methy->rna|CNVdiploid,-0.5,0.18576951324939728,0.02462611326413608
CX3CL1,methy->rna|CNVdiploid,0.0,0.09962061792612076,0.025736920822860523
CX3CL1,methy->rna|CNVdiploid,0.5,0.03104967251420021,0.025188046411012806
CX3CL1,methy->rna|CNVdiploid,1.0,-0.058784011751413345,0.025109728870625198
CX3CL1,methy->rna|CNVdiploid,1.5,-0.12448523938655853,0.025296025063507366
CX3CL1,methy->rna|CNVdiploid,2.0,-0.1733730584383011,0.02550885280516176
CLEC11A,methy->rna|CNVdiploid,-2.0,0.09623995423316956,0.03045224218086194
CLEC11A,methy->rna|CNVdiploid,-1.5,0.07617741078138351,0.030980859426138454
CLEC11A,methy->rna|CNVdiploid,-1.0,0.042876239866018295,0.03171872154251067
CLEC11A,methy->rna|CNVdiploid,-0.5,-0.01373032946139574,0.032451961232815366
CLEC11A,methy->rna|CNVdiploid,0.0,-0.07111569494009018,0.033075001501100376
CLEC11A,methy->rna|CNVdiploid,0.5,-0.08493384718894958,0.033273414944777154
CLEC11A,methy->rna|CNVdiploid,1.0,-0.12902303040027618,0.033590727822195215
CLEC11A,methy->rna|CNVdiploid,1.5,-0.16946366429328918,0.03361013939644478
CLEC11A,methy->rna|CNVdiploid,2.0,-0.20321179926395416,0.033566377814438345
MRPL36,methy->rna|CNVdiploid,-2.0,-0.09016449749469757,0.03049097815489493
MRPL36,methy->rna|CNVdiploid,-1.5,-0.10591676086187363,0.030356871135534078
MRPL36,methy->rna|CNVdiploid,-1.0,-0.12696777284145355,0.030012800055731807
MRPL36,methy->rna|CNVdiploid,-0.5,-0.14256398379802704,0.029080262100918925
MRPL36,methy->rna|CNVdiploid,0.0,-0.15132281184196472,0.029290019122003248
MRPL36,methy->rna|CNVdiploid,0.5,-0.15401913225650787,0.029078989353713162
MRPL36,methy->rna|CNVdiploid,1.0,-0.17542466521263123,0.029385553619455138
MRPL36,methy->rna|CNVdiploid,1.5,-0.20737743377685547,0.02946012701652168
MRPL36,methy->rna|CNVdiploid,2.0,-0.23470157384872437,0.029392969987162704
AKR1B1,methy->rna|CNVdiploid,-2.0,0.17686866223812103,0.02226076052817861
AKR1B1,methy->rna|CNVdiploid,-1.5,0.1391989141702652,0.02275412441934476
AKR1B1,methy->rna|CNVdiploid,-1.0,0.07649461179971695,0.023480575398098162
AKR1B1,methy->rna|CNVdiploid,-0.5,-0.03183222562074661,0.024233682149238052
AKR1B1,methy->rna|CNVdiploid,0.0,-0.1366649717092514,0.024815336339719173
AKR1B1,methy->rna|CNVdiploid,0.5,-0.16021627187728882,0.024625982502436857
AKR1B1,methy->rna|CNVdiploid,1.0,-0.2311403453350067,0.02434989225069866
AKR1B1,methy->rna|CNVdiploid,1.5,-0.28715065121650696,0.024336648269929085
AKR1B1,methy->rna|CNVdiploid,2.0,-0.3296668827533722,0.02439881891982438
CST1,methy->rna|CNVdiploid,-2.0,0.11745312064886093,0.016932012066146678
CST1,methy->rna|CNVdiploid,-1.5,0.09071822464466095,0.017081778888670237
CST1,methy->rna|CNVdiploid,-1.0,0.04898107424378395,0.01723029039888126
CST1,methy->rna|CNVdiploid,-0.5,-0.011819581501185894,0.017170551916591503
CST1,methy->rna|CNVdiploid,0.0,-0.07700543105602264,0.017057427791232545
CST1,methy->rna|CNVdiploid,0.5,-0.12379904091358185,0.016948424838760745
CST1,methy->rna|CNVdiploid,1.0,-0.20229953527450562,0.018061658027005763
CST1,methy->rna|CNVdiploid,1.5,-0.2700173556804657,0.018852498245817934
CST1,methy->rna|CNVdiploid,2.0,-0.32086727023124695,0.01936677747077471
EPHX2,methy->rna|CNVdiploid,-2.0,0.46099960803985596,0.021284759563905856
EPHX2,methy->rna|CNVdiploid,-1.5,0.42166709899902344,0.021341562446048068
EPHX2,methy->rna|CNVdiploid,-1.0,0.3535853922367096,0.021399300274339724
EPHX2,methy->rna|CNVdiploid,-0.5,0.22196952998638153,0.02148258893865944
EPHX2,methy->rna|CNVdiploid,0.0,0.07541850954294205,0.020469543184996976
EPHX2,methy->rna|CNVdiploid,0.5,0.0024725052062422037,0.020954311673800904
EPHX2,methy->rna|CNVdiploid,1.0,-0.11742910742759705,0.02133989305502133
EPHX2,methy->rna|CNVdiploid,1.5,-0.2004602551460266,0.021627605842458743
EPHX2,methy->rna|CNVdiploid,2.0,-0.2557964324951172,0.02183266851854098
RAB34,methy->rna|CNVdiploid,-2.0,0.4656895101070404,0.01825813510785322
RAB34,methy->rna|CNVdiploid,-1.5,0.4106297492980957,0.0185488695802235
RAB34,methy->rna|CNVdiploid,-1.0,0.3041888177394867,0.01903488466389335
RAB34,methy->rna|CNVdiploid,-0.5,0.07422845810651779,0.019601902261508177
RAB34,methy->rna|CNVdiploid,0.0,-0.1444462239742279,0.018943425572733888
RAB34,methy->rna|CNVdiploid,0.5,-0.2817426025867462,0.01969566711729726
RAB34,methy->rna|CNVdiploid,1.0,-0.5618271231651306,0.020039282710513907
RAB34,methy->rna|CNVdiploid,1.5,-0.7065272927284241,0.020063800529118107
RAB34,methy->rna|CNVdiploid,2.0,-0.7750958800315857,0.019993296000259037
C6orf62,methy->rna|CNVdiploid,-2.0,-0.022247599437832832,0.021683859525464224
C6orf62,methy->rna|CNVdiploid,-1.5,-0.04565645754337311,0.021724121052654803
C6orf62,methy->rna|CNVdiploid,-1.0,-0.08268861472606659,0.021751356535241177
C6orf62,methy->rna|CNVdiploid,-0.5,-0.1388043761253357,0.021671402294251636
C6orf62,methy->rna|CNVdiploid,0.0,-0.16815248131752014,0.021793651406854665
C6orf62,methy->rna|CNVdiploid,0.5,-0.2328459769487381,0.021526047589396007
C6orf62,methy->rna|CNVdiploid,1.0,-0.28503674268722534,0.021776471498938497
C6orf62,methy->rna|CNVdiploid,1.5,-0.3226989507675171,0.022031676927949218
C6orf62,methy->rna|CNVdiploid,2.0,-0.3523258566856384,0.022191284658020092
CHI3L1,methy->rna|CNVdiploid,-2.0,0.12182898819446564,0.0220311081145576
CHI3L1,methy->rna|CNVdiploid,-1.5,0.08617694675922394,0.022249321058858303
CHI3L1,methy->rna|CNVdiploid,-1.0,0.02847169153392315,0.022532287196613942
CHI3L1,methy->rna|CNVdiploid,-0.5,-0.06206469610333443,0.022735296914018387
CHI3L1,methy->rna|CNVdiploid,0.0,-0.14026230573654175,0.022959681810522388
CHI3L1,methy->rna|CNVdiploid,0.5,-0.20726680755615234,0.02219798183638193
CHI3L1,methy->rna|CNVdiploid,1.0,-0.2716682255268097,0.02245715806232571
CHI3L1,methy->rna|CNVdiploid,1.5,-0.3177930414676666,0.02276576438993721
CHI3L1,methy->rna|CNVdiploid,2.0,-0.35167452692985535,0.022966710251855593
LGALS3BP,methy->rna|CNVdiploid,-2.0,0.2511463761329651,0.015690978931166635
LGALS3BP,methy->rna|CNVdiploid,-1.5,0.19740548729896545,0.015744577061997073
LGALS3BP,methy->rna|CNVdiploid,-1.0,0.09989438951015472,0.0157154749561543
LGALS3BP,methy->rna|CNVdiploid,-0.5,-0.07649029791355133,0.015107110509245349
LGALS3BP,methy->rna|CNVdiploid,0.0,-0.2104218453168869,0.013992802895705052
LGALS3BP,methy->rna|CNVdiploid,0.5,-0.3230133056640625,0.013541607473176474
LGALS3BP,methy->rna|CNVdiploid,1.0,-0.4992450475692749,0.013920843642942132
LGALS3BP,methy->rna|CNVdiploid,1.5,-0.6270681023597717,0.014670208430122608
LGALS3BP,methy->rna|CNVdiploid,2.0,-0.7031059861183167,0.015219324751113886
PYCARD,methy->rna|CNVdiploid,-2.0,0.15340454876422882,0.023485378711182933
PYCARD,methy->rna|CNVdiploid,-1.5,0.11032333225011826,0.023765696924529317
PYCARD,methy->rna|CNVdiploid,-1.0,0.036935292184352875,0.024047732474858825
PYCARD,methy->rna|CNVdiploid,-0.5,-0.08213920146226883,0.023585563966403836
PYCARD,methy->rna|CNVdiploid,0.0,-0.19120703637599945,0.02027267708809433
PYCARD,methy->rna|CNVdiploid,0.5,-0.2421077936887741,0.021094235409415497
PYCARD,methy->rna|CNVdiploid,1.0,-0.34419527649879456,0.021279182577434018
PYCARD,methy->rna|CNVdiploid,1.5,-0.4192757308483124,0.02103278612822758
PYCARD,methy->rna|CNVdiploid,2.0,-0.4696449637413025,0.020765197566300495
GRHL2,methy->rna|CNVdiploid,-2.0,-0.13476547598838806,0.02329227201313293
GRHL2,methy->rna|CNVdiploid,-1.5,-0.15141502022743225,0.023109872518887593
GRHL2,methy->rna|CNVdiploid,-1.0,-0.1762443333864212,0.022819960755541588
GRHL2,methy->rna|CNVdiploid,-0.5,-0.21051360666751862,0.022438561569334627
GRHL2,methy->rna|CNVdiploid,0.0,-0.2386256754398346,0.022305505002290865
GRHL2,methy->rna|CNVdiploid,0.5,-0.32761335372924805,0.022173950015426505
GRHL2,methy->rna|CNVdiploid,1.0,-0.4155940115451813,0.02213303685910147
GRHL2,methy->rna|CNVdiploid,1.5,-0.474010705947876,0.02208877184455303
GRHL2,methy->rna|CNVdiploid,2.0,-0.5117851495742798,0.022071197472177537
ATP6V1B2,methy->rna|CNVdiploid,-2.0,0.20348142087459564,0.023037851154317543
ATP6V1B2,methy->rna|CNVdiploid,-1.5,0.17336203157901764,0.02324906398898654
ATP6V1B2,methy->rna|CNVdiploid,-1.0,0.12293843179941177,0.02349514225139154
ATP6V1B2,methy->rna|CNVdiploid,-0.5,0.03535329923033714,0.023534423065837952
ATP6V1B2,methy->rna|CNVdiploid,0.0,-0.02909194678068161,0.023395290438503653
ATP6V1B2,methy->rna|CNVdiploid,0.5,-0.028221454471349716,0.02416887883046508
ATP6V1B2,methy->rna|CNVdiploid,1.0,-0.06167085841298103,0.025311265339551737
ATP6V1B2,methy->rna|CNVdiploid,1.5,-0.10138773918151855,0.026021575965897784
ATP6V1B2,methy->rna|CNVdiploid,2.0,-0.1383114755153656,0.026444500709054478
LXN,methy->rna|CNVdiploid,-2.0,0.21424689888954163,0.015451761299247507
LXN,methy->rna|CNVdiploid,-1.5,0.16085658967494965,0.015627595466511053
LXN,methy->rna|CNVdiploid,-1.0,0.06756620109081268,0.015957204302379326
LXN,methy->rna|CNVdiploid,-0.5,-0.09867588430643082,0.016499208276613733
LXN,methy->rna|CNVdiploid,0.0,-0.24441473186016083,0.016967373298658897
LXN,methy->rna|CNVdiploid,0.5,-0.3508644700050354,0.01711922032188092
LXN,methy->rna|CNVdiploid,1.0,-0.5280932188034058,0.019394143715060305
LXN,methy->rna|CNVdiploid,1.5,-0.6460364460945129,0.020520169756212583
LXN,methy->rna|CNVdiploid,2.0,-0.7169808149337769,0.020973954260385765
ZHX1,methy->rna|CNVdiploid,-2.0,-0.12081991881132126,0.026701301430795712
ZHX1,methy->rna|CNVdiploid,-1.5,-0.14316722750663757,0.026707985532987633
ZHX1,methy->rna|CNVdiploid,-1.0,-0.17568476498126984,0.026779069772046585
ZHX1,methy->rna|CNVdiploid,-0.5,-0.21691450476646423,0.027205631869803317
ZHX1,methy->rna|CNVdiploid,0.0,-0.24347560107707977,0.027923182335562978
ZHX1,methy->rna|CNVdiploid,0.5,-0.2834712862968445,0.027568155604727522
ZHX1,methy->rna|CNVdiploid,1.0,-0.33129820227622986,0.02770083732156685
ZHX1,methy->rna|CNVdiploid,1.5,-0.3643019199371338,0.02775131351682835
ZHX1,methy->rna|CNVdiploid,2.0,-0.3887554705142975,0.027734556405073
CLSTN2,methy->rna|CNVdiploid,-2.0,0.07801158726215363,0.03151474200917032
CLSTN2,methy->rna|CNVdiploid,-1.5,0.05746275931596756,0.03126169196883512
CLSTN2,methy->rna|CNVdiploid,-1.0,0.022580787539482117,0.030788652804451436
CLSTN2,methy->rna|CNVdiploid,-0.5,-0.03743099048733711,0.029871699464824212
CLSTN2,methy->rna|CNVdiploid,0.0,-0.12133578956127167,0.028183873217856082
CLSTN2,methy->rna|CNVdiploid,0.5,-0.14084874093532562,0.028762489378191935
CLSTN2,methy->rna|CNVdiploid,1.0,-0.2084261178970337,0.028990056142710347
CLSTN2,methy->rna|CNVdiploid,1.5,-0.26669642329216003,0.02895712816748449
CLSTN2,methy->rna|CNVdiploid,2.0,-0.3107945919036865,0.02885607770568707
QSOX1,methy->rna|CNVdiploid,-2.0,-0.07459644228219986,0.0180674420528347
QSOX1,methy->rna|CNVdiploid,-1.5,-0.113439179956913,0.01825730804010564
QSOX1,methy->rna|CNVdiploid,-1.0,-0.1733282506465912,0.018534745137345824
QSOX1,methy->rna|CNVdiploid,-0.5,-0.25083020329475403,0.018859949483311957
QSOX1,methy->rna|CNVdiploid,0.0,-0.29698416590690613,0.01880570299238954
QSOX1,methy->rna|CNVdiploid,0.5,-0.35281217098236084,0.019298315003785163
QSOX1,methy->rna|CNVdiploid,1.0,-0.41622042655944824,0.020000816977325978
QSOX1,methy->rna|CNVdiploid,1.5,-0.45349109172821045,0.020285280336537717
QSOX1,methy->rna|CNVdiploid,2.0,-0.4793432652950287,0.020409904953343286
LAMB3,methy->rna|CNVdiploid,-2.0,0.11899866163730621,0.026288456235287416
LAMB3,methy->rna|CNVdiploid,-1.5,0.09112194180488586,0.0265763586271887
LAMB3,methy->rna|CNVdiploid,-1.0,0.044651132076978683,0.026994133538757684
LAMB3,methy->rna|CNVdiploid,-0.5,-0.03303557261824608,0.027533240051673485
LAMB3,methy->rna|CNVdiploid,0.0,-0.10704823583364487,0.028213573558472798
LAMB3,methy->rna|CNVdiploid,0.5,-0.1489209085702896,0.02799427965079186
LAMB3,methy->rna|CNVdiploid,1.0,-0.20141617953777313,0.028500242431678084
LAMB3,methy->rna|CNVdiploid,1.5,-0.2389136552810669,0.02897348863541887
LAMB3,methy->rna|CNVdiploid,2.0,-0.2670077085494995,0.029310420126443595
PTN,methy->rna|CNVdiploid,-2.0,0.08767183870077133,0.02810606346873379
PTN,methy->rna|CNVdiploid,-1.5,0.06194432079792023,0.02838626835527418
PTN,methy->rna|CNVdiploid,-1.0,0.022362561896443367,0.028709528710645204
PTN,methy->rna|CNVdiploid,-0.5,-0.03640887141227722,0.028763871093480387
PTN,methy->rna|CNVdiploid,0.0,-0.10235222429037094,0.0279894240330274
PTN,methy->rna|CNVdiploid,0.5,-0.15340766310691833,0.028576509192749556
PTN,methy->rna|CNVdiploid,1.0,-0.24150411784648895,0.028475210283723608
PTN,methy->rna|CNVdiploid,1.5,-0.2999633252620697,0.028186281412483426
PTN,methy->rna|CNVdiploid,2.0,-0.33664700388908386,0.027937814569705968
S100A9,methy->rna|CNVdiploid,-2.0,0.03014185093343258,0.018059642117476085
S100A9,methy->rna|CNVdiploid,-1.5,0.0015056101838126779,0.018144810481222122
S100A9,methy->rna|CNVdiploid,-1.0,-0.043098073452711105,0.01819244587856802
S100A9,methy->rna|CNVdiploid,-0.5,-0.10653439909219742,0.01793147930702572
S100A9,methy->rna|CNVdiploid,0.0,-0.17687547206878662,0.018070796090419755
S100A9,methy->rna|CNVdiploid,0.5,-0.22605101764202118,0.017008564323594783
S100A9,methy->rna|CNVdiploid,1.0,-0.29875075817108154,0.01757342762221492
S100A9,methy->rna|CNVdiploid,1.5,-0.3537389039993286,0.01802415448198795
S100A9,methy->rna|CNVdiploid,2.0,-0.39216622710227966,0.018320620675507476
THRSP,methy->rna|CNVdiploid,-2.0,0.4328252673149109,0.022187948055328265
THRSP,methy->rna|CNVdiploid,-1.5,0.3596317768096924,0.022682654433273098
THRSP,methy->rna|CNVdiploid,-1.0,0.2346116304397583,0.023428968114138384
THRSP,methy->rna|CNVdiploid,-0.5,0.017013851553201675,0.024381397102764647
THRSP,methy->rna|CNVdiploid,0.0,-0.16628000140190125,0.023322998833088544
THRSP,methy->rna|CNVdiploid,0.5,-0.25117382407188416,0.025082142510812578
THRSP,methy->rna|CNVdiploid,1.0,-0.35444173216819763,0.025917310945661142
THRSP,methy->rna|CNVdiploid,1.5,-0.3980909585952759,0.026084171591315552
THRSP,methy->rna|CNVdiploid,2.0,-0.4179552495479584,0.026038642547007964
SSR3,methy->rna|CNVdiploid,-2.0,-0.042251698672771454,0.0242270372755559
SSR3,methy->rna|CNVdiploid,-1.5,-0.0704144537448883,0.02430239306345612
SSR3,methy->rna|CNVdiploid,-1.0,-0.11276378482580185,0.024342652411285047
SSR3,methy->rna|CNVdiploid,-0.5,-0.17198002338409424,0.024199394252340283
SSR3,methy->rna|CNVdiploid,0.0,-0.21185800433158875,0.023540063253797743
SSR3,methy->rna|CNVdiploid,0.5,-0.2615736126899719,0.0234188362618103
SSR3,methy->rna|CNVdiploid,1.0,-0.32440629601478577,0.023842266616870653
SSR3,methy->rna|CNVdiploid,1.5,-0.37338533997535706,0.02422743174001522
SSR3,methy->rna|CNVdiploid,2.0,-0.41169872879981995,0.02444232551651733
ID4,methy->rna|CNVdiploid,-2.0,0.28234896063804626,0.02608044924161102
ID4,methy->rna|CNVdiploid,-1.5,0.2388956993818283,0.02633340774875677
ID4,methy->rna|CNVdiploid,-1.0,0.16473907232284546,0.02665917437002956
ID4,methy->rna|CNVdiploid,-0.5,0.0315510593354702,0.026980237928853647
ID4,methy->rna|CNVdiploid,0.0,-0.09079045802354813,0.027401783136083543
ID4,methy->rna|CNVdiploid,0.5,-0.12208455055952072,0.026467551817265733
ID4,methy->rna|CNVdiploid,1.0,-0.19922678172588348,0.026074379719405447
ID4,methy->rna|CNVdiploid,1.5,-0.25276246666908264,0.02604783073573999
ID4,methy->rna|CNVdiploid,2.0,-0.290826678276062,0.026090036253525677
PDK4,methy->rna|CNVdiploid,-2.0,0.14491157233715057,0.02872377083905218
PDK4,methy->rna|CNVdiploid,-1.5,0.11960332840681076,0.02886254823043692
PDK4,methy->rna|CNVdiploid,-1.0,0.0783233642578125,0.02904756295866671
PDK4,methy->rna|CNVdiploid,-0.5,0.008840961381793022,0.029260301346493302
PDK4,methy->rna|CNVdiploid,0.0,-0.07829123735427856,0.028690703384680487
PDK4,methy->rna|CNVdiploid,0.5,-0.07094281911849976,0.02929285011279141
PDK4,methy->rna|CNVdiploid,1.0,-0.1043148785829544,0.030036975714556376
PDK4,methy->rna|CNVdiploid,1.5,-0.13118436932563782,0.030585869740658977
PDK4,methy->rna|CNVdiploid,2.0,-0.152757465839386,0.030948417448561374
FPR3,methy->rna|CNVdiploid,-2.0,-0.05963580310344696,0.032073116258466546
FPR3,methy->rna|CNVdiploid,-1.5,-0.07051920145750046,0.032193207803032406
FPR3,methy->rna|CNVdiploid,-1.0,-0.08697788417339325,0.032327212392395534
FPR3,methy->rna|CNVdiploid,-0.5,-0.11196275055408478,0.03236921087082412
FPR3,methy->rna|CNVdiploid,0.0,-0.14236123859882355,0.0322940664810043
FPR3,methy->rna|CNVdiploid,0.5,-0.16170746088027954,0.03304248978395038
FPR3,methy->rna|CNVdiploid,1.0,-0.19238896667957306,0.03394727138874165
FPR3,methy->rna|CNVdiploid,1.5,-0.21899010241031647,0.03462218046438489
FPR3,methy->rna|CNVdiploid,2.0,-0.23952990770339966,0.03504054380360037
TIMP2,methy->rna|CNVdiploid,-2.0,0.03471067175269127,0.033356572847397646
TIMP2,methy->rna|CNVdiploid,-1.5,0.014405683614313602,0.033640138309608054
TIMP2,methy->rna|CNVdiploid,-1.0,-0.01724301464855671,0.034045054987420165
TIMP2,methy->rna|CNVdiploid,-0.5,-0.06413622200489044,0.03462650649726749
TIMP2,methy->rna|CNVdiploid,0.0,-0.09574929624795914,0.0366226906246186
TIMP2,methy->rna|CNVdiploid,0.5,-0.1113496646285057,0.03498477611824367
TIMP2,methy->rna|CNVdiploid,1.0,-0.15335549414157867,0.03462105373440992
TIMP2,methy->rna|CNVdiploid,1.5,-0.18583376705646515,0.034418802434860965
TIMP2,methy->rna|CNVdiploid,2.0,-0.20993922650814056,0.03427049033624125
KCNK1,methy->rna|CNVdiploid,-2.0,0.23582586646080017,0.011990113373817628
KCNK1,methy->rna|CNVdiploid,-1.5,0.18005496263504028,0.011988583461936726
KCNK1,methy->rna|CNVdiploid,-1.0,0.08381830155849457,0.011942608738170954
KCNK1,methy->rna|CNVdiploid,-0.5,-0.08735072612762451,0.011695784044399561
KCNK1,methy->rna|CNVdiploid,0.0,-0.21599699556827545,0.012179286324082687
KCNK1,methy->rna|CNVdiploid,0.5,-0.3584573566913605,0.011606157796390867
KCNK1,methy->rna|CNVdiploid,1.0,-0.5390290021896362,0.012227205038443566
KCNK1,methy->rna|CNVdiploid,1.5,-0.6602954268455505,0.013060699723542086
KCNK1,methy->rna|CNVdiploid,2.0,-0.735313355922699,0.013754734877058254
LMOD1,methy->rna|CNVdiploid,-2.0,0.12559261918067932,0.027854129261565278
LMOD1,methy->rna|CNVdiploid,-1.5,0.0924052968621254,0.02798263314211445
LMOD1,methy->rna|CNVdiploid,-1.0,0.037263479083776474,0.02820833001433398
LMOD1,methy->rna|CNVdiploid,-0.5,-0.05117219686508179,0.028791178495001332
LMOD1,methy->rna|CNVdiploid,0.0,-0.1361069530248642,0.029209271593371756
LMOD1,methy->rna|CNVdiploid,0.5,-0.13893641531467438,0.028980957307806123
LMOD1,methy->rna|CNVdiploid,1.0,-0.15483933687210083,0.029026710826364044
LMOD1,methy->rna|CNVdiploid,1.5,-0.16530892252922058,0.029204991327083873
LMOD1,methy->rna|CNVdiploid,2.0,-0.17537464201450348,0.029376539779655406
KDM2A,methy->rna|CNVdiploid,-2.0,0.052771054208278656,0.023578243490609035
KDM2A,methy->rna|CNVdiploid,-1.5,0.016598094254732132,0.023699492276213013
KDM2A,methy->rna|CNVdiploid,-1.0,-0.04064403474330902,0.023787252990646133
KDM2A,methy->rna|CNVdiploid,-0.5,-0.12675723433494568,0.023569595783567123
KDM2A,methy->rna|CNVdiploid,0.0,-0.17933271825313568,0.022805566071818856
KDM2A,methy->rna|CNVdiploid,0.5,-0.20845381915569305,0.02252327771553752
KDM2A,methy->rna|CNVdiploid,1.0,-0.2582065165042877,0.02241434450263864
KDM2A,methy->rna|CNVdiploid,1.5,-0.30306315422058105,0.022425677183237912
KDM2A,methy->rna|CNVdiploid,2.0,-0.34079569578170776,0.02241617952515106
KRT10,methy->rna|CNVdiploid,-2.0,0.15366052091121674,0.019584247252751496
KRT10,methy->rna|CNVdiploid,-1.5,0.12419526278972626,0.019457811586411695
KRT10,methy->rna|CNVdiploid,-1.0,0.07217023521661758,0.01916059678216412
KRT10,methy->rna|CNVdiploid,-0.5,-0.022512182593345642,0.018276522382125546
KRT10,methy->rna|CNVdiploid,0.0,-0.11953737586736679,0.017432481765984737
KRT10,methy->rna|CNVdiploid,0.5,-0.17880791425704956,0.016747636980562253
KRT10,methy->rna|CNVdiploid,1.0,-0.27845826745033264,0.01697237711301581
KRT10,methy->rna|CNVdiploid,1.5,-0.3374290466308594,0.01699326302542411
KRT10,methy->rna|CNVdiploid,2.0,-0.3715254068374634,0.01695825375981896
PPP1R1B,methy->rna|CNVdiploid,-2.0,0.7042840123176575,0.015401845199931007
PPP1R1B,methy->rna|CNVdiploid,-1.5,0.6416258215904236,0.01560349390598271
PPP1R1B,methy->rna|CNVdiploid,-1.0,0.5203503370285034,0.01593610372284814
PPP1R1B,methy->rna|CNVdiploid,-0.5,0.23741267621517181,0.0168538013144801
PPP1R1B,methy->rna|CNVdiploid,0.0,-0.08756549656391144,0.018013090952552907
PPP1R1B,methy->rna|CNVdiploid,0.5,-0.192758247256279,0.018023672843062482
PPP1R1B,methy->rna|CNVdiploid,1.0,-0.41841116547584534,0.019263745969234063
PPP1R1B,methy->rna|CNVdiploid,1.5,-0.5339706540107727,0.019531439140520527
PPP1R1B,methy->rna|CNVdiploid,2.0,-0.5900505781173706,0.019483796115408843
RPL37,methy->rna|CNVdiploid,-2.0,0.19200211763381958,0.019306234804034733
RPL37,methy->rna|CNVdiploid,-1.5,0.15082234144210815,0.019496292575131198
RPL37,methy->rna|CNVdiploid,-1.0,0.08181717246770859,0.019726500725973903
RPL37,methy->rna|CNVdiploid,-0.5,-0.025793008506298065,0.01968944721913758
RPL37,methy->rna|CNVdiploid,0.0,-0.0988815426826477,0.01933481931148475
RPL37,methy->rna|CNVdiploid,0.5,-0.14112068712711334,0.019667908587913993
RPL37,methy->rna|CNVdiploid,1.0,-0.18867962062358856,0.02049977093113389
RPL37,methy->rna|CNVdiploid,1.5,-0.23324014246463776,0.0208980449146255
RPL37,methy->rna|CNVdiploid,2.0,-0.27098894119262695,0.02102293323419117
NES,methy->rna|CNVdiploid,-2.0,0.08145472407341003,0.019385659460142424
NES,methy->rna|CNVdiploid,-1.5,0.045458368957042694,0.019507575130412437
NES,methy->rna|CNVdiploid,-1.0,-0.012333848513662815,0.01966788897365911
NES,methy->rna|CNVdiploid,-0.5,-0.09846297651529312,0.019877055387735276
NES,methy->rna|CNVdiploid,0.0,-0.17801180481910706,0.02062051628419586
NES,methy->rna|CNVdiploid,0.5,-0.2053283005952835,0.020096227251163612
NES,methy->rna|CNVdiploid,1.0,-0.24150225520133972,0.02080787818492669
NES,methy->rna|CNVdiploid,1.5,-0.2675899565219879,0.021279914842949665
NES,methy->rna|CNVdiploid,2.0,-0.2889729142189026,0.021585674924241426
MRC2,methy->rna|CNVdiploid,-2.0,0.11919759958982468,0.030548576504040744
MRC2,methy->rna|CNVdiploid,-1.5,0.09443022310733795,0.031170420302777873
MRC2,methy->rna|CNVdiploid,-1.0,0.05357193946838379,0.03210108618593022
MRC2,methy->rna|CNVdiploid,-0.5,-0.018885670229792595,0.033319878935234186
MRC2,methy->rna|CNVdiploid,0.0,-0.09513208270072937,0.034266970667170514
MRC2,methy->rna|CNVdiploid,0.5,-0.1094328835606575,0.03426394789255682
MRC2,methy->rna|CNVdiploid,1.0,-0.18559293448925018,0.034362973727377955
MRC2,methy->rna|CNVdiploid,1.5,-0.25111398100852966,0.034129712290858406
MRC2,methy->rna|CNVdiploid,2.0,-0.3004133403301239,0.03383478145762392
POLD2,methy->rna|CNVdiploid,-2.0,0.09323988854885101,0.02347816502410916
POLD2,methy->rna|CNVdiploid,-1.5,0.057270392775535583,0.023493658106105365
POLD2,methy->rna|CNVdiploid,-1.0,-0.00022015596914570779,0.02343396321104868
POLD2,methy->rna|CNVdiploid,-0.5,-0.08533987402915955,0.022954882856160926
POLD2,methy->rna|CNVdiploid,0.0,-0.14085669815540314,0.022217639678498366
POLD2,methy->rna|CNVdiploid,0.5,-0.18100377917289734,0.022595122551813618
POLD2,methy->rna|CNVdiploid,1.0,-0.23350390791893005,0.023087091651521396
POLD2,methy->rna|CNVdiploid,1.5,-0.28272828459739685,0.023229700360693356
POLD2,methy->rna|CNVdiploid,2.0,-0.3242570757865906,0.023108832963378775
NECAB3,methy->rna|CNVdiploid,-2.0,0.034926630556583405,0.027439932861831683
NECAB3,methy->rna|CNVdiploid,-1.5,0.014979884028434753,0.027472100239840393
NECAB3,methy->rna|CNVdiploid,-1.0,-0.016392679885029793,0.027462674500688112
NECAB3,methy->rna|CNVdiploid,-0.5,-0.06202210113406181,0.02730832339092598
NECAB3,methy->rna|CNVdiploid,0.0,-0.11009161174297333,0.026703295546708854
NECAB3,methy->rna|CNVdiploid,0.5,-0.1340586245059967,0.02734409979183323
NECAB3,methy->rna|CNVdiploid,1.0,-0.1630098521709442,0.02774110102811908
NECAB3,methy->rna|CNVdiploid,1.5,-0.19835127890110016,0.027715550192091022
NECAB3,methy->rna|CNVdiploid,2.0,-0.23078066110610962,0.027557962730273135
KRT15,methy->rna|CNVdiploid,-2.0,0.24713759124279022,0.026090751084148094
KRT15,methy->rna|CNVdiploid,-1.5,0.21592292189598083,0.02649033922271689
KRT15,methy->rna|CNVdiploid,-1.0,0.16354556381702423,0.02710263959677244
KRT15,methy->rna|CNVdiploid,-0.5,0.07049007713794708,0.028065660283035716
KRT15,methy->rna|CNVdiploid,0.0,-0.02547828108072281,0.028639061230934248
KRT15,methy->rna|CNVdiploid,0.5,-0.06401384621858597,0.02846863732897603
KRT15,methy->rna|CNVdiploid,1.0,-0.15307755768299103,0.029547902986486376
KRT15,methy->rna|CNVdiploid,1.5,-0.22183682024478912,0.029977873605869503
KRT15,methy->rna|CNVdiploid,2.0,-0.26926296949386597,0.0300806435840117
CAPN8,methy->rna|CNVdiploid,-2.0,0.13292479515075684,0.029666190019602967
CAPN8,methy->rna|CNVdiploid,-1.5,0.09789975732564926,0.029459320652709807
CAPN8,methy->rna|CNVdiploid,-1.0,0.038022831082344055,0.028959564693813337
CAPN8,methy->rna|CNVdiploid,-0.5,-0.0671122595667839,0.027642354151589627
CAPN8,methy->rna|CNVdiploid,0.0,-0.17069774866104126,0.025254645523788432
CAPN8,methy->rna|CNVdiploid,0.5,-0.21996185183525085,0.025763777096519152
CAPN8,methy->rna|CNVdiploid,1.0,-0.297321081161499,0.025733645242295
CAPN8,methy->rna|CNVdiploid,1.5,-0.34144577383995056,0.025613239869651007
CAPN8,methy->rna|CNVdiploid,2.0,-0.3693857491016388,0.025497775109875966
EFNA4,methy->rna|CNVdiploid,-2.0,0.021993255242705345,0.01884104787968936
EFNA4,methy->rna|CNVdiploid,-1.5,-0.00398405222222209,0.01890811337585888
EFNA4,methy->rna|CNVdiploid,-1.0,-0.0428970567882061,0.018972731448891285
EFNA4,methy->rna|CNVdiploid,-0.5,-0.08850789070129395,0.01887266169983803
EFNA4,methy->rna|CNVdiploid,0.0,-0.12613120675086975,0.01885000287672444
EFNA4,methy->rna|CNVdiploid,0.5,-0.18295320868492126,0.01868106529941405
EFNA4,methy->rna|CNVdiploid,1.0,-0.2408464401960373,0.019281095867359224
EFNA4,methy->rna|CNVdiploid,1.5,-0.28220653533935547,0.01968966515530295
EFNA4,methy->rna|CNVdiploid,2.0,-0.3136804699897766,0.01993715564405955
METRN,methy->rna|CNVdiploid,-2.0,0.1290576010942459,0.026614490918043607
METRN,methy->rna|CNVdiploid,-1.5,0.10561927407979965,0.0266881250102374
METRN,methy->rna|CNVdiploid,-1.0,0.06622856855392456,0.026735125123661243
METRN,methy->rna|CNVdiploid,-0.5,-0.0030669604893773794,0.026551489931358252
METRN,methy->rna|CNVdiploid,0.0,-0.08810126036405563,0.025415098846180945
METRN,methy->rna|CNVdiploid,0.5,-0.1537969708442688,0.026627423250096705
METRN,methy->rna|CNVdiploid,1.0,-0.2503893971443176,0.02693112819334902
METRN,methy->rna|CNVdiploid,1.5,-0.3220682442188263,0.02667633030496754
METRN,methy->rna|CNVdiploid,2.0,-0.370337575674057,0.026397982234556104
MNDA,methy->rna|CNVdiploid,-2.0,-0.09318947046995163,0.030600963999472548
MNDA,methy->rna|CNVdiploid,-1.5,-0.10591386258602142,0.030694044535702368
MNDA,methy->rna|CNVdiploid,-1.0,-0.12575161457061768,0.030808044764446117
MNDA,methy->rna|CNVdiploid,-0.5,-0.15579266846179962,0.030859523466068326
MNDA,methy->rna|CNVdiploid,0.0,-0.18832948803901672,0.030759784979986434
MNDA,methy->rna|CNVdiploid,0.5,-0.22802269458770752,0.03091504924228147
MNDA,methy->rna|CNVdiploid,1.0,-0.2743043005466461,0.0313900868813016
MNDA,methy->rna|CNVdiploid,1.5,-0.31122857332229614,0.0317233287130466
MNDA,methy->rna|CNVdiploid,2.0,-0.3383208215236664,0.031932865618603895
TM4SF1,methy->rna|CNVdiploid,-2.0,0.26691290736198425,0.016394129264799433
TM4SF1,methy->rna|CNVdiploid,-1.5,0.2136908918619156,0.016797919212636576
TM4SF1,methy->rna|CNVdiploid,-1.0,0.12461892515420914,0.017395982906689283
TM4SF1,methy->rna|CNVdiploid,-0.5,-0.025179795920848846,0.018056836189346937
TM4SF1,methy->rna|CNVdiploid,0.0,-0.16006428003311157,0.0178516111508215
TM4SF1,methy->rna|CNVdiploid,0.5,-0.26245296001434326,0.017963843917264095
TM4SF1,methy->rna|CNVdiploid,1.0,-0.3795236051082611,0.01955221281580366
TM4SF1,methy->rna|CNVdiploid,1.5,-0.4552098512649536,0.020477164412699988
TM4SF1,methy->rna|CNVdiploid,2.0,-0.5022987127304077,0.02090367202641537
SYCP2,methy->rna|CNVdiploid,-2.0,0.25476837158203125,0.01762405746247301
SYCP2,methy->rna|CNVdiploid,-1.5,0.20133528113365173,0.01761101289329475
SYCP2,methy->rna|CNVdiploid,-1.0,0.10398697108030319,0.017530098643496746
SYCP2,methy->rna|CNVdiploid,-0.5,-0.08266463130712509,0.01711523426941629
SYCP2,methy->rna|CNVdiploid,0.0,-0.2107885181903839,0.01604445831522796
SYCP2,methy->rna|CNVdiploid,0.5,-0.3786860704421997,0.015663618135285173
SYCP2,methy->rna|CNVdiploid,1.0,-0.5785965919494629,0.016578106616882055
SYCP2,methy->rna|CNVdiploid,1.5,-0.6890535950660706,0.017340445143987047
SYCP2,methy->rna|CNVdiploid,2.0,-0.7467917203903198,0.017792270402033544
COL10A1,methy->rna|CNVdiploid,-2.0,0.09448441118001938,0.036281051712421866
COL10A1,methy->rna|CNVdiploid,-1.5,0.08208636194467545,0.036519794243500485
COL10A1,methy->rna|CNVdiploid,-1.0,0.06225358322262764,0.03684738281111578
COL10A1,methy->rna|CNVdiploid,-0.5,0.029342252761125565,0.0371640004721663
COL10A1,methy->rna|CNVdiploid,0.0,0.005517184268683195,0.037539722421265354
COL10A1,methy->rna|CNVdiploid,0.5,-0.04362853989005089,0.037324554045194885
COL10A1,methy->rna|CNVdiploid,1.0,-0.09198813885450363,0.038416357570299
COL10A1,methy->rna|CNVdiploid,1.5,-0.13539813458919525,0.039030976785154096
COL10A1,methy->rna|CNVdiploid,2.0,-0.16937735676765442,0.03934459128584581
BNIPL,methy->rna|CNVdiploid,-2.0,0.12506362795829773,0.022195913622172565
BNIPL,methy->rna|CNVdiploid,-1.5,0.08454805612564087,0.02221316326966165
BNIPL,methy->rna|CNVdiploid,-1.0,0.013454994186758995,0.022198217207440533
BNIPL,methy->rna|CNVdiploid,-0.5,-0.11866043508052826,0.022027834713353733
BNIPL,methy->rna|CNVdiploid,0.0,-0.22837713360786438,0.020757737611359857
BNIPL,methy->rna|CNVdiploid,0.5,-0.3591457009315491,0.021628464510950303
BNIPL,methy->rna|CNVdiploid,1.0,-0.5118706822395325,0.02258198971848838
BNIPL,methy->rna|CNVdiploid,1.5,-0.5955866575241089,0.023087196260880773
BNIPL,methy->rna|CNVdiploid,2.0,-0.643800675868988,0.02334735973765368
AQP1,methy->rna|CNVdiploid,-2.0,0.2700870931148529,0.02752576919992458
AQP1,methy->rna|CNVdiploid,-1.5,0.2393503040075302,0.0279194621652201
AQP1,methy->rna|CNVdiploid,-1.0,0.18459172546863556,0.028492028417605265
AQP1,methy->rna|CNVdiploid,-0.5,0.08364877104759216,0.029166453674961377
AQP1,methy->rna|CNVdiploid,0.0,-0.015620491467416286,0.02922348321071558
AQP1,methy->rna|CNVdiploid,0.5,-0.02941018156707287,0.029559292330488648
AQP1,methy->rna|CNVdiploid,1.0,-0.0691385418176651,0.02945133111288732
AQP1,methy->rna|CNVdiploid,1.5,-0.0947783961892128,0.029538248414360455
AQP1,methy->rna|CNVdiploid,2.0,-0.11381743103265762,0.02966916048953697
CD9,methy->rna|CNVdiploid,-2.0,0.22532272338867188,0.01973895141910153
CD9,methy->rna|CNVdiploid,-1.5,0.17939656972885132,0.01998256264411453
CD9,methy->rna|CNVdiploid,-1.0,0.1007419154047966,0.02031479107269056
CD9,methy->rna|CNVdiploid,-0.5,-0.030299808830022812,0.020575429650303973
CD9,methy->rna|CNVdiploid,0.0,-0.1057029664516449,0.020663879043019664
CD9,methy->rna|CNVdiploid,0.5,-0.1790134608745575,0.019916645671536514
CD9,methy->rna|CNVdiploid,1.0,-0.2700904905796051,0.019756641297644668
CD9,methy->rna|CNVdiploid,1.5,-0.33422785997390747,0.019878304161962852
CD9,methy->rna|CNVdiploid,2.0,-0.38007262349128723,0.019958029569978754
PTMS,methy->rna|CNVdiploid,-2.0,0.16088370978832245,0.02137723859631925
PTMS,methy->rna|CNVdiploid,-1.5,0.12991581857204437,0.021571646373276514
PTMS,methy->rna|CNVdiploid,-1.0,0.07674496620893478,0.021844317206580043
PTMS,methy->rna|CNVdiploid,-0.5,-0.010930145159363747,0.021929046428952857
PTMS,methy->rna|CNVdiploid,0.0,-0.08216149359941483,0.021580324591381574
PTMS,methy->rna|CNVdiploid,0.5,-0.15476810932159424,0.02215614245135407
PTMS,methy->rna|CNVdiploid,1.0,-0.24856773018836975,0.022210652645036584
PTMS,methy->rna|CNVdiploid,1.5,-0.32358819246292114,0.02185451661911939
PTMS,methy->rna|CNVdiploid,2.0,-0.3750324845314026,0.021495656391135064
SND1,methy->rna|CNVdiploid,-2.0,0.05540524795651436,0.01927501980706869
SND1,methy->rna|CNVdiploid,-1.5,0.016883689910173416,0.019232862235239383
SND1,methy->rna|CNVdiploid,-1.0,-0.042032334953546524,0.01911139769283169
SND1,methy->rna|CNVdiploid,-0.5,-0.11789119988679886,0.01876557440625984
SND1,methy->rna|CNVdiploid,0.0,-0.1379145234823227,0.018825670303860804
SND1,methy->rna|CNVdiploid,0.5,-0.19132071733474731,0.018435507904444287
SND1,methy->rna|CNVdiploid,1.0,-0.2540120482444763,0.01840491402554955
SND1,methy->rna|CNVdiploid,1.5,-0.303680419921875,0.018571824796521995
SND1,methy->rna|CNVdiploid,2.0,-0.3439016044139862,0.018704375751662096
FZD6,methy->rna|CNVdiploid,-2.0,-0.014863709919154644,0.018388839053991808
FZD6,methy->rna|CNVdiploid,-1.5,-0.0541580431163311,0.018316163880925645
FZD6,methy->rna|CNVdiploid,-1.0,-0.1143556460738182,0.01821929016573755
FZD6,methy->rna|CNVdiploid,-0.5,-0.19929857552051544,0.018205027333394866
FZD6,methy->rna|CNVdiploid,0.0,-0.2562132775783539,0.01865339176513528
FZD6,methy->rna|CNVdiploid,0.5,-0.35313937067985535,0.018205980804118362
FZD6,methy->rna|CNVdiploid,1.0,-0.4557589888572693,0.018232456779168422
FZD6,methy->rna|CNVdiploid,1.5,-0.5225179195404053,0.018228514313936864
FZD6,methy->rna|CNVdiploid,2.0,-0.56425940990448,0.01823766872256326
C1S,methy->rna|CNVdiploid,-2.0,0.13012641668319702,0.028481621965708814
C1S,methy->rna|CNVdiploid,-1.5,0.1037493422627449,0.028852449068533646
C1S,methy->rna|CNVdiploid,-1.0,0.06118330359458923,0.029372416427406595
C1S,methy->rna|CNVdiploid,-0.5,-0.00878465361893177,0.029954663404257523
C1S,methy->rna|CNVdiploid,0.0,-0.07640258967876434,0.030322827327141522
C1S,methy->rna|CNVdiploid,0.5,-0.11423945426940918,0.03046658455990499
C1S,methy->rna|CNVdiploid,1.0,-0.1849098801612854,0.031254212399639596
C1S,methy->rna|CNVdiploid,1.5,-0.2442300170660019,0.031948391391024906
C1S,methy->rna|CNVdiploid,2.0,-0.288068026304245,0.03238528148365855
S100A14,methy->rna|CNVdiploid,-2.0,0.1525348573923111,0.02135040629563881
S100A14,methy->rna|CNVdiploid,-1.5,0.1191372349858284,0.021425282623975216
S100A14,methy->rna|CNVdiploid,-1.0,0.06081916764378548,0.021518622504241827
S100A14,methy->rna|CNVdiploid,-0.5,-0.04650367423892021,0.021527762747017475
S100A14,methy->rna|CNVdiploid,0.0,-0.14372652769088745,0.021012280514427852
S100A14,methy->rna|CNVdiploid,0.5,-0.23367711901664734,0.021390327842411412
S100A14,methy->rna|CNVdiploid,1.0,-0.39088553190231323,0.022509948739663447
S100A14,methy->rna|CNVdiploid,1.5,-0.4991370141506195,0.02302165195914554
S100A14,methy->rna|CNVdiploid,2.0,-0.5680698156356812,0.02326736626815437
RBP1,methy->rna|CNVdiploid,-2.0,0.23923933506011963,0.014493978708718915
RBP1,methy->rna|CNVdiploid,-1.5,0.1892445683479309,0.014644718616220853
RBP1,methy->rna|CNVdiploid,-1.0,0.10273604094982147,0.014825992470172052
RBP1,methy->rna|CNVdiploid,-0.5,-0.03785448893904686,0.014741343884180426
RBP1,methy->rna|CNVdiploid,0.0,-0.13475126028060913,0.015190490706754519
RBP1,methy->rna|CNVdiploid,0.5,-0.23333312571048737,0.01384229944894254
RBP1,methy->rna|CNVdiploid,1.0,-0.3577057123184204,0.013622887855732298
RBP1,methy->rna|CNVdiploid,1.5,-0.452398419380188,0.013791597689749876
RBP1,methy->rna|CNVdiploid,2.0,-0.5187652111053467,0.01401559357019869
RIN2,methy->rna|CNVdiploid,-2.0,0.10075204819440842,0.027590605209122356
RIN2,methy->rna|CNVdiploid,-1.5,0.0483313724398613,0.02843291977083343
RIN2,methy->rna|CNVdiploid,-1.0,-0.03542088344693184,0.029644636132847804
RIN2,methy->rna|CNVdiploid,-0.5,-0.16814903914928436,0.030758475183632557
RIN2,methy->rna|CNVdiploid,0.0,-0.27021610736846924,0.029179739063602373
RIN2,methy->rna|CNVdiploid,0.5,-0.34475862979888916,0.029193955039669504
RIN2,methy->rna|CNVdiploid,1.0,-0.4881754219532013,0.029025849978510827
RIN2,methy->rna|CNVdiploid,1.5,-0.5923149585723877,0.028504786400726064
RIN2,methy->rna|CNVdiploid,2.0,-0.6597456932067871,0.02808743864404121
YWHAZ,methy->rna|CNVdiploid,-2.0,-0.23869897425174713,0.02843639585267109
YWHAZ,methy->rna|CNVdiploid,-1.5,-0.24363887310028076,0.028352658239850715
YWHAZ,methy->rna|CNVdiploid,-1.0,-0.24836376309394836,0.028218010738799745
YWHAZ,methy->rna|CNVdiploid,-0.5,-0.2454385757446289,0.02803377186331868
YWHAZ,methy->rna|CNVdiploid,0.0,-0.26787421107292175,0.027663849195580136
YWHAZ,methy->rna|CNVdiploid,0.5,-0.27789729833602905,0.02730058011897036
YWHAZ,methy->rna|CNVdiploid,1.0,-0.27851414680480957,0.027564470304171106
YWHAZ,methy->rna|CNVdiploid,1.5,-0.2806452810764313,0.027727192342045126
YWHAZ,methy->rna|CNVdiploid,2.0,-0.2839096486568451,0.027799337930229436
MAL2,methy->rna|CNVdiploid,-2.0,-0.07556372880935669,0.02022834669269628
MAL2,methy->rna|CNVdiploid,-1.5,-0.0981370061635971,0.019764264704709333
MAL2,methy->rna|CNVdiploid,-1.0,-0.13257279992103577,0.018951153589157933
MAL2,methy->rna|CNVdiploid,-0.5,-0.18466965854167938,0.017500154214374817
MAL2,methy->rna|CNVdiploid,0.0,-0.2605627477169037,0.01609629988056551
MAL2,methy->rna|CNVdiploid,0.5,-0.2930436432361603,0.0162388366708029
MAL2,methy->rna|CNVdiploid,1.0,-0.3788282871246338,0.01640217110930161
MAL2,methy->rna|CNVdiploid,1.5,-0.4491172730922699,0.016585264730233654
MAL2,methy->rna|CNVdiploid,2.0,-0.4978330433368683,0.016716232379132338
COL1A1,methy->rna|CNVdiploid,-2.0,0.07565666735172272,0.036357856775821804
COL1A1,methy->rna|CNVdiploid,-1.5,0.060065049678087234,0.036525107527212226
COL1A1,methy->rna|CNVdiploid,-1.0,0.03474529832601547,0.03676086651218692
COL1A1,methy->rna|CNVdiploid,-0.5,-0.007489996030926704,0.03709215999461351
COL1A1,methy->rna|CNVdiploid,0.0,-0.04297111555933952,0.03802644361811101
COL1A1,methy->rna|CNVdiploid,0.5,-0.048192109912633896,0.037035091230349544
COL1A1,methy->rna|CNVdiploid,1.0,-0.07712066918611526,0.037520600702115735
COL1A1,methy->rna|CNVdiploid,1.5,-0.10078223049640656,0.03780788851403068
COL1A1,methy->rna|CNVdiploid,2.0,-0.11857949942350388,0.037954136757164324
KRT14,methy->rna|CNVdiploid,-2.0,0.19255055487155914,0.03333263038027002
KRT14,methy->rna|CNVdiploid,-1.5,0.16977281868457794,0.03354894510057035
KRT14,methy->rna|CNVdiploid,-1.0,0.1337561011314392,0.03377676031231728
KRT14,methy->rna|CNVdiploid,-0.5,0.07755390554666519,0.033755762162783816
KRT14,methy->rna|CNVdiploid,0.0,0.025725405663251877,0.03357356970789558
KRT14,methy->rna|CNVdiploid,0.5,0.0013952713925391436,0.03282982767378167
KRT14,methy->rna|CNVdiploid,1.0,-0.0518813319504261,0.03329661860830417
KRT14,methy->rna|CNVdiploid,1.5,-0.09357696026563644,0.03341565316246798
KRT14,methy->rna|CNVdiploid,2.0,-0.12274238467216492,0.03337136853366466
ETV3,methy->rna|CNVdiploid,-2.0,-0.18083317577838898,0.02530690007815936
ETV3,methy->rna|CNVdiploid,-1.5,-0.20513026416301727,0.02534566220453219
ETV3,methy->rna|CNVdiploid,-1.0,-0.2402898222208023,0.025378102002747618
ETV3,methy->rna|CNVdiploid,-0.5,-0.27709904313087463,0.02541071614989534
ETV3,methy->rna|CNVdiploid,0.0,-0.27546414732933044,0.025615031304930355
ETV3,methy->rna|CNVdiploid,0.5,-0.3190738260746002,0.02575165330763958
ETV3,methy->rna|CNVdiploid,1.0,-0.3374168872833252,0.02609439497683309
ETV3,methy->rna|CNVdiploid,1.5,-0.346225768327713,0.026371786307478547
ETV3,methy->rna|CNVdiploid,2.0,-0.35484689474105835,0.026564108435333213
MIR635,methy->rna|CNVdiploid,-2.0,0.05862129107117653,0.024378831994098234
MIR635,methy->rna|CNVdiploid,-1.5,0.033723846077919006,0.02425494618089327
MIR635,methy->rna|CNVdiploid,-1.0,-0.005243453197181225,0.024006566512581956
MIR635,methy->rna|CNVdiploid,-0.5,-0.06338619440793991,0.023501824174221805
MIR635,methy->rna|CNVdiploid,0.0,-0.11828145384788513,0.022569580433232175
MIR635,methy->rna|CNVdiploid,0.5,-0.1666570007801056,0.02292348479281597
MIR635,methy->rna|CNVdiploid,1.0,-0.2435806542634964,0.023199300444985797
MIR635,methy->rna|CNVdiploid,1.5,-0.2994135618209839,0.02328175877251545
MIR635,methy->rna|CNVdiploid,2.0,-0.3376835584640503,0.023288462488962252
TMEM204,methy->rna|CNVdiploid,-2.0,0.10971066355705261,0.028460556255964085
TMEM204,methy->rna|CNVdiploid,-1.5,0.08878711611032486,0.028977208805761746
TMEM204,methy->rna|CNVdiploid,-1.0,0.054090261459350586,0.02973101077326917
TMEM204,methy->rna|CNVdiploid,-0.5,-0.0023224889300763607,0.030469254277930777
TMEM204,methy->rna|CNVdiploid,0.0,-0.05243769660592079,0.03115349102145188
TMEM204,methy->rna|CNVdiploid,0.5,-0.0783214420080185,0.03081829212294185
TMEM204,methy->rna|CNVdiploid,1.0,-0.10724269598722458,0.030733275224830745
TMEM204,methy->rna|CNVdiploid,1.5,-0.1343601495027542,0.0304612124334286
TMEM204,methy->rna|CNVdiploid,2.0,-0.1575826108455658,0.030253320945919853
MT2A,methy->rna|CNVdiploid,-2.0,0.3309333622455597,0.01764855130809902
MT2A,methy->rna|CNVdiploid,-1.5,0.29279401898384094,0.017768147047888663
MT2A,methy->rna|CNVdiploid,-1.0,0.22562551498413086,0.017955012054162448
MT2A,methy->rna|CNVdiploid,-0.5,0.09732667356729507,0.018131940260976157
MT2A,methy->rna|CNVdiploid,0.0,-0.030888106673955917,0.01827027742130685
MT2A,methy->rna|CNVdiploid,0.5,-0.12034507095813751,0.01822871699457066
MT2A,methy->rna|CNVdiploid,1.0,-0.25856107473373413,0.018921350818543493
MT2A,methy->rna|CNVdiploid,1.5,-0.3542225956916809,0.01925702481789403
MT2A,methy->rna|CNVdiploid,2.0,-0.41447538137435913,0.01938438235421335
CRABP2,methy->rna|CNVdiploid,-2.0,0.0602119155228138,0.019884864040540507
CRABP2,methy->rna|CNVdiploid,-1.5,0.021391883492469788,0.01991722974045971
CRABP2,methy->rna|CNVdiploid,-1.0,-0.04106054827570915,0.019891628779113615
CRABP2,methy->rna|CNVdiploid,-0.5,-0.13202129304409027,0.019516105151925044
CRABP2,methy->rna|CNVdiploid,0.0,-0.21303138136863708,0.017765681100177493
CRABP2,methy->rna|CNVdiploid,0.5,-0.29297903180122375,0.01829568877818907
CRABP2,methy->rna|CNVdiploid,1.0,-0.40643110871315,0.019150046492398525
CRABP2,methy->rna|CNVdiploid,1.5,-0.49450770020484924,0.019563528061509707
CRABP2,methy->rna|CNVdiploid,2.0,-0.5585645437240601,0.019783307966839424
SLC30A1,methy->rna|CNVdiploid,-2.0,-0.1458376944065094,0.025380274826316364
SLC30A1,methy->rna|CNVdiploid,-1.5,-0.16830730438232422,0.025494950657172763
SLC30A1,methy->rna|CNVdiploid,-1.0,-0.20294566452503204,0.025667710834823755
SLC30A1,methy->rna|CNVdiploid,-0.5,-0.254492849111557,0.02594607198140511
SLC30A1,methy->rna|CNVdiploid,0.0,-0.29138824343681335,0.024965289497664123
SLC30A1,methy->rna|CNVdiploid,0.5,-0.3702213168144226,0.025774883123506443
SLC30A1,methy->rna|CNVdiploid,1.0,-0.43714186549186707,0.026192695084223536
SLC30A1,methy->rna|CNVdiploid,1.5,-0.47085538506507874,0.026304912595134556
SLC30A1,methy->rna|CNVdiploid,2.0,-0.4913717210292816,0.026345043360625913
FAM107B,methy->rna|CNVdiploid,-2.0,0.03849005326628685,0.023078895072341805
FAM107B,methy->rna|CNVdiploid,-1.5,0.009717270731925964,0.022973333331921208
FAM107B,methy->rna|CNVdiploid,-1.0,-0.036203328520059586,0.022787987340720055
FAM107B,methy->rna|CNVdiploid,-0.5,-0.11179487407207489,0.022387505663873236
FAM107B,methy->rna|CNVdiploid,0.0,-0.1989153027534485,0.02162207680194329
FAM107B,methy->rna|CNVdiploid,0.5,-0.24626542627811432,0.022560786708959467
FAM107B,methy->rna|CNVdiploid,1.0,-0.3480342924594879,0.023447983044566977
FAM107B,methy->rna|CNVdiploid,1.5,-0.41280239820480347,0.023766365988557005
FAM107B,methy->rna|CNVdiploid,2.0,-0.4527415633201599,0.023872546667687258
COPZ2,methy->rna|CNVdiploid,-2.0,0.15420979261398315,0.03205700641712234
COPZ2,methy->rna|CNVdiploid,-1.5,0.1283540278673172,0.0323682323374416
COPZ2,methy->rna|CNVdiploid,-1.0,0.0841418206691742,0.03275277416315321
COPZ2,methy->rna|CNVdiploid,-0.5,0.002274993807077408,0.03296994319322179
COPZ2,methy->rna|CNVdiploid,0.0,-0.08163587003946304,0.03292472361826902
COPZ2,methy->rna|CNVdiploid,0.5,-0.10997142642736435,0.03227245593084615
COPZ2,methy->rna|CNVdiploid,1.0,-0.17882442474365234,0.03263212688136565
COPZ2,methy->rna|CNVdiploid,1.5,-0.23492249846458435,0.03260503523664842
COPZ2,methy->rna|CNVdiploid,2.0,-0.27545166015625,0.0324585363669246
NRN1,methy->rna|CNVdiploid,-2.0,0.16591952741146088,0.02468210324438146
NRN1,methy->rna|CNVdiploid,-1.5,0.13597352802753448,0.024911609640771673
NRN1,methy->rna|CNVdiploid,-1.0,0.08702974766492844,0.025277446005409515
NRN1,methy->rna|CNVdiploid,-0.5,0.0059013389982283115,0.02590201182685212
NRN1,methy->rna|CNVdiploid,0.0,-0.07359544187784195,0.026798965164583275
NRN1,methy->rna|CNVdiploid,0.5,-0.10751154273748398,0.026066871818508426
NRN1,methy->rna|CNVdiploid,1.0,-0.1725178211927414,0.025880233465846628
NRN1,methy->rna|CNVdiploid,1.5,-0.21901658177375793,0.02600719653770663
NRN1,methy->rna|CNVdiploid,2.0,-0.25289177894592285,0.026182321322751893
CYB5R1,methy->rna|CNVdiploid,-2.0,-0.15486986935138702,0.028291701494396533
CYB5R1,methy->rna|CNVdiploid,-1.5,-0.17547982931137085,0.028367621736965064
CYB5R1,methy->rna|CNVdiploid,-1.0,-0.20517458021640778,0.028401667724719273
CYB5R1,methy->rna|CNVdiploid,-0.5,-0.23501168191432953,0.028182857635325454
CYB5R1,methy->rna|CNVdiploid,0.0,-0.24393580853939056,0.02672239983096525
CYB5R1,methy->rna|CNVdiploid,0.5,-0.2786124348640442,0.027508656852219673
CYB5R1,methy->rna|CNVdiploid,1.0,-0.3026290237903595,0.027845978448980416
CYB5R1,methy->rna|CNVdiploid,1.5,-0.3163977265357971,0.027991561986809684
CYB5R1,methy->rna|CNVdiploid,2.0,-0.32823291420936584,0.028064272029662305
EFR3A,methy->rna|CNVdiploid,-2.0,-0.1610698252916336,0.028533963694545892
EFR3A,methy->rna|CNVdiploid,-1.5,-0.1755097359418869,0.028636729313964784
EFR3A,methy->rna|CNVdiploid,-1.0,-0.19543685019016266,0.028870816728551085
EFR3A,methy->rna|CNVdiploid,-0.5,-0.21417684853076935,0.029541676550241733
EFR3A,methy->rna|CNVdiploid,0.0,-0.2154906839132309,0.030090930171017195
EFR3A,methy->rna|CNVdiploid,0.5,-0.23986613750457764,0.02994365544854465
EFR3A,methy->rna|CNVdiploid,1.0,-0.25335970520973206,0.03048899929451336
EFR3A,methy->rna|CNVdiploid,1.5,-0.2608666718006134,0.030813329716456356
EFR3A,methy->rna|CNVdiploid,2.0,-0.2680363953113556,0.030985730299434487
ISM1,methy->rna|CNVdiploid,-2.0,0.16777099668979645,0.02604524165409539
ISM1,methy->rna|CNVdiploid,-1.5,0.1311030238866806,0.02652708979828335
ISM1,methy->rna|CNVdiploid,-1.0,0.07177062332630157,0.027264106322333923
ISM1,methy->rna|CNVdiploid,-0.5,-0.027344249188899994,0.02837202404750555
ISM1,methy->rna|CNVdiploid,0.0,-0.11740341037511826,0.029282622368550566
ISM1,methy->rna|CNVdiploid,0.5,-0.12913964688777924,0.028958106700867004
ISM1,methy->rna|CNVdiploid,1.0,-0.1920357495546341,0.028808147004837092
ISM1,methy->rna|CNVdiploid,1.5,-0.2425253540277481,0.028750949658235558
ISM1,methy->rna|CNVdiploid,2.0,-0.28088122606277466,0.02873018470039904
RARRES1,methy->rna|CNVdiploid,-2.0,0.16387419402599335,0.023556098996845718
RARRES1,methy->rna|CNVdiploid,-1.5,0.12120611220598221,0.023937958028361614
RARRES1,methy->rna|CNVdiploid,-1.0,0.05425259470939636,0.024410321590632642
RARRES1,methy->rna|CNVdiploid,-0.5,-0.04922167956829071,0.02467628870748937
RARRES1,methy->rna|CNVdiploid,0.0,-0.13544270396232605,0.02411863364753887
RARRES1,methy->rna|CNVdiploid,0.5,-0.18606436252593994,0.023497896964521824
RARRES1,methy->rna|CNVdiploid,1.0,-0.24310290813446045,0.02382272863964517
RARRES1,methy->rna|CNVdiploid,1.5,-0.28790804743766785,0.02416564029904767
RARRES1,methy->rna|CNVdiploid,2.0,-0.3230517506599426,0.024411217308272316
GAPDH,methy->rna|CNVdiploid,-2.0,0.04962211847305298,0.02208137073237704
GAPDH,methy->rna|CNVdiploid,-1.5,0.015116940252482891,0.021854473031886316
GAPDH,methy->rna|CNVdiploid,-1.0,-0.040284402668476105,0.021340379052670107
GAPDH,methy->rna|CNVdiploid,-0.5,-0.12287800759077072,0.020030752689001296
GAPDH,methy->rna|CNVdiploid,0.0,-0.18631742894649506,0.019871245209566495
GAPDH,methy->rna|CNVdiploid,0.5,-0.22949960827827454,0.018526001538391155
GAPDH,methy->rna|CNVdiploid,1.0,-0.3084729313850403,0.017944832255877983
GAPDH,methy->rna|CNVdiploid,1.5,-0.37316927313804626,0.017938681007610396
GAPDH,methy->rna|CNVdiploid,2.0,-0.4174478352069855,0.017983368818319655
ASAP1,methy->rna|CNVdiploid,-2.0,-0.1714932918548584,0.030620262246916122
ASAP1,methy->rna|CNVdiploid,-1.5,-0.18452772498130798,0.030548628808720436
ASAP1,methy->rna|CNVdiploid,-1.0,-0.20175644755363464,0.030398241957806396
ASAP1,methy->rna|CNVdiploid,-0.5,-0.21865494549274445,0.030057718878776358
ASAP1,methy->rna|CNVdiploid,0.0,-0.23324401676654816,0.030118089375945692
ASAP1,methy->rna|CNVdiploid,0.5,-0.272185742855072,0.02977364998402394
ASAP1,methy->rna|CNVdiploid,1.0,-0.3212815821170807,0.02976067842346108
ASAP1,methy->rna|CNVdiploid,1.5,-0.35474252700805664,0.029719473232674445
ASAP1,methy->rna|CNVdiploid,2.0,-0.3776231110095978,0.029673416782846657
RTP4,methy->rna|CNVdiploid,-2.0,0.20015716552734375,0.015432855336901601
RTP4,methy->rna|CNVdiploid,-1.5,0.14282236993312836,0.015609577594039033
RTP4,methy->rna|CNVdiploid,-1.0,0.04485151171684265,0.01578331957411502
RTP4,methy->rna|CNVdiploid,-0.5,-0.11468274146318436,0.015488071643759916
RTP4,methy->rna|CNVdiploid,0.0,-0.24169929325580597,0.015876114613968203
RTP4,methy->rna|CNVdiploid,0.5,-0.31956690549850464,0.015003646404416445
RTP4,methy->rna|CNVdiploid,1.0,-0.44035452604293823,0.015799008798660055
RTP4,methy->rna|CNVdiploid,1.5,-0.5323488116264343,0.016517586833439443
RTP4,methy->rna|CNVdiploid,2.0,-0.5915489196777344,0.016932646260387905
TFAP2C,methy->rna|CNVdiploid,-2.0,0.08148132264614105,0.01748859596984438
TFAP2C,methy->rna|CNVdiploid,-1.5,0.04712267965078354,0.018000670770488433
TFAP2C,methy->rna|CNVdiploid,-1.0,-0.007906373590230942,0.018869170362468792
TFAP2C,methy->rna|CNVdiploid,-0.5,-0.0952594131231308,0.020173649073911545
TFAP2C,methy->rna|CNVdiploid,0.0,-0.1797424554824829,0.02012959327808186
TFAP2C,methy->rna|CNVdiploid,0.5,-0.20362147688865662,0.019675357646046363
TFAP2C,methy->rna|CNVdiploid,1.0,-0.2727654278278351,0.01998465483130209
TFAP2C,methy->rna|CNVdiploid,1.5,-0.33726611733436584,0.019576471290371072
TFAP2C,methy->rna|CNVdiploid,2.0,-0.38302502036094666,0.019169100651336885
ADAMTS2,methy->rna|CNVdiploid,-2.0,-0.018915457651019096,0.036664421041563776
ADAMTS2,methy->rna|CNVdiploid,-1.5,-0.034004095941782,0.03685562079816679
ADAMTS2,methy->rna|CNVdiploid,-1.0,-0.057606637477874756,0.03712333358370813
ADAMTS2,methy->rna|CNVdiploid,-0.5,-0.0926615446805954,0.03745841043796556
ADAMTS2,methy->rna|CNVdiploid,0.0,-0.11956331878900528,0.03783068899565176
ADAMTS2,methy->rna|CNVdiploid,0.5,-0.13167458772659302,0.037684065902313664
ADAMTS2,methy->rna|CNVdiploid,1.0,-0.15207307040691376,0.03826493988132276
ADAMTS2,methy->rna|CNVdiploid,1.5,-0.1688200831413269,0.038598722194757885
ADAMTS2,methy->rna|CNVdiploid,2.0,-0.18300887942314148,0.03878583346889854
TMEM147,methy->rna|CNVdiploid,-2.0,0.10342584550380707,0.022106603381603657
TMEM147,methy->rna|CNVdiploid,-1.5,0.06159396842122078,0.022165461401785318
TMEM147,methy->rna|CNVdiploid,-1.0,-0.005045895930379629,0.022184539533701867
TMEM147,methy->rna|CNVdiploid,-0.5,-0.1000700369477272,0.02193751978706247
TMEM147,methy->rna|CNVdiploid,0.0,-0.1532466560602188,0.021814187531717544
TMEM147,methy->rna|CNVdiploid,0.5,-0.20843656361103058,0.021504079623926642
TMEM147,methy->rna|CNVdiploid,1.0,-0.2587246894836426,0.02194485115966554
TMEM147,methy->rna|CNVdiploid,1.5,-0.3148660361766815,0.02220779332254692
TMEM147,methy->rna|CNVdiploid,2.0,-0.365207701921463,0.022209765644843525
SSH3,methy->rna|CNVdiploid,-2.0,0.09220806509256363,0.025725522761411636
SSH3,methy->rna|CNVdiploid,-1.5,0.0670325756072998,0.025769800852129997
SSH3,methy->rna|CNVdiploid,-1.0,0.026685791090130806,0.025842905359441937
SSH3,methy->rna|CNVdiploid,-0.5,-0.039802610874176025,0.025967203071999453
SSH3,methy->rna|CNVdiploid,0.0,-0.1170765683054924,0.02542999914180734
SSH3,methy->rna|CNVdiploid,0.5,-0.17244288325309753,0.026542837865593038
SSH3,methy->rna|CNVdiploid,1.0,-0.26925766468048096,0.02694076968930502
SSH3,methy->rna|CNVdiploid,1.5,-0.3385230302810669,0.02705624752524998
SSH3,methy->rna|CNVdiploid,2.0,-0.38486915826797485,0.027104058361209
PPP1R2,methy->rna|CNVdiploid,-2.0,-0.062341589480638504,0.024878293739171456
PPP1R2,methy->rna|CNVdiploid,-1.5,-0.09634619951248169,0.02497571774317711
PPP1R2,methy->rna|CNVdiploid,-1.0,-0.14614295959472656,0.025056201569048503
PPP1R2,methy->rna|CNVdiploid,-0.5,-0.20322012901306152,0.025021802524706396
PPP1R2,methy->rna|CNVdiploid,0.0,-0.2107466608285904,0.024462456280112618
PPP1R2,methy->rna|CNVdiploid,0.5,-0.2513444423675537,0.024474019973047188
PPP1R2,methy->rna|CNVdiploid,1.0,-0.28414586186408997,0.02422470971730974
PPP1R2,methy->rna|CNVdiploid,1.5,-0.3066764175891876,0.02421296731671957
PPP1R2,methy->rna|CNVdiploid,2.0,-0.3266185522079468,0.02425439262303323
CFH,methy->rna|CNVdiploid,-2.0,0.00823067594319582,0.030357786467428635
CFH,methy->rna|CNVdiploid,-1.5,-0.009468096308410168,0.03053207437759888
CFH,methy->rna|CNVdiploid,-1.0,-0.03926640376448631,0.03081111548501619
CFH,methy->rna|CNVdiploid,-0.5,-0.09387251734733582,0.03125958234675433
CFH,methy->rna|CNVdiploid,0.0,-0.15833336114883423,0.03110923908307336
CFH,methy->rna|CNVdiploid,0.5,-0.18420422077178955,0.03135688212714572
CFH,methy->rna|CNVdiploid,1.0,-0.22091728448867798,0.03164626648497153
CFH,methy->rna|CNVdiploid,1.5,-0.24389907717704773,0.031873735178215526
CFH,methy->rna|CNVdiploid,2.0,-0.25937986373901367,0.03203176069172581
CD93,methy->rna|CNVdiploid,-2.0,0.03816913068294525,0.03167571401963641
CD93,methy->rna|CNVdiploid,-1.5,0.022311804816126823,0.03180043016963144
CD93,methy->rna|CNVdiploid,-1.0,-0.0034094087313860655,0.03193232949563708
CD93,methy->rna|CNVdiploid,-0.5,-0.04440056532621384,0.03194807756294677
CD93,methy->rna|CNVdiploid,0.0,-0.08056383579969406,0.03178967719923205
CD93,methy->rna|CNVdiploid,0.5,-0.09249836951494217,0.03180461018528325
CD93,methy->rna|CNVdiploid,1.0,-0.11668793112039566,0.03193674270298584
CD93,methy->rna|CNVdiploid,1.5,-0.13875678181648254,0.03208652369136015
CD93,methy->rna|CNVdiploid,2.0,-0.1568184643983841,0.032215916751464034
SNRPE,methy->rna|CNVdiploid,-2.0,-0.10386485606431961,0.018148019591257204
SNRPE,methy->rna|CNVdiploid,-1.5,-0.13823027908802032,0.018153778554427125
SNRPE,methy->rna|CNVdiploid,-1.0,-0.19281001389026642,0.018065830414891786
SNRPE,methy->rna|CNVdiploid,-0.5,-0.27672162652015686,0.017574899781012
SNRPE,methy->rna|CNVdiploid,0.0,-0.3213978409767151,0.016142762781341715
SNRPE,methy->rna|CNVdiploid,0.5,-0.4088493883609772,0.016699430590463086
SNRPE,methy->rna|CNVdiploid,1.0,-0.484534353017807,0.0167212667045524
SNRPE,methy->rna|CNVdiploid,1.5,-0.5310237407684326,0.016728797488746786
SNRPE,methy->rna|CNVdiploid,2.0,-0.5613443851470947,0.016736346797515227
INHBA,methy->rna|CNVdiploid,-2.0,-0.0833352580666542,0.03415504083199779
INHBA,methy->rna|CNVdiploid,-1.5,-0.09622755646705627,0.03430481746164879
INHBA,methy->rna|CNVdiploid,-1.0,-0.1149311363697052,0.03453295957764378
INHBA,methy->rna|CNVdiploid,-0.5,-0.13994593918323517,0.03489973088843106
INHBA,methy->rna|CNVdiploid,0.0,-0.16061542928218842,0.03536065062265848
INHBA,methy->rna|CNVdiploid,0.5,-0.20290115475654602,0.03587625272013906
INHBA,methy->rna|CNVdiploid,1.0,-0.2669784128665924,0.0366613742939719
INHBA,methy->rna|CNVdiploid,1.5,-0.3170948326587677,0.03690218939798319
INHBA,methy->rna|CNVdiploid,2.0,-0.35315629839897156,0.036932905321130534
DSTN,methy->rna|CNVdiploid,-2.0,0.18191944062709808,0.020003083513445836
DSTN,methy->rna|CNVdiploid,-1.5,0.13472238183021545,0.020258920957336134
DSTN,methy->rna|CNVdiploid,-1.0,0.05540940538048744,0.020610247132083592
DSTN,methy->rna|CNVdiploid,-0.5,-0.08240323513746262,0.020851328118216644
DSTN,methy->rna|CNVdiploid,0.0,-0.2002445012331009,0.01920155788444554
DSTN,methy->rna|CNVdiploid,0.5,-0.3191647529602051,0.020932376398756346
DSTN,methy->rna|CNVdiploid,1.0,-0.49679434299468994,0.022123345237827434
DSTN,methy->rna|CNVdiploid,1.5,-0.6071643233299255,0.022570491406403423
DSTN,methy->rna|CNVdiploid,2.0,-0.6689297556877136,0.022793963150374522
CLDN3,methy->rna|CNVdiploid,-2.0,0.18968619406223297,0.023759267807650884
CLDN3,methy->rna|CNVdiploid,-1.5,0.15548588335514069,0.023815538925549593
CLDN3,methy->rna|CNVdiploid,-1.0,0.09806793183088303,0.023814457962169355
CLDN3,methy->rna|CNVdiploid,-0.5,0.0014811888104304671,0.023479289574722475
CLDN3,methy->rna|CNVdiploid,0.0,-0.07902994006872177,0.02249871413033859
CLDN3,methy->rna|CNVdiploid,0.5,-0.14525464177131653,0.02281064180511034
CLDN3,methy->rna|CNVdiploid,1.0,-0.2830031216144562,0.023416970728234728
CLDN3,methy->rna|CNVdiploid,1.5,-0.3918115198612213,0.023395654391899823
CLDN3,methy->rna|CNVdiploid,2.0,-0.46487048268318176,0.023220555759194402
LY96,methy->rna|CNVdiploid,-2.0,-0.035499170422554016,0.03048448801589019
LY96,methy->rna|CNVdiploid,-1.5,-0.04910830035805702,0.03056426572858578
LY96,methy->rna|CNVdiploid,-1.0,-0.06940487027168274,0.030623162977277206
LY96,methy->rna|CNVdiploid,-0.5,-0.09819509834051132,0.03046026005238593
LY96,methy->rna|CNVdiploid,0.0,-0.13607972860336304,0.030356265272994346
LY96,methy->rna|CNVdiploid,0.5,-0.16080307960510254,0.030142114658816156
LY96,methy->rna|CNVdiploid,1.0,-0.21766160428524017,0.030325015406241846
LY96,methy->rna|CNVdiploid,1.5,-0.263070285320282,0.030344224299857617
LY96,methy->rna|CNVdiploid,2.0,-0.2950218617916107,0.030294347429050884
ALDOC,methy->rna|CNVdiploid,-2.0,0.4328698217868805,0.015128872525038438
ALDOC,methy->rna|CNVdiploid,-1.5,0.37537768483161926,0.015468311371645756
ALDOC,methy->rna|CNVdiploid,-1.0,0.27016937732696533,0.01605841058853499
ALDOC,methy->rna|CNVdiploid,-0.5,0.062135037034749985,0.017119288971773013
ALDOC,methy->rna|CNVdiploid,0.0,-0.09892681241035461,0.018049646475251358
ALDOC,methy->rna|CNVdiploid,0.5,-0.23300325870513916,0.01722899912710144
ALDOC,methy->rna|CNVdiploid,1.0,-0.4080585241317749,0.017711598061379105
ALDOC,methy->rna|CNVdiploid,1.5,-0.5259611010551453,0.01788656375302365
ALDOC,methy->rna|CNVdiploid,2.0,-0.5968655943870544,0.017967411532291214
FKBP10,methy->rna|CNVdiploid,-2.0,0.20940443873405457,0.020048691014772958
FKBP10,methy->rna|CNVdiploid,-1.5,0.16918374598026276,0.020205718380645842
FKBP10,methy->rna|CNVdiploid,-1.0,0.09814561903476715,0.020381473001209027
FKBP10,methy->rna|CNVdiploid,-0.5,-0.031739577651023865,0.02017281219903652
FKBP10,methy->rna|CNVdiploid,0.0,-0.1557532250881195,0.019091070786687564
FKBP10,methy->rna|CNVdiploid,0.5,-0.2622052729129791,0.02024607362038753
FKBP10,methy->rna|CNVdiploid,1.0,-0.44214820861816406,0.02028498176399116
FKBP10,methy->rna|CNVdiploid,1.5,-0.5514241456985474,0.01989855261108744
FKBP10,methy->rna|CNVdiploid,2.0,-0.6145365238189697,0.019667215550908116
ATP6V1C1,methy->rna|CNVdiploid,-2.0,-0.2337164580821991,0.02518905327609682
ATP6V1C1,methy->rna|CNVdiploid,-1.5,-0.25284242630004883,0.02507042626256225
ATP6V1C1,methy->rna|CNVdiploid,-1.0,-0.27767422795295715,0.024932749448812627
ATP6V1C1,methy->rna|CNVdiploid,-0.5,-0.29678982496261597,0.025059806233223736
ATP6V1C1,methy->rna|CNVdiploid,0.0,-0.296271413564682,0.026082809490281987
ATP6V1C1,methy->rna|CNVdiploid,0.5,-0.3136598765850067,0.025201327440930496
ATP6V1C1,methy->rna|CNVdiploid,1.0,-0.32722461223602295,0.025197886228879293
ATP6V1C1,methy->rna|CNVdiploid,1.5,-0.3405334949493408,0.025224528925095857
ATP6V1C1,methy->rna|CNVdiploid,2.0,-0.3538492023944855,0.025207076596972973
CCDC3,methy->rna|CNVdiploid,-2.0,0.09712843596935272,0.02606311677837909
CCDC3,methy->rna|CNVdiploid,-1.5,0.07142343372106552,0.026056487160228514
CCDC3,methy->rna|CNVdiploid,-1.0,0.03159325569868088,0.02602374878946653
CCDC3,methy->rna|CNVdiploid,-0.5,-0.02954067848622799,0.025932634037448356
CCDC3,methy->rna|CNVdiploid,0.0,-0.1094219833612442,0.025421924606880354
CCDC3,methy->rna|CNVdiploid,0.5,-0.12121963500976562,0.0254694281528462
CCDC3,methy->rna|CNVdiploid,1.0,-0.16794808208942413,0.026019348658287696
CCDC3,methy->rna|CNVdiploid,1.5,-0.20277972519397736,0.026569556839467483
CCDC3,methy->rna|CNVdiploid,2.0,-0.2285163253545761,0.026973967905375935
NME4,methy->rna|CNVdiploid,-2.0,0.0024958141148090363,0.029821661321255105
NME4,methy->rna|CNVdiploid,-1.5,-0.021971791982650757,0.029965880578689152
NME4,methy->rna|CNVdiploid,-1.0,-0.06014241650700569,0.03006777445344656
NME4,methy->rna|CNVdiploid,-0.5,-0.1133197769522667,0.029730483367748972
NME4,methy->rna|CNVdiploid,0.0,-0.14642104506492615,0.0282101933685479
NME4,methy->rna|CNVdiploid,0.5,-0.19913095235824585,0.029004330961542125
NME4,methy->rna|CNVdiploid,1.0,-0.25078028440475464,0.029497498710159442
NME4,methy->rna|CNVdiploid,1.5,-0.29345211386680603,0.029388916374486807
NME4,methy->rna|CNVdiploid,2.0,-0.325720876455307,0.0291225482550858
ID1,methy->rna|CNVdiploid,-2.0,0.20482125878334045,0.022354943821405203
ID1,methy->rna|CNVdiploid,-1.5,0.1760876327753067,0.022704029612372657
ID1,methy->rna|CNVdiploid,-1.0,0.1287616640329361,0.02312821620592684
ID1,methy->rna|CNVdiploid,-0.5,0.05062653124332428,0.023247497027957524
ID1,methy->rna|CNVdiploid,0.0,-0.03811221197247505,0.023328320834246897
ID1,methy->rna|CNVdiploid,0.5,-0.05623507499694824,0.02284932111574033
ID1,methy->rna|CNVdiploid,1.0,-0.11913948506116867,0.023223434695938946
ID1,methy->rna|CNVdiploid,1.5,-0.17146362364292145,0.023446453132686073
ID1,methy->rna|CNVdiploid,2.0,-0.2107127457857132,0.023547270402786553
HOXB7,methy->rna|CNVdiploid,-2.0,0.17248772084712982,0.01806628590147741
HOXB7,methy->rna|CNVdiploid,-1.5,0.13921500742435455,0.01840018263139935
HOXB7,methy->rna|CNVdiploid,-1.0,0.0841449424624443,0.01886589914062658
HOXB7,methy->rna|CNVdiploid,-0.5,-0.010175736621022224,0.01937695726905917
HOXB7,methy->rna|CNVdiploid,0.0,-0.0913473516702652,0.020661538408603585
HOXB7,methy->rna|CNVdiploid,0.5,-0.1368960589170456,0.019273712190076467
HOXB7,methy->rna|CNVdiploid,1.0,-0.22471141815185547,0.020048730243282725
HOXB7,methy->rna|CNVdiploid,1.5,-0.3026801347732544,0.020452592110054443
HOXB7,methy->rna|CNVdiploid,2.0,-0.3616237938404083,0.020628300964022902
TM4SF18,methy->rna|CNVdiploid,-2.0,0.16052760183811188,0.02128191113822446
TM4SF18,methy->rna|CNVdiploid,-1.5,0.12540613114833832,0.021366470370388285
TM4SF18,methy->rna|CNVdiploid,-1.0,0.06875418871641159,0.021457406414750857
TM4SF18,methy->rna|CNVdiploid,-0.5,-0.02185344509780407,0.021623421468083628
TM4SF18,methy->rna|CNVdiploid,0.0,-0.10866613686084747,0.0221469891324085
TM4SF18,methy->rna|CNVdiploid,0.5,-0.15015432238578796,0.0219957436130029
TM4SF18,methy->rna|CNVdiploid,1.0,-0.2120639830827713,0.02224751000932407
TM4SF18,methy->rna|CNVdiploid,1.5,-0.25154122710227966,0.02263673746259115
TM4SF18,methy->rna|CNVdiploid,2.0,-0.28122207522392273,0.022972479022152954
CDC42SE1,methy->rna|CNVdiploid,-2.0,-0.2431006133556366,0.02243326572051612
CDC42SE1,methy->rna|CNVdiploid,-1.5,-0.26063933968544006,0.022501575632189907
CDC42SE1,methy->rna|CNVdiploid,-1.0,-0.28530997037887573,0.022584371760775882
CDC42SE1,methy->rna|CNVdiploid,-0.5,-0.3103771209716797,0.02267985613290974
CDC42SE1,methy->rna|CNVdiploid,0.0,-0.3041765093803406,0.022774569011018184
CDC42SE1,methy->rna|CNVdiploid,0.5,-0.3382261097431183,0.022955952922732895
CDC42SE1,methy->rna|CNVdiploid,1.0,-0.36002546548843384,0.02353786863661246
CDC42SE1,methy->rna|CNVdiploid,1.5,-0.3711399435997009,0.023894235674864945
CDC42SE1,methy->rna|CNVdiploid,2.0,-0.3801427483558655,0.024100841338998008
SCNN1A,methy->rna|CNVdiploid,-2.0,0.357416570186615,0.027934737311050933
SCNN1A,methy->rna|CNVdiploid,-1.5,0.3080751895904541,0.02811876478845159
SCNN1A,methy->rna|CNVdiploid,-1.0,0.21746642887592316,0.028207939908597966
SCNN1A,methy->rna|CNVdiploid,-0.5,0.03305402398109436,0.027540115937690932
SCNN1A,methy->rna|CNVdiploid,0.0,-0.17696282267570496,0.023753708256072276
SCNN1A,methy->rna|CNVdiploid,0.5,-0.26506340503692627,0.025257539716064554
SCNN1A,methy->rna|CNVdiploid,1.0,-0.47415247559547424,0.025645498780849176
SCNN1A,methy->rna|CNVdiploid,1.5,-0.5945111513137817,0.02573737630944615
SCNN1A,methy->rna|CNVdiploid,2.0,-0.6579563617706299,0.025678104210550282
CMTM3,methy->rna|CNVdiploid,-2.0,0.19498461484909058,0.03199979817371254
CMTM3,methy->rna|CNVdiploid,-1.5,0.16993136703968048,0.0324744718593365
CMTM3,methy->rna|CNVdiploid,-1.0,0.1277676522731781,0.03310057848946828
CMTM3,methy->rna|CNVdiploid,-0.5,0.04993806034326553,0.03362202781426575
CMTM3,methy->rna|CNVdiploid,0.0,-0.011784475296735764,0.033796328800605915
CMTM3,methy->rna|CNVdiploid,0.5,-0.04985664039850235,0.03402749587057625
CMTM3,methy->rna|CNVdiploid,1.0,-0.12122002243995667,0.03474622537099057
CMTM3,methy->rna|CNVdiploid,1.5,-0.18337006866931915,0.034932501949617854
CMTM3,methy->rna|CNVdiploid,2.0,-0.23200175166130066,0.03489668849956249
S100A10,methy->rna|CNVdiploid,-2.0,0.06479284167289734,0.018566393827280956
S100A10,methy->rna|CNVdiploid,-1.5,0.026410674676299095,0.0187208103178927
S100A10,methy->rna|CNVdiploid,-1.0,-0.03626460209488869,0.01895855906005723
S100A10,methy->rna|CNVdiploid,-0.5,-0.13707880675792694,0.019373941032530442
S100A10,methy->rna|CNVdiploid,0.0,-0.2334442138671875,0.020867045674463177
S100A10,methy->rna|CNVdiploid,0.5,-0.29620611667633057,0.019596015805681512
S100A10,methy->rna|CNVdiploid,1.0,-0.39407584071159363,0.02021326551005263
S100A10,methy->rna|CNVdiploid,1.5,-0.4619409143924713,0.020633012743918214
S100A10,methy->rna|CNVdiploid,2.0,-0.5077449679374695,0.020880309269487637
SKAP1,methy->rna|CNVdiploid,-2.0,0.43106809258461,0.022992398387667833
SKAP1,methy->rna|CNVdiploid,-1.5,0.3832738995552063,0.023049264471298007
SKAP1,methy->rna|CNVdiploid,-1.0,0.29638323187828064,0.02294269368643174
SKAP1,methy->rna|CNVdiploid,-0.5,0.1255677342414856,0.022023855198974065
SKAP1,methy->rna|CNVdiploid,0.0,-0.04364454373717308,0.018825953620875784
SKAP1,methy->rna|CNVdiploid,0.5,-0.11321136355400085,0.01885916273375497
SKAP1,methy->rna|CNVdiploid,1.0,-0.26751330494880676,0.01886135735094025
SKAP1,methy->rna|CNVdiploid,1.5,-0.38638392090797424,0.018845502494909534
SKAP1,methy->rna|CNVdiploid,2.0,-0.4622823894023895,0.018843203268364875
VEZF1,methy->rna|CNVdiploid,-2.0,-0.033896222710609436,0.028020959396156536
VEZF1,methy->rna|CNVdiploid,-1.5,-0.05395253747701645,0.028030441798711815
VEZF1,methy->rna|CNVdiploid,-1.0,-0.0851285457611084,0.028048992525108167
VEZF1,methy->rna|CNVdiploid,-0.5,-0.13519351184368134,0.028111466106273325
VEZF1,methy->rna|CNVdiploid,0.0,-0.18380296230316162,0.027180142055901562
VEZF1,methy->rna|CNVdiploid,0.5,-0.22850817441940308,0.028010810108935223
VEZF1,methy->rna|CNVdiploid,1.0,-0.284121572971344,0.027881988041584614
VEZF1,methy->rna|CNVdiploid,1.5,-0.3223298490047455,0.027647102980633054
VEZF1,methy->rna|CNVdiploid,2.0,-0.3493625521659851,0.027465509850199587
TMEM97,methy->rna|CNVdiploid,-2.0,-0.0020008329302072525,0.020552117018694274
TMEM97,methy->rna|CNVdiploid,-1.5,-0.03983192518353462,0.020511522049170675
TMEM97,methy->rna|CNVdiploid,-1.0,-0.09813408553600311,0.020410022638872587
TMEM97,methy->rna|CNVdiploid,-0.5,-0.17771507799625397,0.020232175831121843
TMEM97,methy->rna|CNVdiploid,0.0,-0.20457059144973755,0.020603148951177472
TMEM97,methy->rna|CNVdiploid,0.5,-0.21094706654548645,0.01921780720493558
TMEM97,methy->rna|CNVdiploid,1.0,-0.20184004306793213,0.019102418722818416
TMEM97,methy->rna|CNVdiploid,1.5,-0.20673768222332,0.019162749991477983
TMEM97,methy->rna|CNVdiploid,2.0,-0.21776768565177917,0.01919593295201732
SELENBP1,methy->rna|CNVdiploid,-2.0,0.0766376480460167,0.023464360947394583
SELENBP1,methy->rna|CNVdiploid,-1.5,0.04552411660552025,0.023545221802832066
SELENBP1,methy->rna|CNVdiploid,-1.0,-0.005853334441781044,0.023657511232677658
SELENBP1,methy->rna|CNVdiploid,-0.5,-0.09139829874038696,0.023793908761136552
SELENBP1,methy->rna|CNVdiploid,0.0,-0.19228775799274445,0.022520760552827486
SELENBP1,methy->rna|CNVdiploid,0.5,-0.27950748801231384,0.023844605071925082
SELENBP1,methy->rna|CNVdiploid,1.0,-0.39098668098449707,0.024645877894973547
SELENBP1,methy->rna|CNVdiploid,1.5,-0.46334168314933777,0.02515965150802666
SELENBP1,methy->rna|CNVdiploid,2.0,-0.5121675133705139,0.025503676821234205
SFRP4,methy->rna|CNVdiploid,-2.0,0.06465309113264084,0.0309983182923463
SFRP4,methy->rna|CNVdiploid,-1.5,0.04896856099367142,0.031143400576995217
SFRP4,methy->rna|CNVdiploid,-1.0,0.02281876653432846,0.03133121578495002
SFRP4,methy->rna|CNVdiploid,-0.5,-0.02425476908683777,0.03146394544774572
SFRP4,methy->rna|CNVdiploid,0.0,-0.08723355829715729,0.031365708541843236
SFRP4,methy->rna|CNVdiploid,0.5,-0.08953224867582321,0.0308542755632062
SFRP4,methy->rna|CNVdiploid,1.0,-0.12700653076171875,0.03139885881195777
SFRP4,methy->rna|CNVdiploid,1.5,-0.16086667776107788,0.031755225850210254
SFRP4,methy->rna|CNVdiploid,2.0,-0.18777580559253693,0.03196682661125361
CHCHD2,methy->rna|CNVdiploid,-2.0,-0.003520991187542677,0.023184822945520225
CHCHD2,methy->rna|CNVdiploid,-1.5,-0.030665094032883644,0.023247355369450034
CHCHD2,methy->rna|CNVdiploid,-1.0,-0.07225649803876877,0.02324061460385512
CHCHD2,methy->rna|CNVdiploid,-0.5,-0.12668335437774658,0.022789752623659558
CHCHD2,methy->rna|CNVdiploid,0.0,-0.160558819770813,0.021385319669331194
CHCHD2,methy->rna|CNVdiploid,0.5,-0.21407338976860046,0.02156140119414244
CHCHD2,methy->rna|CNVdiploid,1.0,-0.2706318199634552,0.021980601408232943
CHCHD2,methy->rna|CNVdiploid,1.5,-0.3238890767097473,0.021975662974725644
CHCHD2,methy->rna|CNVdiploid,2.0,-0.36581987142562866,0.021762597682650996
LPL,methy->rna|CNVdiploid,-2.0,0.14034874737262726,0.028792887114537837
LPL,methy->rna|CNVdiploid,-1.5,0.11535855382680893,0.02893501418478433
LPL,methy->rna|CNVdiploid,-1.0,0.07575976848602295,0.029109153898362116
LPL,methy->rna|CNVdiploid,-0.5,0.010746289975941181,0.02927854478289648
LPL,methy->rna|CNVdiploid,0.0,-0.06222260370850563,0.028473514740357024
LPL,methy->rna|CNVdiploid,0.5,-0.08404403179883957,0.029468086045281016
LPL,methy->rna|CNVdiploid,1.0,-0.11453531682491302,0.030486885313709265
LPL,methy->rna|CNVdiploid,1.5,-0.13567866384983063,0.031164823702051155
LPL,methy->rna|CNVdiploid,2.0,-0.14993146061897278,0.03158853519476484
CACNG4,methy->rna|CNVdiploid,-2.0,0.25456491112709045,0.024840488352564603
CACNG4,methy->rna|CNVdiploid,-1.5,0.20972535014152527,0.02499267753556626
CACNG4,methy->rna|CNVdiploid,-1.0,0.130571186542511,0.025075615322659724
CACNG4,methy->rna|CNVdiploid,-0.5,-0.02160119079053402,0.02451818037823625
CACNG4,methy->rna|CNVdiploid,0.0,-0.1825435906648636,0.021462410229107765
CACNG4,methy->rna|CNVdiploid,0.5,-0.25898000597953796,0.022009704603756546
CACNG4,methy->rna|CNVdiploid,1.0,-0.43788841366767883,0.021771273721394403
CACNG4,methy->rna|CNVdiploid,1.5,-0.555404543876648,0.021446418073292867
CACNG4,methy->rna|CNVdiploid,2.0,-0.621309220790863,0.021260148032750545
SLC7A2,methy->rna|CNVdiploid,-2.0,0.43098536133766174,0.02708443756824068
SLC7A2,methy->rna|CNVdiploid,-1.5,0.38920116424560547,0.026957528980422023
SLC7A2,methy->rna|CNVdiploid,-1.0,0.3141235411167145,0.026617199864579166
SLC7A2,methy->rna|CNVdiploid,-0.5,0.16140346229076385,0.025619270163346815
SLC7A2,methy->rna|CNVdiploid,0.0,-0.00989522784948349,0.022283726641285372
SLC7A2,methy->rna|CNVdiploid,0.5,-0.08842576295137405,0.023391053759448846
SLC7A2,methy->rna|CNVdiploid,1.0,-0.23769964277744293,0.023369386545887695
SLC7A2,methy->rna|CNVdiploid,1.5,-0.3316664695739746,0.02332999894272025
SLC7A2,methy->rna|CNVdiploid,2.0,-0.38527366518974304,0.023334776103465175
ADAMTS12,methy->rna|CNVdiploid,-2.0,-0.014614530839025974,0.03416552356155212
ADAMTS12,methy->rna|CNVdiploid,-1.5,-0.0328044518828392,0.034479464966491895
ADAMTS12,methy->rna|CNVdiploid,-1.0,-0.061204928904771805,0.034925076864463674
ADAMTS12,methy->rna|CNVdiploid,-0.5,-0.10426308214664459,0.035508855932557155
ADAMTS12,methy->rna|CNVdiploid,0.0,-0.13955511152744293,0.0364717088079731
ADAMTS12,methy->rna|CNVdiploid,0.5,-0.14628776907920837,0.0355063213349539
ADAMTS12,methy->rna|CNVdiploid,1.0,-0.1810857653617859,0.03557139271521027
ADAMTS12,methy->rna|CNVdiploid,1.5,-0.20775863528251648,0.035588271871218234
ADAMTS12,methy->rna|CNVdiploid,2.0,-0.2285657674074173,0.03559555747722658
MDFIC,methy->rna|CNVdiploid,-2.0,0.07882023602724075,0.027283090741699365
MDFIC,methy->rna|CNVdiploid,-1.5,0.05379687622189522,0.02749861435371939
MDFIC,methy->rna|CNVdiploid,-1.0,0.014503389596939087,0.0278034917935414
MDFIC,methy->rna|CNVdiploid,-0.5,-0.04926610738039017,0.028227153160937046
MDFIC,methy->rna|CNVdiploid,0.0,-0.11852262169122696,0.02847436905012528
MDFIC,methy->rna|CNVdiploid,0.5,-0.1259276121854782,0.028915188531820558
MDFIC,methy->rna|CNVdiploid,1.0,-0.16851241886615753,0.029645017521137206
MDFIC,methy->rna|CNVdiploid,1.5,-0.20152290165424347,0.03007669240133353
MDFIC,methy->rna|CNVdiploid,2.0,-0.22635672986507416,0.030317601217895934
SLC2A10,methy->rna|CNVdiploid,-2.0,0.011447091586887836,0.02495146362733301
SLC2A10,methy->rna|CNVdiploid,-1.5,-0.014977317303419113,0.024922796304140148
SLC2A10,methy->rna|CNVdiploid,-1.0,-0.05883244052529335,0.024808924657733968
SLC2A10,methy->rna|CNVdiploid,-0.5,-0.13314956426620483,0.02433370613169658
SLC2A10,methy->rna|CNVdiploid,0.0,-0.20246244966983795,0.022767178795650465
SLC2A10,methy->rna|CNVdiploid,0.5,-0.3118809461593628,0.023273697313758387
SLC2A10,methy->rna|CNVdiploid,1.0,-0.44120436906814575,0.02394705904262749
SLC2A10,methy->rna|CNVdiploid,1.5,-0.51462322473526,0.024057145137841185
SLC2A10,methy->rna|CNVdiploid,2.0,-0.5555678009986877,0.024058801452698002
ZNF83,methy->rna|CNVdiploid,-2.0,0.07896457612514496,0.02448522189194724
ZNF83,methy->rna|CNVdiploid,-1.5,0.048254840075969696,0.02444143851632427
ZNF83,methy->rna|CNVdiploid,-1.0,0.0011590227950364351,0.0242706027150135
ZNF83,methy->rna|CNVdiploid,-0.5,-0.0638381615281105,0.023811570307978192
ZNF83,methy->rna|CNVdiploid,0.0,-0.11310054361820221,0.02230059925920837
ZNF83,methy->rna|CNVdiploid,0.5,-0.15175530314445496,0.02272777375758979
ZNF83,methy->rna|CNVdiploid,1.0,-0.19013246893882751,0.022537844568830897
ZNF83,methy->rna|CNVdiploid,1.5,-0.21537652611732483,0.02252107438090562
ZNF83,methy->rna|CNVdiploid,2.0,-0.23617084324359894,0.022534876278258547
RGS5,methy->rna|CNVdiploid,-2.0,0.024028275161981583,0.028568724512922514
RGS5,methy->rna|CNVdiploid,-1.5,-0.0023633656091988087,0.02845570281756128
RGS5,methy->rna|CNVdiploid,-1.0,-0.044153474271297455,0.028227604288799363
RGS5,methy->rna|CNVdiploid,-0.5,-0.10884242504835129,0.027751561964056874
RGS5,methy->rna|CNVdiploid,0.0,-0.18694505095481873,0.026589635298383082
RGS5,methy->rna|CNVdiploid,0.5,-0.2058860808610916,0.026766388066583668
RGS5,methy->rna|CNVdiploid,1.0,-0.23405762016773224,0.027076733524794824
RGS5,methy->rna|CNVdiploid,1.5,-0.25091543793678284,0.02733828307557949
RGS5,methy->rna|CNVdiploid,2.0,-0.2633839547634125,0.02753116747874081
MAPK3,methy->rna|CNVdiploid,-2.0,0.02229117788374424,0.02498992718115928
MAPK3,methy->rna|CNVdiploid,-1.5,-0.011498150415718555,0.02507870565748468
MAPK3,methy->rna|CNVdiploid,-1.0,-0.06677086651325226,0.025114024392444655
MAPK3,methy->rna|CNVdiploid,-0.5,-0.15547774732112885,0.024761072413903528
MAPK3,methy->rna|CNVdiploid,0.0,-0.2367948293685913,0.023576478207669532
MAPK3,methy->rna|CNVdiploid,0.5,-0.2856372594833374,0.024233477289242605
MAPK3,methy->rna|CNVdiploid,1.0,-0.37115612626075745,0.02515575263002818
MAPK3,methy->rna|CNVdiploid,1.5,-0.4313522279262543,0.025493547148267775
MAPK3,methy->rna|CNVdiploid,2.0,-0.4719142019748688,0.02554868063938325
CST7,methy->rna|CNVdiploid,-2.0,0.07218198478221893,0.026676075319654057
CST7,methy->rna|CNVdiploid,-1.5,0.0596114881336689,0.026930278242304075
CST7,methy->rna|CNVdiploid,-1.0,0.04043325036764145,0.02736942179488765
CST7,methy->rna|CNVdiploid,-0.5,0.01148891169577837,0.027950910353883092
CST7,methy->rna|CNVdiploid,0.0,-0.022206755355000496,0.028398320225219178
CST7,methy->rna|CNVdiploid,0.5,-0.05557253956794739,0.028338217789533254
CST7,methy->rna|CNVdiploid,1.0,-0.10837745666503906,0.028782500276896272
CST7,methy->rna|CNVdiploid,1.5,-0.148837611079216,0.0291227552944429
CST7,methy->rna|CNVdiploid,2.0,-0.17863285541534424,0.02934730364307093
CLEC2B,methy->rna|CNVdiploid,-2.0,0.12516885995864868,0.028664522713134508
CLEC2B,methy->rna|CNVdiploid,-1.5,0.10705403238534927,0.028943282682898492
CLEC2B,methy->rna|CNVdiploid,-1.0,0.07642678916454315,0.029305510024637795
CLEC2B,methy->rna|CNVdiploid,-0.5,0.021441306918859482,0.02952800977331134
CLEC2B,methy->rna|CNVdiploid,0.0,-0.04470895975828171,0.029162118924632156
CLEC2B,methy->rna|CNVdiploid,0.5,-0.07576572149991989,0.029302084068118166
CLEC2B,methy->rna|CNVdiploid,1.0,-0.14007243514060974,0.029596206358179132
CLEC2B,methy->rna|CNVdiploid,1.5,-0.1913750320672989,0.029787360348187412
CLEC2B,methy->rna|CNVdiploid,2.0,-0.22924108803272247,0.02986547956666453
TUBB2A,methy->rna|CNVdiploid,-2.0,0.25076672434806824,0.01662197171856704
TUBB2A,methy->rna|CNVdiploid,-1.5,0.2084505558013916,0.01680561017991251
TUBB2A,methy->rna|CNVdiploid,-1.0,0.13549628853797913,0.017089525429668337
TUBB2A,methy->rna|CNVdiploid,-0.5,0.010213958099484444,0.017395641836590477
TUBB2A,methy->rna|CNVdiploid,0.0,-0.09797817468643188,0.017800032198563222
TUBB2A,methy->rna|CNVdiploid,0.5,-0.17122866213321686,0.01733319876648847
TUBB2A,methy->rna|CNVdiploid,1.0,-0.3049655556678772,0.01848717185180706
TUBB2A,methy->rna|CNVdiploid,1.5,-0.4170495569705963,0.019066511560211944
TUBB2A,methy->rna|CNVdiploid,2.0,-0.49531111121177673,0.019360651285166137
SNHG9,methy->rna|CNVdiploid,-2.0,0.056641608476638794,0.023632213202601428
SNHG9,methy->rna|CNVdiploid,-1.5,0.040075574070215225,0.023691025456188362
SNHG9,methy->rna|CNVdiploid,-1.0,0.014746719039976597,0.02373460397181588
SNHG9,methy->rna|CNVdiploid,-0.5,-0.018193570896983147,0.02361026049266364
SNHG9,methy->rna|CNVdiploid,0.0,-0.026691222563385963,0.023736848714319202
SNHG9,methy->rna|CNVdiploid,0.5,-0.07663609832525253,0.023688386249225722
SNHG9,methy->rna|CNVdiploid,1.0,-0.10230275243520737,0.0242601657520539
SNHG9,methy->rna|CNVdiploid,1.5,-0.13243882358074188,0.024578818936888985
SNHG9,methy->rna|CNVdiploid,2.0,-0.1589474231004715,0.024714235752603713
MFAP5,methy->rna|CNVdiploid,-2.0,0.025764718651771545,0.0320883194853628
MFAP5,methy->rna|CNVdiploid,-1.5,0.003560913959518075,0.03227870634006898
MFAP5,methy->rna|CNVdiploid,-1.0,-0.03094027191400528,0.03246725599290108
MFAP5,methy->rna|CNVdiploid,-0.5,-0.08239785581827164,0.03234088788677254
MFAP5,methy->rna|CNVdiploid,0.0,-0.1310945600271225,0.031896237087290044
MFAP5,methy->rna|CNVdiploid,0.5,-0.1593795269727707,0.03136165928789065
MFAP5,methy->rna|CNVdiploid,1.0,-0.21548029780387878,0.031487920605298154
MFAP5,methy->rna|CNVdiploid,1.5,-0.2581862509250641,0.03144154160994562
MFAP5,methy->rna|CNVdiploid,2.0,-0.28801771998405457,0.03134014680900691
C17orf58,methy->rna|CNVdiploid,-2.0,0.05209315940737724,0.022648305514249026
C17orf58,methy->rna|CNVdiploid,-1.5,0.02793486788868904,0.022547311715854598
C17orf58,methy->rna|CNVdiploid,-1.0,-0.012966403737664223,0.022370048977027046
C17orf58,methy->rna|CNVdiploid,-0.5,-0.08566660434007645,0.022133803994403574
C17orf58,methy->rna|CNVdiploid,0.0,-0.16358816623687744,0.021519546553583
C17orf58,methy->rna|CNVdiploid,0.5,-0.24205397069454193,0.021878790349218375
C17orf58,methy->rna|CNVdiploid,1.0,-0.33132150769233704,0.021989063869534288
C17orf58,methy->rna|CNVdiploid,1.5,-0.3875357508659363,0.022029453979062436
C17orf58,methy->rna|CNVdiploid,2.0,-0.42281076312065125,0.02207991056006906
ALDH3B2,methy->rna|CNVdiploid,-2.0,0.25888684391975403,0.016506442667623213
ALDH3B2,methy->rna|CNVdiploid,-1.5,0.2175356149673462,0.016516443758252074
ALDH3B2,methy->rna|CNVdiploid,-1.0,0.14808256924152374,0.016516696564203903
ALDH3B2,methy->rna|CNVdiploid,-0.5,0.025008339434862137,0.016465913078949228
ALDH3B2,methy->rna|CNVdiploid,0.0,-0.09738830476999283,0.015823878584171332
ALDH3B2,methy->rna|CNVdiploid,0.5,-0.2285030335187912,0.01740117959455255
ALDH3B2,methy->rna|CNVdiploid,1.0,-0.4097130000591278,0.01953674370678565
ALDH3B2,methy->rna|CNVdiploid,1.5,-0.5136002898216248,0.020517970780303995
ALDH3B2,methy->rna|CNVdiploid,2.0,-0.5707776546478271,0.02094145779876734
GOLPH3L,methy->rna|CNVdiploid,-2.0,-0.1523696333169937,0.025487026498199884
GOLPH3L,methy->rna|CNVdiploid,-1.5,-0.181929811835289,0.02551870351983651
GOLPH3L,methy->rna|CNVdiploid,-1.0,-0.224032923579216,0.025507852478162705
GOLPH3L,methy->rna|CNVdiploid,-0.5,-0.26801761984825134,0.025341682690152523
GOLPH3L,methy->rna|CNVdiploid,0.0,-0.2890988886356354,0.024614706485240577
GOLPH3L,methy->rna|CNVdiploid,0.5,-0.3732222616672516,0.02426138401521832
GOLPH3L,methy->rna|CNVdiploid,1.0,-0.4336368441581726,0.02426145375479124
GOLPH3L,methy->rna|CNVdiploid,1.5,-0.46435943245887756,0.024316024970600057
GOLPH3L,methy->rna|CNVdiploid,2.0,-0.48607200384140015,0.02435727592798142
KRT23,methy->rna|CNVdiploid,-2.0,0.3074197471141815,0.024643310606945478
KRT23,methy->rna|CNVdiploid,-1.5,0.2646295428276062,0.02538263725434898
KRT23,methy->rna|CNVdiploid,-1.0,0.19588437676429749,0.026498782069763353
KRT23,methy->rna|CNVdiploid,-0.5,0.07993269711732864,0.02789223975880365
KRT23,methy->rna|CNVdiploid,0.0,-0.05210404098033905,0.027284285031885593
KRT23,methy->rna|CNVdiploid,0.5,-0.10533921420574188,0.027722314930664127
KRT23,methy->rna|CNVdiploid,1.0,-0.21152633428573608,0.02760692208982366
KRT23,methy->rna|CNVdiploid,1.5,-0.27690011262893677,0.026887865685161286
KRT23,methy->rna|CNVdiploid,2.0,-0.3169999122619629,0.02626058002037485
BNIP3L,methy->rna|CNVdiploid,-2.0,0.34177717566490173,0.02457677469565781
BNIP3L,methy->rna|CNVdiploid,-1.5,0.30557724833488464,0.02469991734653886
BNIP3L,methy->rna|CNVdiploid,-1.0,0.24516203999519348,0.024847854594954134
BNIP3L,methy->rna|CNVdiploid,-0.5,0.13436250388622284,0.024961172683500274
BNIP3L,methy->rna|CNVdiploid,0.0,0.015401307493448257,0.023499662247461327
BNIP3L,methy->rna|CNVdiploid,0.5,-0.037226248532533646,0.025007673723105413
BNIP3L,methy->rna|CNVdiploid,1.0,-0.13568115234375,0.025876151521469236
BNIP3L,methy->rna|CNVdiploid,1.5,-0.20600521564483643,0.02632451159448634
BNIP3L,methy->rna|CNVdiploid,2.0,-0.25199204683303833,0.026562454299838053
CCND2,methy->rna|CNVdiploid,-2.0,0.15667593479156494,0.026640057009603244
CCND2,methy->rna|CNVdiploid,-1.5,0.13010439276695251,0.02689142458274179
CCND2,methy->rna|CNVdiploid,-1.0,0.08559151738882065,0.02721136141159091
CCND2,methy->rna|CNVdiploid,-0.5,0.005593943875283003,0.02736471219435399
CCND2,methy->rna|CNVdiploid,0.0,-0.08584431558847427,0.0268904024621262
CCND2,methy->rna|CNVdiploid,0.5,-0.08862337470054626,0.026722931595208752
CCND2,methy->rna|CNVdiploid,1.0,-0.14856171607971191,0.027059525285177157
CCND2,methy->rna|CNVdiploid,1.5,-0.19516578316688538,0.027340837287437633
CCND2,methy->rna|CNVdiploid,2.0,-0.22893939912319183,0.02751543248760105
COX7A1,methy->rna|CNVdiploid,-2.0,0.4073449671268463,0.024352699268508634
COX7A1,methy->rna|CNVdiploid,-1.5,0.37114033102989197,0.024726178654466028
COX7A1,methy->rna|CNVdiploid,-1.0,0.30092939734458923,0.025291934401683355
COX7A1,methy->rna|CNVdiploid,-0.5,0.14415700733661652,0.026001985683992614
COX7A1,methy->rna|CNVdiploid,0.0,-0.037607625126838684,0.025315087939892338
COX7A1,methy->rna|CNVdiploid,0.5,-0.0642317533493042,0.025297620356237876
COX7A1,methy->rna|CNVdiploid,1.0,-0.14083822071552277,0.025520876343405257
COX7A1,methy->rna|CNVdiploid,1.5,-0.19778405129909515,0.025677058116956503
COX7A1,methy->rna|CNVdiploid,2.0,-0.24025118350982666,0.025758609830038214
SELL,methy->rna|CNVdiploid,-2.0,-0.08852643519639969,0.026941460546949243
SELL,methy->rna|CNVdiploid,-1.5,-0.09929627180099487,0.026962534974140587
SELL,methy->rna|CNVdiploid,-1.0,-0.11569929867982864,0.027005302767232932
SELL,methy->rna|CNVdiploid,-0.5,-0.14100761711597443,0.027098714566434114
SELL,methy->rna|CNVdiploid,0.0,-0.17491011321544647,0.027186030691089876
SELL,methy->rna|CNVdiploid,0.5,-0.22980740666389465,0.027264008251059506
SELL,methy->rna|CNVdiploid,1.0,-0.26159200072288513,0.028013161640159573
SELL,methy->rna|CNVdiploid,1.5,-0.27489176392555237,0.028514794029439888
SELL,methy->rna|CNVdiploid,2.0,-0.2821798622608185,0.028823953914911427
SHC1,methy->rna|CNVdiploid,-2.0,-0.0255928672850132,0.024781296890049927
SHC1,methy->rna|CNVdiploid,-1.5,-0.06783778220415115,0.024993856570220914
SHC1,methy->rna|CNVdiploid,-1.0,-0.13695842027664185,0.02531878631661868
SHC1,methy->rna|CNVdiploid,-0.5,-0.24742579460144043,0.025808974877855377
SHC1,methy->rna|CNVdiploid,0.0,-0.328849732875824,0.024994174757022355
SHC1,methy->rna|CNVdiploid,0.5,-0.39388296008110046,0.02549493758100284
SHC1,methy->rna|CNVdiploid,1.0,-0.5154419541358948,0.026761401687119987
SHC1,methy->rna|CNVdiploid,1.5,-0.5927014350891113,0.02739294800393942
SHC1,methy->rna|CNVdiploid,2.0,-0.6402766704559326,0.02769618220507453
DSP,methy->rna|CNVdiploid,-2.0,0.12180005759000778,0.019321499053057294
DSP,methy->rna|CNVdiploid,-1.5,0.09086136519908905,0.019247849705331926
DSP,methy->rna|CNVdiploid,-1.0,0.04373136907815933,0.019059515809303543
DSP,methy->rna|CNVdiploid,-0.5,-0.020171046257019043,0.018552705256734022
DSP,methy->rna|CNVdiploid,0.0,-0.06235417351126671,0.0181510467245942
DSP,methy->rna|CNVdiploid,0.5,-0.10723219811916351,0.01809731129397958
DSP,methy->rna|CNVdiploid,1.0,-0.18043991923332214,0.018351260320996942
DSP,methy->rna|CNVdiploid,1.5,-0.24236053228378296,0.018704626378252272
DSP,methy->rna|CNVdiploid,2.0,-0.28974851965904236,0.018965722621812963
PTPRC,methy->rna|CNVdiploid,-2.0,-0.11507730185985565,0.03495884389392621
PTPRC,methy->rna|CNVdiploid,-1.5,-0.1276196837425232,0.034964318450400315
PTPRC,methy->rna|CNVdiploid,-1.0,-0.14680372178554535,0.03490505724831272
PTPRC,methy->rna|CNVdiploid,-0.5,-0.1739809215068817,0.034525429883130225
PTPRC,methy->rna|CNVdiploid,0.0,-0.1932140439748764,0.03414478911477875
PTPRC,methy->rna|CNVdiploid,0.5,-0.2105196714401245,0.03381202892195922
PTPRC,methy->rna|CNVdiploid,1.0,-0.22949247062206268,0.03354073108649752
PTPRC,methy->rna|CNVdiploid,1.5,-0.23896147310733795,0.033429659919816355
PTPRC,methy->rna|CNVdiploid,2.0,-0.24493999779224396,0.03336088580411033
TRAM1,methy->rna|CNVdiploid,-2.0,-0.17248675227165222,0.028130426552660577
TRAM1,methy->rna|CNVdiploid,-1.5,-0.19091764092445374,0.027874268742607185
TRAM1,methy->rna|CNVdiploid,-1.0,-0.2172800600528717,0.027439276873973916
TRAM1,methy->rna|CNVdiploid,-0.5,-0.24907822906970978,0.026724753541551252
TRAM1,methy->rna|CNVdiploid,0.0,-0.27995988726615906,0.027059579769218498
TRAM1,methy->rna|CNVdiploid,0.5,-0.3045569360256195,0.02644828190152366
TRAM1,methy->rna|CNVdiploid,1.0,-0.340717077255249,0.026366756340781793
TRAM1,methy->rna|CNVdiploid,1.5,-0.36608386039733887,0.026318934608014505
TRAM1,methy->rna|CNVdiploid,2.0,-0.3847794830799103,0.02626161957588367
SEMA3C,methy->rna|CNVdiploid,-2.0,0.06762628257274628,0.0272996931187773
SEMA3C,methy->rna|CNVdiploid,-1.5,0.0445915162563324,0.027240200904354413
SEMA3C,methy->rna|CNVdiploid,-1.0,0.00671516265720129,0.02713830920895866
SEMA3C,methy->rna|CNVdiploid,-0.5,-0.06167440488934517,0.026972200443074777
SEMA3C,methy->rna|CNVdiploid,0.0,-0.1464257836341858,0.025874497385974072
SEMA3C,methy->rna|CNVdiploid,0.5,-0.2139432430267334,0.027086294384369637
SEMA3C,methy->rna|CNVdiploid,1.0,-0.3146549463272095,0.027755949019065786
SEMA3C,methy->rna|CNVdiploid,1.5,-0.3766976296901703,0.02797335124083131
SEMA3C,methy->rna|CNVdiploid,2.0,-0.4151313602924347,0.028053089725017136
STAC2,methy->rna|CNVdiploid,-2.0,0.33292916417121887,0.027351867036767043
STAC2,methy->rna|CNVdiploid,-1.5,0.29162511229515076,0.0274918866642944
STAC2,methy->rna|CNVdiploid,-1.0,0.22074392437934875,0.0276118256535445
STAC2,methy->rna|CNVdiploid,-0.5,0.0948612168431282,0.02748998190220906
STAC2,methy->rna|CNVdiploid,0.0,-0.01045313011854887,0.027428805041227855
STAC2,methy->rna|CNVdiploid,0.5,-0.032898083329200745,0.02706648834566075
STAC2,methy->rna|CNVdiploid,1.0,-0.08582454174757004,0.02744917989332836
STAC2,methy->rna|CNVdiploid,1.5,-0.1209934875369072,0.027835661350911766
STAC2,methy->rna|CNVdiploid,2.0,-0.14664965867996216,0.028083031974777413
RARRES2,methy->rna|CNVdiploid,-2.0,0.1787438839673996,0.02776404752697096
RARRES2,methy->rna|CNVdiploid,-1.5,0.15414217114448547,0.02815652658782537
RARRES2,methy->rna|CNVdiploid,-1.0,0.11020705103874207,0.028729286803397713
RARRES2,methy->rna|CNVdiploid,-0.5,0.026462968438863754,0.029328467420297943
RARRES2,methy->rna|CNVdiploid,0.0,-0.057059548795223236,0.02918239352609659
RARRES2,methy->rna|CNVdiploid,0.5,-0.0702982023358345,0.028843178064058776
RARRES2,methy->rna|CNVdiploid,1.0,-0.10760773718357086,0.0289017789195653
RARRES2,methy->rna|CNVdiploid,1.5,-0.1365518867969513,0.028944025845222404
RARRES2,methy->rna|CNVdiploid,2.0,-0.15979783236980438,0.028962626696936795
CPA3,methy->rna|CNVdiploid,-2.0,0.11916714161634445,0.029049576688834733
CPA3,methy->rna|CNVdiploid,-1.5,0.101595938205719,0.02911880847048804
CPA3,methy->rna|CNVdiploid,-1.0,0.07265886664390564,0.02912974886598965
CPA3,methy->rna|CNVdiploid,-0.5,0.02443605847656727,0.028746780539392017
CPA3,methy->rna|CNVdiploid,0.0,-0.034845419228076935,0.027721613176211635
CPA3,methy->rna|CNVdiploid,0.5,-0.05463995784521103,0.028191912882996606
CPA3,methy->rna|CNVdiploid,1.0,-0.10718981921672821,0.028528920651679213
CPA3,methy->rna|CNVdiploid,1.5,-0.14754219353199005,0.028739994007202372
CPA3,methy->rna|CNVdiploid,2.0,-0.17704544961452484,0.028877285073939288
GIT1,methy->rna|CNVdiploid,-2.0,0.206279918551445,0.02036850362000782
GIT1,methy->rna|CNVdiploid,-1.5,0.1618688702583313,0.020303399549326636
GIT1,methy->rna|CNVdiploid,-1.0,0.0859430655837059,0.02013057399082603
GIT1,methy->rna|CNVdiploid,-0.5,-0.0362946093082428,0.01977250051239869
GIT1,methy->rna|CNVdiploid,0.0,-0.08343170583248138,0.021016560780715732
GIT1,methy->rna|CNVdiploid,0.5,-0.12540879845619202,0.01959590247887552
GIT1,methy->rna|CNVdiploid,1.0,-0.1458105444908142,0.019765210547667042
GIT1,methy->rna|CNVdiploid,1.5,-0.18047653138637543,0.02009659774264474
GIT1,methy->rna|CNVdiploid,2.0,-0.21594294905662537,0.020301407612775147
NPEPPS,methy->rna|CNVdiploid,-2.0,-0.017680246382951736,0.029599028631520682
NPEPPS,methy->rna|CNVdiploid,-1.5,-0.0403406023979187,0.02958736250858839
NPEPPS,methy->rna|CNVdiploid,-1.0,-0.07338576763868332,0.029530217466666543
NPEPPS,methy->rna|CNVdiploid,-0.5,-0.1148151382803917,0.029403624886287675
NPEPPS,methy->rna|CNVdiploid,0.0,-0.12238306552171707,0.028758636266788182
NPEPPS,methy->rna|CNVdiploid,0.5,-0.14445579051971436,0.029137971597509082
NPEPPS,methy->rna|CNVdiploid,1.0,-0.17115998268127441,0.029174759222223654
NPEPPS,methy->rna|CNVdiploid,1.5,-0.19460146129131317,0.02913944048726368
NPEPPS,methy->rna|CNVdiploid,2.0,-0.21561338007450104,0.02908644494993049
RSAD1,methy->rna|CNVdiploid,-2.0,-0.0168448593467474,0.020945751141225145
RSAD1,methy->rna|CNVdiploid,-1.5,-0.04949755221605301,0.020828353287663266
RSAD1,methy->rna|CNVdiploid,-1.0,-0.1029716432094574,0.020577375820260733
RSAD1,methy->rna|CNVdiploid,-0.5,-0.19133317470550537,0.01985711422860386
RSAD1,methy->rna|CNVdiploid,0.0,-0.27351808547973633,0.018549477622124885
RSAD1,methy->rna|CNVdiploid,0.5,-0.3273305892944336,0.018335483921985758
RSAD1,methy->rna|CNVdiploid,1.0,-0.40008512139320374,0.018158951269312197
RSAD1,methy->rna|CNVdiploid,1.5,-0.44388169050216675,0.0180175259535182
RSAD1,methy->rna|CNVdiploid,2.0,-0.4702903926372528,0.017939273793980203
ELOVL2,methy->rna|CNVdiploid,-2.0,0.20710489153862,0.030188630953952873
ELOVL2,methy->rna|CNVdiploid,-1.5,0.17258916795253754,0.030096980078967887
ELOVL2,methy->rna|CNVdiploid,-1.0,0.11579140275716782,0.02973151202644952
ELOVL2,methy->rna|CNVdiploid,-0.5,0.02582264132797718,0.02858242615963937
ELOVL2,methy->rna|CNVdiploid,0.0,-0.06052275747060776,0.026069038103992213
ELOVL2,methy->rna|CNVdiploid,0.5,-0.10384619981050491,0.02703585087953294
ELOVL2,methy->rna|CNVdiploid,1.0,-0.18338146805763245,0.02663981945918299
ELOVL2,methy->rna|CNVdiploid,1.5,-0.2419230043888092,0.026345679734228796
ELOVL2,methy->rna|CNVdiploid,2.0,-0.2865672707557678,0.02611956878329506
SEC62,methy->rna|CNVdiploid,-2.0,-0.04537222906947136,0.02902215813986945
SEC62,methy->rna|CNVdiploid,-1.5,-0.06811430305242538,0.028780473470558322
SEC62,methy->rna|CNVdiploid,-1.0,-0.10272830724716187,0.028408994738599036
SEC62,methy->rna|CNVdiploid,-0.5,-0.1552693098783493,0.02797299818424341
SEC62,methy->rna|CNVdiploid,0.0,-0.22232630848884583,0.027505322428889502
SEC62,methy->rna|CNVdiploid,0.5,-0.27727413177490234,0.028280835197191153
SEC62,methy->rna|CNVdiploid,1.0,-0.358569860458374,0.02879259508007624
SEC62,methy->rna|CNVdiploid,1.5,-0.41047725081443787,0.02905188463282601
SEC62,methy->rna|CNVdiploid,2.0,-0.4453302025794983,0.029179314088079902
PRR15L,methy->rna|CNVdiploid,-2.0,0.3063804805278778,0.023579215485906586
PRR15L,methy->rna|CNVdiploid,-1.5,0.26620569825172424,0.023719354978324895
PRR15L,methy->rna|CNVdiploid,-1.0,0.19764533638954163,0.023927414276680978
PRR15L,methy->rna|CNVdiploid,-0.5,0.07260826230049133,0.02411608161504238
PRR15L,methy->rna|CNVdiploid,0.0,-0.041685089468955994,0.02269531870384279
PRR15L,methy->rna|CNVdiploid,0.5,-0.17053371667861938,0.024409652526604955
PRR15L,methy->rna|CNVdiploid,1.0,-0.383989542722702,0.024812716747011417
PRR15L,methy->rna|CNVdiploid,1.5,-0.5049006938934326,0.02479080544494505
PRR15L,methy->rna|CNVdiploid,2.0,-0.5690584182739258,0.024707163724037435
COTL1,methy->rna|CNVdiploid,-2.0,0.2498290091753006,0.02284978749913422
COTL1,methy->rna|CNVdiploid,-1.5,0.21969865262508392,0.02305339218227013
COTL1,methy->rna|CNVdiploid,-1.0,0.16894039511680603,0.02340664709208112
COTL1,methy->rna|CNVdiploid,-0.5,0.07516844570636749,0.024041131188409746
COTL1,methy->rna|CNVdiploid,0.0,-0.004821473732590675,0.02471825449549315
COTL1,methy->rna|CNVdiploid,0.5,-0.07743833214044571,0.02392113553575665
COTL1,methy->rna|CNVdiploid,1.0,-0.14938168227672577,0.024594205230164156
COTL1,methy->rna|CNVdiploid,1.5,-0.2121760994195938,0.02512532220325747
COTL1,methy->rna|CNVdiploid,2.0,-0.2602112591266632,0.02543594444039865
OLR1,methy->rna|CNVdiploid,-2.0,-0.02782064490020275,0.02701237479579921
OLR1,methy->rna|CNVdiploid,-1.5,-0.041360341012477875,0.027043997333394496
OLR1,methy->rna|CNVdiploid,-1.0,-0.06019867584109306,0.02704948932476184
OLR1,methy->rna|CNVdiploid,-0.5,-0.084837906062603,0.026860017801950218
OLR1,methy->rna|CNVdiploid,0.0,-0.1271900236606598,0.027013318459395266
OLR1,methy->rna|CNVdiploid,0.5,-0.1574697047472,0.027162118735025404
OLR1,methy->rna|CNVdiploid,1.0,-0.20941923558712006,0.027763173602947826
OLR1,methy->rna|CNVdiploid,1.5,-0.24777752161026,0.027988181796884785
OLR1,methy->rna|CNVdiploid,2.0,-0.274457186460495,0.02804984029679146
SLAMF7,methy->rna|CNVdiploid,-2.0,-0.07952624559402466,0.028862079667681374
SLAMF7,methy->rna|CNVdiploid,-1.5,-0.08711746335029602,0.028970169467620273
SLAMF7,methy->rna|CNVdiploid,-1.0,-0.09838557988405228,0.029150943158071946
SLAMF7,methy->rna|CNVdiploid,-0.5,-0.11582989245653152,0.029432887175212
SLAMF7,methy->rna|CNVdiploid,0.0,-0.15763218700885773,0.0294592269401587
SLAMF7,methy->rna|CNVdiploid,0.5,-0.19733181595802307,0.029731551254959288
SLAMF7,methy->rna|CNVdiploid,1.0,-0.23871098458766937,0.03020598521080134
SLAMF7,methy->rna|CNVdiploid,1.5,-0.26639217138290405,0.030593436484320648
SLAMF7,methy->rna|CNVdiploid,2.0,-0.2856593430042267,0.03085562240870819
RAB4A,methy->rna|CNVdiploid,-2.0,-0.0665166899561882,0.020293097706789564
RAB4A,methy->rna|CNVdiploid,-1.5,-0.10268203169107437,0.020442028744118927
RAB4A,methy->rna|CNVdiploid,-1.0,-0.15815362334251404,0.02062998778994287
RAB4A,methy->rna|CNVdiploid,-0.5,-0.23116019368171692,0.020748967860065342
RAB4A,methy->rna|CNVdiploid,0.0,-0.2707284092903137,0.02072578599015486
RAB4A,methy->rna|CNVdiploid,0.5,-0.35883665084838867,0.020477787710132946
RAB4A,methy->rna|CNVdiploid,1.0,-0.4309670031070709,0.020767448846888775
RAB4A,methy->rna|CNVdiploid,1.5,-0.4700329303741455,0.02098576857991051
RAB4A,methy->rna|CNVdiploid,2.0,-0.4960070550441742,0.02112102848158617
CD55,methy->rna|CNVdiploid,-2.0,-0.10597790032625198,0.019435970023918246
CD55,methy->rna|CNVdiploid,-1.5,-0.13332705199718475,0.019491818345656137
CD55,methy->rna|CNVdiploid,-1.0,-0.17482735216617584,0.019567195927172893
CD55,methy->rna|CNVdiploid,-0.5,-0.23067335784435272,0.019723090024985852
CD55,methy->rna|CNVdiploid,0.0,-0.26861801743507385,0.02053334835613255
CD55,methy->rna|CNVdiploid,0.5,-0.29223453998565674,0.019839533318143407
CD55,methy->rna|CNVdiploid,1.0,-0.3270801305770874,0.020277519629688868
CD55,methy->rna|CNVdiploid,1.5,-0.3529762625694275,0.02060685168662712
CD55,methy->rna|CNVdiploid,2.0,-0.37310096621513367,0.020822586696727558
VANGL2,methy->rna|CNVdiploid,-2.0,0.10100043565034866,0.015958509740009896
VANGL2,methy->rna|CNVdiploid,-1.5,0.03942965343594551,0.016163959252785666
VANGL2,methy->rna|CNVdiploid,-1.0,-0.06346729397773743,0.016500665179879234
VANGL2,methy->rna|CNVdiploid,-0.5,-0.22952014207839966,0.016974656725305588
VANGL2,methy->rna|CNVdiploid,0.0,-0.3373319208621979,0.01678827008891479
VANGL2,methy->rna|CNVdiploid,0.5,-0.4576173722743988,0.016482539429005356
VANGL2,methy->rna|CNVdiploid,1.0,-0.5966541767120361,0.017593955029631184
VANGL2,methy->rna|CNVdiploid,1.5,-0.6786850094795227,0.018231883607053495
VANGL2,methy->rna|CNVdiploid,2.0,-0.7277466654777527,0.018591184066091872
DHX9,methy->rna|CNVdiploid,-2.0,-0.22326965630054474,0.02886140624493038
DHX9,methy->rna|CNVdiploid,-1.5,-0.23607097566127777,0.028899569046848442
DHX9,methy->rna|CNVdiploid,-1.0,-0.253231406211853,0.028926841578582926
DHX9,methy->rna|CNVdiploid,-0.5,-0.2655436098575592,0.028890064850676626
DHX9,methy->rna|CNVdiploid,0.0,-0.25693896412849426,0.028986128933010367
DHX9,methy->rna|CNVdiploid,0.5,-0.2925083637237549,0.028444956385246852
DHX9,methy->rna|CNVdiploid,1.0,-0.31111544370651245,0.028211274331928136
DHX9,methy->rna|CNVdiploid,1.5,-0.31897595524787903,0.02814048212733078
DHX9,methy->rna|CNVdiploid,2.0,-0.32541680335998535,0.028134676307885305
NDUFS2,methy->rna|CNVdiploid,-2.0,-0.14390148222446442,0.01988736376835731
NDUFS2,methy->rna|CNVdiploid,-1.5,-0.18112896382808685,0.019977807276986143
NDUFS2,methy->rna|CNVdiploid,-1.0,-0.23928992450237274,0.020093747137601693
NDUFS2,methy->rna|CNVdiploid,-0.5,-0.31962212920188904,0.020203617476011668
NDUFS2,methy->rna|CNVdiploid,0.0,-0.3654386103153229,0.019410682890650285
NDUFS2,methy->rna|CNVdiploid,0.5,-0.429409384727478,0.019452600732697684
NDUFS2,methy->rna|CNVdiploid,1.0,-0.48846930265426636,0.019790815867736445
NDUFS2,methy->rna|CNVdiploid,1.5,-0.5239109396934509,0.020139457068926538
NDUFS2,methy->rna|CNVdiploid,2.0,-0.5502715110778809,0.020391901246722015
CLDN4,methy->rna|CNVdiploid,-2.0,0.10773307830095291,0.02309178599652348
CLDN4,methy->rna|CNVdiploid,-1.5,0.0798676535487175,0.023032688246559914
CLDN4,methy->rna|CNVdiploid,-1.0,0.03391124680638313,0.022879309132095335
CLDN4,methy->rna|CNVdiploid,-0.5,-0.04350094124674797,0.022411554919721893
CLDN4,methy->rna|CNVdiploid,0.0,-0.13015133142471313,0.021424284476337818
CLDN4,methy->rna|CNVdiploid,0.5,-0.2132403552532196,0.022033283117488
CLDN4,methy->rna|CNVdiploid,1.0,-0.3471043109893799,0.022300937060264696
CLDN4,methy->rna|CNVdiploid,1.5,-0.43895846605300903,0.02239926114063333
CLDN4,methy->rna|CNVdiploid,2.0,-0.49688562750816345,0.02241393478264774
TBC1D20,methy->rna|CNVdiploid,-2.0,0.009139900095760822,0.024807795748397348
TBC1D20,methy->rna|CNVdiploid,-1.5,-0.02034379541873932,0.025083005538027444
TBC1D20,methy->rna|CNVdiploid,-1.0,-0.06582076847553253,0.02540295544304649
TBC1D20,methy->rna|CNVdiploid,-0.5,-0.12674377858638763,0.02550786119560932
TBC1D20,methy->rna|CNVdiploid,0.0,-0.15002158284187317,0.024731664107748408
TBC1D20,methy->rna|CNVdiploid,0.5,-0.1820366531610489,0.02480581688801578
TBC1D20,methy->rna|CNVdiploid,1.0,-0.20961600542068481,0.02478539626932055
TBC1D20,methy->rna|CNVdiploid,1.5,-0.2320035696029663,0.024889469505731666
TBC1D20,methy->rna|CNVdiploid,2.0,-0.2531212866306305,0.025016794351626178
SEZ6L2,methy->rna|CNVdiploid,-2.0,0.21409153938293457,0.01456513159766996
SEZ6L2,methy->rna|CNVdiploid,-1.5,0.16848339140415192,0.01452521331993984
SEZ6L2,methy->rna|CNVdiploid,-1.0,0.08987200260162354,0.014446229984567025
SEZ6L2,methy->rna|CNVdiploid,-0.5,-0.04923819378018379,0.014182085903733623
SEZ6L2,methy->rna|CNVdiploid,0.0,-0.19243642687797546,0.012207724814301909
SEZ6L2,methy->rna|CNVdiploid,0.5,-0.2768303155899048,0.012455366768693441
SEZ6L2,methy->rna|CNVdiploid,1.0,-0.4171830415725708,0.012654974502556449
SEZ6L2,methy->rna|CNVdiploid,1.5,-0.5168601274490356,0.01274273848603205
SEZ6L2,methy->rna|CNVdiploid,2.0,-0.5787127614021301,0.012855564038844452
NET1,methy->rna|CNVdiploid,-2.0,0.12114188075065613,0.016455849876513235
NET1,methy->rna|CNVdiploid,-1.5,0.07808434218168259,0.016357595535717518
NET1,methy->rna|CNVdiploid,-1.0,0.00559551827609539,0.01617107050986171
NET1,methy->rna|CNVdiploid,-0.5,-0.11947211623191833,0.015776912250853124
NET1,methy->rna|CNVdiploid,0.0,-0.22117272019386292,0.015497740381736586
NET1,methy->rna|CNVdiploid,0.5,-0.3775580823421478,0.015379709423614305
NET1,methy->rna|CNVdiploid,1.0,-0.5732007026672363,0.015902252787961937
NET1,methy->rna|CNVdiploid,1.5,-0.6865028738975525,0.016429810863474746
NET1,methy->rna|CNVdiploid,2.0,-0.7476450800895691,0.016794498704521085
LAPTM4B,methy->rna|CNVdiploid,-2.0,-0.11376302689313889,0.023351589878623524
LAPTM4B,methy->rna|CNVdiploid,-1.5,-0.13649286329746246,0.02311328104051399
LAPTM4B,methy->rna|CNVdiploid,-1.0,-0.17014974355697632,0.022691953769449467
LAPTM4B,methy->rna|CNVdiploid,-0.5,-0.2116798311471939,0.021964511181143627
LAPTM4B,methy->rna|CNVdiploid,0.0,-0.22679269313812256,0.022724491638939307
LAPTM4B,methy->rna|CNVdiploid,0.5,-0.26719728112220764,0.021450650393624364
LAPTM4B,methy->rna|CNVdiploid,1.0,-0.30414965748786926,0.02201628191722743
LAPTM4B,methy->rna|CNVdiploid,1.5,-0.337553471326828,0.022452110660735724
LAPTM4B,methy->rna|CNVdiploid,2.0,-0.3625542223453522,0.02273938539648074
ELF3,methy->rna|CNVdiploid,-2.0,-0.004599904175847769,0.018643137868554586
ELF3,methy->rna|CNVdiploid,-1.5,-0.024602269753813744,0.018629187774609212
ELF3,methy->rna|CNVdiploid,-1.0,-0.05785537138581276,0.018604848663660613
ELF3,methy->rna|CNVdiploid,-0.5,-0.1160958856344223,0.0185921996486225
ELF3,methy->rna|CNVdiploid,0.0,-0.17478327453136444,0.018511822611472138
ELF3,methy->rna|CNVdiploid,0.5,-0.27164599299430847,0.018974782228207424
ELF3,methy->rna|CNVdiploid,1.0,-0.36250239610671997,0.019685528726884213
ELF3,methy->rna|CNVdiploid,1.5,-0.4164577126502991,0.02009139342701569
ELF3,methy->rna|CNVdiploid,2.0,-0.45125046372413635,0.020342845995258728
MAPRE1,methy->rna|CNVdiploid,-2.0,-0.1849857121706009,0.025062451978271335
MAPRE1,methy->rna|CNVdiploid,-1.5,-0.2031358927488327,0.02500039901390534
MAPRE1,methy->rna|CNVdiploid,-1.0,-0.22881771624088287,0.024830421881086133
MAPRE1,methy->rna|CNVdiploid,-0.5,-0.2583875060081482,0.024396659172425554
MAPRE1,methy->rna|CNVdiploid,0.0,-0.2680952250957489,0.024478709959325964
MAPRE1,methy->rna|CNVdiploid,0.5,-0.30207404494285583,0.023897145122672644
MAPRE1,methy->rna|CNVdiploid,1.0,-0.34616732597351074,0.023888366653931514
MAPRE1,methy->rna|CNVdiploid,1.5,-0.3843630254268646,0.023884339193595464
MAPRE1,methy->rna|CNVdiploid,2.0,-0.4155535399913788,0.023828604198663565
LYPLA1,methy->rna|CNVdiploid,-2.0,-0.13256053626537323,0.02692896626658854
LYPLA1,methy->rna|CNVdiploid,-1.5,-0.16084173321723938,0.02680927790392862
LYPLA1,methy->rna|CNVdiploid,-1.0,-0.20293499529361725,0.026609722474745297
LYPLA1,methy->rna|CNVdiploid,-0.5,-0.25596481561660767,0.026351158649426214
LYPLA1,methy->rna|CNVdiploid,0.0,-0.28811511397361755,0.02646145178399701
LYPLA1,methy->rna|CNVdiploid,0.5,-0.3241395950317383,0.025766459890714865
LYPLA1,methy->rna|CNVdiploid,1.0,-0.3517600893974304,0.02568113788197224
LYPLA1,methy->rna|CNVdiploid,1.5,-0.36904165148735046,0.025586409748332224
LYPLA1,methy->rna|CNVdiploid,2.0,-0.38317957520484924,0.025470864352175993
MUC1,methy->rna|CNVdiploid,-2.0,0.04209796339273453,0.02494573408554541
MUC1,methy->rna|CNVdiploid,-1.5,0.025424502789974213,0.024981710987724805
MUC1,methy->rna|CNVdiploid,-1.0,-7.207316957646981e-05,0.025019507656885043
MUC1,methy->rna|CNVdiploid,-0.5,-0.03799840062856674,0.025039708160053253
MUC1,methy->rna|CNVdiploid,0.0,-0.09386100620031357,0.024005350428779187
MUC1,methy->rna|CNVdiploid,0.5,-0.18967127799987793,0.025140950405676203
MUC1,methy->rna|CNVdiploid,1.0,-0.30332013964653015,0.026051367839703958
MUC1,methy->rna|CNVdiploid,1.5,-0.3838379681110382,0.02650231917372732
MUC1,methy->rna|CNVdiploid,2.0,-0.4388120472431183,0.026756166860427782
ACLY,methy->rna|CNVdiploid,-2.0,0.06341739743947983,0.02467105606015882
ACLY,methy->rna|CNVdiploid,-1.5,0.037947915494441986,0.02470956102185651
ACLY,methy->rna|CNVdiploid,-1.0,-0.00516149727627635,0.024791890767048595
ACLY,methy->rna|CNVdiploid,-0.5,-0.08063670992851257,0.024965520509999416
ACLY,methy->rna|CNVdiploid,0.0,-0.14506471157073975,0.02466438721349848
ACLY,methy->rna|CNVdiploid,0.5,-0.1747453659772873,0.025125718847078444
ACLY,methy->rna|CNVdiploid,1.0,-0.23330920934677124,0.0253650389089953
ACLY,methy->rna|CNVdiploid,1.5,-0.28101226687431335,0.02533980625976868
ACLY,methy->rna|CNVdiploid,2.0,-0.3152361512184143,0.02524862394753924
AEBP1,methy->rna|CNVdiploid,-2.0,-0.000865010661073029,0.03768739596692053
AEBP1,methy->rna|CNVdiploid,-1.5,-0.018707171082496643,0.037806432700446
AEBP1,methy->rna|CNVdiploid,-1.0,-0.046831049025058746,0.03789318437043345
AEBP1,methy->rna|CNVdiploid,-0.5,-0.09018345922231674,0.03765702002419116
AEBP1,methy->rna|CNVdiploid,0.0,-0.13113094866275787,0.03705415192737286
AEBP1,methy->rna|CNVdiploid,0.5,-0.1327618956565857,0.03665447007625296
AEBP1,methy->rna|CNVdiploid,1.0,-0.1640956550836563,0.03703796362900913
AEBP1,methy->rna|CNVdiploid,1.5,-0.1907072365283966,0.037160700918622586
AEBP1,methy->rna|CNVdiploid,2.0,-0.21088682115077972,0.03714958617418868
CALD1,methy->rna|CNVdiploid,-2.0,-0.026823053136467934,0.0340770567339432
CALD1,methy->rna|CNVdiploid,-1.5,-0.04594659060239792,0.034224686692365294
CALD1,methy->rna|CNVdiploid,-1.0,-0.07522288709878922,0.03435925355703508
CALD1,methy->rna|CNVdiploid,-0.5,-0.12038590759038925,0.03423426062811003
CALD1,methy->rna|CNVdiploid,0.0,-0.15699277818202972,0.03366612937669016
CALD1,methy->rna|CNVdiploid,0.5,-0.18531574308872223,0.03433541351990518
CALD1,methy->rna|CNVdiploid,1.0,-0.2372392863035202,0.03436954450276388
CALD1,methy->rna|CNVdiploid,1.5,-0.28161486983299255,0.03408307395146908
CALD1,methy->rna|CNVdiploid,2.0,-0.3148345351219177,0.03379266311430438
SDCBP,methy->rna|CNVdiploid,-2.0,-0.03668959438800812,0.024219348487641623
SDCBP,methy->rna|CNVdiploid,-1.5,-0.0628984197974205,0.02434310135978571
SDCBP,methy->rna|CNVdiploid,-1.0,-0.10267644375562668,0.024530485054133078
SDCBP,methy->rna|CNVdiploid,-0.5,-0.15879949927330017,0.024887736913216968
SDCBP,methy->rna|CNVdiploid,0.0,-0.2047421932220459,0.025757219397303147
SDCBP,methy->rna|CNVdiploid,0.5,-0.24716776609420776,0.02461355578228742
SDCBP,methy->rna|CNVdiploid,1.0,-0.30214565992355347,0.024565980317387
SDCBP,methy->rna|CNVdiploid,1.5,-0.3416961133480072,0.024574832884424358
SDCBP,methy->rna|CNVdiploid,2.0,-0.36998042464256287,0.0245625717957606
RPRD2,methy->rna|CNVdiploid,-2.0,-0.11928696185350418,0.027873388280499085
RPRD2,methy->rna|CNVdiploid,-1.5,-0.1449981927871704,0.027908098973557675
RPRD2,methy->rna|CNVdiploid,-1.0,-0.18317203223705292,0.027956151718660255
RPRD2,methy->rna|CNVdiploid,-0.5,-0.23010054230690002,0.028083106073073637
RPRD2,methy->rna|CNVdiploid,0.0,-0.25456440448760986,0.02767729803634516
RPRD2,methy->rna|CNVdiploid,0.5,-0.3291241526603699,0.027406359795556327
RPRD2,methy->rna|CNVdiploid,1.0,-0.3824421167373657,0.02726649708206804
RPRD2,methy->rna|CNVdiploid,1.5,-0.41016265749931335,0.02731371949038056
RPRD2,methy->rna|CNVdiploid,2.0,-0.429682195186615,0.027393939613491854
ELMO3,methy->rna|CNVdiploid,-2.0,0.47232815623283386,0.023571683612031376
ELMO3,methy->rna|CNVdiploid,-1.5,0.44011709094047546,0.023594695491732865
ELMO3,methy->rna|CNVdiploid,-1.0,0.38066819310188293,0.023546124058556703
ELMO3,methy->rna|CNVdiploid,-0.5,0.25611045956611633,0.023115395021318087
ELMO3,methy->rna|CNVdiploid,0.0,0.15794862806797028,0.022215111618980068
ELMO3,methy->rna|CNVdiploid,0.5,0.05964722856879234,0.023640662587732852
ELMO3,methy->rna|CNVdiploid,1.0,-0.08510562032461166,0.025028039857759306
ELMO3,methy->rna|CNVdiploid,1.5,-0.2129928320646286,0.025474211851676087
ELMO3,methy->rna|CNVdiploid,2.0,-0.3044606149196625,0.025536221228809008
SERPINB9,methy->rna|CNVdiploid,-2.0,0.09959344565868378,0.027140636767204816
SERPINB9,methy->rna|CNVdiploid,-1.5,0.07216887176036835,0.027506381598653203
SERPINB9,methy->rna|CNVdiploid,-1.0,0.028479520231485367,0.02802149551912335
SERPINB9,methy->rna|CNVdiploid,-0.5,-0.04238390177488327,0.02852274434075261
SERPINB9,methy->rna|CNVdiploid,0.0,-0.10114923864603043,0.028155112182112113
SERPINB9,methy->rna|CNVdiploid,0.5,-0.1288425475358963,0.02845171022701169
SERPINB9,methy->rna|CNVdiploid,1.0,-0.17110182344913483,0.029133963751427915
SERPINB9,methy->rna|CNVdiploid,1.5,-0.2052747756242752,0.029551854169164546
SERPINB9,methy->rna|CNVdiploid,2.0,-0.231906458735466,0.02973908530819615
RARA,methy->rna|CNVdiploid,-2.0,0.2009015828371048,0.030027722144974737
RARA,methy->rna|CNVdiploid,-1.5,0.1678423285484314,0.030073296955877054
RARA,methy->rna|CNVdiploid,-1.0,0.11209575831890106,0.03007124181783761
RARA,methy->rna|CNVdiploid,-0.5,0.014652625657618046,0.029729799048189707
RARA,methy->rna|CNVdiploid,0.0,-0.08795078098773956,0.028332998218372624
RARA,methy->rna|CNVdiploid,0.5,-0.15117669105529785,0.028127887596334007
RARA,methy->rna|CNVdiploid,1.0,-0.2557506561279297,0.028013606229936927
RARA,methy->rna|CNVdiploid,1.5,-0.3216853141784668,0.027759270366226035
RARA,methy->rna|CNVdiploid,2.0,-0.36149317026138306,0.027546405575423528
KCTD3,methy->rna|CNVdiploid,-2.0,-0.1051802933216095,0.030128439164439143
KCTD3,methy->rna|CNVdiploid,-1.5,-0.12937971949577332,0.03014972063098759
KCTD3,methy->rna|CNVdiploid,-1.0,-0.16637922823429108,0.03011442586900581
KCTD3,methy->rna|CNVdiploid,-0.5,-0.21676139533519745,0.029843481090132015
KCTD3,methy->rna|CNVdiploid,0.0,-0.2481106072664261,0.028490391717003332
KCTD3,methy->rna|CNVdiploid,0.5,-0.3198862671852112,0.02841147703152261
KCTD3,methy->rna|CNVdiploid,1.0,-0.38048645853996277,0.02839203712557154
KCTD3,methy->rna|CNVdiploid,1.5,-0.41044846177101135,0.028339460025675865
KCTD3,methy->rna|CNVdiploid,2.0,-0.4286828339099884,0.02829464581199069
ABCC11,methy->rna|CNVdiploid,-2.0,0.20178619027137756,0.025563733490325403
ABCC11,methy->rna|CNVdiploid,-1.5,0.1626453846693039,0.02537075537461297
ABCC11,methy->rna|CNVdiploid,-1.0,0.09730136394500732,0.024929290801868197
ABCC11,methy->rna|CNVdiploid,-0.5,-0.01486657653003931,0.02369494612780338
ABCC11,methy->rna|CNVdiploid,0.0,-0.11985958367586136,0.021168756501802347
ABCC11,methy->rna|CNVdiploid,0.5,-0.20749640464782715,0.021561640923924347
ABCC11,methy->rna|CNVdiploid,1.0,-0.33917921781539917,0.021789728555877994
ABCC11,methy->rna|CNVdiploid,1.5,-0.41309410333633423,0.021745862364512182
ABCC11,methy->rna|CNVdiploid,2.0,-0.45402464270591736,0.021654982983552607
MAGEF1,methy->rna|CNVdiploid,-2.0,-0.05768998712301254,0.018223220644480013
MAGEF1,methy->rna|CNVdiploid,-1.5,-0.09610015153884888,0.018051151324473245
MAGEF1,methy->rna|CNVdiploid,-1.0,-0.15192745625972748,0.017772953630015912
MAGEF1,methy->rna|CNVdiploid,-0.5,-0.21054044365882874,0.017477318862967276
MAGEF1,methy->rna|CNVdiploid,0.0,-0.22594483196735382,0.017912434955214804
MAGEF1,methy->rna|CNVdiploid,0.5,-0.2940734326839447,0.01757848047220904
MAGEF1,methy->rna|CNVdiploid,1.0,-0.3565421998500824,0.018004563110401953
MAGEF1,methy->rna|CNVdiploid,1.5,-0.41444116830825806,0.018212321656849825
MAGEF1,methy->rna|CNVdiploid,2.0,-0.4596588611602783,0.018201530547621494
PI4KB,methy->rna|CNVdiploid,-2.0,-0.19690650701522827,0.02228463107637166
PI4KB,methy->rna|CNVdiploid,-1.5,-0.2128836065530777,0.02238755578919127
PI4KB,methy->rna|CNVdiploid,-1.0,-0.23355986177921295,0.022552402704677656
PI4KB,methy->rna|CNVdiploid,-0.5,-0.24924002587795258,0.02284731174429561
PI4KB,methy->rna|CNVdiploid,0.0,-0.24608595669269562,0.02316097419094371
PI4KB,methy->rna|CNVdiploid,0.5,-0.3089679181575775,0.023155928968715378
PI4KB,methy->rna|CNVdiploid,1.0,-0.33775797486305237,0.02362950861478918
PI4KB,methy->rna|CNVdiploid,1.5,-0.35083070397377014,0.02382698493295486
PI4KB,methy->rna|CNVdiploid,2.0,-0.3613399267196655,0.023906686367992574
PPP2R5A,methy->rna|CNVdiploid,-2.0,-0.059490106999874115,0.027925132864243047
PPP2R5A,methy->rna|CNVdiploid,-1.5,-0.08499296754598618,0.027946525478235833
PPP2R5A,methy->rna|CNVdiploid,-1.0,-0.12445278465747833,0.02791697333421157
PPP2R5A,methy->rna|CNVdiploid,-0.5,-0.18107441067695618,0.02763982173334802
PPP2R5A,methy->rna|CNVdiploid,0.0,-0.23900212347507477,0.025849912007158606
PPP2R5A,methy->rna|CNVdiploid,0.5,-0.29949450492858887,0.026361499720473053
PPP2R5A,methy->rna|CNVdiploid,1.0,-0.3763977289199829,0.026520048280780223
PPP2R5A,methy->rna|CNVdiploid,1.5,-0.42558586597442627,0.026544576996192695
PPP2R5A,methy->rna|CNVdiploid,2.0,-0.45887210965156555,0.026530731511606696
GOLT1A,methy->rna|CNVdiploid,-2.0,0.07761620730161667,0.015462202620930416
GOLT1A,methy->rna|CNVdiploid,-1.5,0.03629627451300621,0.01535440703481477
GOLT1A,methy->rna|CNVdiploid,-1.0,-0.03223879262804985,0.015219417373984169
GOLT1A,methy->rna|CNVdiploid,-0.5,-0.14318729937076569,0.015232930505917978
GOLT1A,methy->rna|CNVdiploid,0.0,-0.22238843142986298,0.01484480798900933
GOLT1A,methy->rna|CNVdiploid,0.5,-0.37231066823005676,0.014960070068150576
GOLT1A,methy->rna|CNVdiploid,1.0,-0.5152111649513245,0.015513278140646689
GOLT1A,methy->rna|CNVdiploid,1.5,-0.5940215587615967,0.01601637288159664
GOLT1A,methy->rna|CNVdiploid,2.0,-0.6414178013801575,0.0164182439014977
SOX9,methy->rna|CNVdiploid,-2.0,0.19050809741020203,0.016947846218241684
SOX9,methy->rna|CNVdiploid,-1.5,0.15162886679172516,0.017101771262800516
SOX9,methy->rna|CNVdiploid,-1.0,0.09103534370660782,0.017318871642977
SOX9,methy->rna|CNVdiploid,-0.5,0.004416672512888908,0.01758687101457581
SOX9,methy->rna|CNVdiploid,0.0,-0.05932439863681793,0.017826151847982898
SOX9,methy->rna|CNVdiploid,0.5,-0.12076978385448456,0.01680756288795423
SOX9,methy->rna|CNVdiploid,1.0,-0.2247951328754425,0.01737555139118578
SOX9,methy->rna|CNVdiploid,1.5,-0.30313581228256226,0.017655620067622817
SOX9,methy->rna|CNVdiploid,2.0,-0.35486072301864624,0.017776502720468976
NME3,methy->rna|CNVdiploid,-2.0,0.028351550921797752,0.03231820073195745
NME3,methy->rna|CNVdiploid,-1.5,0.01388203538954258,0.03241301604006362
NME3,methy->rna|CNVdiploid,-1.0,-0.007039018906652927,0.03252542533480016
NME3,methy->rna|CNVdiploid,-0.5,-0.03157168999314308,0.03251732464753334
NME3,methy->rna|CNVdiploid,0.0,-0.0542578399181366,0.03228126055192712
NME3,methy->rna|CNVdiploid,0.5,-0.09388304501771927,0.032711163611098985
NME3,methy->rna|CNVdiploid,1.0,-0.12156077474355698,0.033300351854816966
NME3,methy->rna|CNVdiploid,1.5,-0.15267972648143768,0.03337702179779437
NME3,methy->rna|CNVdiploid,2.0,-0.1802254170179367,0.03328709261851582
CTHRC1,methy->rna|CNVdiploid,-2.0,-0.02549649216234684,0.03317404695017639
CTHRC1,methy->rna|CNVdiploid,-1.5,-0.044044021517038345,0.0335484198744118
CTHRC1,methy->rna|CNVdiploid,-1.0,-0.07298991829156876,0.034141249831453134
CTHRC1,methy->rna|CNVdiploid,-0.5,-0.1170700192451477,0.035116655829994424
CTHRC1,methy->rna|CNVdiploid,0.0,-0.14927981793880463,0.03710979974783861
CTHRC1,methy->rna|CNVdiploid,0.5,-0.17807987332344055,0.03572842661916812
CTHRC1,methy->rna|CNVdiploid,1.0,-0.2448679655790329,0.0354950322415877
CTHRC1,methy->rna|CNVdiploid,1.5,-0.29577597975730896,0.03504675280495178
CTHRC1,methy->rna|CNVdiploid,2.0,-0.3315550982952118,0.03463254332904826
CD4,methy->rna|CNVdiploid,-2.0,0.07887545228004456,0.03279969364019586
CD4,methy->rna|CNVdiploid,-1.5,0.05784220993518829,0.032906386469314736
CD4,methy->rna|CNVdiploid,-1.0,0.02435418590903282,0.032927354107785044
CD4,methy->rna|CNVdiploid,-0.5,-0.02729046903550625,0.03238789889700465
CD4,methy->rna|CNVdiploid,0.0,-0.07637887448072433,0.032584788966885485
CD4,methy->rna|CNVdiploid,0.5,-0.08444119244813919,0.03187479434797923
CD4,methy->rna|CNVdiploid,1.0,-0.12624861299991608,0.031852207443800205
CD4,methy->rna|CNVdiploid,1.5,-0.15679825842380524,0.031893155469911706
CD4,methy->rna|CNVdiploid,2.0,-0.17828431725502014,0.0318984426012836
GCC1,methy->rna|CNVdiploid,-2.0,-4.068415364599787e-05,0.024491572551806142
GCC1,methy->rna|CNVdiploid,-1.5,-0.026939978823065758,0.024563365083402552
GCC1,methy->rna|CNVdiploid,-1.0,-0.0679478570818901,0.024627122308581745
GCC1,methy->rna|CNVdiploid,-0.5,-0.12675070762634277,0.024565106393363862
GCC1,methy->rna|CNVdiploid,0.0,-0.16939151287078857,0.02395111047594173
GCC1,methy->rna|CNVdiploid,0.5,-0.19005849957466125,0.024644744626913618
GCC1,methy->rna|CNVdiploid,1.0,-0.23651637136936188,0.02501689460226225
GCC1,methy->rna|CNVdiploid,1.5,-0.27551594376564026,0.025247948345426593
GCC1,methy->rna|CNVdiploid,2.0,-0.30832183361053467,0.025378747093797113
ANKH,methy->rna|CNVdiploid,-2.0,0.028011566027998924,0.02273323959661729
ANKH,methy->rna|CNVdiploid,-1.5,-0.0057053412310779095,0.023071685743991342
ANKH,methy->rna|CNVdiploid,-1.0,-0.059071172028779984,0.02353739353577195
ANKH,methy->rna|CNVdiploid,-0.5,-0.14305581152439117,0.024077700876958947
ANKH,methy->rna|CNVdiploid,0.0,-0.2076152116060257,0.025510245417258475
ANKH,methy->rna|CNVdiploid,0.5,-0.2428896725177765,0.024006241787695556
ANKH,methy->rna|CNVdiploid,1.0,-0.3200961649417877,0.024142101013825985
ANKH,methy->rna|CNVdiploid,1.5,-0.3823416829109192,0.024157317316892166
ANKH,methy->rna|CNVdiploid,2.0,-0.4291587471961975,0.02411716475778427
CTF1,methy->rna|CNVdiploid,-2.0,0.32725489139556885,0.01857549702090849
CTF1,methy->rna|CNVdiploid,-1.5,0.26827993988990784,0.018933997654219954
CTF1,methy->rna|CNVdiploid,-1.0,0.16085349023342133,0.019597316884588777
CTF1,methy->rna|CNVdiploid,-0.5,-0.04848209768533707,0.020803499847364394
CTF1,methy->rna|CNVdiploid,0.0,-0.24705293774604797,0.02053449034163909
CTF1,methy->rna|CNVdiploid,0.5,-0.3424130976200104,0.02075515070907691
CTF1,methy->rna|CNVdiploid,1.0,-0.514051079750061,0.021397986119262538
CTF1,methy->rna|CNVdiploid,1.5,-0.6185334324836731,0.021602536645356153
CTF1,methy->rna|CNVdiploid,2.0,-0.6787608861923218,0.021680790984255804
PXMP4,methy->rna|CNVdiploid,-2.0,0.30770164728164673,0.022844642026269818
PXMP4,methy->rna|CNVdiploid,-1.5,0.26066112518310547,0.02300924049452768
PXMP4,methy->rna|CNVdiploid,-1.0,0.17674154043197632,0.02305812793514363
PXMP4,methy->rna|CNVdiploid,-0.5,0.01715327985584736,0.022260128513299036
PXMP4,methy->rna|CNVdiploid,0.0,-0.1452828198671341,0.019253378745847382
PXMP4,methy->rna|CNVdiploid,0.5,-0.23461437225341797,0.01940918566919419
PXMP4,methy->rna|CNVdiploid,1.0,-0.40642765164375305,0.019758770533980338
PXMP4,methy->rna|CNVdiploid,1.5,-0.5273516774177551,0.019997698310799526
PXMP4,methy->rna|CNVdiploid,2.0,-0.5998899936676025,0.020164323585395334
VWF,methy->rna|CNVdiploid,-2.0,0.15613922476768494,0.03171322737178167
VWF,methy->rna|CNVdiploid,-1.5,0.13843268156051636,0.03189125942527298
VWF,methy->rna|CNVdiploid,-1.0,0.10976520925760269,0.032137540368311776
VWF,methy->rna|CNVdiploid,-0.5,0.06010829657316208,0.03240294956858515
VWF,methy->rna|CNVdiploid,0.0,-0.018201882019639015,0.03229898094153341
VWF,methy->rna|CNVdiploid,0.5,-0.028579900041222572,0.032135129994322775
VWF,methy->rna|CNVdiploid,1.0,-0.09304928034543991,0.0324402231909485
VWF,methy->rna|CNVdiploid,1.5,-0.1451505869626999,0.032560652536570686
VWF,methy->rna|CNVdiploid,2.0,-0.1821165382862091,0.032579061604459544
CRNKL1,methy->rna|CNVdiploid,-2.0,-0.05945388600230217,0.029726774094214363
CRNKL1,methy->rna|CNVdiploid,-1.5,-0.07657471299171448,0.02976621618142315
CRNKL1,methy->rna|CNVdiploid,-1.0,-0.10069912672042847,0.02973201110026822
CRNKL1,methy->rna|CNVdiploid,-0.5,-0.12626662850379944,0.02933777765328258
CRNKL1,methy->rna|CNVdiploid,0.0,-0.13770925998687744,0.028777441978498016
CRNKL1,methy->rna|CNVdiploid,0.5,-0.17024192214012146,0.028808452115468612
CRNKL1,methy->rna|CNVdiploid,1.0,-0.20841632783412933,0.029011627464358737
CRNKL1,methy->rna|CNVdiploid,1.5,-0.2361229509115219,0.029128205877938823
CRNKL1,methy->rna|CNVdiploid,2.0,-0.25760945677757263,0.02918943722296137
WFDC2,methy->rna|CNVdiploid,-2.0,0.2798612415790558,0.018367675272972662
WFDC2,methy->rna|CNVdiploid,-1.5,0.22266481816768646,0.018443669613837418
WFDC2,methy->rna|CNVdiploid,-1.0,0.1212029680609703,0.01851767419751234
WFDC2,methy->rna|CNVdiploid,-0.5,-0.05368296056985855,0.018416190042745827
WFDC2,methy->rna|CNVdiploid,0.0,-0.19695286452770233,0.017207409280878994
WFDC2,methy->rna|CNVdiploid,0.5,-0.3210854232311249,0.018051971854135863
WFDC2,methy->rna|CNVdiploid,1.0,-0.515384316444397,0.019502372994145038
WFDC2,methy->rna|CNVdiploid,1.5,-0.6175758838653564,0.01990409472777282
WFDC2,methy->rna|CNVdiploid,2.0,-0.6690648198127747,0.01996819847145495
KDELR2,methy->rna|CNVdiploid,-2.0,-0.042309828102588654,0.01705138986977095
KDELR2,methy->rna|CNVdiploid,-1.5,-0.06957480311393738,0.017141949974248255
KDELR2,methy->rna|CNVdiploid,-1.0,-0.11253546923398972,0.017247719843706783
KDELR2,methy->rna|CNVdiploid,-0.5,-0.17972160875797272,0.017278540376213503
KDELR2,methy->rna|CNVdiploid,0.0,-0.22146651148796082,0.01745017055484705
KDELR2,methy->rna|CNVdiploid,0.5,-0.3253883421421051,0.017421179596448615
KDELR2,methy->rna|CNVdiploid,1.0,-0.4589751064777374,0.01824185963502334
KDELR2,methy->rna|CNVdiploid,1.5,-0.5519583225250244,0.01881906029996511
KDELR2,methy->rna|CNVdiploid,2.0,-0.6110094785690308,0.019159459155380885
PRR14,methy->rna|CNVdiploid,-2.0,-0.013719489797949791,0.02390370935997361
PRR14,methy->rna|CNVdiploid,-1.5,-0.05066772550344467,0.02407749165824019
PRR14,methy->rna|CNVdiploid,-1.0,-0.10794736444950104,0.024307128816329626
PRR14,methy->rna|CNVdiploid,-0.5,-0.17750880122184753,0.024489070644627686
PRR14,methy->rna|CNVdiploid,0.0,-0.1995638608932495,0.024206943561108724
PRR14,methy->rna|CNVdiploid,0.5,-0.23185159265995026,0.024056672216362332
PRR14,methy->rna|CNVdiploid,1.0,-0.24701446294784546,0.024562972798304883
PRR14,methy->rna|CNVdiploid,1.5,-0.2643526494503021,0.02487921342978932
PRR14,methy->rna|CNVdiploid,2.0,-0.2831420600414276,0.02502720952096924
C1orf116,methy->rna|CNVdiploid,-2.0,0.18418113887310028,0.01880562453537001
C1orf116,methy->rna|CNVdiploid,-1.5,0.14018818736076355,0.01929740185125226
C1orf116,methy->rna|CNVdiploid,-1.0,0.06819158047437668,0.020028837030107688
C1orf116,methy->rna|CNVdiploid,-0.5,-0.0530698336660862,0.020903615363012377
C1orf116,methy->rna|CNVdiploid,0.0,-0.17286615073680878,0.01998776042165862
C1orf116,methy->rna|CNVdiploid,0.5,-0.26525989174842834,0.020000904151792127
C1orf116,methy->rna|CNVdiploid,1.0,-0.37509599328041077,0.020520769080667352
C1orf116,methy->rna|CNVdiploid,1.5,-0.4396393299102783,0.020678258471210822
C1orf116,methy->rna|CNVdiploid,2.0,-0.47777074575424194,0.020706182632079767
GMFG,methy->rna|CNVdiploid,-2.0,0.15209831297397614,0.023839694970119278
GMFG,methy->rna|CNVdiploid,-1.5,0.13258135318756104,0.024065067117452408
GMFG,methy->rna|CNVdiploid,-1.0,0.10167475044727325,0.024501163922444107
GMFG,methy->rna|CNVdiploid,-0.5,0.049883883446455,0.025286836874775336
GMFG,methy->rna|CNVdiploid,0.0,-0.029205700382590294,0.025317666124728674
GMFG,methy->rna|CNVdiploid,0.5,-0.0701204463839531,0.02574821427495003
GMFG,methy->rna|CNVdiploid,1.0,-0.1300208419561386,0.026286917605959897
GMFG,methy->rna|CNVdiploid,1.5,-0.17263643443584442,0.02664130142510751
GMFG,methy->rna|CNVdiploid,2.0,-0.20301774144172668,0.026856879521168883
SLC2A4RG,methy->rna|CNVdiploid,-2.0,0.018453624099493027,0.0274932095368182
SLC2A4RG,methy->rna|CNVdiploid,-1.5,-0.007923396304249763,0.02757095826381419
SLC2A4RG,methy->rna|CNVdiploid,-1.0,-0.049934882670640945,0.02757531916648326
SLC2A4RG,methy->rna|CNVdiploid,-0.5,-0.10572031885385513,0.02719324001944034
SLC2A4RG,methy->rna|CNVdiploid,0.0,-0.12997567653656006,0.02647322251628868
SLC2A4RG,methy->rna|CNVdiploid,0.5,-0.1509908139705658,0.026251596691638273
SLC2A4RG,methy->rna|CNVdiploid,1.0,-0.14581553637981415,0.026750912419480695
SLC2A4RG,methy->rna|CNVdiploid,1.5,-0.15264549851417542,0.02707596638949272
SLC2A4RG,methy->rna|CNVdiploid,2.0,-0.16572000086307526,0.027222151431138413
RSL1D1,methy->rna|CNVdiploid,-2.0,-0.028949258849024773,0.017651335442611632
RSL1D1,methy->rna|CNVdiploid,-1.5,-0.06383830308914185,0.017664947735500685
RSL1D1,methy->rna|CNVdiploid,-1.0,-0.121673583984375,0.01768218430681985
RSL1D1,methy->rna|CNVdiploid,-0.5,-0.2187923640012741,0.017738521895249
RSL1D1,methy->rna|CNVdiploid,0.0,-0.3018698990345001,0.017690702341843365
RSL1D1,methy->rna|CNVdiploid,0.5,-0.35640597343444824,0.01779194676682797
RSL1D1,methy->rna|CNVdiploid,1.0,-0.4332153797149658,0.018328309463421753
RSL1D1,methy->rna|CNVdiploid,1.5,-0.4840386211872101,0.01862480725768526
RSL1D1,methy->rna|CNVdiploid,2.0,-0.5170735120773315,0.018781276706974794
STC1,methy->rna|CNVdiploid,-2.0,0.417843222618103,0.022223975082825694
STC1,methy->rna|CNVdiploid,-1.5,0.3723282814025879,0.02224593433084844
STC1,methy->rna|CNVdiploid,-1.0,0.2948194146156311,0.022134327041200462
STC1,methy->rna|CNVdiploid,-0.5,0.15423943102359772,0.021482493046746674
STC1,methy->rna|CNVdiploid,0.0,0.0311108585447073,0.01910309650429272
STC1,methy->rna|CNVdiploid,0.5,-0.021355748176574707,0.019939097455293004
STC1,methy->rna|CNVdiploid,1.0,-0.14872781932353973,0.020243682860653416
STC1,methy->rna|CNVdiploid,1.5,-0.2546825706958771,0.02037141524717717
STC1,methy->rna|CNVdiploid,2.0,-0.32687994837760925,0.020460594726046853
S100A4,methy->rna|CNVdiploid,-2.0,0.030568407848477364,0.022083870460193843
S100A4,methy->rna|CNVdiploid,-1.5,0.007520600222051144,0.02216914452298008
S100A4,methy->rna|CNVdiploid,-1.0,-0.028676599264144897,0.02225325262728159
S100A4,methy->rna|CNVdiploid,-0.5,-0.0816606655716896,0.022246904146784343
S100A4,methy->rna|CNVdiploid,0.0,-0.14158686995506287,0.023689539131540534
S100A4,methy->rna|CNVdiploid,0.5,-0.16030025482177734,0.022226453017025957
S100A4,methy->rna|CNVdiploid,1.0,-0.20094376802444458,0.02235554096649832
S100A4,methy->rna|CNVdiploid,1.5,-0.2301032692193985,0.02254141000449636
S100A4,methy->rna|CNVdiploid,2.0,-0.25105613470077515,0.02267717551807568
ZNF880,methy->rna|CNVdiploid,-2.0,0.42736050486564636,0.016533673791486278
ZNF880,methy->rna|CNVdiploid,-1.5,0.3633776903152466,0.016742081787706954
ZNF880,methy->rna|CNVdiploid,-1.0,0.24537082016468048,0.01692892173132172
ZNF880,methy->rna|CNVdiploid,-0.5,0.012489810585975647,0.016565587273862335
ZNF880,methy->rna|CNVdiploid,0.0,-0.20288902521133423,0.015619140632975499
ZNF880,methy->rna|CNVdiploid,0.5,-0.32187071442604065,0.015814824426181005
ZNF880,methy->rna|CNVdiploid,1.0,-0.5081719160079956,0.016692380355513344
ZNF880,methy->rna|CNVdiploid,1.5,-0.627875566482544,0.017353044033707125
ZNF880,methy->rna|CNVdiploid,2.0,-0.698657214641571,0.01775296997333225
CREG1,methy->rna|CNVdiploid,-2.0,-0.11699483543634415,0.02017272720393203
CREG1,methy->rna|CNVdiploid,-1.5,-0.14603281021118164,0.02017291027031094
CREG1,methy->rna|CNVdiploid,-1.0,-0.18885701894760132,0.020126280648368227
CREG1,methy->rna|CNVdiploid,-0.5,-0.24171912670135498,0.019936347100886025
CREG1,methy->rna|CNVdiploid,0.0,-0.2737467885017395,0.019792650890248866
CREG1,methy->rna|CNVdiploid,0.5,-0.3210507035255432,0.01978409253703476
CREG1,methy->rna|CNVdiploid,1.0,-0.3747495710849762,0.02034878039704177
CREG1,methy->rna|CNVdiploid,1.5,-0.4073018729686737,0.020736488835236214
CREG1,methy->rna|CNVdiploid,2.0,-0.4302215278148651,0.020980705922788948
CD40,methy->rna|CNVdiploid,-2.0,0.20721639692783356,0.028402140646198126
CD40,methy->rna|CNVdiploid,-1.5,0.17415283620357513,0.02886905580433489
CD40,methy->rna|CNVdiploid,-1.0,0.11670081317424774,0.029528517564576653
CD40,methy->rna|CNVdiploid,-0.5,0.01073470339179039,0.03016300166090528
CD40,methy->rna|CNVdiploid,0.0,-0.08690895140171051,0.03017902214842168
CD40,methy->rna|CNVdiploid,0.5,-0.09341949969530106,0.029359952658109045
CD40,methy->rna|CNVdiploid,1.0,-0.1494649350643158,0.02938279018887824
CD40,methy->rna|CNVdiploid,1.5,-0.19300544261932373,0.029440645702699195
CD40,methy->rna|CNVdiploid,2.0,-0.22430595755577087,0.029418387882129887
PRKAR1A,methy->rna|CNVdiploid,-2.0,0.04323288053274155,0.029734434550427142
PRKAR1A,methy->rna|CNVdiploid,-1.5,0.01100201066583395,0.029810043144279194
PRKAR1A,methy->rna|CNVdiploid,-1.0,-0.04088601469993591,0.029879621444435435
PRKAR1A,methy->rna|CNVdiploid,-0.5,-0.12565962970256805,0.02982532918691829
PRKAR1A,methy->rna|CNVdiploid,0.0,-0.19047009944915771,0.028618169870121817
PRKAR1A,methy->rna|CNVdiploid,0.5,-0.22208958864212036,0.02896537705134377
PRKAR1A,methy->rna|CNVdiploid,1.0,-0.2784036099910736,0.029139255241523117
PRKAR1A,methy->rna|CNVdiploid,1.5,-0.31834834814071655,0.02904415879576362
PRKAR1A,methy->rna|CNVdiploid,2.0,-0.34700247645378113,0.028872640854255237
S100A6,methy->rna|CNVdiploid,-2.0,0.15265874564647675,0.02070516051146418
S100A6,methy->rna|CNVdiploid,-1.5,0.10301326960325241,0.020956774352469593
S100A6,methy->rna|CNVdiploid,-1.0,0.014864779077470303,0.02130550490748749
S100A6,methy->rna|CNVdiploid,-0.5,-0.14792035520076752,0.02155042592885437
S100A6,methy->rna|CNVdiploid,0.0,-0.29588228464126587,0.021601008912836905
S100A6,methy->rna|CNVdiploid,0.5,-0.37369704246520996,0.02055421356460514
S100A6,methy->rna|CNVdiploid,1.0,-0.5052528381347656,0.02118482493527513
S100A6,methy->rna|CNVdiploid,1.5,-0.5869341492652893,0.021494392361375913
S100A6,methy->rna|CNVdiploid,2.0,-0.635820209980011,0.021591245372628298
ECH1,methy->rna|CNVdiploid,-2.0,0.2069159895181656,0.024282199098372873
ECH1,methy->rna|CNVdiploid,-1.5,0.17237503826618195,0.02431011236243355
ECH1,methy->rna|CNVdiploid,-1.0,0.11875476688146591,0.024267168041047258
ECH1,methy->rna|CNVdiploid,-0.5,0.04428568854928017,0.023969127258732927
ECH1,methy->rna|CNVdiploid,0.0,-0.03352958709001541,0.02352822714065646
ECH1,methy->rna|CNVdiploid,0.5,-0.08412124216556549,0.023842508526014213
ECH1,methy->rna|CNVdiploid,1.0,-0.2094971090555191,0.02433835688946559
ECH1,methy->rna|CNVdiploid,1.5,-0.3174511194229126,0.024426553476229452
ECH1,methy->rna|CNVdiploid,2.0,-0.3921971321105957,0.0243485628400899
GRAMD1A,methy->rna|CNVdiploid,-2.0,-0.01295890100300312,0.020485993006759153
GRAMD1A,methy->rna|CNVdiploid,-1.5,-0.03976821526885033,0.020475009024024472
GRAMD1A,methy->rna|CNVdiploid,-1.0,-0.07988069951534271,0.020506629382258102
GRAMD1A,methy->rna|CNVdiploid,-0.5,-0.12861597537994385,0.02078647249476398
GRAMD1A,methy->rna|CNVdiploid,0.0,-0.15852434933185577,0.021233875828015107
GRAMD1A,methy->rna|CNVdiploid,0.5,-0.20225034654140472,0.020730863902807997
GRAMD1A,methy->rna|CNVdiploid,1.0,-0.2234964668750763,0.02104275888715494
GRAMD1A,methy->rna|CNVdiploid,1.5,-0.25126802921295166,0.021237752912397052
GRAMD1A,methy->rna|CNVdiploid,2.0,-0.277638703584671,0.021324092683031957
RHOD,methy->rna|CNVdiploid,-2.0,0.20394428074359894,0.02195522274177553
RHOD,methy->rna|CNVdiploid,-1.5,0.17361825704574585,0.022082327472143018
RHOD,methy->rna|CNVdiploid,-1.0,0.12111677974462509,0.022256794089968862
RHOD,methy->rna|CNVdiploid,-0.5,0.027177466079592705,0.022239450729928664
RHOD,methy->rna|CNVdiploid,0.0,-0.08680740743875504,0.021233520592065555
RHOD,methy->rna|CNVdiploid,0.5,-0.15928101539611816,0.021754754160059307
RHOD,methy->rna|CNVdiploid,1.0,-0.2923448383808136,0.0216921650727265
RHOD,methy->rna|CNVdiploid,1.5,-0.38984617590904236,0.021367740938232394
RHOD,methy->rna|CNVdiploid,2.0,-0.4513951241970062,0.021077077295115862
FCER1A,methy->rna|CNVdiploid,-2.0,0.08074058592319489,0.02922085707992286
FCER1A,methy->rna|CNVdiploid,-1.5,0.05747872218489647,0.029442533029891305
FCER1A,methy->rna|CNVdiploid,-1.0,0.01898357644677162,0.02977805229456443
FCER1A,methy->rna|CNVdiploid,-0.5,-0.04827478900551796,0.030207094505883075
FCER1A,methy->rna|CNVdiploid,0.0,-0.13928431272506714,0.029222500318609755
FCER1A,methy->rna|CNVdiploid,0.5,-0.16820934414863586,0.03015822014143705
FCER1A,methy->rna|CNVdiploid,1.0,-0.23484598100185394,0.030937093485408712
FCER1A,methy->rna|CNVdiploid,1.5,-0.28082701563835144,0.031242685755853136
FCER1A,methy->rna|CNVdiploid,2.0,-0.3113628625869751,0.03135923147900842
SCGB3A1,methy->rna|CNVdiploid,-2.0,0.27549171447753906,0.020332243400813445
SCGB3A1,methy->rna|CNVdiploid,-1.5,0.23437605798244476,0.02056998342553136
SCGB3A1,methy->rna|CNVdiploid,-1.0,0.16209039092063904,0.020878269386979766
SCGB3A1,methy->rna|CNVdiploid,-0.5,0.03808387368917465,0.021129486584164206
SCGB3A1,methy->rna|CNVdiploid,0.0,-0.05586275830864906,0.021273383296073506
SCGB3A1,methy->rna|CNVdiploid,0.5,-0.09689560532569885,0.02101405015609066
SCGB3A1,methy->rna|CNVdiploid,1.0,-0.16311222314834595,0.021234544892042795
SCGB3A1,methy->rna|CNVdiploid,1.5,-0.21766211092472076,0.021500644949960398
SCGB3A1,methy->rna|CNVdiploid,2.0,-0.25894153118133545,0.021701052509550317
