gene,arrow,slope,slope_lo,slope_hi,frac_patients_neg,rho,rho_lo,rho_hi,Delta,n,rho_obs,rho_minus_obs,curated_flag
ACTR3B,methy->rna,-0.13717289921776152,-0.1420130546115546,-0.13259763877508282,0.9732620320855615,-0.33867673239820684,-0.36469839419422995,-0.3148977810080153,-0.4193859100341797,748,-0.19187352495737217,-0.14680320744083467,0
AGR2,methy->rna,-0.15430817446395848,-0.15910523561059906,-0.14922561520628205,0.9973262032085561,-0.4221759458484543,-0.4526638291307788,-0.39214436369466,-0.47349798679351807,748,-0.6147023856476289,0.1925264397991746,0
AKT1,methy->rna,-0.23338800080783778,-0.2403339343583479,-0.226371981040668,0.9986631016042781,-0.4981313460689506,-0.5231319789334192,-0.47303429236032807,-0.7205718755722046,748,-0.34566997920356374,-0.15246136686538686,0
AKT2,methy->rna,-0.14582643394151773,-0.149982965617356,-0.141901401811281,1.0,-0.3500312702792007,-0.37286353154242735,-0.3313413201223848,-0.4461076855659485,748,-0.18787072612800562,-0.1621605441511951,0
ALDH1A3,methy->rna,-0.13094000234803993,-0.13459889238541212,-0.12746410675321534,0.9946524064171123,-0.2489470356496461,-0.2651912718450399,-0.23546172778737143,-0.4009955823421478,748,-0.25018320248561127,0.001236166835965169,0
ANLN,methy->rna,-0.06971019901556864,-0.07309711647718715,-0.06613120882633705,0.9331550802139037,-0.1077162644067085,-0.11896222995851037,-0.09907307774417284,-0.21285444498062134,748,-0.2576849185629298,0.1499686541562213,0
AP2B1,methy->rna,-0.07861574532147896,-0.08132326444292731,-0.07613943456890646,0.9946524064171123,-0.1156558365697499,-0.12502016826810838,-0.10930066175382984,-0.23988519608974457,748,-0.0016592934785772102,-0.11399654309117269,0
APC,methy->rna,-0.051657101434884584,-0.0536960231318168,-0.04961689585262665,0.9719251336898396,-0.07582037710798943,-0.08253864452534211,-0.07125045271797568,-0.15852892398834229,748,0.03360710858541653,-0.10942748569340596,1
AR,methy->rna,-0.14987578099546206,-0.15509187240666217,-0.14493485838698583,0.9919786096256684,-0.36257820641765826,-0.3921847108812165,-0.33673385773311254,-0.460172176361084,748,-0.219036575674026,-0.14354163074363224,0
ARID1A,methy->rna,-0.06462209494137032,-0.06712974741252482,-0.061932319291359325,0.9759358288770054,-0.10404290157130269,-0.11268612698967247,-0.09768104467193522,-0.19756928086280823,748,-0.0674023424972245,-0.03664055907407819,0
ARID1B,methy->rna,-0.08117087079081751,-0.0838542220877546,-0.07845147501478683,0.982620320855615,-0.1365364903919492,-0.14781819472539973,-0.12748369385000205,-0.24862614274024963,748,-0.1397368889106041,0.00320039851865489,0
ASPM,methy->rna,-0.05174122272715481,-0.05454776557568249,-0.04909359725320175,0.9171122994652406,-0.07413511932994275,-0.08233172188495086,-0.06807579122100092,-0.15771780908107758,748,-0.02509486067682954,-0.04904025865311321,0
ATM,methy->rna,-0.06336172041823547,-0.0654951053550081,-0.06135127768526124,0.9866310160427807,-0.09924716836438455,-0.10682560627063163,-0.09432150036271696,-0.1940383017063141,748,0.10013703959633884,-0.19938420796072337,0
AURKA,methy->rna,-0.048887128527060404,-0.05129533459589096,-0.04619110546570558,0.9010695187165776,-0.06877528495906586,-0.07573151041695096,-0.06369182116238284,-0.14887817203998566,748,-0.05175450774456793,-0.017020777214497927,0
AURKB,methy->rna,-0.05467682016964458,-0.05789434267277808,-0.05170513887110157,0.9037433155080213,-0.08580607785404507,-0.09608346117934212,-0.07925249706545698,-0.16616986691951752,748,-0.023437502464109163,-0.0623685753899359,0
AZGP1,methy->rna,-0.16909136011957487,-0.17410622091173883,-0.1638096026460426,0.9973262032085561,-0.3188837680460748,-0.3400576941304917,-0.3003393037065872,-0.5174142122268677,748,-0.16077392253233605,-0.15810984551373877,0
BAG1,methy->rna,-0.11471245551906002,-0.11740431447957171,-0.11186469009042234,1.0,-0.26129593690565645,-0.27685705036391184,-0.24906917594954162,-0.3506150245666504,748,-0.170076650892043,-0.09121928601361345,0
BBC3,methy->rna,-0.10511526217934827,-0.1082519390036098,-0.10213783191545735,0.9973262032085561,-0.18247253149955772,-0.1961209637742621,-0.171576443235646,-0.3215552270412445,748,0.0304369203568443,-0.21290945185640203,0
BCL2,methy->rna,-0.07478157268980694,-0.07728181116070237,-0.07231624298224641,0.9946524064171123,-0.12927262586823396,-0.14077874503812438,-0.12074888184509883,-0.22880926728248596,748,-0.19948278151110532,0.07021015564287136,0
BIRC5,methy->rna,-0.06467498082812019,-0.0671275710349354,-0.062237754267583975,0.9652406417112299,-0.08921715067041784,-0.0969742604318087,-0.08404856418532672,-0.19753529131412506,748,-0.1852446246094351,0.09602747393901727,0
BLVRA,methy->rna,-0.17950485170513406,-0.18470234572375377,-0.1742033796253159,1.0,-0.42502199978184,-0.4538532919218381,-0.39964514521221856,-0.5494952201843262,748,-0.2940038141757609,-0.13101818560607914,0
BRCA1,methy->rna,-0.10074569489977053,-0.10362502957295079,-0.0979484429638536,0.9919786096256684,-0.16272160460461632,-0.17553297084144007,-0.1522850005940634,-0.30902189016342163,748,-0.08964368407230984,-0.07307792053230648,0
BRCA2,methy->rna,-0.05992703220785019,-0.06215328425010036,-0.057684583362846514,0.9652406417112299,-0.09971517546493687,-0.10769439716723263,-0.09377169502061244,-0.18442502617835999,748,-0.0918293888506726,-0.00788578661426427,0
BRD4,methy->rna,-0.13870796325750176,-0.14313550078922238,-0.13468243014528614,0.9986631016042781,-0.3027636928742219,-0.3232794944384237,-0.28477313629480583,-0.4252524971961975,748,-0.051642897039152924,-0.25112079583506897,0
BUB1,methy->rna,-0.051122619735853955,-0.054110257740466815,-0.048183082229699144,0.8810160427807486,-0.0696151458890847,-0.07749155859372328,-0.06379663507376836,-0.1565706729888916,748,0.11082016980511625,-0.18043531569420096,0
BUB1B,methy->rna,-0.0400592413784458,-0.04295092170336326,-0.037224846165174866,0.8502673796791443,-0.06085886299860732,-0.06842368357444194,-0.05502217839665019,-0.12181712687015533,748,-0.0677177197971756,0.0068588567985682775,0
CA12,methy->rna,-0.11447869171299217,-0.11800246943271661,-0.11095451781779737,0.9986631016042781,-0.2686503743741922,-0.2901848989753883,-0.24978597039161843,-0.3509558439254761,748,-0.47722374615874946,0.20857337178455726,0
CBFB,methy->rna,-0.10413033533156577,-0.10913333022053712,-0.09900032010134338,0.9759358288770054,-0.20143420522991062,-0.21742717202561487,-0.1882082765919758,-0.3172510862350464,748,-0.2017220062340421,0.00028780100413147713,0
CCNB1,methy->rna,-0.03791039362466776,-0.040566538054932454,-0.03506666088890353,0.8409090909090909,-0.05747287943687764,-0.06407176804570526,-0.05305524570272448,-0.11571812629699707,748,-0.07694285706830664,0.019469977631429,0
CCNB2,methy->rna,-0.02955336704034252,-0.032471384614235606,-0.026637905453797222,0.7580213903743316,-0.04485573779219614,-0.05158784936974911,-0.03982408050567177,-0.09000763297080994,748,0.03954984456650273,-0.08440558235869887,0
CCND1,methy->rna,-0.1184881984048694,-0.12198605524785253,-0.11512528228928039,1.0,-0.2124184730901879,-0.22768441859314192,-0.1999041716721509,-0.36368995904922485,748,-0.44079263585545997,0.22837416276527206,0
CCNE2,methy->rna,-0.03551096883922012,-0.037688405757714746,-0.033153772190453505,0.8850267379679144,-0.052668191067909285,-0.0584512015684438,-0.04842190016841874,-0.10822048783302307,748,-0.13695933985414163,0.08429114878623234,0
CD44,methy->rna,-0.12482506187450898,-0.12783030887248714,-0.12179002813359892,1.0,-0.2975643113140343,-0.3172866169775122,-0.28165701355091993,-0.3827795386314392,748,-0.11745939226946267,-0.18010491904457165,0
CDC20,methy->rna,-0.05081020805116498,-0.05414613733775731,-0.04750631144718221,0.8622994652406417,-0.07157592660388219,-0.07999053919030472,-0.06516210979968497,-0.1555023193359375,748,-0.08072121991460698,0.009145293310724792,0
CDC6,methy->rna,-0.06650321577703033,-0.06992197588906121,-0.06310479135581135,0.9318181818181818,-0.10043324619875911,-0.10976157823126163,-0.09322003574574132,-0.2037818282842636,748,-0.18795581271210243,0.08752256651334332,0
CDCA7,methy->rna,-0.11615509171853981,-0.12000436994512342,-0.1122556690422832,0.9919786096256684,-0.21814326359589994,-0.23543968910197088,-0.2034259378722076,-0.3562946021556854,748,-0.7061259568324196,0.48798269323651966,0
CDH1,methy->rna,-0.14027064371432402,-0.1441359026568013,-0.13609055943252127,1.0,-0.38870187786341626,-0.4108157300588695,-0.36741055782164994,-0.43013638257980347,748,-0.3793342909632145,-0.00936758690020173,1
CDH3,methy->rna,-0.09347443617531721,-0.09741391609229562,-0.08993332911077548,0.9786096256684492,-0.15756501539305037,-0.1705053946018712,-0.14771626888018494,-0.28621792793273926,748,0.009851848939921956,-0.16741686433297231,0
CDK4,methy->rna,-0.16993380285967175,-0.17561518066695,-0.1645721118702811,1.0,-0.3574148527303392,-0.38031145974577063,-0.3371759920544488,-0.5219049453735352,748,-0.04979718392357404,-0.30761766880676517,0
CDK6,methy->rna,-0.14321903682416784,-0.14760571194616243,-0.13827277780057587,1.0,-0.28166274207651343,-0.2998042341163779,-0.2657364772830269,-0.439378947019577,748,-0.576449140291475,0.29478639821496155,0
CDKN1B,methy->rna,-0.2018386935300166,-0.2067274330564745,-0.19673112811979926,1.0,-0.4025587542973962,-0.4249076752768972,-0.38165132948163005,-0.6203067302703857,748,-0.3373070184968686,-0.06525173580052757,0
CDKN2A,methy->rna,-0.07798513159286165,-0.0811063782927566,-0.07500909962188665,0.9679144385026738,-0.19657516421389803,-0.2137006823183551,-0.1803267986397058,-0.23817899823188782,748,-0.12105421924812863,-0.0755209449657694,1
CDKN3,methy->rna,-0.06780950275806746,-0.07119251054276898,-0.06444544478251936,0.9090909090909091,-0.10127911670822086,-0.11184300877315184,-0.09363860787457545,-0.2078218162059784,748,-0.008666811414115022,-0.09261230529410584,0
CENPA,methy->rna,-0.08161443132644025,-0.08525206777995845,-0.0782433556238056,0.9438502673796791,-0.11530446859730026,-0.1262224997963193,-0.10737413018408457,-0.2501685917377472,748,-0.055423825772951796,-0.05988064282434846,0
CENPF,methy->rna,-0.03639315072585681,-0.03830463768437268,-0.03425270676234971,0.9264705882352942,-0.053434723287189484,-0.059493948705655365,-0.049575290527211116,-0.11156292259693146,748,-0.11724362591050894,0.06380890262331945,0
CEP55,methy->rna,-0.05282128263740516,-0.05591056919082296,-0.049783387705306034,0.893048128342246,-0.08114052753265363,-0.09033441005736813,-0.07474617044486496,-0.16121244430541992,748,-0.4400098730672307,0.35886934553457706,0
CHEK1,methy->rna,-0.0794618141285846,-0.08213787259435018,-0.07670269286293627,0.9692513368983957,-0.11706583784700997,-0.12690577348434987,-0.11033026508782741,-0.24397587776184082,748,-0.2514458281495645,0.13437999030255454,0
CHEK2,methy->rna,-0.04464255977457691,-0.04788161617126224,-0.041217884871168245,0.8475935828877005,-0.07729544762473425,-0.08592057050045629,-0.06985112947571542,-0.13557077944278717,748,-0.04198875052968491,-0.03530669709504934,0
DLGAP5,methy->rna,-0.050599378456383175,-0.05362881057424767,-0.04750302026884169,0.8542780748663101,-0.07334972946482461,-0.08146727447942896,-0.0669686861074552,-0.15483486652374268,748,0.016460349583937942,-0.08981007904876255,0
DNMT1,methy->rna,-0.05451726165331182,-0.0570675602205199,-0.05175322656273911,0.9344919786096256,-0.1032892470232729,-0.11393159058671676,-0.09569764877743192,-0.16621455550193787,748,-0.0448396048060588,-0.0584496422172141,0
DNMT3A,methy->rna,-0.11325688225232936,-0.11768656819720782,-0.10896938784370439,0.9799465240641712,-0.25130681691098616,-0.2719872763951146,-0.23564902240604804,-0.3454771041870117,748,-0.1786471774638244,-0.07265963944716175,0
DNMT3B,methy->rna,-0.06579497835720075,-0.0687300773884459,-0.06270074231808245,0.9411764705882353,-0.11905678487297262,-0.12900224715780614,-0.11058181690873085,-0.20121799409389496,748,-0.1872464803470355,0.06818969547406288,0
E2F1,methy->rna,-0.029638344805385526,-0.032728230899210016,-0.026596389904171278,0.7593582887700535,-0.04932653925544538,-0.05644029841684601,-0.04397527115730183,-0.08918269723653793,748,-0.024844786570082475,-0.024481752685362908,0
EGFR,methy->rna,-0.10564957055787816,-0.10910425254633405,-0.10215379413681411,0.9866310160427807,-0.1671391635623525,-0.17935872745394874,-0.15856984875945587,-0.324217826128006,748,-0.2775582189790141,0.11041905541666161,0
EGLN1,methy->rna,-0.06463768700438215,-0.06736269010951544,-0.06201197525370402,0.9759358288770054,-0.1423632069174728,-0.15346447649318457,-0.13367326669756222,-0.19724152982234955,748,0.0804833487719783,-0.2228465556894511,0
ERBB2,methy->rna,-0.180434561425566,-0.1860079936524876,-0.17475241056265026,0.9919786096256684,-0.3542422684494284,-0.3787746289561796,-0.33108482520620414,-0.5560126900672913,748,-0.5017091706322516,0.1474669021828232,0
ERBB3,methy->rna,-0.14037435470188764,-0.14396293080706624,-0.13693382693384587,1.0,-0.260200017559706,-0.2782061994634972,-0.24600546990713942,-0.43173813819885254,748,-0.3930625653338384,0.13286254777413237,0
ESM1,methy->rna,-0.14572965046457295,-0.15014393845473564,-0.1415556625423008,1.0,-0.37580561641362076,-0.39714603286721584,-0.3574271586625099,-0.4470357894897461,748,-0.1976432936857264,-0.17816232272789437,0
ESR1,methy->rna,-0.13476767916898055,-0.1401325267574942,-0.12956226409958682,0.9973262032085561,-0.28181268552418864,-0.3062044790280771,-0.2606614009504996,-0.4134436547756195,748,-0.5714250732895957,0.28961238776540704,0
EXO1,methy->rna,-0.04549700138482818,-0.0479940334561388,-0.043028940831825895,0.9211229946524064,-0.06493534131875692,-0.0720699172094074,-0.06010130253772062,-0.13898904621601105,748,-0.26627809892717097,0.20134275760841405,0
EXT1,methy->rna,-0.15224091699853234,-0.15743991182733236,-0.14696422456076294,0.9986631016042781,-0.2921288243280824,-0.30995859408113535,-0.27572071560243094,-0.4670552611351013,748,-0.32551267018768687,0.033383845859604466,0
EZH2,methy->rna,-0.028946596793058447,-0.031551636279671225,-0.026513739695857404,0.7954545454545454,-0.05180432142395859,-0.05856803009381393,-0.04653169339578356,-0.0879717767238617,748,-0.06073093269818598,0.008926611274227392,0
F12,methy->rna,-0.10028242124107613,-0.10465144836886577,-0.09580621481253354,0.9585561497326203,-0.24044046114391543,-0.2598275718133638,-0.2234777993181777,-0.30699342489242554,748,0.03144153117327839,-0.27188199231719384,0
FGF19,methy->rna,-0.09229474679136121,-0.09405322899277767,-0.09049628784334175,1.0,-0.4199579373726065,-0.43983790259067485,-0.40284379852108143,-0.282881498336792,748,0.1878340479634411,-0.6077919853360476,0
FGF3,methy->rna,-0.10154282063479848,-0.10429179151818581,-0.09881296707361123,0.9986631016042781,-0.4619200182663922,-0.4845850717532753,-0.4413477544852096,-0.3112420439720154,748,0.084514971755062,-0.5464349900214541,0
FGF4,methy->rna,-0.09459238175934416,-0.09681198386922117,-0.0923678519571735,0.9986631016042781,-0.4643822584145867,-0.4871107992357742,-0.4443924043770175,-0.2896113097667694,748,-0.023291882986274232,-0.4410903754283125,0
FGFR1,methy->rna,-0.25946675686397275,-0.26519679566389703,-0.2530753918836344,1.0,-0.5369357037967469,-0.5596158554157616,-0.5153224242234522,-0.7975587844848633,748,-0.38531579320573667,-0.15161991059101027,0
FGFR2,methy->rna,-0.3291245542150804,-0.33570072114608,-0.32292782659931674,1.0,-0.625731088564099,-0.6472844198781664,-0.6064035553967546,-1.0148720741271973,748,-0.5019496246769275,-0.12378146388717148,0
FGFR4,methy->rna,-0.19035561649853439,-0.19541430633718068,-0.1854685246087146,1.0,-0.5865877668726537,-0.6101287747040176,-0.5629745361199081,-0.5839515924453735,748,-0.18804118602768444,-0.39854658084496924,0
FLT1,methy->rna,-0.08214450842848649,-0.08452460256497829,-0.07977125334390106,0.9919786096256684,-0.1275573794006522,-0.13723624670032086,-0.1210157148187534,-0.2516862750053406,748,-0.0010531692178565543,-0.12650421018279565,0
FOXA1,methy->rna,-0.11834531758908587,-0.12188306124019312,-0.11484142199992252,1.0,-0.30811537138430656,-0.33516598234321066,-0.2838482050107543,-0.36244356632232666,748,-0.4203990877656402,0.11228371638133366,0
FOXC1,methy->rna,-0.10782460714657185,-0.11207348818603344,-0.10399816713120114,0.9959893048128342,-0.18927068322215237,-0.20122835436420194,-0.18002224120752452,-0.3304968476295471,748,-0.4828988310079408,0.2936281477857884,0
FOXM1,methy->rna,-0.020292169394290304,-0.02280334492880455,-0.017678369457337306,0.7152406417112299,-0.030189536785536864,-0.03529540432034663,-0.02634088155543554,-0.061192356050014496,748,-0.022153785975268285,-0.00803575081026858,0
GABRP,methy->rna,-0.13374531522232194,-0.13758401729210917,-0.1296921830559795,0.9946524064171123,-0.2272729693193437,-0.240514163056359,-0.2170854247203716,-0.410446435213089,748,-0.43523790968790027,0.20796494036855656,0
GATA3,methy->rna,-0.08882403832954916,-0.09139764661431715,-0.08580330879377379,0.9893048128342246,-0.18907318120798486,-0.2087555910235163,-0.17362180485116938,-0.2718575894832611,748,-0.21569711300597458,0.02662393179798972,0
GMPS,methy->rna,-0.08751518977353592,-0.09142716788418392,-0.0834580870811228,0.963903743315508,-0.146279232427682,-0.15980817330407343,-0.13588905737649778,-0.267642617225647,748,-0.1726087874097562,0.026329554982074177,0
GPR160,methy->rna,-0.12723939923802804,-0.13200192329567378,-0.12240608340782719,0.9866310160427807,-0.2925297491280559,-0.31804798836901527,-0.27136716944916106,-0.3908020257949829,748,-0.47523511149758857,0.18270536236953266,0
GPR18,methy->rna,-0.06314643904244703,-0.0661172187919826,-0.0603457011172939,0.9732620320855615,-0.11420367942487089,-0.12360062868959022,-0.10770307291520058,-0.19284486770629883,748,-0.48702326177299454,0.3728195823481236,0
GRB7,methy->rna,-0.13354113404576812,-0.13871275641556388,-0.1284231284584399,0.9799465240641712,-0.28148689527193865,-0.3053186852855939,-0.2622789001296879,-0.4106239676475525,748,-0.3903596221631419,0.10887272689120325,0
GREB1,methy->rna,-0.13276835778821924,-0.13773761500858758,-0.12812507843940601,0.9973262032085561,-0.279349498051355,-0.2998295224520135,-0.26204548254020116,-0.4075896739959717,748,-0.5084179417024817,0.22906844365112666,0
GSTM1,methy->rna,-0.32502215817942554,-0.33204511610055454,-0.31808695570867074,1.0,-0.8492465017365085,-0.8609448480012347,-0.8378040120746703,-1.00307297706604,748,-0.4914487061526505,-0.357797795583858,0
GSTP1,methy->rna,-0.21984276546571244,-0.2258306365965454,-0.21379113648672599,1.0,-0.36265180156295346,-0.3793596804237598,-0.3482277638230997,-0.674350380897522,748,-0.21281676831197618,-0.14983503325097727,1
HOXB13,methy->rna,-0.12237876332526838,-0.12555770969164637,-0.11916784820668239,0.9986631016042781,-0.3860782967809525,-0.4100188606488959,-0.36569855283194247,-0.37580806016921997,748,-0.055252648800117155,-0.33082564798083536,0
HTATIP2,methy->rna,-0.12539113479585065,-0.12915332286436035,-0.12157215960482974,1.0,-0.2979948547555516,-0.31829065819688845,-0.2809189291958427,-0.3833126723766327,748,-0.29152518199856536,-0.006469672756986233,0
IGF1R,methy->rna,-0.10003560205789551,-0.10231591987469459,-0.09781360576396086,1.0,-0.1823464783504558,-0.19745868484615112,-0.1710065056343965,-0.3070107400417328,748,-0.14664083893171767,-0.03570563941873814,0
IGFBP3,methy->rna,-0.1139906184013631,-0.11681305355402254,-0.1109134865008459,1.0,-0.22110524616523752,-0.23586084727435386,-0.20997762557313554,-0.34874266386032104,748,-0.21618639369025192,-0.004918852474985608,0
IGFBP5,methy->rna,-0.24081003931778486,-0.2471442934549395,-0.235213380992717,1.0,-0.5377493061210229,-0.5635753068964675,-0.5146634532858833,-0.7394570112228394,748,-0.3729418434108552,-0.16480746271016772,0
IL17RB,methy->rna,-0.1372673802838101,-0.1404737596508581,-0.1340037451972131,1.0,-0.3293404362766448,-0.34833060797253795,-0.313225120299716,-0.4207530617713928,748,-0.2448601514287016,-0.08448028484794318,0
IL25,methy->rna,-0.07522346954896494,-0.0781540128439422,-0.07248658863047334,0.9572192513368984,-0.24842063497543823,-0.2650732713318884,-0.231378148076181,-0.22969572246074677,748,0.19433734408353603,-0.4427579790589743,0
IL6ST,methy->rna,-0.158808305446696,-0.16272340130828714,-0.15476777712828624,1.0,-0.28073208617038015,-0.300112106225157,-0.2645493923738914,-0.4893268346786499,748,-0.6367855348627255,0.35605344869234534,0
JUP,methy->rna,-0.18269775906422486,-0.1879018227660235,-0.17684389903036102,0.9986631016042781,-0.35290716488292345,-0.37500237154366933,-0.33369093787076476,-0.5624871253967285,748,-0.5032703441798867,0.15036317929696325,0
KIF23,methy->rna,-0.039902426996193625,-0.04281851385615902,-0.0368421770619951,0.8128342245989305,-0.054253757916569174,-0.061189263717725095,-0.049372263362622466,-0.12183665484189987,748,0.13485902180836626,-0.18911277972493543,0
KIF2C,methy->rna,-0.04698351123947119,-0.05007960778858937,-0.04375776500494465,0.8489304812834224,-0.06446715659452841,-0.07267707630744444,-0.058875883162826256,-0.14373022317886353,748,-0.07571991341704609,0.011252756822517682,0
KRT5,methy->rna,-0.09476566946817937,-0.09873538162016725,-0.09092700397552704,0.9652406417112299,-0.12850742582173663,-0.13753532879490218,-0.12186705058029229,-0.28995126485824585,748,-0.14761125709150905,0.019103831269772414,0
LIN9,methy->rna,-0.029348247056206894,-0.032362248348895485,-0.02599157673306556,0.7994652406417112,-0.06124998892766652,-0.06878241348838512,-0.05458172467105564,-0.08872819691896439,748,-0.23968750952266196,0.17843752059499546,0
LMO1,methy->rna,-0.10276448220461143,-0.10546002749160867,-0.0998119981319012,1.0,-0.41138561274152763,-0.4358568299044421,-0.38870050319476435,-0.31433242559432983,748,-0.10250851129400107,-0.30887710144752656,0
LOX,methy->rna,-0.05904212901509847,-0.06165595747670014,-0.056453447827471484,0.9625668449197861,-0.07483101678788967,-0.08181670998651014,-0.07059041094421582,-0.18096546828746796,748,-0.11906860873499502,0.044237591947105345,0
MAP2K4,methy->rna,-0.10769825787370636,-0.1106466950708554,-0.10504179254293969,1.0,-0.18824391844883165,-0.2024990330049708,-0.1779657286371253,-0.3297884464263916,748,-0.1139576117884072,-0.07428630666042445,0
MAP3K1,methy->rna,-0.12208112914483735,-0.12551335063351046,-0.11881204290667349,1.0,-0.19528989871294386,-0.20947334233589116,-0.18464569682811396,-0.37458890676498413,748,-0.12402078361940788,-0.07126911509353598,0
MCM2,methy->rna,-0.09408930979205092,-0.09773545497895174,-0.09037888520428891,0.9705882352941176,-0.15222193679539836,-0.16474972701069554,-0.14279354139485106,-0.2882506251335144,748,-0.07746072500306589,-0.07476121179233247,0
MCM6,methy->rna,-0.053489449681795524,-0.05566460641117603,-0.05133731369044006,0.9772727272727273,-0.08366228620494713,-0.09155810233163246,-0.07820226019163981,-0.16419193148612976,748,-0.10965818472377466,0.025995898518827526,0
MDM2,methy->rna,-0.10013055641197063,-0.10300117284566274,-0.09713708790464325,1.0,-0.19088573549267918,-0.20668784104042304,-0.17882787616720894,-0.30703121423721313,748,-0.19840220063910283,0.007516465146423651,0
MDM4,methy->rna,-0.07451470212516194,-0.076793766829683,-0.07207979684285554,0.9986631016042781,-0.13193352258801389,-0.1416696714795647,-0.12465333345688946,-0.22816018760204315,748,0.1995728170110716,-0.3315063395990855,0
MELK,methy->rna,-0.06668288970765378,-0.06928660830201763,-0.06413355443580158,0.9598930481283422,-0.09763033986353944,-0.10713719512421198,-0.09101169902545801,-0.20448318123817444,748,-0.21466256861594277,0.11703222875240332,0
MGP,methy->rna,-0.2442009854083134,-0.25091013657020234,-0.23731547638759184,1.0,-0.520273833956228,-0.5420421047694411,-0.4974841129276407,-0.7516173720359802,748,-0.27161315269616804,-0.2486606812600599,0
MIA,methy->rna,-0.16032919411048616,-0.16402449527702048,-0.15675907609813805,1.0,-0.5061485987071549,-0.5288837218174581,-0.4869600092288586,-0.49223053455352783,748,-0.4294218042214153,-0.0767267944857396,0
MKI67,methy->rna,-0.0316324452095567,-0.034387150453169105,-0.028795612177668586,0.7820855614973262,-0.047741875324427384,-0.05450728328537503,-0.04238983671455898,-0.09673655778169632,748,-0.05092671006022046,0.0031848347357930767,0
MLPH,methy->rna,-0.13408550141456432,-0.13728328539140638,-0.13068889562711355,1.0,-0.3470641662490214,-0.37315079957326264,-0.3244221643586831,-0.4111774265766144,748,-0.5327704368949062,0.1857062706458848,0
MMP2,methy->rna,-0.05438467927780103,-0.05668064071341965,-0.05197847594819244,0.9598930481283422,-0.0720149071389876,-0.07846081025003705,-0.0678761359693302,-0.16648532450199127,748,-0.08246822492701003,0.010453317788022429,0
MMP9,methy->rna,-0.06448252712062655,-0.06748723155465483,-0.06172055867351712,0.9786096256684492,-0.1341976686466122,-0.14472374036076807,-0.1264199702605769,-0.19758231937885284,748,-0.0963181313102162,-0.037879537336396,0
MTDH,methy->rna,-0.03541781328192707,-0.03800437071510058,-0.03276541591418157,0.8622994652406417,-0.05387431070170659,-0.060570559725353544,-0.049473491069350596,-0.10700377076864243,748,-0.4044818385943193,0.35060752789261274,0
MTOR,methy->rna,-0.06728048418922875,-0.06960486495940364,-0.06500859234458653,0.983957219251337,-0.11048336490200063,-0.11970251146549195,-0.10463794840930488,-0.20609623193740845,748,0.037582256355138295,-0.14806562125713893,0
MYBL2,methy->rna,-0.05942915061039688,-0.06264737634773805,-0.05645046493531172,0.8997326203208557,-0.08467384940393925,-0.09305875235552845,-0.07869200256805449,-0.1818435788154602,748,-0.3570800821368778,0.27240623273293857,0
MYC,methy->rna,-0.09373892999533066,-0.09724012826481082,-0.09035919905642467,0.9973262032085561,-0.216016568165484,-0.23205849983432525,-0.20228801456420656,-0.28752613067626953,748,0.0862710173995999,-0.3022875855650839,0
NCOA3,methy->rna,-0.05816839247250534,-0.06095536384211294,-0.055309113813272616,0.9598930481283422,-0.08724861375104753,-0.09474528643729765,-0.08191433021390278,-0.1784762740135193,748,-0.05100794143496011,-0.03624067231608742,0
NCOR1,methy->rna,-0.08382537465462869,-0.08628975520895939,-0.08127029087459324,0.9933155080213903,-0.13661391923581861,-0.1481519100614249,-0.12752336860243282,-0.25677019357681274,748,0.05931521865074657,-0.19592913788656519,0
NDC80,methy->rna,-0.05277953964268786,-0.05625371840145292,-0.049356212787687696,0.8582887700534759,-0.07739784730597978,-0.08671721376684874,-0.07025100626453429,-0.1611996293067932,748,-0.16761955352477437,0.09022170621879459,0
NDRG1,methy->rna,-0.17692437591500176,-0.1827276437666316,-0.17146566639084818,0.9986631016042781,-0.4033677088188518,-0.4265584815078696,-0.38307843172748723,-0.5432853102684021,748,-0.4445819518910122,0.04121424307216037,0
NEK2,methy->rna,-0.06635382248772684,-0.06912216848645646,-0.06348888944169492,0.9505347593582888,-0.09736140378059174,-0.10647012628269664,-0.09073256771978466,-0.20322056114673615,748,-0.04159928149371339,-0.05576212228687835,0
NF1,methy->rna,-0.06998968234583704,-0.0729201733489567,-0.06718931553725763,0.963903743315508,-0.10466931881766153,-0.11428191977478859,-0.09777463916081118,-0.21417710185050964,748,-0.2608574563706802,0.15618813755301866,0
NMU,methy->rna,-0.05633723842558649,-0.0596894161225485,-0.05281055585037562,0.8810160427807486,-0.1360013417831388,-0.1495186588836456,-0.12451541064575405,-0.17159321904182434,748,0.059843221296803896,-0.1958445630799427,0
NOTCH3,methy->rna,-0.23100406340258645,-0.23784407308445218,-0.22405457663659006,1.0,-0.4687275988009606,-0.4907495658727845,-0.44885857469686585,-0.7100473642349243,748,-0.22751441589892132,-0.24121318290203927,0
NUF2,methy->rna,-0.0677163004576363,-0.07098943702483847,-0.06449996275864849,0.9331550802139037,-0.0953621380756959,-0.1042252688044547,-0.08837276918845709,-0.2073599100112915,748,0.12568558237781513,-0.221047720453511,0
NUSAP1,methy->rna,-0.05674820251550372,-0.0591066471394359,-0.05462999996128235,0.9705882352941176,-0.16511005718547622,-0.178190065504211,-0.154738494740453,-0.17317181825637817,748,0.05796105298548239,-0.2230711101709586,0
OXCT1,methy->rna,-0.17711186254678843,-0.18201876917176107,-0.1719820220438914,1.0,-0.3846727360796354,-0.40844641934944875,-0.3636076407823031,-0.5424526929855347,748,-0.17574237444944366,-0.20893036163019177,0
PAK1,methy->rna,-0.2628356805579644,-0.26983038513387786,-0.2563125049282638,1.0,-0.544183227000992,-0.5691391032212202,-0.5192349990157147,-0.8064224720001221,748,-0.32592074817049477,-0.2182624788304972,0
PCOLCE,methy->rna,-0.09780781996015579,-0.10068016753870447,-0.09520591031356883,0.9959893048128342,-0.14786348190350695,-0.15930065587768474,-0.1398953386366741,-0.2995140850543976,748,-0.36043074936416303,0.21256726746065607,0
PGR,methy->rna,-0.10520495832138223,-0.10938511362277016,-0.1012454444048779,0.9959893048128342,-0.18297769141883308,-0.1978717408469942,-0.16976569975700442,-0.3218553364276886,748,0.01729097183415241,-0.20026866325298548,0
PHGDH,methy->rna,-0.12778740631911983,-0.13149332154380763,-0.12383625021249486,0.9959893048128342,-0.2802481226002726,-0.30431143847341635,-0.26080023768806415,-0.3905973434448242,748,-0.22523704138958642,-0.05501108121068618,0
PIK3CA,methy->rna,-0.05824798711749049,-0.06013041221381891,-0.056323157019637,0.9772727272727273,-0.09253902711892552,-0.10032111700428681,-0.08729571861430403,-0.1790493130683899,748,-0.002815399736785113,-0.0897236273821404,0
PIK3R1,methy->rna,-0.17727670713884794,-0.18166335496905803,-0.17278652825028185,1.0,-0.2834383063701079,-0.29984912286010107,-0.2694961849225335,-0.5460144281387329,748,-0.3267958277065624,0.043357521336454485,0
PITX2,methy->rna,-0.0862358883395957,-0.08873644211158425,-0.0838408966656783,0.9959893048128342,-0.23401213538963445,-0.2486173367991778,-0.22269183983786167,-0.26365983486175537,748,0.07221605997630048,-0.30622819536593493,0
PLAT,methy->rna,-0.31139565713395684,-0.3200157074159661,-0.3033771749670294,1.0,-0.5500205713049393,-0.5777046647805619,-0.5263768558300341,-0.9615556001663208,748,-0.5801459624293566,0.030125391124417256,0
PLAU,methy->rna,-0.07126708508389479,-0.07358393522730652,-0.06908220418876743,0.9893048128342246,-0.11282921755818404,-0.12131520444874264,-0.10638746327226598,-0.21862071752548218,748,-0.11985719449770266,0.007027976939518621,0
PLK1,methy->rna,-0.050785849895079276,-0.053422441760420686,-0.04798251555067797,0.9184491978609626,-0.07407807273099505,-0.08091435111630549,-0.06847372344944365,-0.15528757870197296,748,-0.20380768413250183,0.1297296114015068,0
PPM1D,methy->rna,-0.053886623101150395,-0.0566842712298884,-0.05100622812139463,0.946524064171123,-0.09940868691335117,-0.10823554615017103,-0.09256540634073523,-0.16454286873340607,748,-0.04556002007931772,-0.05384866683403345,0
PRC1,methy->rna,-0.07433269002471524,-0.07727647055836506,-0.07164334237717575,0.9705882352941176,-0.17403525958482524,-0.1883598847812053,-0.1631716866902881,-0.22724351286888123,748,-0.03597826582038846,-0.13805699376443678,0
PTEN,methy->rna,-0.09687659301410749,-0.09982460415586866,-0.09407020536002765,0.9973262032085561,-0.1649243819033797,-0.17658331543698916,-0.1564905191300723,-0.297115683555603,748,-0.016899423371932426,-0.1480249585314473,0
PTTG1,methy->rna,-0.05429102011766192,-0.057246054261292,-0.05152858767952311,0.9077540106951871,-0.08259967118369727,-0.09134263013844492,-0.07648114481547254,-0.16591711342334747,748,-0.029594456447553274,-0.05300521473614399,0
RACGAP1,methy->rna,-0.04365775676123771,-0.04606130349223519,-0.041042364872821875,0.8997326203208557,-0.06339082019362513,-0.0707382625548819,-0.058442249393967645,-0.13365304470062256,748,-0.050544093941432604,-0.012846726252192527,0
RAD51,methy->rna,-0.03360529641742003,-0.03681775723488852,-0.030231954411170017,0.7687165775401069,-0.050038067541203664,-0.0572219870856298,-0.04435299405225781,-0.10227563977241516,748,-0.017114172075150404,-0.03292389546605326,0
RASSF1,methy->rna,-0.11911041418687274,-0.12237231690135396,-0.11575734007027856,0.9986631016042781,-0.24312336831715542,-0.2599741322082612,-0.22950286960050292,-0.36512085795402527,748,-0.1007114497844874,-0.14241191853266802,1
RASSF7,methy->rna,-0.08266543123402936,-0.0854614167631454,-0.0800000223029563,0.9893048128342246,-0.13599035875863977,-0.1463152638069886,-0.1290457479319491,-0.2518675625324249,748,0.03230668975782469,-0.16829704851646446,0
RB1,methy->rna,-0.12705675270595157,-0.13081604635336105,-0.12277996247354564,0.9986631016042781,-0.2039913848962846,-0.21959967339345923,-0.1905574017670024,-0.3895038068294525,748,-0.0674770076930671,-0.13651437720321752,0
RBBP8,methy->rna,-0.11243010649134681,-0.1164140079933847,-0.10863217276737153,0.9946524064171123,-0.23347518094890288,-0.24935947600783626,-0.21920393805137384,-0.34444260597229004,748,-0.18325089911490486,-0.05022428183399802,0
RFC4,methy->rna,-0.05192083512068063,-0.05480228649735637,-0.048871210880300844,0.9037433155080213,-0.09034461290323319,-0.09905011759777552,-0.08295434267842007,-0.15822246670722961,748,-0.06929063554569287,-0.02105397735754032,0
RRM2,methy->rna,-0.045549469727876726,-0.04793062429059087,-0.04332649559108375,0.9344919786096256,-0.07672891894592666,-0.08494888264941669,-0.07100546794506987,-0.13943618535995483,748,-0.3171852356628846,0.24045631671695794,0
RSF1,methy->rna,-0.06256978212230724,-0.0648872094986632,-0.06035361669048728,0.9812834224598931,-0.10997240262798694,-0.11906637694641446,-0.10315853126351318,-0.19118010997772217,748,0.008048328969464665,-0.1180207315974516,0
RSPO2,methy->rna,-0.08357355727365079,-0.08717661455987165,-0.07998855015760892,0.9879679144385026,-0.32452205613241725,-0.34621133351850303,-0.3048088185544549,-0.2553403377532959,748,-0.13990735465703524,-0.184614701475382,0
RUNDC1,methy->rna,-0.09156757660538835,-0.09427967568118113,-0.08877007438630756,0.9986631016042781,-0.1282506125130333,-0.13676204947850873,-0.12214635900322737,-0.2795758843421936,748,-0.017385349408209145,-0.11086526310482415,0
RUNX1,methy->rna,-0.10700787295557894,-0.11048393094832744,-0.10354941141475132,1.0,-0.18653639858522492,-0.19911359710712465,-0.17657867525680848,-0.32762411236763,748,0.0030841542992400407,-0.18962055288446494,0
SCG5,methy->rna,-0.16461239412454756,-0.16840092081883395,-0.16100285345507873,0.9986631016042781,-0.35840516037330683,-0.3756876296034818,-0.34301110455631423,-0.5060021281242371,748,-0.46904630151084903,0.1106411411375422,0
SCUBE2,methy->rna,-0.1992285942802797,-0.20432156522845774,-0.1941191924505107,1.0,-0.39499417397082126,-0.4237163787314754,-0.369451914556189,-0.6126558780670166,748,-0.6739257638136275,0.2789315898428062,0
SEC14L2,methy->rna,-0.14159743898567279,-0.14661288136997658,-0.13707064248477552,0.9986631016042781,-0.2833368392070234,-0.29979935186834133,-0.2707119374268214,-0.43387025594711304,748,-0.20407276851635925,-0.07926407069066416,0
SERPINB5,methy->rna,-0.12352703212977864,-0.12796706686428885,-0.11940281910705278,0.982620320855615,-0.17143663454466895,-0.18248963027978227,-0.1627748830103282,-0.37819790840148926,748,0.03018240639840716,-0.20161904094307612,0
SERPINE1,methy->rna,-0.1333520990746999,-0.13641522449786245,-0.13040362277557516,1.0,-0.25476407171716614,-0.27089005832746565,-0.24132016339697954,-0.40814879536628723,748,-0.012078930516838277,-0.24268514120032786,0
SFRP1,methy->rna,-0.10471006234719316,-0.10827464529691135,-0.10067066155922509,0.9919786096256684,-0.15006384649094137,-0.16020359619363367,-0.14296141017542138,-0.32133838534355164,748,-0.12328746561017516,-0.026776380880766212,1
SFRP2,methy->rna,-0.05657366338561981,-0.058562828565819264,-0.054621720948924125,0.982620320855615,-0.0854976946567237,-0.09324527927879014,-0.08047271329605302,-0.17265066504478455,748,0.005526715502407163,-0.09102441015913086,1
SIAH2,methy->rna,-0.049830071179365575,-0.05196532390212475,-0.04761695620321848,0.9652406417112299,-0.10475363055598937,-0.1134396029632839,-0.09858485753965344,-0.15133674442768097,748,-0.08526435622615836,-0.01948927432983101,0
SLC2A3,methy->rna,-0.08853296494719849,-0.09119816480855954,-0.0857528639986288,0.9986631016042781,-0.16817115340986158,-0.17885783672798652,-0.15949764769836036,-0.27141261100769043,748,-0.31795104364504023,0.14977989023517865,0
SLC39A6,methy->rna,-0.13873722735429664,-0.14273735005586363,-0.13461602489000085,0.9986631016042781,-0.25684261650456425,-0.2754692753578724,-0.24177307651069735,-0.42632609605789185,748,-0.6981988247156166,0.4413562082110523,0
SMAD3,methy->rna,-0.15204039072840345,-0.1559464485300522,-0.14794312892915282,1.0,-0.30510779890195405,-0.3245764228917916,-0.2887267184919825,-0.46709954738616943,748,-0.3189766842442415,0.013868885342287474,0
SMAD4,methy->rna,-0.0922055187103473,-0.09499984935800393,-0.08945007755300018,0.9906417112299465,-0.15567173143399407,-0.16653867180183463,-0.14594495452546682,-0.2822944223880768,748,0.058422433789063664,-0.21409416522305774,0
SNAI2,methy->rna,-0.106384253120938,-0.10935777164313364,-0.1032160070787164,0.9986631016042781,-0.16110954231843,-0.1722137475468124,-0.15345755881301532,-0.32645153999328613,748,-0.1329431015939557,-0.0281664407244743,0
STC2,methy->rna,-0.19592306777382926,-0.2005268415973802,-0.1907739118798531,1.0,-0.36414022341136704,-0.3836027884275859,-0.3455181526316455,-0.6035856008529663,748,-0.5093732670368132,0.14523304362544615,0
TBX3,methy->rna,-0.18747677716900515,-0.19205239179494554,-0.18294366573873905,1.0,-0.3808122029719767,-0.4048484334013107,-0.35916142370512716,-0.5760705471038818,748,-0.3811268291288426,0.0003146261568658937,0
TFF3,methy->rna,-0.20090987005033623,-0.20756851687590672,-0.19387592283354568,0.9986631016042781,-0.46650938310282236,-0.49754864887355243,-0.435840529277014,-0.6177576780319214,748,-0.578792498051723,0.11228311494890059,0
TGFB1,methy->rna,-0.11700768347322417,-0.12023193778542687,-0.11375602366265475,1.0,-0.20107605797818803,-0.21437576488278132,-0.19085515115420537,-0.3594101071357727,748,-0.15822231801643305,-0.04285373996175498,0
TMEM45B,methy->rna,-0.22259882499854816,-0.22887240060647335,-0.21651988468026873,1.0,-0.5417429973083636,-0.5705545257885367,-0.5128831757227285,-0.6846647262573242,748,-0.35858740216357604,-0.18315559514478758,0
TOP2A,methy->rna,-0.05487767390503403,-0.058020425603668775,-0.05180842860865593,0.8743315508021391,-0.07549580061039596,-0.08367183022419583,-0.06938030011709335,-0.1680152267217636,748,0.065015063359182,-0.14051086396957796,0
TP53,methy->rna,-0.1740044187966472,-0.17807902402005663,-0.1699251092383034,1.0,-0.4375508183704504,-0.4617629089065559,-0.41664337041887667,-0.5338843464851379,748,-0.08157413559748757,-0.35597668277296285,0
TPX2,methy->rna,-0.048767733373828635,-0.051804459292464224,-0.045813370243541,0.8716577540106952,-0.06824516900299081,-0.07558775670871135,-0.06315924382385753,-0.14910699427127838,748,-0.2367391357767375,0.16849396677374667,0
TSPAN14,methy->rna,-0.21386568063501527,-0.21815467209428313,-0.2095403326464763,1.0,-0.5099477482571056,-0.5338117255886562,-0.48660332430012715,-0.65851891040802,748,-0.25091775253058096,-0.2590299957265247,0
TWIST1,methy->rna,-0.08446709513249218,-0.08703390680031674,-0.08195341484664018,0.9919786096256684,-0.14842542198717346,-0.1599166817434868,-0.13909913898766885,-0.25904959440231323,748,0.025800638708565075,-0.17422606069573854,1
TYMS,methy->rna,-0.07008906399865208,-0.07362728482110628,-0.066738240193851,0.9425133689839572,-0.10815253619118811,-0.11879667238114694,-0.10074185033593354,-0.21429580450057983,748,-0.058494318516814865,-0.04965821767437325,0
UBE2C,methy->rna,-0.07374978956729904,-0.07717598540657374,-0.07013174282956111,0.9451871657754011,-0.10238458328731022,-0.11160240809674234,-0.09564053404149542,-0.22644373774528503,748,-0.08314227616505447,-0.019242307122255747,0
UBE2T,methy->rna,-0.0569688645390704,-0.059484573713324905,-0.054282226704561974,0.9331550802139037,-0.08112526675253165,-0.08864981909371286,-0.07579750202151163,-0.1741197109222412,748,-0.0965046222602009,0.015379355507669251,0
VEGFA,methy->rna,-0.19177066878014726,-0.19587286130802206,-0.18764215267548065,1.0,-0.5678927941334373,-0.5942515366044513,-0.5422815874241226,-0.5887170433998108,748,-0.1299852530503557,-0.4379075410830816,0
WIF1,methy->rna,-0.09253022308920389,-0.09484437761324771,-0.09023598424853228,0.9919786096256684,-0.20145270762967307,-0.21391284616284634,-0.1918646656510267,-0.28333911299705505,748,-0.239212710147659,0.03776000251798592,1
XRCC4,methy->rna,-0.12697082166833912,-0.13110724003369315,-0.12281642633454364,0.9959893048128342,-0.24605829297708037,-0.2637139798992526,-0.22959192603288456,-0.38995277881622314,748,-0.05677726147731513,-0.18928103149976525,0
ZEB1,methy->rna,-0.060948030746279615,-0.06302220238899042,-0.05881079958098232,0.9812834224598931,-0.0891236913496139,-0.09615655778239326,-0.08382321608750551,-0.18703556060791016,748,0.11119178813595844,-0.20031547948557232,0
ZEB2,methy->rna,-0.05720054907649556,-0.05969890878758677,-0.05474375408248534,0.9398395721925134,-0.0806450036623767,-0.0870572755727486,-0.07611031091449579,-0.1750459522008896,748,-0.07433945422120938,-0.0063055494411673185,0
ZNF703,methy->rna,-0.12008233450082548,-0.12373263264785554,-0.11660630713702438,1.0,-0.22819509931966653,-0.246280847842805,-0.21301220143468474,-0.36852675676345825,748,-0.38409141589096146,0.15589631657129494,0
FMOD,methy->rna,-0.21016844047898342,-0.21586948806463233,-0.2051426918803255,1.0,-0.3665971644767877,-0.38481218650215954,-0.35049454867705127,-0.6469326019287109,748,-0.4904818075698409,0.12388464309305319,0
AGR3,methy->rna,-0.13286643975892448,-0.13747817795938974,-0.1283348016446523,0.9812834224598931,-0.35135693022083847,-0.38053687411972414,-0.32800419936248204,-0.40783581137657166,748,-0.7464853627921019,0.3951284325712634,0
NDUFS6,methy->rna,-0.04114883384014083,-0.04412355116470559,-0.03814873317410753,0.8221925133689839,-0.0694225137046775,-0.07805262062655897,-0.062269185818325024,-0.12406603991985321,748,0.010382877905745626,-0.07980539161042313,0
COL1A2,methy->rna,-0.04271278283488231,-0.04476917044940461,-0.040614001153278914,0.9385026737967914,-0.05950497580051712,-0.0657888732604118,-0.055620449553821914,-0.13065782189369202,748,0.02573291244413336,-0.08523788824465048,0
MARCKS,methy->rna,-0.16283441975840604,-0.16675353614699637,-0.15917525367164087,1.0,-0.36685832954991515,-0.3879761087913118,-0.3489512051684476,-0.4984242916107178,748,-0.3850042867972751,0.018145957247359956,0
VIM,methy->rna,-0.10803931342369798,-0.11068629415505135,-0.10520272218710357,0.9986631016042781,-0.18069789972969827,-0.19202688008256502,-0.17203079359645612,-0.33086907863616943,748,-0.32870159661657705,0.14800369688687878,0
A2M,methy->rna,-0.13098452230919577,-0.13470693577377607,-0.12723437486245476,0.9946524064171123,-0.2224876566639718,-0.23727157490504083,-0.21122962030543593,-0.40131187438964844,748,-0.26224174451387866,0.03975408784990686,0
ECM1,methy->rna,-0.23455083003539903,-0.24051088104791393,-0.2285306118127812,1.0,-0.5401063046238866,-0.5633482766417507,-0.5173300324044505,-0.7198336720466614,748,-0.7015504863140796,0.16144418169019292,0
SLPI,methy->rna,-0.1520311653196941,-0.1565910637105739,-0.1476678230239945,0.9986631016042781,-0.2923129010028395,-0.3075833298392599,-0.28218459045955524,-0.4651843309402466,748,-0.3328884555943547,0.040575554591515184,0
ELN,methy->rna,-0.09957634092382456,-0.10251556173467273,-0.09680210907851618,0.9919786096256684,-0.165222640587551,-0.17585098965988205,-0.15715029658235277,-0.30507510900497437,748,0.005214004816593291,-0.1704366454041443,0
CTSS,methy->rna,-0.06163730952299802,-0.06526584979907984,-0.05809085175526783,0.910427807486631,-0.08686841163880811,-0.09480268561999104,-0.08095442984950595,-0.18798835575580597,748,-0.25126061683463224,0.16439220519582415,0
APOD,methy->rna,-0.22172244285933057,-0.22782195670165808,-0.21590704666188948,0.9986631016042781,-0.4083183589185015,-0.42960544085442215,-0.3898379925993374,-0.6826229095458984,748,-0.38289207034115197,-0.02542628857734952,0
PABPC1,methy->rna,-0.08214064652196491,-0.08565302933768183,-0.07879454850539176,0.9719251336898396,-0.1666620088737141,-0.18094019001931308,-0.1553455806860274,-0.2507133185863495,748,-0.240913361792701,0.07425135291898691,0
CPXM1,methy->rna,-0.10104807429314457,-0.10352005188979638,-0.09845529163089033,1.0,-0.15784278822020464,-0.16771704286140268,-0.1501678893437394,-0.310560405254364,748,-0.19183321033934042,0.03399042211913578,0
PIP,methy->rna,-0.22833051902354892,-0.23492475295958565,-0.22129126662723267,1.0,-0.4460782931845049,-0.4712696201822895,-0.4204733249604197,-0.7030733823776245,748,-0.48031418690393496,0.03423589371943003,0
RGS1,methy->rna,-0.08739312402572011,-0.09034974195724045,-0.08415012229909542,0.9933155080213903,-0.1934230953903295,-0.2057784294192101,-0.18431752916113797,-0.26763099431991577,748,-0.17132604564410478,-0.02209704974622473,0
HOXB2,methy->rna,-0.3884949036315664,-0.39738874510628064,-0.3793542589439364,1.0,-0.6736984563349118,-0.7007495970506131,-0.6487766318297914,-1.2010421752929688,748,-0.6851287259230191,0.011430269588107334,0
MT1E,methy->rna,-0.33035418698609825,-0.3394951580687264,-0.32199411210926276,1.0,-0.6796649325872813,-0.7009061670898163,-0.6602393882638989,-1.0197064876556396,748,-0.47724745895328163,-0.2024174736339997,0
TRPS1,methy->rna,-0.14711040386659513,-0.15181854004026665,-0.14299312850638973,1.0,-0.2653327016691788,-0.28460863595955765,-0.24885054858504263,-0.4517059624195099,748,-0.4825624797011167,0.21722977803193788,0
TSPYL5,methy->rna,-0.32004893008839924,-0.3290825520259223,-0.3113643834058743,1.0,-0.6477858158700767,-0.6693317411773207,-0.6270289978458257,-0.9884653091430664,748,-0.7135809304170906,0.06579511454701392,0
NID1,methy->rna,-0.03954942560764677,-0.041958467151144596,-0.0373672515810708,0.9050802139037433,-0.05275595165098149,-0.05785105517159731,-0.04930056017528057,-0.12090903520584106,748,-0.023373073625761118,-0.029382878025220376,0
WASL,methy->rna,-0.09768123908467266,-0.10143592401786371,-0.09391041839039703,0.9879679144385026,-0.170945566051367,-0.18383379503411829,-0.16097672014087064,-0.29902026057243347,748,-0.20456474448804404,0.033619178436677055,0
COL14A1,methy->rna,-0.12392730005380138,-0.1278828068978154,-0.12043786911981566,0.9986631016042781,-0.1944697539401119,-0.2072596499747944,-0.1849005759695491,-0.3804302215576172,748,-0.15926593790109425,-0.03520381603901765,0
TP53INP1,methy->rna,-0.1928515365501242,-0.1985853346818678,-0.18705311907675082,1.0,-0.3382566539173212,-0.3602856748800094,-0.31734594620365664,-0.5934931039810181,748,-0.5755942569360301,0.23733760301870888,0
ENPP2,methy->rna,-0.09892968587322516,-0.1015455075164152,-0.09620028525635616,0.9986631016042781,-0.15803512436621564,-0.16810016386443993,-0.15003760564803614,-0.30424171686172485,748,-0.2886012580712927,0.13056613370507708,0
SYNGR2,methy->rna,-0.115993067030438,-0.12017067368974231,-0.1121082560905756,1.0,-0.2279496094818594,-0.2429964396131436,-0.21557955228951078,-0.3531670570373535,748,-0.14057432044277723,-0.08737528903908218,0
C1orf115,methy->rna,-0.14158475862072245,-0.14546074725914424,-0.1377069041887956,1.0,-0.2954695584244236,-0.31154476375972256,-0.2822711573208267,-0.4336448311805725,748,-0.05121275460466198,-0.2442568038197616,0
PLTP,methy->rna,-0.124716389108675,-0.12894030196271292,-0.12061732888900312,0.9986631016042781,-0.23987647839531512,-0.25765335880318113,-0.22681514151859863,-0.382149338722229,748,-0.22743517568557142,-0.012441302709743696,0
PRRX1,methy->rna,-0.05640235022268608,-0.059044261693777245,-0.05365603485554204,0.9545454545454546,-0.07245489420463147,-0.07883400032973484,-0.06863015502818796,-0.17222872376441956,748,-0.02454905046028197,-0.0479058437443495,0
LRP5,methy->rna,-0.18195670398237324,-0.18747201950277068,-0.1770852883389023,1.0,-0.442333881134011,-0.46632283083879505,-0.42213287349685785,-0.5581142902374268,748,-0.18178935214802616,-0.26054452898598485,0
S100A16,methy->rna,-0.20930473845092656,-0.21589062554711028,-0.2029669283693413,1.0,-0.42299080634423303,-0.4474107530050544,-0.3997635374150715,-0.6434019804000854,748,-0.5899222286287866,0.1669314222845536,0
IFI16,methy->rna,-0.07361536750494405,-0.07676829285139622,-0.07031034481666759,0.9625668449197861,-0.10770730924628254,-0.11613839995291156,-0.10158433247489847,-0.22501717507839203,748,0.22127257306787962,-0.32897988231416214,0
CHAD,methy->rna,-0.2592821262339827,-0.2669056063479071,-0.25181344901889297,1.0,-0.4935977252580278,-0.5236522960469554,-0.4649023541626042,-0.8000831007957458,748,-0.6153443989171052,0.12174667365907743,0
EIF3K,methy->rna,-0.1576965455309473,-0.16133531869419518,-0.1543317456343651,0.9959893048128342,-0.35566417046673243,-0.37723418860370594,-0.33662598313498343,-0.4830777645111084,748,-0.059944138161350045,-0.2957200323053824,0
IGFBP4,methy->rna,-0.14852965766324955,-0.15336911391414043,-0.14379266762833004,0.9986631016042781,-0.2858048077083234,-0.30524240246838547,-0.26973237072160783,-0.45601022243499756,748,-0.25265475057165176,-0.03315005713667163,0
TPD52,methy->rna,-0.12161581277533529,-0.12543102644252033,-0.11761952462515034,0.9986631016042781,-0.21859857064925525,-0.23528138090174397,-0.20495455905212576,-0.3738032579421997,748,-0.5376896231463483,0.319091052497093,0
ANXA9,methy->rna,-0.14309268145616133,-0.14710455751712348,-0.1393760721017515,1.0,-0.2735255642840087,-0.28995797631418774,-0.258585098974324,-0.4386548697948456,748,-0.6355404841200691,0.36201491983606043,0
FABP4,methy->rna,-0.07590969621611397,-0.07867030071606984,-0.07283770644069552,0.9558823529411765,-0.1280262894195718,-0.1382030674227788,-0.11879033695923487,-0.2326839417219162,748,-0.003930374245106258,-0.12409591517446555,0
KRT19,methy->rna,-0.15543390954263614,-0.16024537859263965,-0.1509324527935259,0.9986631016042781,-0.30071498875714064,-0.320087233829658,-0.283029076765166,-0.4783163070678711,748,-0.4594173299009135,0.15870234114377285,0
PLEKHF2,methy->rna,-0.106621584422644,-0.11081085182881914,-0.10266230514176658,0.9959893048128342,-0.18158836842533313,-0.1954046793385492,-0.1711515560072017,-0.3273857831954956,748,-0.5580148141597898,0.3764264457344567,0
GIMAP4,methy->rna,-0.05778180971241982,-0.0609988308603022,-0.054839056297781234,0.9197860962566845,-0.08070441856849402,-0.08873100961108124,-0.07523413249781476,-0.1766684651374817,748,-0.1573860334090769,0.07668161484058288,0
RAB25,methy->rna,-0.15326492019365384,-0.15754829883555724,-0.14867353539953423,0.9986631016042781,-0.340266354969031,-0.3640091556927431,-0.3207458378146153,-0.4685993790626526,748,-0.48880409501900346,0.14853774004997244,0
FXYD5,methy->rna,-0.29421271969424806,-0.30157427329586656,-0.28710206249509973,1.0,-0.5727636322814713,-0.594418261346559,-0.5521556155645716,-0.9045565128326416,748,-0.483468268309668,-0.08929536397180332,0
RGS2,methy->rna,-0.1020967049253175,-0.10574343317479569,-0.09872207315492779,0.9959893048128342,-0.20364460551897617,-0.21703239726809026,-0.19376331282133694,-0.31313568353652954,748,-0.1919160474172165,-0.011728558101759684,0
KAT2A,methy->rna,-0.09628621032440772,-0.09917984676244482,-0.09340377709846578,0.9959893048128342,-0.1881230163678236,-0.20289500658450974,-0.17670777232042564,-0.2936554551124573,748,-0.09799812688994484,-0.09012488947787876,0
PLOD2,methy->rna,-0.1268283666558514,-0.1318157606277274,-0.12151247331620867,0.9946524064171123,-0.24322283721827856,-0.26052863951891553,-0.2274173662148976,-0.3875671923160553,748,-0.3346026703359277,0.09137983311764916,0
FSCN1,methy->rna,-0.1073727784814884,-0.11204927682688372,-0.10297027075532475,0.9973262032085561,-0.19738185403968983,-0.21139897330989726,-0.18551242752385103,-0.3284777104854584,748,-0.2886323070854489,0.09125045304575907,0
SQLE,methy->rna,-0.09853809258714652,-0.1020383050770687,-0.09532318024060529,0.9946524064171123,-0.17048797950403735,-0.18261269591698315,-0.15971092668792108,-0.3003770112991333,748,-0.4295294486208218,0.2590414691167845,0
GIMAP7,methy->rna,-0.059096796434279696,-0.062549779543285,-0.05560756881845308,0.9077540106951871,-0.08456831171569403,-0.09231471222599082,-0.07861461211687026,-0.18075980246067047,748,-0.12983523543088366,0.04526692371518963,0
CD163,methy->rna,-0.06549785771691896,-0.06831133061073785,-0.06264013271220091,0.946524064171123,-0.10062860193641136,-0.10943625025627939,-0.09402914707689497,-0.2001083344221115,748,-0.019815022135836666,-0.0808135798005747,0
CX3CL1,methy->rna,-0.15736363666586964,-0.16255456344709576,-0.15244605823733956,0.9986631016042781,-0.2827733005160174,-0.300100137548737,-0.27022894630434985,-0.48329195380210876,748,-0.5642552830877231,0.2814819825717057,0
CLEC11A,methy->rna,-0.08869978905993275,-0.09179647167233286,-0.08554586640945631,0.9946524064171123,-0.12409263482304843,-0.13282276298815693,-0.11837734541616217,-0.2715032994747162,748,0.07714262374243697,-0.2012352585654854,0
MRPL36,methy->rna,-0.04681596204637651,-0.05020665454986604,-0.04321273754940493,0.8435828877005348,-0.08004666565868454,-0.08928989819019796,-0.07249775471796052,-0.14139610528945923,748,-0.09678341246725834,0.016736746808573802,0
AKR1B1,methy->rna,-0.14906921188866656,-0.15419654535332097,-0.14428458019999854,1.0,-0.2834124178095733,-0.30167055832156026,-0.26882521223726863,-0.4574066996574402,748,-0.392081566737309,0.10866914892773566,0
CST1,methy->rna,-0.12071225253052498,-0.12380739380521061,-0.11753883956492744,1.0,-0.3511084059872262,-0.37288257358275334,-0.3304428115499689,-0.36823606491088867,748,0.09759032062095992,-0.4486987266081861,0
EPHX2,methy->rna,-0.19900860509610238,-0.20325900864749527,-0.1947402331677665,1.0,-0.36682689027223875,-0.38355111640260103,-0.35268484915660625,-0.611487865447998,748,-0.2731610706335333,-0.09366581963870546,0
RAB34,methy->rna,-0.37504615696112226,-0.3851376591826826,-0.36562102133974916,1.0,-0.6652858888308841,-0.6864248836269256,-0.6440968266070566,-1.1619690656661987,748,-0.5723898714884097,-0.09289601734247444,0
C6orf62,methy->rna,-0.1008889088156482,-0.10511832839035644,-0.09659399073504457,0.9973262032085561,-0.2165266867257716,-0.23409318446701965,-0.20156303640150927,-0.30879831314086914,748,-0.02834752780889684,-0.18817915891687476,0
CHI3L1,methy->rna,-0.13104701149090625,-0.13529635778447444,-0.12706007300129443,0.9893048128342246,-0.2532566442037167,-0.2679874523803416,-0.24015734858653942,-0.40076959133148193,748,-0.5323609825951242,0.2791043383914075,0
LGALS3BP,methy->rna,-0.29046453027425706,-0.29882608806028277,-0.2830324670931456,1.0,-0.6760942062638381,-0.6979657000591905,-0.6552904228539884,-0.8934957981109619,748,-0.6102430326318733,-0.0658511736319648,0
PYCARD,methy->rna,-0.2030975078088157,-0.20813923231403345,-0.19807730271377633,1.0,-0.40787225865926796,-0.4312008699289437,-0.3861910354763612,-0.6234980821609497,748,-0.5041271875160481,0.09625492885678016,1
GRHL2,methy->rna,-0.10453366163097913,-0.10795882588465025,-0.10072080716001221,0.9946524064171123,-0.19277028631904755,-0.20715428316696619,-0.18038171812840828,-0.3197549879550934,748,-0.4815791585696935,0.288808872250646,0
ATP6V1B2,methy->rna,-0.09659695819712537,-0.09973582003276203,-0.09347865676015546,0.9959893048128342,-0.1814104789530549,-0.19450026666428785,-0.17110802290400748,-0.29571235179901123,748,0.004468127068494214,-0.18587860602154913,0
LXN,methy->rna,-0.29895222086281764,-0.307991216609429,-0.29050581523054464,1.0,-0.677374483522544,-0.6972925200344019,-0.6579748328369405,-0.9207251071929932,748,-0.400401918964349,-0.276972564558195,0
ZHX1,methy->rna,-0.08280213759558809,-0.08591794488768226,-0.07952288228674806,0.9812834224598931,-0.12670777880739834,-0.13606795759354168,-0.11897250887740746,-0.2528676390647888,748,-0.05362234154699231,-0.07308543726040603,0
CLSTN2,methy->rna,-0.11739813741582898,-0.12162322055434088,-0.1129746209374013,0.9973262032085561,-0.24424437691684858,-0.26550504984404133,-0.2256816499645008,-0.3590402603149414,748,-0.3005835268564028,0.056339149939554245,0
QSOX1,methy->rna,-0.12773358919259342,-0.13145062485263423,-0.12426795176349795,0.9946524064171123,-0.26465808937191865,-0.28117450924730353,-0.249429033971271,-0.3913964629173279,748,-0.17445150256108216,-0.09020658681083649,0
LAMB3,methy->rna,-0.10977576730080588,-0.11381259131977839,-0.10580407679861943,0.9665775401069518,-0.18290356340622324,-0.19517869478085656,-0.17322371621441648,-0.3359810709953308,748,-0.4392559237561108,0.2563523603498875,0
PTN,methy->rna,-0.13317629411980947,-0.13654267503848216,-0.1296539024870993,1.0,-0.22088955258976634,-0.23349222659025984,-0.2102126620340926,-0.4089973568916321,748,0.15011366048583977,-0.37100321307560613,0
S100A9,methy->rna,-0.12089402747092313,-0.12496270933247121,-0.11678983706328833,1.0,-0.27787353941667464,-0.2952459840224339,-0.2639595759026971,-0.369175523519516,748,-0.3521564177359431,0.07428287831926844,0
THRSP,methy->rna,-0.24777123987240596,-0.25400610213029035,-0.24203969773842035,0.9986631016042781,-0.43143078701045634,-0.4536979304196318,-0.414165143922077,-0.7650971412658691,748,-0.4638372834096282,0.03240649639917187,0
SSR3,methy->rna,-0.1058325935882282,-0.10934655288079961,-0.10234755341985816,0.9973262032085561,-0.20912966413144563,-0.22477795232593684,-0.19619060750356326,-0.3232002854347229,748,-0.15605843119305435,-0.05307123293839128,0
ID4,methy->rna,-0.1677855099761384,-0.1730590139710066,-0.16302804218683292,0.9986631016042781,-0.28567499486877795,-0.3012576261080154,-0.27326201041536397,-0.5159218311309814,748,-0.44762071640337864,0.16194572153460068,1
PDK4,methy->rna,-0.09772660794896995,-0.10113973538873558,-0.09424210459360798,0.9625668449197861,-0.1738939604583191,-0.1878365814007404,-0.16195297229960173,-0.299564927816391,748,-0.15672213138052307,-0.01717182907779602,0
FPR3,methy->rna,-0.05371222396753895,-0.05681771605321224,-0.05033413133161568,0.9064171122994652,-0.07355994632996614,-0.080100864251588,-0.06893038819267666,-0.1638709455728531,748,0.03920261126325626,-0.1127625575932224,0
TIMP2,methy->rna,-0.06792064632526508,-0.07085154736789943,-0.06507341007159093,0.9919786096256684,-0.093983058009843,-0.10205397944529106,-0.08847057187193139,-0.2081904411315918,748,-0.16200303093670956,0.06801997292686657,0
KCNK1,methy->rna,-0.2850989190097516,-0.2912342837533124,-0.27896576071834545,1.0,-0.7046497443190364,-0.724501435709419,-0.683465915071436,-0.8752979636192322,748,-0.5283507676852358,-0.17629897663380056,0
LMOD1,methy->rna,-0.09644560895365482,-0.09965426206093513,-0.09321060954548299,0.9919786096256684,-0.14859071502715268,-0.1579748093242936,-0.1418781969249708,-0.29601848125457764,748,0.0316706592761886,-0.18026137430334127,0
KDM2A,methy->rna,-0.11834695316069227,-0.12158583598558163,-0.11481413429620306,0.9946524064171123,-0.23661241824649512,-0.25416929752977757,-0.221804475926517,-0.362125962972641,748,-0.236017200177304,-0.0005952180691911335,0
KRT10,methy->rna,-0.15992442336134322,-0.16528433435451784,-0.15453431941236725,0.9959893048128342,-0.3937501466242623,-0.41710183810997864,-0.371308124190889,-0.49325937032699585,748,-0.24549456363034916,-0.14825558299391312,0
PPP1R1B,methy->rna,-0.37041894187104896,-0.37996931704270565,-0.3611918108271885,1.0,-0.6580590142982321,-0.6788470694863177,-0.6378803463258887,-1.1453940868377686,748,-0.6173013308669733,-0.04075768343125885,0
RPL37,methy->rna,-0.1433227483500227,-0.1470199012917088,-0.13954353619254722,0.9919786096256684,-0.3317394722317687,-0.35263086666875293,-0.31331749145222876,-0.4389934539794922,748,-0.12106193062232723,-0.21067754160944147,0
NES,methy->rna,-0.11922994629349624,-0.12309450657731658,-0.11552056516368779,0.9919786096256684,-0.26067764591069803,-0.27517053023625776,-0.24780284798225646,-0.3651048541069031,748,-0.2773678121380089,0.016690166227310843,0
MRC2,methy->rna,-0.11786690083192912,-0.1216921215216119,-0.11413609014555821,0.9906417112299465,-0.1672087029799764,-0.17969814792916874,-0.15869549144465447,-0.36102426052093506,748,-0.04855445571581142,-0.11865424726416497,0
POLD2,methy->rna,-0.12115310914042521,-0.12514748747558074,-0.11717291475797538,0.9866310160427807,-0.23076785060568072,-0.2472014348240457,-0.21702078570583777,-0.3699776232242584,748,-0.09573597790346036,-0.13503187270222036,0
NECAB3,methy->rna,-0.08657878854302871,-0.08909144695839927,-0.08400297694194687,0.9986631016042781,-0.14390134841594307,-0.15328367178099223,-0.13667153565484275,-0.2634483575820923,748,-0.08299214292180107,-0.060909205494142,0
KRT15,methy->rna,-0.15594535524954392,-0.16181400371620075,-0.15061283949648763,0.9919786096256684,-0.24679560620665575,-0.2642614694233914,-0.23370583091721603,-0.4787599444389343,748,-0.3268421637113557,0.08004655750469997,0
CAPN8,methy->rna,-0.1762669544327513,-0.18119398051868493,-0.17165504992252037,1.0,-0.3271962893806487,-0.34938517621347726,-0.30874082679806936,-0.5420706868171692,748,-0.6599365578079732,0.3327402684273245,0
EFNA4,methy->rna,-0.08397010492165898,-0.08685936717014263,-0.08105441833417444,0.9893048128342246,-0.19483888421824924,-0.21009103576752217,-0.18356369797353878,-0.2557339072227478,748,-0.14084066645052754,-0.05399821776772171,0
METRN,methy->rna,-0.15884168279243538,-0.16271417740833183,-0.15530157038894668,1.0,-0.2789665723831236,-0.2990258092585554,-0.26164589863003973,-0.48700737953186035,748,-0.3434377937845353,0.0644712214014117,0
MNDA,methy->rna,-0.05856696611171532,-0.06091291255316695,-0.05628169164213343,0.9759358288770054,-0.08707978305369479,-0.0939749768425576,-0.08232566706520056,-0.17805421352386475,748,0.15657307450727118,-0.24365285756096597,0
TM4SF1,methy->rna,-0.24110250852636017,-0.24828672757256887,-0.23494549064232853,1.0,-0.5093766013843265,-0.5305953542819216,-0.4903985314435288,-0.7409387826919556,748,-0.48182629348634765,-0.027550307897978854,0
SYCP2,methy->rna,-0.30661824290199063,-0.3145387757910445,-0.300289142688363,1.0,-0.6312502211959709,-0.6544345366667444,-0.6105360337124484,-0.9466482400894165,748,-0.733986105664285,0.10273588446831416,0
COL10A1,methy->rna,-0.07432874910642995,-0.07727959106963998,-0.07150076406136004,0.983957219251337,-0.09610682266133651,-0.1053481515765567,-0.0897296362749637,-0.22668778896331787,748,0.0739869182648987,-0.1700937409262352,0
BNIPL,methy->rna,-0.24939711780433416,-0.25498868604081804,-0.2439396413697723,1.0,-0.4816403199817625,-0.5026915414870538,-0.46120414799320414,-0.7685699462890625,748,-0.6340741904238331,0.15243387044207057,0
AQP1,methy->rna,-0.11340672349243519,-0.11700511985737748,-0.11017561877086185,0.9919786096256684,-0.1784887428018968,-0.19038801759401475,-0.16972339298923603,-0.3489852845668793,748,-0.28065872938933073,0.10216998658743393,0
CD9,methy->rna,-0.1769750843318876,-0.1820767598307794,-0.1724648424352722,0.9986631016042781,-0.4062436182284891,-0.4296496436689513,-0.38782906620276314,-0.5441233515739441,748,0.010316298572125618,-0.4165599168006147,0
PTMS,methy->rna,-0.1689219661083142,-0.17318951049631792,-0.16479228527249987,1.0,-0.3530328183836618,-0.3747014669496754,-0.3327647802599409,-0.5184598565101624,748,-0.26616714389024076,-0.08686567449342103,0
SND1,methy->rna,-0.11848813389853778,-0.12255062541412065,-0.11433068245135637,0.9946524064171123,-0.29315104491016053,-0.3139428193684513,-0.27573237507319426,-0.36293238401412964,748,-0.18006939906302058,-0.11308164584713995,0
FZD6,methy->rna,-0.1730387476626485,-0.17824921015710005,-0.16789976582308894,1.0,-0.3400083871105824,-0.360744392976584,-0.3203747149219807,-0.5316712260246277,748,-0.5948731275171726,0.2548647404065902,0
C1S,methy->rna,-0.1167109835420614,-0.12053665508861229,-0.11316255435508588,0.9986631016042781,-0.18364078782609253,-0.19643220610269543,-0.17385801462205125,-0.3569236993789673,748,-0.3175055734385963,0.13386478561250378,0
S100A14,methy->rna,-0.19131758445956862,-0.1968893275868408,-0.1856864571862015,1.0,-0.4107902203190906,-0.4323388163070083,-0.3895980300449236,-0.5866827964782715,748,-0.529668935267139,0.11887871494804836,0
RBP1,methy->rna,-0.22689193106553585,-0.2321875288314155,-0.22224186681510544,1.0,-0.6129887670841496,-0.6361148527493709,-0.5898330578507734,-0.6967785358428955,748,-0.5821231564556707,-0.030865610628478923,0
RIN2,methy->rna,-0.24153622014833195,-0.24859087589909357,-0.2353126536597344,1.0,-0.38300331635578533,-0.40540632482649513,-0.3635595735464196,-0.7419906854629517,748,-0.3913344560065583,0.008331139650772978,0
YWHAZ,methy->rna,-0.02706960252554234,-0.029174095090030844,-0.02473583374425513,0.8275401069518716,-0.04462984569441471,-0.051149124024981056,-0.04024847025146252,-0.08182762563228607,748,-0.03510591777016464,-0.009523927924250067,0
MAL2,methy->rna,-0.11037586391264319,-0.11493750292837698,-0.1060819624207454,0.983957219251337,-0.2417313365705446,-0.25984598867188546,-0.22570569809840244,-0.33674824237823486,748,-0.27025701314500267,0.028525676574458064,0
COL1A1,methy->rna,-0.05343005285999255,-0.055407071070507574,-0.05148864798066344,0.9866310160427807,-0.069278668647964,-0.075339903846168,-0.06578024660204693,-0.1638268530368805,748,0.05635129137384448,-0.12562996002180848,0
KRT14,methy->rna,-0.09358656760608138,-0.09631690669280113,-0.09079595540805308,1.0,-0.12804855150696623,-0.13586486995479588,-0.12252862855252797,-0.2868359088897705,748,0.06715033601275026,-0.19519888751971648,0
ETV3,methy->rna,-0.04127529835894557,-0.04443960549990496,-0.0379661375881223,0.8382352941176471,-0.07210565770863454,-0.08025444677197517,-0.06568293397664694,-0.1256009340286255,748,-0.09067282316187779,0.018567165453243245,0
MIR635,methy->rna,-0.12044865375948295,-0.12423377755614858,-0.11656884162731278,1.0,-0.2586608843340235,-0.27728662294295886,-0.24271868275927944,-0.3691072165966034,748,-0.10194918957402323,-0.1567116947600003,0
TMEM204,methy->rna,-0.08279449199704011,-0.08527499990885867,-0.0802982895006322,0.9986631016042781,-0.12438871762990016,-0.13216199881659108,-0.11923964278594527,-0.25324761867523193,748,-0.24236384391771157,0.11797512628781141,0
MT2A,methy->rna,-0.20044135260763007,-0.20619144749851234,-0.19434501886256259,0.9986631016042781,-0.46628750232028343,-0.48966296551416727,-0.444697521674125,-0.6161614656448364,748,-0.06197999769868332,-0.4043075046216001,0
CRABP2,methy->rna,-0.17940889626966353,-0.18357814554863613,-0.17528731041560602,1.0,-0.379351416304104,-0.3996749071523747,-0.35976020042868984,-0.547855794429779,748,-0.4043448090355897,0.02499339273148571,0
SLC30A1,methy->rna,-0.11296260227841853,-0.11644071514079818,-0.10940980602622716,0.9933155080213903,-0.20444473809823532,-0.21918843571822463,-0.19273447635844784,-0.346283882856369,748,-0.25617192859885457,0.05172719050061925,0
FAM107B,methy->rna,-0.1514312936318457,-0.1562964810867924,-0.1462961316611842,0.9986631016042781,-0.3375215757743039,-0.35748091404758936,-0.3170244272972352,-0.4656868278980255,748,0.02396749919220229,-0.36148907496650623,0
COPZ2,methy->rna,-0.12185450867411916,-0.12422062627012456,-0.11948306356952547,0.9986631016042781,-0.17860840152164079,-0.19030835847964694,-0.16969052397500162,-0.37362515926361084,748,-0.061852315626069236,-0.11675608589557154,0
NRN1,methy->rna,-0.11857663032780574,-0.12256251165994135,-0.11490134662969922,0.9986631016042781,-0.20324579739753265,-0.2147356169010441,-0.1936854693762135,-0.36360377073287964,748,-0.2779076151245422,0.07466181772700956,0
CYB5R1,methy->rna,-0.05067173850896092,-0.05259286308188491,-0.04890610117941502,0.9893048128342246,-0.08404247351692329,-0.09128055811379575,-0.07998578783341741,-0.15441173315048218,748,0.3649015456304957,-0.448944019147419,0
EFR3A,methy->rna,-0.03701517157083952,-0.03962085536797738,-0.03428300231731386,0.8729946524064172,-0.05085226194177999,-0.056724246891656074,-0.046992781724102727,-0.11287456005811691,748,0.1405691879273948,-0.1914214498691748,0
ISM1,methy->rna,-0.12865903468121095,-0.13237381618171754,-0.1250182342497288,0.9933155080213903,-0.2085295350946693,-0.2217290477267536,-0.198892730332283,-0.39457929134368896,748,-0.10778448608051791,-0.10074504901415138,0
RARRES1,methy->rna,-0.1386759035188851,-0.1428550673042494,-0.13424958279408553,1.0,-0.24083570200668172,-0.2539995396767545,-0.2290123169127141,-0.4241500198841095,748,-0.32689007674601506,0.08605437473933333,1
GAPDH,methy->rna,-0.12957946190900216,-0.1341354510319791,-0.124884290808879,0.9852941176470589,-0.271289823110896,-0.2925328769104207,-0.25428245977840747,-0.3965940475463867,748,-0.36125375824137884,0.08996393513048284,0
ASAP1,methy->rna,-0.053131250201213155,-0.0560872357900677,-0.04987843971695222,0.9398395721925134,-0.08389808078669764,-0.09184268873390311,-0.07801652137762757,-0.1619592010974884,748,0.008585579977248906,-0.09248366076394654,0
RTP4,methy->rna,-0.24931609401730043,-0.2560832034499462,-0.24240760078794593,1.0,-0.5818203645402519,-0.6043259160018385,-0.5603269090981637,-0.7661809921264648,748,-0.5697220817470922,-0.01209828279315972,0
TFAP2C,methy->rna,-0.147446847964724,-0.15299383647661036,-0.14174772711675124,0.9959893048128342,-0.3305259516380664,-0.35106975366150095,-0.31156823748693,-0.45117849111557007,748,-0.11062514696843104,-0.21990080466963538,0
ADAMTS2,methy->rna,-0.04617686694680503,-0.048515976383872686,-0.043731844131755945,0.9398395721925134,-0.05784661310959495,-0.06384797592873542,-0.054369879995061994,-0.14129149913787842,748,0.03910798947128984,-0.09695460258088479,0
TMEM147,methy->rna,-0.1355276529685928,-0.13946080098647368,-0.13165283306610545,0.9959893048128342,-0.27890934816113816,-0.2983841810721455,-0.26145247341841693,-0.4129847288131714,748,-0.1402870429477131,-0.13862230521342506,0
SSH3,methy->rna,-0.1519604302693321,-0.1562788203634457,-0.14741826508204375,1.0,-0.28715052424505144,-0.30548606082958385,-0.27058965887206055,-0.4661729335784912,748,-0.33422260613819593,0.04707208189314449,0
PPP1R2,methy->rna,-0.08682650280975257,-0.09002647472271068,-0.08378519011921737,0.9786096256684492,-0.16734437737695476,-0.18060755825786617,-0.15667257334773504,-0.26598334312438965,748,0.11998265525194284,-0.2873270326288976,0
CFH,methy->rna,-0.07614351400666425,-0.07908994244202414,-0.07342876112392363,0.9852941176470589,-0.1115342568016744,-0.1197241462990967,-0.10655821092648349,-0.2334713488817215,748,-0.09109994871569559,-0.02043430808597882,0
CD93,methy->rna,-0.05465429444318395,-0.056802824985240294,-0.052340732229861714,0.9652406417112299,-0.0810630690854901,-0.08761297773781601,-0.07668919939119812,-0.16706562042236328,748,-0.0865229694256632,0.005459900340173102,0
SNRPE,methy->rna,-0.14180489153461778,-0.14624870155563824,-0.13764776796405187,0.9986631016042781,-0.2980683906902375,-0.31669601323611263,-0.28049526061385316,-0.43330806493759155,748,-0.37848349768708495,0.08041510699684745,0
INHBA,methy->rna,-0.07011386443949644,-0.07336592639783882,-0.06693214413695309,0.9692513368983957,-0.09493602040820587,-0.10414287688367621,-0.08843882504436842,-0.2138434648513794,748,-0.13614857347576104,0.04121255306755517,0
DSTN,methy->rna,-0.25930054889395904,-0.26650438457620773,-0.2517679827105347,1.0,-0.5163433913724466,-0.5408595384637946,-0.4918713146332691,-0.7985163927078247,748,-0.31396385109202296,-0.2023795402804236,0
CLDN3,methy->rna,-0.1853351961815507,-0.19042192786309656,-0.17998755116437032,0.9986631016042781,-0.3637957827373885,-0.38656534028682515,-0.3436528909676713,-0.5680713653564453,748,-0.4046257497379191,0.0408299670005306,0
LY96,methy->rna,-0.08027459700364012,-0.08299112247800695,-0.07753898254652401,0.9933155080213903,-0.13235263894613644,-0.14279477294647575,-0.12455571866929539,-0.2454342544078827,748,-0.1858769562437362,0.053524317297599766,0
ALDOC,methy->rna,-0.29520066630492836,-0.30254570917679796,-0.28697771207513406,1.0,-0.6362767163389834,-0.657612343974517,-0.6176222132153455,-0.9090685844421387,748,-0.6028537918325007,-0.033422924506482765,0
FKBP10,methy->rna,-0.2528253193218809,-0.2596910334497314,-0.2460272316302975,0.9986631016042781,-0.5308610847182457,-0.5540278760042585,-0.5100024362004598,-0.7800406217575073,748,-0.5307008289184382,-0.00016025579980749605,0
ATP6V1C1,methy->rna,-0.03251359109204833,-0.03473908524720704,-0.030235732690687047,0.8703208556149733,-0.050426440312686185,-0.05641451375126057,-0.046618370992820755,-0.0982620120048523,748,0.07409012473360022,-0.1245165650462864,0
CCDC3,methy->rna,-0.09253994898323581,-0.09464309278802545,-0.09025353542304411,0.9986631016042781,-0.15821561897793446,-0.16726072903034284,-0.15099821283571493,-0.28303852677345276,748,0.002020160950810244,-0.16023577992874471,0
NME4,methy->rna,-0.10498385620100088,-0.10777131472202514,-0.10242298501532494,0.9946524064171123,-0.16175611977957005,-0.1747181124619599,-0.15251580613327576,-0.32054832577705383,748,-0.26510778124600093,0.10335166146643088,0
ID1,methy->rna,-0.12726919243129636,-0.130683787363753,-0.12332860470617354,1.0,-0.24355497749928987,-0.25652009444480983,-0.23352641313730693,-0.38972872495651245,748,-0.14710055747432302,-0.09645442002496685,0
HOXB7,methy->rna,-0.1542343523706942,-0.15843381583735464,-0.15068846946051895,1.0,-0.34182410901319554,-0.36144964679277747,-0.3255548033208786,-0.4719424247741699,748,-0.2232018413228809,-0.11862226769031464,0
TM4SF18,methy->rna,-0.13366892518784432,-0.1372353655655975,-0.13017434998889788,1.0,-0.2793319133678738,-0.29559370152363695,-0.2650157555625772,-0.4099360406398773,748,-0.21967024376473746,-0.05966166960313632,0
CDC42SE1,methy->rna,-0.047301500364590215,-0.05012506351493293,-0.04443516286158392,0.9077540106951871,-0.08559880657178748,-0.09417759882987693,-0.07940338995388664,-0.14425981044769287,748,0.009172435800332763,-0.09477124237212024,0
SCNN1A,methy->rna,-0.31184077184840725,-0.3207883773075444,-0.3028885877577367,1.0,-0.5850459396975659,-0.6148874745168786,-0.5585566873190779,-0.9631698727607727,748,-0.7166561908873652,0.1316102511897993,0
CMTM3,methy->rna,-0.11385776326504374,-0.11673652835354337,-0.11110309514263252,0.9986631016042781,-0.15786129062307167,-0.1686950090852217,-0.15087106496127425,-0.3485262393951416,748,-0.18403247511654752,0.026171184493475858,0
S100A10,methy->rna,-0.1691306280587682,-0.174713761503278,-0.16377930759828607,1.0,-0.35396751521043196,-0.37383805306994844,-0.33597542970132904,-0.5184546709060669,748,-0.47733712026948744,0.12336960505905548,0
SKAP1,methy->rna,-0.2581042216598088,-0.26426803291347806,-0.25173931355340157,1.0,-0.5083882771986035,-0.5340824668783137,-0.48229030077877816,-0.7932903170585632,748,-0.3979028312610934,-0.11048544593751009,0
VEZF1,methy->rna,-0.11250931569877283,-0.11659294758145176,-0.10837909563582239,0.9973262032085561,-0.18059949656680152,-0.19474268892779004,-0.16945090400217563,-0.34512054920196533,748,-0.3293968947479085,0.148797398181107,0
TMEM97,methy->rna,-0.0643720357996327,-0.0674861455768361,-0.06124455549829426,0.9371657754010695,-0.12018016177621375,-0.13132971813128905,-0.11125409702205709,-0.19675211608409882,748,0.022015566317016202,-0.14219572809322994,0
SELENBP1,methy->rna,-0.17588224730544863,-0.18117564267308103,-0.17078266698350164,1.0,-0.33989618856176484,-0.3587694667779657,-0.3242408821355808,-0.5383602380752563,748,-0.26834304367968437,-0.07155314488208048,0
SFRP4,methy->rna,-0.07559435468473356,-0.07808746781660332,-0.07310834471225666,0.9919786096256684,-0.12331143390244902,-0.13453857422492982,-0.11590572800340272,-0.23133054375648499,748,0.0902120730282107,-0.21352350693065972,1
CHCHD2,methy->rna,-0.113008695787629,-0.11679052788634955,-0.10894401346761634,0.9852941176470589,-0.23298106325951012,-0.2505678855663263,-0.2177916435984493,-0.344420850276947,748,-0.054332779165038377,-0.17864828409447175,0
LPL,methy->rna,-0.08066953114398262,-0.08337145583638646,-0.07791158141741888,0.9652406417112299,-0.13209689137565941,-0.142953715432486,-0.12413728985913437,-0.24720337986946106,748,0.034001796638469035,-0.16609868801412844,0
CACNG4,methy->rna,-0.25978019921903445,-0.26636173608779984,-0.2522606775935737,1.0,-0.49069148671869445,-0.5211092761440468,-0.46462287286856147,-0.800086498260498,748,-0.592885209687769,0.10219372296907459,0
SLC7A2,methy->rna,-0.2198620119030835,-0.2261723676721207,-0.2137897435246264,1.0,-0.40423598943490585,-0.4302327201421829,-0.38109248789115224,-0.6774029731750488,748,-0.6750271327988463,0.27079114336394045,0
ADAMTS12,methy->rna,-0.05899666761605936,-0.06135970860437668,-0.056384325399338076,0.9692513368983957,-0.07912250779456069,-0.08640598239451643,-0.0744095855228691,-0.18085166811943054,748,0.06691349191200162,-0.1460359997065623,0
MDFIC,methy->rna,-0.0923484720807662,-0.09571383477122243,-0.08895236527237836,0.9665775401069518,-0.15271210237140787,-0.164642247926935,-0.1436090128556926,-0.282944917678833,748,-0.17111972589959304,0.018407623528185174,0
SLC2A10,methy->rna,-0.18138417317320338,-0.18626037498601958,-0.1762190237601575,1.0,-0.3939207091462345,-0.42120234632686926,-0.36811149526311376,-0.5586464405059814,748,-0.5761618401954347,0.1822411310492002,0
ZNF83,methy->rna,-0.10437305298996608,-0.10701586554783567,-0.10153264699758609,1.0,-0.22038341574378356,-0.23615033066694616,-0.2071592349331567,-0.3197551965713501,748,0.07641773534394991,-0.2968011510877335,0
RGS5,methy->rna,-0.0908435841966271,-0.09450690421459755,-0.08700130494376715,0.9665775401069518,-0.1687348105178852,-0.1816680414086503,-0.15716866737614818,-0.27827441692352295,748,0.12771550564724357,-0.29645031616512874,0
MAPK3,methy->rna,-0.1490994485343745,-0.15335815567685104,-0.1449693582722865,1.0,-0.2589560938252602,-0.2758429416701295,-0.24566999357593242,-0.45683038234710693,748,-0.09638465329729563,-0.16257144052796457,0
CST7,methy->rna,-0.06797582047523304,-0.07112299676133844,-0.06505795525001992,0.9866310160427807,-0.10499197106567977,-0.1125399515707907,-0.099437643393296,-0.2077927589416504,748,-0.35097992478255696,0.2459879537168772,0
CLEC2B,methy->rna,-0.09904382210482184,-0.10142412405362505,-0.09677081214699401,1.0,-0.16510401800219376,-0.17638244905409808,-0.15634343491548003,-0.30315500497817993,748,-0.18416787029887038,0.01906385229667662,0
TUBB2A,methy->rna,-0.217265036723862,-0.22359387815497803,-0.21119251703161063,1.0,-0.5440898564908307,-0.5674394235905078,-0.5220465786127552,-0.6658602952957153,748,-0.34310116959129716,-0.2009886868995336,0
SNHG9,methy->rna,-0.06300112487928387,-0.06490070581078092,-0.061053630815374405,0.9946524064171123,-0.125062456608999,-0.13514673259916885,-0.11756915388723713,-0.19107550382614136,748,0.16108451139614827,-0.2861469680051473,0
MFAP5,methy->rna,-0.09557064299526875,-0.0987002783929181,-0.0926136657813934,0.9919786096256684,-0.15658802947791176,-0.16931231648285783,-0.1462472599538738,-0.2929351329803467,748,-0.23089985295486795,0.0743118234769562,0
C17orf58,methy->rna,-0.15466917559289525,-0.15872630378816802,-0.1505097604393986,1.0,-0.3117381856666264,-0.33156927603873726,-0.2952995762808732,-0.47544705867767334,748,-0.464777826455433,0.15303964078880655,0
ALDH3B2,methy->rna,-0.25337806146972897,-0.25992862900837643,-0.24622144001895896,1.0,-0.613789876588106,-0.6384586963454828,-0.591487090075497,-0.781226634979248,748,-0.2875401115771619,-0.3262497650109441,0
GOLPH3L,methy->rna,-0.09467945187070377,-0.09796933024034728,-0.09155296667986973,0.9946524064171123,-0.16804325002408815,-0.17999519231142724,-0.1577945921773862,-0.2890627384185791,748,-0.1518112030309252,-0.01623204699316294,0
KRT23,methy->rna,-0.18337982506798364,-0.18949683554554894,-0.17766670007571791,0.9946524064171123,-0.30796137221060327,-0.32474411599728364,-0.29381731577642234,-0.5641705989837646,748,-0.15836462232270865,-0.14959674988789462,0
BNIP3L,methy->rna,-0.16019083332920317,-0.1645975255236443,-0.15585734070466506,1.0,-0.27674475981660573,-0.2935437523681724,-0.26286091552691954,-0.4921913743019104,748,-0.185657819443098,-0.09108694037350773,0
CCND2,methy->rna,-0.11019273671597979,-0.11264808060003612,-0.10766021000291096,1.0,-0.19092257747296357,-0.20212606679744444,-0.18214245549382052,-0.33822911977767944,748,-0.2204560602666842,0.029533482793720645,1
COX7A1,methy->rna,-0.1999780651728943,-0.2038260265975249,-0.19615460126766907,1.0,-0.3524657420303499,-0.36902270264812975,-0.3388740658325465,-0.615321159362793,748,-0.5916374578031605,0.23917171577281054,0
SELL,methy->rna,-0.05948450064930713,-0.06254726702131169,-0.05640196017945042,0.9451871657754011,-0.09661774052836802,-0.10504287324651304,-0.0912797440368792,-0.18188181519508362,748,0.01512450503931654,-0.11174224556768456,0
SHC1,methy->rna,-0.1980029191649577,-0.2035931499730063,-0.19238358437687736,1.0,-0.3631731991918316,-0.3841711992381938,-0.34492387731896873,-0.6088739633560181,748,-0.3222569803589602,-0.04091621883287139,0
DSP,methy->rna,-0.11227199832581769,-0.11610119600800438,-0.1084642269088407,0.9946524064171123,-0.29153212933670214,-0.3109285986372141,-0.2739332207384542,-0.34312859177589417,748,-0.06525563209693905,-0.2262764972397631,0
PTPRC,methy->rna,-0.040180515394373444,-0.042494508802608355,-0.037934602702662364,0.9398395721925134,-0.05076060845481565,-0.0555980241326109,-0.04808769765600473,-0.12316273152828217,748,-0.3944222743255499,0.3436616658707342,0
TRAM1,methy->rna,-0.06007604575255279,-0.0628364750855831,-0.05748679776001475,0.9705882352941176,-0.09636017232080435,-0.10520214955186823,-0.09043675124765306,-0.18336209654808044,748,-0.1422898995509393,0.04592972723013494,0
SEMA3C,methy->rna,-0.1498983348664577,-0.15453910140064692,-0.14474987713264492,0.9986631016042781,-0.274980489390596,-0.29312219544959045,-0.2607140247536857,-0.4606831967830658,748,-0.17785393016057288,-0.09712655923002311,0
STAC2,methy->rna,-0.13411872656028154,-0.13774426110732013,-0.13067436465560753,0.9973262032085561,-0.2271223745871969,-0.23986737231326458,-0.21684045181325584,-0.41262489557266235,748,-0.2873700075599985,0.060247632972801585,0
RARRES2,methy->rna,-0.09978851409352579,-0.10209623710140805,-0.09765829216325825,1.0,-0.16506008590419768,-0.17648633775225833,-0.1564433280964604,-0.3066435754299164,748,-0.23020919989332392,0.06514911398912623,0
CPA3,methy->rna,-0.08047647855511025,-0.08284058932885038,-0.07813828603232756,0.9852941176470589,-0.16914805051348134,-0.18326524790692342,-0.15789800312262015,-0.24646002054214478,748,0.007052076337652544,-0.17620012685113387,0
GIT1,methy->rna,-0.11182842264852509,-0.11542313333885677,-0.10782842212361918,0.9946524064171123,-0.23653568509420014,-0.25390246418439133,-0.22196175038163998,-0.3416934907436371,748,-0.0579912590682443,-0.17854442602595583,0
NPEPPS,methy->rna,-0.05702573192059337,-0.05948818467044456,-0.05452448031621751,0.9572192513368984,-0.08295379231323496,-0.08982159363393578,-0.07829466084669713,-0.17400293052196503,748,0.2653365528350492,-0.34829034514828416,0
RSAD1,methy->rna,-0.1582033952343885,-0.16298160336157624,-0.15308699922270252,0.9973262032085561,-0.3233578851393614,-0.3441107997866581,-0.30485095619245617,-0.48708802461624146,748,-0.39788928028858617,0.07453139514922474,0
ELOVL2,methy->rna,-0.15044722407852895,-0.15473019894293727,-0.14599819483960844,1.0,-0.3004461118808353,-0.32321571187772485,-0.28028134705666324,-0.46129676699638367,748,0.0021450760238787554,-0.30259118790471407,0
SEC62,methy->rna,-0.13021678688422134,-0.13443809042217206,-0.12535875793104123,0.9986631016042781,-0.22153234076161327,-0.23743120718054594,-0.20748158331594593,-0.39906376600265503,748,-0.16939283640056207,-0.05213950436105119,0
PRR15L,methy->rna,-0.2454069000152944,-0.25247343284814827,-0.23868570933831693,1.0,-0.49156149916419983,-0.5171369751294107,-0.4685524069425278,-0.7574929594993591,748,-0.44055727447431564,-0.05100422468988419,0
COTL1,methy->rna,-0.1306837666310775,-0.1369247607860292,-0.1249877077866059,0.9959893048128342,-0.22993503538949137,-0.24736400737329145,-0.2147952757374605,-0.3994843363761902,748,0.10670929579107646,-0.3366443311805678,0
OLR1,methy->rna,-0.07426389852690606,-0.07732711597999958,-0.07150308276704366,0.983957219251337,-0.13212206944255542,-0.1424688359102192,-0.12438009796634589,-0.22689494490623474,748,-0.08809111184090956,-0.044030957601645854,0
SLAMF7,methy->rna,-0.053544375294887536,-0.05655315803895882,-0.0503672077285218,0.93048128342246,-0.08250516092489822,-0.09065642442896234,-0.0777304421330042,-0.16290585696697235,748,-0.07272979362908173,-0.00977536729581649,0
RAB4A,methy->rna,-0.11562462630893357,-0.1188871978755286,-0.11272908190964931,0.9893048128342246,-0.23725665700430518,-0.25345436218139594,-0.2241192427968455,-0.3538859188556671,748,-0.12323252585676663,-0.11402413114753855,0
CD55,methy->rna,-0.07453057315867101,-0.07691180994619828,-0.07199760939613185,1.0,-0.1667524041996334,-0.17902865823680839,-0.15768875238000687,-0.22820603847503662,748,0.021836043128240334,-0.18858844732787375,0
VANGL2,methy->rna,-0.2694962922094802,-0.27586238672684354,-0.262887442475991,1.0,-0.5712397746370328,-0.5945665746933781,-0.5496367279365159,-0.8288523554801941,748,-0.7237003532002108,0.15246057856317796,0
DHX9,methy->rna,-0.01628990387710047,-0.018640511978248304,-0.014024717308638565,0.6644385026737968,-0.028210904956539832,-0.03301743645218515,-0.02447339085020015,-0.04934085160493851,748,0.03719703069935224,-0.06540793565589208,0
NDUFS2,methy->rna,-0.11726544809999996,-0.1207731115274306,-0.11349065290558018,0.9933155080213903,-0.24323559647793824,-0.25951608400620646,-0.22845401399572393,-0.35853710770606995,748,-0.25807471548875865,0.014839119010820412,0
CLDN4,methy->rna,-0.17816552414833578,-0.1835657066214465,-0.17207996210308102,1.0,-0.38073557342937586,-0.40322666390467254,-0.3610018841371351,-0.5468706488609314,748,-0.2417665349502649,-0.13896903847911096,0
TBC1D20,methy->rna,-0.08278895134360274,-0.08523312602842824,-0.08035700746854986,0.9973262032085561,-0.156622517951069,-0.16800948153925388,-0.14664958729449784,-0.25355786085128784,748,0.2315055471165342,-0.3881280650676032,0
SEZ6L2,methy->rna,-0.2617273546681854,-0.2670443754761495,-0.25710375971974914,1.0,-0.6613948341542909,-0.6829739628184169,-0.6409702586134884,-0.8035815954208374,748,-0.47579553056546237,-0.18559930358882853,0
NET1,methy->rna,-0.25692541672372543,-0.26436336907699043,-0.2500222097904433,1.0,-0.62132180387958,-0.6444201132115397,-0.598848317964426,-0.7911854982376099,748,-0.45699853883881913,-0.1643232650407609,0
LAPTM4B,methy->rna,-0.06774805951332291,-0.07070480211166132,-0.06485089430423435,0.9585561497326203,-0.11353344849587454,-0.12256210002784755,-0.10733404964455323,-0.2064935863018036,748,-0.1630196990814833,0.049486250585608765,0
ELF3,methy->rna,-0.1285601566331511,-0.13266168218049898,-0.12448302596634415,1.0,-0.3130266187764998,-0.33495296961324517,-0.29362080909675636,-0.3935009837150574,748,-0.16651915702764505,-0.14650746174885473,0
MAPRE1,methy->rna,-0.05657801299365054,-0.059466171751913995,-0.053755110257203316,0.9425133689839572,-0.09705417513301555,-0.10678154091948326,-0.08991921365679527,-0.1720406711101532,748,-0.1488454119914541,0.05179123685843855,0
LYPLA1,methy->rna,-0.07616592184325045,-0.07906712472871272,-0.07336164495295142,0.9919786096256684,-0.11485907883021766,-0.12403463574150199,-0.10771103608940355,-0.23284175992012024,748,0.057119950476674126,-0.1719790293068918,0
MUC1,methy->rna,-0.12910914560576567,-0.13270482018854138,-0.12541806880393397,1.0,-0.23847346362420535,-0.2514479259730112,-0.2273562842554636,-0.3939339518547058,748,0.02680643968389784,-0.2652799033081032,0
ACLY,methy->rna,-0.11467864150052753,-0.11864795401941511,-0.11093157307440835,0.9973262032085561,-0.20377074747959692,-0.21814129814264235,-0.1917727119609522,-0.35219448804855347,748,-0.3075429883288034,0.10377224084920647,0
AEBP1,methy->rna,-0.06041247669853097,-0.06259295834451681,-0.05802663193810495,0.9598930481283422,-0.08189449292121727,-0.08925045755933259,-0.07671932199777348,-0.18491335213184357,748,-0.0015258194053639714,-0.08036867351585329,0
CALD1,methy->rna,-0.0888284154406478,-0.0928272666476203,-0.08488191849357551,0.946524064171123,-0.12676818544338941,-0.13696099042906562,-0.11952867928418037,-0.2718520164489746,748,-0.021624548930032548,-0.10514363651335687,0
SDCBP,methy->rna,-0.10044004832308924,-0.1043725015535345,-0.0964043402231791,0.9986631016042781,-0.17814909795168848,-0.1910148997624138,-0.16762947670006698,-0.30758965015411377,748,-0.15075553923855317,-0.027393558713135313,0
RPRD2,methy->rna,-0.07326567784041406,-0.07595306761381145,-0.07057895473382912,0.9772727272727273,-0.12167373469153935,-0.13171514998957334,-0.11416966048304515,-0.22375357151031494,748,-0.04511796427121278,-0.07655577042032657,0
ELMO3,methy->rna,-0.20461918304748206,-0.21030077768127192,-0.19811326834515638,1.0,-0.39632794536105975,-0.418483240804197,-0.3748058622786416,-0.6266062259674072,748,-0.42421240332842763,0.02788445796736788,0
SERPINB9,methy->rna,-0.10347234144580256,-0.1076775680100562,-0.09914863088909029,0.9879679144385026,-0.16673693619179233,-0.1793311929259175,-0.15740219054635018,-0.3170124888420105,748,-0.3197695741432246,0.15303263795143227,0
RARA,methy->rna,-0.1615314759625331,-0.16637594810138237,-0.15688510658983523,0.9986631016042781,-0.28244845758386744,-0.30316192286086563,-0.2651411689981083,-0.496909499168396,748,-0.48231488601213796,0.19986642842827052,0
KCTD3,methy->rna,-0.10147743391424231,-0.1044923909478107,-0.09861262671732669,0.9946524064171123,-0.15857758512341213,-0.17044177122957696,-0.14951527215193236,-0.3108060359954834,748,-0.4596395477456831,0.301061962622271,0
ABCC11,methy->rna,-0.18505130020022534,-0.19119442387993874,-0.17862019760108455,0.9879679144385026,-0.4776426470833198,-0.5079071236643347,-0.44957943211306567,-0.5704104900360107,748,-0.42701573467940385,-0.05062691240391598,0
MAGEF1,methy->rna,-0.1188660002785026,-0.12246844698647791,-0.11520815159368276,1.0,-0.27814955082084164,-0.29630904686961373,-0.2621600570901636,-0.36145901679992676,748,-0.2881275428352135,0.009977992014371884,0
PI4KB,methy->rna,-0.06348651619067784,-0.06641353733800874,-0.060391589518923455,0.9371657754010695,-0.11177868090349921,-0.12123504283856314,-0.1042284784181694,-0.1934291422367096,748,-0.04339206278574526,-0.06838661811775396,0
PPP2R5A,methy->rna,-0.11033981046938204,-0.11335994598149125,-0.10736440053815292,1.0,-0.18636200236418946,-0.19964557564005123,-0.17572551529809094,-0.33745723962783813,748,-0.07905269364299547,-0.10730930872119399,0
GOLT1A,methy->rna,-0.20448983051787575,-0.20862959523910637,-0.2003082388231613,1.0,-0.47865506879448333,-0.49963218820579314,-0.4593066925127484,-0.6271852254867554,748,-0.45090647246604776,-0.02774859632843557,0
SOX9,methy->rna,-0.16795224630495503,-0.17325859810680852,-0.16313500707965234,1.0,-0.41449552569744647,-0.43646352256729043,-0.39546751318565143,-0.5153989791870117,748,-0.39161436447115716,-0.022881161226289304,0
NME3,methy->rna,-0.07287655326134382,-0.0754198179626796,-0.07053518948059093,0.9893048128342246,-0.10277005488300199,-0.11259029657123476,-0.09721327867493032,-0.22118529677391052,748,-0.06210099934447886,-0.04066905553852313,0
CTHRC1,methy->rna,-0.08852415057326668,-0.0926490157296729,-0.08459657092624155,0.9906417112299465,-0.12211302606766031,-0.13247929650239137,-0.11457984923038947,-0.27151066064834595,748,-0.052539753553815294,-0.06957327251384501,0
CD4,methy->rna,-0.07227829719205518,-0.0747966319263901,-0.0698715854760794,0.9786096256684492,-0.10429545192812634,-0.11234810166830159,-0.09882799044889888,-0.2217961698770523,748,-0.3438387345877855,0.23954328265965918,0
GCC1,methy->rna,-0.08765988320377016,-0.09134543857154866,-0.08443600703752144,0.9866310160427807,-0.17922991933430482,-0.1943523926774987,-0.16722125107242408,-0.2680404484272003,748,-0.08486625775810892,-0.0943636615761959,0
ANKH,methy->rna,-0.137082522740063,-0.14181835915715998,-0.1329561546750592,1.0,-0.2506871049367664,-0.26609788835445525,-0.2384149949499373,-0.4197867810726166,748,-0.32038801128132616,0.06970090634455978,0
CTF1,methy->rna,-0.34454686629399994,-0.3533966115759775,-0.335620093118765,1.0,-0.6187246886396427,-0.6403674721964163,-0.599268234832761,-1.0637866258621216,748,-0.6677739614690168,0.0490492728293741,0
PXMP4,methy->rna,-0.29147783495699936,-0.29878694086341717,-0.28424025885124543,1.0,-0.5807124704520238,-0.6090018762997723,-0.5512309200653738,-0.8967481851577759,748,-0.3165526339061983,-0.2641598365458255,0
VWF,methy->rna,-0.09702403299023235,-0.09981985298364814,-0.09408658646645482,0.9879679144385026,-0.1411674190237029,-0.15064337443928644,-0.13401121950950745,-0.2968979775905609,748,-0.1227250241889502,-0.018442394834752684,0
CRNKL1,methy->rna,-0.06134393028113925,-0.06342668380722347,-0.05937566542333186,0.9866310160427807,-0.09604086530666323,-0.10366176590057116,-0.09103752275945713,-0.1875593215227127,748,0.2597877426758647,-0.3558286079825279,0
WFDC2,methy->rna,-0.3225673937111339,-0.331647455188601,-0.3139018080169416,1.0,-0.6476738985480237,-0.6690571638055356,-0.6268981598574703,-0.998563289642334,748,-0.5376140012497388,-0.11005989729828491,0
KDELR2,methy->rna,-0.158374509931195,-0.16349911601630032,-0.15252794095085423,0.9986631016042781,-0.392299898923167,-0.414029038069215,-0.37180118250100136,-0.48502281308174133,748,-0.22764318755672963,-0.1646567113664374,0
PRR14,methy->rna,-0.08728384272304965,-0.09046138943801449,-0.08434329012997673,0.9919786096256684,-0.15309816604389578,-0.16479741688834595,-0.14480431161412932,-0.2662333846092224,748,-0.017460186644209952,-0.13563797939968583,0
C1orf116,methy->rna,-0.21617067982795451,-0.2214892534189775,-0.2107707030748616,1.0,-0.452910681745759,-0.4720367471777006,-0.4357626635762585,-0.6643140316009521,748,-0.3145161578789556,-0.1383945238668034,0
GMFG,methy->rna,-0.10430114819641674,-0.10818464947098479,-0.10079217069827659,0.9973262032085561,-0.17411764707048769,-0.1850491824592968,-0.16581915362848476,-0.3193178176879883,748,-0.4515690719696007,0.277451424899113,0
SLC2A4RG,methy->rna,-0.06588069590521602,-0.06822869832582756,-0.06341163533558689,0.9786096256684492,-0.11333285287860956,-0.12226825743292859,-0.10676820071490438,-0.20047146081924438,748,0.19732296599634008,-0.31065581887494964,0
RSL1D1,methy->rna,-0.16858126407675114,-0.1735343788979503,-0.16349264209148864,0.9973262032085561,-0.39357508431866783,-0.4153357056827501,-0.37239216299863254,-0.5181272625923157,748,-0.2911288887298478,-0.10244619558882001,0
STC1,methy->rna,-0.19065335669497496,-0.19520020847767117,-0.18562547876764382,1.0,-0.36849870790709793,-0.38859475994244214,-0.3506744903821852,-0.5849207639694214,748,-0.21634501546153606,-0.15215369244556187,0
S100A4,methy->rna,-0.0862685042409784,-0.0902913824250339,-0.08291551146668517,0.9986631016042781,-0.1776318892696827,-0.1916971309209959,-0.16729100611074532,-0.2643546164035797,748,-0.5289886332561706,0.3513567439864879,0
ZNF880,methy->rna,-0.3621431848856433,-0.3702300235428032,-0.35422046891856673,1.0,-0.72069683123437,-0.7410906260253844,-0.7004135088419591,-1.1166701316833496,748,-0.5466385833964975,-0.1740582478378725,0
CREG1,methy->rna,-0.0871642087228055,-0.09010274899772674,-0.08424380451168034,0.9946524064171123,-0.198055252581473,-0.213132708578123,-0.18549665016472364,-0.26609718799591064,748,0.031701454368483116,-0.22975670694995612,0
CD40,methy->rna,-0.135096708369946,-0.13898206013535067,-0.1307426795871462,0.9973262032085561,-0.2080137473969704,-0.2210715812624663,-0.19726512975331736,-0.4155178666114807,748,-0.44138629357159753,0.23337254617462713,0
PRKAR1A,methy->rna,-0.118991252078688,-0.12231324326667295,-0.1154298444040302,1.0,-0.1808576716521273,-0.1932745336413165,-0.17036861490442262,-0.3650575280189514,748,-0.33718997420753316,0.15633230255540587,0
S100A6,methy->rna,-0.2573629037775481,-0.26517279726551074,-0.24981647642947105,1.0,-0.4945359005394248,-0.5194824475947893,-0.47170895432410564,-0.7926981449127197,748,-0.5584669342857675,0.06393103374634274,0
ECH1,methy->rna,-0.17565087887542338,-0.18074655278222387,-0.17123604407665463,1.0,-0.3441883160544143,-0.36740885428170483,-0.32633125855285006,-0.5371243357658386,748,0.005741793702873868,-0.34993010975728817,0
GRAMD1A,methy->rna,-0.09377496392346184,-0.09715767310796512,-0.09056341096517556,1.0,-0.2143020025861965,-0.22992884610049324,-0.20231234466887063,-0.2854921817779541,748,-0.10386982633302429,-0.11043217625317221,0
RHOD,methy->rna,-0.20214675925078565,-0.20674384046446903,-0.19773820702315464,1.0,-0.43184849717900975,-0.45505434441412035,-0.4118065253389608,-0.6211967468261719,748,-0.3296726455883149,-0.10217585159069487,0
FCER1A,methy->rna,-0.12838341944905765,-0.13266977781808909,-0.12448810623453203,0.9959893048128342,-0.1974521631587873,-0.20977435544848064,-0.18798573960595552,-0.3940553665161133,748,0.24312734626222765,-0.440579509421015,0
SCGB3A1,methy->rna,-0.16336213073534675,-0.16689641769835975,-0.1603126375974891,1.0,-0.34045815824592884,-0.3599558481741959,-0.3244979174103964,-0.5018743276596069,748,-0.31162945616973986,-0.028828702076188983,1
ACTR3B,cnv->rna,0.2581905581452178,0.25131395261527834,0.2650130520245082,0.0,0.5044192312080744,0.4810982669381027,0.5295362249213972,0.7896604537963867,748,0.2616385035315052,0.24278072767656922,0
AGR2,cnv->rna,0.07305283063355296,0.07022511706876658,0.07600802168823549,0.0106951871657754,0.19556710907099134,0.18010126858971953,0.2143811219879312,0.22295355796813965,748,0.07114455812215847,0.12442255094883287,0
AKT1,cnv->rna,0.26190257963123476,0.25391683581373686,0.26928901455105214,0.0,0.5068992632733831,0.4864726348996893,0.5317703067823225,0.8034565448760986,748,0.31965403455437735,0.18724522871900573,0
AKT2,cnv->rna,0.3917655096883237,0.3831236000924627,0.4010257601764144,0.0,0.6847687825569644,0.6631627987598714,0.7077620312819537,1.2023539543151855,748,0.2560129963936396,0.42875578616332477,0
ALDH1A3,cnv->rna,0.10508302657689846,0.10098013141542052,0.10951102733048038,0.01871657754010695,0.19897717535492754,0.1870781855937836,0.21351617787569802,0.32160085439682007,748,0.060549928833625984,0.13842724652130156,0
ANLN,cnv->rna,0.18812851217889132,0.18425057556736035,0.19203559087694694,0.001336898395721925,0.263038966571583,0.2493083683466092,0.2803358784581771,0.5766799449920654,748,0.177472846494259,0.08556612007732398,0
AP2B1,cnv->rna,0.3680128482885496,0.3599127443131817,0.3759718391880671,0.0,0.5271310305299677,0.504462147385969,0.5505639619148559,1.1290651559829712,748,0.39677082428866095,0.13036020624130673,0
APC,cnv->rna,0.15947235146074254,0.15463236237156874,0.1639607744126119,0.0,0.23488527103538615,0.2210713871434274,0.2514937117585398,0.48808419704437256,748,0.20168123041355596,0.03320404062183019,1
AR,cnv->rna,0.08040615109089304,0.0772752904078679,0.0832951001577387,0.0066844919786096255,0.1820448744324075,0.16768871616004127,0.1995863145957536,0.24598737061023712,748,0.11909993515702733,0.06294493927538017,0
ARID1A,cnv->rna,0.21455127565379448,0.20867195725083434,0.22058959910649717,0.0,0.3422102318899977,0.3238842562938064,0.3651040869782046,0.6563148498535156,748,0.14298577353093989,0.19922445835905783,0
ARID1B,cnv->rna,0.23466870496933534,0.22950768014156606,0.24004492086232304,0.0,0.3784559297631606,0.358913692883439,0.40045923105979536,0.7193058133125305,748,0.2274395726630331,0.1510163571001275,0
ASPM,cnv->rna,0.15485894168484723,0.1509695436712925,0.1591556604439486,0.0,0.20402713153463192,0.19201115477095346,0.21781186860337948,0.4754999876022339,748,0.21192646958942035,-0.00789933805478843,0
ATM,cnv->rna,0.17621830463975519,0.17234169922515383,0.17967437403276248,0.0,0.2783031503372398,0.2633492272464531,0.2948620738403166,0.5396034717559814,748,0.19139511344285662,0.08690803689438317,0
AURKA,cnv->rna,0.21793390756457173,0.21288110109284014,0.2226860047067769,0.0,0.2805002288984765,0.26650812783751976,0.2973356295734184,0.6673045754432678,748,0.4048472723110805,-0.124347043412604,0
AURKB,cnv->rna,0.11795904450616577,0.11338812321497739,0.12255051075687252,0.012032085561497326,0.16644880202077103,0.1567678593393932,0.17996149990478938,0.36173540353775024,748,0.20467186474243726,-0.03822306272166623,0
AZGP1,cnv->rna,0.08948587360559447,0.0861723754029022,0.09254556249091093,0.008021390374331552,0.16211805632276396,0.1533020488344627,0.174940089680301,0.27297109365463257,748,0.0073934856083124985,0.15472457071445148,0
BAG1,cnv->rna,0.21707238901199843,0.2115432112712003,0.2219340990685962,0.0,0.43817557780179023,0.42174677978185626,0.4576372827199326,0.6643872261047363,748,0.15387263460776837,0.28430294319402183,0
BBC3,cnv->rna,0.1348332896016442,0.13133186858610557,0.13833533445829915,0.00267379679144385,0.22897063110619126,0.21637076050182114,0.2447220325916639,0.4107948839664459,748,0.10175985119379573,0.12721077991239554,0
BCL2,cnv->rna,0.19783198727015072,0.1931399125740332,0.20257095901736613,0.0,0.3096603809751985,0.294386709844771,0.3288450642396859,0.607787013053894,748,0.18246408807868086,0.12719629289651763,0
BIRC5,cnv->rna,0.1628007333998779,0.158658822606613,0.1668665674475454,0.0,0.21452067134544234,0.20296122498655392,0.22811087030637506,0.49893635511398315,748,0.4222974473929898,-0.20777677604754746,0
BLVRA,cnv->rna,0.1771899128180419,0.17272998881340462,0.18186292618638547,0.0,0.36088670222945185,0.34002144535099366,0.38442812457838965,0.5423949360847473,748,0.17475905015364235,0.1861276520758095,0
BRCA1,cnv->rna,0.28236768730179823,0.2748371327502998,0.2898379276632336,0.0,0.4192747399701022,0.39748036949917187,0.44270294383754744,0.869091272354126,748,0.3450578783867369,0.07421686158336527,0
BRCA2,cnv->rna,0.2720609184264483,0.265450004824586,0.2784071069516332,0.0,0.40207354736602474,0.38386019220315565,0.42305252570523094,0.8371069431304932,748,0.1979790255161011,0.20409452184992363,0
BRD4,cnv->rna,0.34683608676189864,0.33784474057483976,0.35582582848907307,0.0,0.6178243470591961,0.5944098507449491,0.6424220402022893,1.0650627613067627,748,0.21845879270949872,0.39936555434969734,0
BUB1,cnv->rna,0.1900080213587193,0.18580641806133216,0.19435090519864912,0.0,0.23432025215239916,0.22314419229418725,0.24842701472247622,0.58225417137146,748,0.18345241294626763,0.05086783920613153,0
BUB1B,cnv->rna,0.15817392167254268,0.1538069561200047,0.16255252101436612,0.0,0.20501958545396579,0.19389373431234613,0.21850671559083715,0.4854274094104767,748,0.10184504061055193,0.10317454484341386,0
CA12,cnv->rna,0.13965486616586,0.13567936369242212,0.14382203416301415,0.0,0.2890683793881688,0.2691776377167376,0.3113129104890172,0.4275937080383301,748,0.14167696690459355,0.14739141248357526,0
CBFB,cnv->rna,0.23706313397522863,0.2306561641573108,0.24391972663476685,0.0,0.4438484727766484,0.4197540340368824,0.46975909059697546,0.7271276712417603,748,0.37386726187807645,0.06998121089857195,0
CCNB1,cnv->rna,0.1974381677590148,0.19314987550947177,0.2014863653033202,0.0,0.25299772902240025,0.24073694243803886,0.267733730532809,0.6055415868759155,748,0.0879640457222228,0.16503368330017745,0
CCNB2,cnv->rna,0.14914971948265135,0.1453142787534887,0.15261564040561426,0.0,0.18315744593480662,0.17439046137647815,0.19478450197674463,0.4565415382385254,748,0.11922966643349932,0.0639277795013073,0
CCND1,cnv->rna,0.23990816481663796,0.23514711707383654,0.24472589218321134,0.0,0.396454945836928,0.3779751289597539,0.416441362704444,0.7377892136573792,748,0.3677213157682,0.028733630068727978,0
CCNE2,cnv->rna,0.2299231113994215,0.22380352117047966,0.23622169878341903,0.0,0.32115974083989873,0.30510985946703906,0.33808416990954776,0.7058213949203491,748,0.41978667843378964,-0.0986269375938909,0
CD44,cnv->rna,0.2501088098836598,0.24450439931403137,0.255934185557398,0.0,0.5327506089896701,0.511180920007892,0.5554778032468973,0.7697763442993164,748,0.09478251550096865,0.4379680934887014,0
CDC20,cnv->rna,0.16512338487396544,0.1613322759418964,0.1691320857885663,0.001336898395721925,0.21486881249937334,0.20333272556699292,0.22876994315441807,0.5061870217323303,748,0.3394694485787124,-0.12460063607933908,0
CDC6,cnv->rna,0.290754612360802,0.2836178315743437,0.2977481023101964,0.0,0.4009815505339625,0.3827212980525635,0.4217391813037113,0.8948303461074829,748,0.3408792304937587,0.06010232004020383,0
CDCA7,cnv->rna,0.16280179127250632,0.15681113426125656,0.16834344312338426,0.009358288770053475,0.2781599861688375,0.26163129202227314,0.298471304024026,0.49806809425354004,748,0.17023331724036567,0.10792666892847186,0
CDH1,cnv->rna,0.195928708126116,0.19071764200478633,0.20104790881986556,0.004010695187165776,0.4778485861983347,0.45489948760011323,0.5034220090086059,0.6014724373817444,748,0.38383341527972137,0.09401517091861333,1
CDH3,cnv->rna,0.13807552486837388,0.13342962879430542,0.14328265350761263,0.004010695187165776,0.21206467760288947,0.20264831064352123,0.22518626198882422,0.42211055755615234,748,0.17268502006562922,0.03937965753726025,0
CDK4,cnv->rna,0.3156634096051243,0.306465683287645,0.3253308867077458,0.0,0.5749808118498099,0.5520690261578639,0.6006699048591545,0.9692080020904541,748,0.1956199665399195,0.37936084530989034,0
CDK6,cnv->rna,0.11735100835450112,0.11123904120040902,0.12282351496143368,0.02807486631016043,0.2133639901238105,0.19951110109289583,0.22890595226831686,0.35836362838745117,748,0.027646592754224906,0.1857173973695856,0
CDKN1B,cnv->rna,0.2990337432874284,0.2913646662697705,0.3069856243116309,0.0,0.5155364351152344,0.4936251601877928,0.5380280281713322,0.91654372215271,748,0.13524910578281443,0.38028732933241993,0
CDKN2A,cnv->rna,0.1536273833364248,0.1487521590914456,0.15926886574049257,0.00267379679144385,0.34851072826479956,0.32789761907197806,0.3707928312769117,0.4691365957260132,748,0.159883066530865,0.18862766173393455,1
CDKN3,cnv->rna,0.1670680430032555,0.163031750823904,0.17095417289126938,0.0,0.22110666714953942,0.20956529063064822,0.23527205447550756,0.5126676559448242,748,0.2168598900178803,0.004246777131659107,0
CENPA,cnv->rna,0.15255639532530338,0.14873912551508464,0.15645867940765673,0.00267379679144385,0.20375002479186294,0.19416755397088054,0.21616018821543082,0.4669303297996521,748,0.2893660023346584,-0.08561597754279549,0
CENPF,cnv->rna,0.1553875912228224,0.15158320074470186,0.15938274629785737,0.0,0.20844016110285662,0.19826705316643795,0.22226707143300115,0.476582407951355,748,0.24513396800354198,-0.036693806900685355,0
CEP55,cnv->rna,0.1812524919144547,0.17763894341206227,0.18516833218771514,0.0,0.2413400626222873,0.22948437639185387,0.2561156513107171,0.5565948486328125,748,0.13903990576077152,0.10230015686151578,0
CHEK1,cnv->rna,0.3031586391770791,0.2961469448751205,0.3101242437661848,0.0,0.39841975267252544,0.3801884562109735,0.4192968915524602,0.9332998991012573,748,0.2507105659921291,0.14770918668039634,0
CHEK2,cnv->rna,0.20453094012085715,0.19911864768092313,0.2099571026697804,0.001336898395721925,0.34234202818398596,0.32439106983602434,0.3619722098103333,0.6275323629379272,748,0.3272379585450869,0.015104069638899043,0
DLGAP5,cnv->rna,0.17946032728599767,0.17476237528236316,0.1836625272943088,0.001336898395721925,0.222688074658199,0.21096284357380543,0.2372814461669601,0.5505944490432739,748,0.12579975603104535,0.09688831862715366,0
DNMT1,cnv->rna,0.2740043747404826,0.26599844631416897,0.28169523233702615,0.0,0.44649452316956195,0.42530443494048115,0.4699631974755976,0.841692328453064,748,0.21123594972159984,0.2352585734479621,0
DNMT3A,cnv->rna,0.2889368763642963,0.281434409977852,0.2964436759051455,0.0,0.5406275246314719,0.5176206868560715,0.5659535198354355,0.8834477663040161,748,0.20005303666057303,0.34057448797089884,0
DNMT3B,cnv->rna,0.18941493070748291,0.18442289255599084,0.19445236769133709,0.0,0.3494359074606032,0.33242691944866554,0.3698508887680404,0.5818620920181274,748,0.28806676203944687,0.061369145421156346,0
E2F1,cnv->rna,0.23028692541695442,0.22505046658443786,0.2362501698839163,0.0,0.32698912171420336,0.31234239761454785,0.34474606269196606,0.7053141593933105,748,0.30696226092750034,0.020026860786703016,0
EGFR,cnv->rna,0.09254936664892317,0.08725930852757302,0.0979305726832502,0.016042780748663103,0.13909014720140847,0.13106221625351838,0.15051866402873335,0.282932847738266,748,-0.03541673244339964,0.1745068796448081,0
EGLN1,cnv->rna,0.1582419571746058,0.15380179403513589,0.16270498467991423,0.0,0.3467633912350698,0.32679319379508204,0.36770069468415767,0.48479315638542175,748,0.09081481242474598,0.2559485788103238,0
ERBB2,cnv->rna,0.2962819059935951,0.2870736527907462,0.30470103009097793,0.001336898395721925,0.5368442871400004,0.5122205437910655,0.56068243901823,0.9114972352981567,748,0.4863344069945849,0.05050988014541552,0
ERBB3,cnv->rna,0.1720930133738726,0.16827940276796127,0.17615742528440684,0.0,0.30047938659952256,0.28469876751733203,0.3180843125129651,0.5282172560691833,748,0.22305389866412326,0.0774254879353993,0
ESM1,cnv->rna,0.12067745753025233,0.11656311645177518,0.12480493890827438,0.0053475935828877,0.3237404555587704,0.3064314612855795,0.34364450009593744,0.369001179933548,748,0.0698332146963896,0.2539072408623808,0
ESR1,cnv->rna,0.11470580179511557,0.11055690112128005,0.11900132741422476,0.008021390374331552,0.2155814953343848,0.19885573185500144,0.2357054132570657,0.3518056273460388,748,0.04975385935298638,0.16582763598139844,0
EXO1,cnv->rna,0.16976506611591274,0.16572469760996972,0.1738698024525871,0.0,0.2218153534662019,0.2106627913786325,0.23528045043458398,0.5215665698051453,748,0.2988991886097822,-0.0770838351435803,0
EXT1,cnv->rna,0.17390514781101776,0.1682922836829032,0.17974662495654684,0.00267379679144385,0.34651642120985476,0.32553721755290965,0.3681412406102607,0.5316466093063354,748,0.26610308146637807,0.0804133397434767,0
EZH2,cnv->rna,0.15607620121291946,0.15148854273308623,0.16040479388654397,0.00267379679144385,0.23761285040261282,0.22530780332109365,0.2522609188945393,0.4795144200325012,748,0.2807749663519683,-0.043162115949355484,0
F12,cnv->rna,0.13068898896734046,0.12573442315575692,0.1355097815326835,0.001336898395721925,0.29452478148388606,0.2783645180867354,0.3138543760481881,0.399544358253479,748,0.15737376918835796,0.1371510122955281,0
FGF19,cnv->rna,0.12890890477782982,0.125051973864934,0.13283134500439128,0.0,0.6223915534322879,0.6013706760444882,0.6431866274640311,0.3941601514816284,748,0.15460028945793597,0.46779126397435195,0
FGF3,cnv->rna,0.10745010352562763,0.10402649012555332,0.11112034759697503,0.0,0.5517264037515219,0.5293875232416668,0.5756778197232137,0.3282104432582855,748,0.09328606753338538,0.45844033621813657,0
FGF4,cnv->rna,0.08697628968367485,0.0837077319470456,0.09008448943952385,0.001336898395721925,0.5099680860949248,0.48660278722154765,0.533187380306583,0.2660139203071594,748,0.1181462496991444,0.39182183639578044,0
FGFR1,cnv->rna,0.31744405537812165,0.310171181804922,0.32446420880296656,0.0,0.6148886526994412,0.5952425171946326,0.6362868795482424,0.9706045985221863,748,0.31680838891578245,0.2980802637836587,0
FGFR2,cnv->rna,0.35671164804398053,0.3476331446705909,0.3663793556777971,0.0,0.6142172672206997,0.5939143617185648,0.6359154674240796,1.0971813201904297,748,0.11476328181038879,0.4994539854103109,0
FGFR4,cnv->rna,0.20733285399702495,0.19954466952243613,0.21459793351972464,0.0,0.6165243240461243,0.5928771987037305,0.6424337268052684,0.6343202590942383,748,0.06304496522711053,0.5534793588190138,0
FLT1,cnv->rna,0.09665821297488503,0.09302808492748256,0.10044514523268656,0.012032085561497326,0.1529105221049592,0.14390320792175518,0.16554148345332717,0.2957918345928192,748,0.014019920753194533,0.13889060135176468,0
FOXA1,cnv->rna,0.1114103966099982,0.10867026676647133,0.11437317700605776,0.0,0.251605194010516,0.23337748721916426,0.27351430092679196,0.34078559279441833,748,0.19596564183811152,0.05563955217240449,0
FOXC1,cnv->rna,0.0628205703486358,0.05921869721772367,0.06693666645964137,0.05748663101604278,0.08990976210305099,0.08485966724880897,0.09732234914856187,0.19187289476394653,748,0.03107699998543391,0.05883276211761708,0
FOXM1,cnv->rna,0.20724446135847005,0.20288497267945552,0.2114963216410023,0.0,0.2783397998906894,0.2665812819666697,0.29363963114782915,0.6354362964630127,748,0.3401099706017014,-0.061770170711011985,0
GABRP,cnv->rna,0.10210375458515894,0.09756475817632829,0.1066273814512144,0.008021390374331552,0.14998227311234327,0.1430630686567895,0.15953118256431387,0.3129768371582031,748,-0.14686252852805518,0.29684480164039845,0
GATA3,cnv->rna,0.13494117392883628,0.13124576979808894,0.13826876792092824,0.001336898395721925,0.23597208719551488,0.21890737791455875,0.2556193381585812,0.4127054512500763,748,-0.19025125159730993,0.4262233387928248,0
GMPS,cnv->rna,0.23548047350177545,0.22934041479728107,0.24162483787878558,0.0,0.36257036140015914,0.3431008774133569,0.3843623554166295,0.721752405166626,748,0.28802010760588653,0.0745502537942726,0
GPR160,cnv->rna,0.12187193868702127,0.11814208976068995,0.1257304333322836,0.001336898395721925,0.254106984892961,0.23546346342312585,0.2771883282407613,0.3732583224773407,748,-0.02165434069937073,0.27576132559233174,0
GPR18,cnv->rna,0.13903973728273922,0.135484697936264,0.14265584983031324,0.0,0.2425856589786032,0.2289396617908342,0.25751832504514605,0.4270567297935486,748,-0.01728581056022852,0.2598714695388317,0
GRB7,cnv->rna,0.28569857622085904,0.2772292764095203,0.294266187080321,0.0053475935828877,0.5064167354894923,0.4824165259370018,0.5334518607806841,0.8758184909820557,748,0.49022471368714815,0.016192021802344136,0
GREB1,cnv->rna,0.13186891253522154,0.1277779633208504,0.1362029370847405,0.001336898395721925,0.254036409339307,0.23537277516534233,0.27434279594819333,0.4037564694881439,748,-0.1607218455337745,0.4147582548730815,0
GSTM1,cnv->rna,0.2161229055603956,0.2075943995713204,0.22402834554454565,0.009358288770053475,0.5132068349608696,0.48734666794292836,0.5397004538444585,0.659051775932312,748,0.07624146944027,0.4369653655205996,0
GSTP1,cnv->rna,0.09136519329626538,0.08595859769044473,0.09650942702113638,0.053475935828877004,0.14708795011698225,0.13638224673208393,0.1602366815693197,0.2788296639919281,748,-0.06305760147030358,0.21014555158728582,1
HOXB13,cnv->rna,0.1264477765633776,0.12245402503674523,0.13050217527263666,0.0,0.40887455586130206,0.38740557078022514,0.4315649395174257,0.3850257992744446,748,0.029707171083893945,0.37916738477740813,0
HTATIP2,cnv->rna,0.19889923037542778,0.1930934293176047,0.20490866351017414,0.001336898395721925,0.4324706218686239,0.41218245251341196,0.4542649428799753,0.6074360609054565,748,0.2034533899598077,0.2290172319088162,0
IGF1R,cnv->rna,0.24944772616459585,0.24432464239753013,0.2552836070445124,0.0,0.38199250805763707,0.36407983382963344,0.40379780021201706,0.7657480835914612,748,0.19500952113073178,0.1869829869269053,0
IGFBP3,cnv->rna,0.06840465221605505,0.0645514700310784,0.07224276164250902,0.08957219251336898,0.14004919318973733,0.12965071567766098,0.15354530000099573,0.20841355621814728,748,-0.030570883597735715,0.17062007678747304,0
IGFBP5,cnv->rna,0.16466372978766475,0.15918880722922923,0.17072972890533925,0.008021390374331552,0.34819500331525266,0.3313622041900992,0.3690621212718005,0.5033048987388611,748,0.04829496116203162,0.299900042153221,0
IL17RB,cnv->rna,0.22159748822097863,0.21686915323916725,0.22680431817650148,0.0,0.4948834200127236,0.4739291111283198,0.5177276368569828,0.6800514459609985,748,0.15681550759447987,0.33806791241824374,0
IL25,cnv->rna,0.10940530908944787,0.10639494084056472,0.11292520819935754,0.0,0.36331329935926215,0.3455151030062954,0.38323375520418657,0.3360118865966797,748,-0.0062907683870515865,0.3696040677463137,0
IL6ST,cnv->rna,0.16345162128908444,0.15869845788510858,0.1681998640164644,0.0,0.25845451596803265,0.24363498867270475,0.27552754389203055,0.5007607340812683,748,0.2664315245899235,-0.007977008621890824,0
JUP,cnv->rna,0.2583719055591244,0.2506111511235655,0.2662015005142987,0.001336898395721925,0.46772441348775823,0.44428472414878056,0.49478414422359973,0.7931259274482727,748,0.4249252007474118,0.042799212740346426,0
KIF23,cnv->rna,0.20333405359981852,0.19869857902888463,0.2077941306021128,0.0,0.24954497399984263,0.2379410800701892,0.26525904015618085,0.6235469579696655,748,0.18654652318089543,0.0629984508189472,0
KIF2C,cnv->rna,0.17002555745497755,0.16584324123973998,0.1741481320468641,0.0,0.21474341063474306,0.20426118346320032,0.2285673902576619,0.521831214427948,748,0.3210382447912165,-0.10629483415647345,0
KRT5,cnv->rna,0.034430477859156865,0.030891431516971036,0.03794639301670482,0.16310160427807488,0.04436508375433457,0.03991646771010295,0.05003915196972161,0.10509984195232391,748,-0.12577842182303406,0.17014350557736863,0
LIN9,cnv->rna,0.23781607420820375,0.23292369214804806,0.24300464944355354,0.0,0.3955134401235646,0.37693812487943057,0.41775435365947505,0.7287492752075195,748,0.293608199839774,0.10190524028379061,0
LMO1,cnv->rna,0.1225541511942332,0.11737611035911413,0.1281286844515981,0.009358288770053475,0.4186742852828445,0.397252958308836,0.44058684340899607,0.37442758679389954,748,-0.06941989905145889,0.4880941843343034,0
LOX,cnv->rna,0.07638427310838213,0.0735112571349061,0.07929809793910847,0.022727272727272728,0.10058428498850028,0.09439679501018351,0.10940249146684262,0.23288388550281525,748,0.04214484554299395,0.05843943944550633,0
MAP2K4,cnv->rna,0.21135949112778718,0.20624070568691272,0.2163372478338121,0.0,0.3518275128519826,0.33526823424312097,0.3720781488599371,0.6495322585105896,748,0.32046414336585677,0.031363369486125836,0
MAP3K1,cnv->rna,0.13594714675232297,0.1325434016638125,0.13940371516502753,0.0,0.21653951999237603,0.20637578224447928,0.22984472957302063,0.41677963733673096,748,0.2195381708989797,-0.0029986509066036726,0
MCM2,cnv->rna,0.2631277658213378,0.2560943817177656,0.2708006391377338,0.0,0.3952766242046355,0.3763839291470728,0.41753760641546456,0.8078736066818237,748,0.24245650715294914,0.15282011705168635,0
MCM6,cnv->rna,0.19650755293738703,0.19107436737220374,0.20213591682832352,0.0,0.2878603059009566,0.272399784840814,0.3063306614588237,0.603312075138092,748,0.18656965426872543,0.1012906516322312,0
MDM2,cnv->rna,0.2841821647950559,0.2779918948677908,0.29025490478012456,0.0,0.48125354581712754,0.4603254377749608,0.5066366168624866,0.8738716840744019,748,0.2278231894557019,0.25343035636142563,0
MDM4,cnv->rna,0.27034130875409684,0.2651219345609761,0.275350339327843,0.0,0.4721920621467309,0.4522119034043478,0.4938511199806415,0.8313512802124023,748,0.2881652500951005,0.18402681205163035,0
MELK,cnv->rna,0.2150502917825771,0.21079143928736824,0.21915400592896403,0.0,0.2870626896500754,0.27341739692646916,0.3033345155171279,0.6609842777252197,748,0.26865499088501293,0.018407698765062486,0
MGP,cnv->rna,0.12478256966327708,0.11870720695471287,0.13101342194435686,0.03208556149732621,0.2746566677882091,0.2565375093941177,0.2953061319382828,0.38202643394470215,748,0.008663903053000875,0.2659927647352082,0
MIA,cnv->rna,0.20916282552217236,0.20279130981469348,0.21544831054975255,0.0,0.4962260725597275,0.47797098878928007,0.5166727383556317,0.6408770084381104,748,0.0227990754679349,0.4734269970917926,0
MKI67,cnv->rna,0.1767604565005932,0.17273722069647468,0.18090627047321164,0.0,0.22579242209226918,0.21456515068555454,0.24007849498803696,0.5415922403335571,748,0.15534109566937074,0.07045132642289845,0
MLPH,cnv->rna,0.08413450252376796,0.0812199806847046,0.08690698932566839,0.0053475935828877,0.20653617535983942,0.19126939650465583,0.22348083511417394,0.2572684586048126,748,0.07919754558172931,0.1273386297781101,0
MMP2,cnv->rna,0.055373458011090795,0.053470349556397276,0.0573759887286764,0.016042780748663103,0.07415797349412939,0.07055269099122392,0.08070128295594396,0.16914501786231995,748,-0.04005318408567252,0.11421115757980191,0
MMP9,cnv->rna,0.07931404493109169,0.07604936573185328,0.08245005682403587,0.016042780748663103,0.16785200921848892,0.15736865531576072,0.18062832898309492,0.242864191532135,748,0.07714438702693176,0.09070762219155716,0
MTDH,cnv->rna,0.27958525383156857,0.27341062613334505,0.2857476228919951,0.0,0.42824686444700333,0.40755945696736773,0.4521964099594373,0.8573137521743774,748,0.4911297441961705,-0.06288287974916718,0
MTOR,cnv->rna,0.2541178772574184,0.24805705459458183,0.2601162627585018,0.0,0.3998188597328878,0.37943576567819165,0.4231064640285473,0.7798249125480652,748,0.20913590205442403,0.19068295767846374,0
MYBL2,cnv->rna,0.16010114907946124,0.15611219640901322,0.16432213714836436,0.001336898395721925,0.21080482700018185,0.2000765085404478,0.22404950947600047,0.4907672107219696,748,0.3028450898255778,-0.09204026282539593,0
MYC,cnv->rna,0.1869153844836955,0.18077660617971664,0.193288109363755,0.0,0.4283862097200946,0.40649574270457817,0.4538373936519012,0.5733528137207031,748,0.1801185891815019,0.24826762053859272,0
NCOA3,cnv->rna,0.2462459363323867,0.2401720644502922,0.25260216122779106,0.0,0.38366389643306564,0.3628903162797932,0.4053313800216979,0.7562853097915649,748,0.3159314809175454,0.06773241551552023,0
NCOR1,cnv->rna,0.3345287233927252,0.3266479346646611,0.3428716542711284,0.0,0.4855390568481953,0.46211421996812496,0.5091261792736096,1.0283623933792114,748,0.32642670644105365,0.15911235040714167,0
NDC80,cnv->rna,0.18849027283562744,0.18349442821619522,0.19361482102401392,0.00267379679144385,0.2475372860050089,0.23489320086165266,0.2634695246542263,0.5791605114936829,748,0.33358488894350996,-0.08604760293850106,0
NDRG1,cnv->rna,0.16734912745159042,0.1606538931694178,0.1740390848731452,0.0053475935828877,0.3748282160447273,0.3564831364415074,0.39507793936049146,0.512188732624054,748,0.3188942079153146,0.05593400812941274,0
NEK2,cnv->rna,0.19754205522017051,0.1931009286141966,0.20171920446128358,0.0,0.2696184495309635,0.25653177162940793,0.28551894264303596,0.6073845028877258,748,0.3219309655353488,-0.0523125160043853,0
NF1,cnv->rna,0.19886687140950832,0.1923511504515451,0.2052858375654954,0.001336898395721925,0.2879327761003463,0.270190203084742,0.30880981975915966,0.611102819442749,748,0.28959114218427845,-0.0016583660839321612,0
NMU,cnv->rna,0.16886912490330042,0.16217067077282588,0.17523515676999046,0.001336898395721925,0.3917807363916038,0.3723518749684297,0.41507709026414796,0.5153285264968872,748,0.1661757783641694,0.2256049580274344,0
NOTCH3,cnv->rna,0.2245824248400897,0.21705154112803415,0.23218106478749426,0.008021390374331552,0.4490470254292759,0.42614854144336495,0.47234632045326097,0.68802809715271,748,0.09804496787472881,0.35100205755454705,0
NUF2,cnv->rna,0.17922929552609498,0.1749184014010249,0.18372182597162276,0.0,0.2370355903342738,0.22508687365836635,0.25097053323441004,0.5494303703308105,748,0.3175682666747334,-0.08053267634045963,0
NUSAP1,cnv->rna,0.21519013430152104,0.20902245908397882,0.22132224935182676,0.0,0.5625818949094521,0.5399433251937035,0.587411040604943,0.6619009375572205,748,0.15585588843365733,0.40672600647579477,0
OXCT1,cnv->rna,0.26589459056248843,0.25746407489222806,0.27420113904723614,0.0,0.5182891037314694,0.49519449647503716,0.543592743536757,0.813102126121521,748,0.0814698969586472,0.4368192067728222,0
PAK1,cnv->rna,0.4362999898938914,0.42525163845859676,0.448202305122117,0.0,0.7356965046859356,0.715707972090261,0.75510843331354,1.3407342433929443,748,0.31188571012588184,0.42381079456005377,0
PCOLCE,cnv->rna,0.027973183413134116,0.025679701925012566,0.030426117034447208,0.17379679144385027,0.04053390284991464,0.03716703235894542,0.04527072420889223,0.0843057781457901,748,-0.03069253706308911,0.07122643991300376,0
PGR,cnv->rna,0.1355280858646321,0.13100558178583074,0.1396783641450003,0.00267379679144385,0.2293874531680405,0.21325952854239044,0.24695406587261076,0.41628915071487427,748,-0.00867031800718936,0.23805777117522986,0
PHGDH,cnv->rna,0.14206922486965645,0.13549137839344733,0.1484316141931321,0.00267379679144385,0.26193936155273845,0.24562963126316223,0.28103877829072543,0.4342272877693176,748,0.22940222879294386,0.032537132759794585,0
PIK3CA,cnv->rna,0.21762688060232174,0.21112898038566477,0.22385281525918224,0.0,0.322458698117915,0.30481557856655916,0.34133807726251036,0.6682175397872925,748,0.17687010914234166,0.14558858897557334,0
PIK3R1,cnv->rna,0.09553762040924406,0.09098042662808593,0.09984401365676306,0.03074866310160428,0.15637085571199716,0.14649893388410296,0.16782578162409229,0.29202499985694885,748,0.0950526174449831,0.06131823826701406,0
PITX2,cnv->rna,0.07440219934479418,0.07095329080761241,0.07765324161802177,0.0066844919786096255,0.21175534708270036,0.19903995783819423,0.22680397579083733,0.2259095460176468,748,0.008834947968284343,0.202920399114416,0
PLAT,cnv->rna,0.17168091190999635,0.16572244842727868,0.17789903729102874,0.008021390374331552,0.2824599142698003,0.265524948467483,0.3026910014094123,0.5266458988189697,748,-0.14198799567539294,0.42444790994519327,0
PLAU,cnv->rna,0.09502371069203247,0.09202249561725852,0.09795740593506048,0.012032085561497326,0.1527870148875669,0.14414094958119641,0.16519060051522463,0.29031074047088623,748,0.0716036116588685,0.08118340322869841,0
PLK1,cnv->rna,0.1958290833639937,0.19081567787573903,0.2006320558642054,0.001336898395721925,0.2534237726827832,0.23971500674781865,0.26980456304211914,0.60056471824646,748,0.1297243330242129,0.1236994396585703,0
PPM1D,cnv->rna,0.3358318342176912,0.3272384988184775,0.3439566859297551,0.0,0.5711515551949654,0.5485652274035399,0.5953904527506884,1.0315804481506348,748,0.4089384393642179,0.1622131158307475,0
PRC1,cnv->rna,0.22822087799865462,0.2208265782513078,0.23537146151489674,0.0,0.46736422357110186,0.44674870573902475,0.4914781505637308,0.7024427652359009,748,0.19275304187042283,0.274611181700679,0
PTEN,cnv->rna,0.175996558100181,0.1716166844062504,0.1805988163093965,0.0,0.3043033737679603,0.28949446547410684,0.3231678161503419,0.5397263169288635,748,0.1712276221489076,0.1330757516190527,0
PTTG1,cnv->rna,0.12900145707993124,0.12562052993238954,0.13283839212948936,0.0066844919786096255,0.16847974383571698,0.1610182148436982,0.18049488699211702,0.3959192931652069,748,0.1183453627197538,0.05013438111596319,0
RACGAP1,cnv->rna,0.22943738774232958,0.22369318137607028,0.23425674688374712,0.0,0.2964151938734139,0.2820091294300649,0.31341646697986353,0.7047224044799805,748,0.2267857760902047,0.06962941778320922,0
RAD51,cnv->rna,0.2090934431436845,0.20429008623066425,0.21413420699351488,0.0,0.2673324558400571,0.254270393313891,0.2829074065577004,0.6414317488670349,748,0.12726608022562508,0.14006637561443203,0
RASSF1,cnv->rna,0.23883726636073163,0.2314801263093323,0.24588104157889537,0.0,0.4603504226806567,0.43863078631538066,0.4835319597983451,0.732556164264679,748,0.20456764428410026,0.2557827783965564,1
RASSF7,cnv->rna,0.1726123029670766,0.1677845603939388,0.17744398222983349,0.001336898395721925,0.2861701930932122,0.2711586879486398,0.30473601310616805,0.5268017649650574,748,0.23600154509143603,0.050168648001776145,0
RB1,cnv->rna,0.20324695246072513,0.19708018377058062,0.20897690672147995,0.0,0.3131192935964311,0.2953376193849832,0.33389864214880477,0.6248481273651123,748,0.29092213076904566,0.02219716282738543,0
RBBP8,cnv->rna,0.2637439416601935,0.2574587976759625,0.2699025788479513,0.0,0.502152109962297,0.4780173194665659,0.5254514897333167,0.8100338578224182,748,0.1440149040900307,0.3581372058722663,0
RFC4,cnv->rna,0.18451096745877757,0.17827299787544126,0.19059692595367578,0.00267379679144385,0.2865294356870006,0.27083864145669734,0.3037519606091837,0.566512942314148,748,0.37209120089289127,-0.08556176520589065,0
RRM2,cnv->rna,0.1699743492867459,0.1666556052749486,0.17340607928586316,0.0,0.25364504657953085,0.2412987501403635,0.2693298514761816,0.5224754810333252,748,0.2757332795021268,-0.02208823292259593,0
RSF1,cnv->rna,0.3420103117546362,0.33311892598868453,0.35079506326320603,0.0,0.5324959419645753,0.5084795998333794,0.5562919895134752,1.051393747329712,748,0.30159647025757547,0.23089947170699981,0
RSPO2,cnv->rna,0.08972881102902108,0.08618701688595529,0.09345642363189105,0.012032085561497326,0.4199847584513024,0.3973797556835468,0.446538254750022,0.27394533157348633,748,0.18432125826424475,0.23566350018705765,0
RUNDC1,cnv->rna,0.3181707920993839,0.31096261382489354,0.3250946362331995,0.0,0.44311397191183727,0.42430716977863947,0.46427545454817754,0.9764458537101746,748,0.34342205795883773,0.09969191395299953,0
RUNX1,cnv->rna,0.11341009748051253,0.10941095177876495,0.117414624698369,0.004010695187165776,0.19429367030205222,0.18405660577391392,0.20704975490316394,0.3470246195793152,748,-0.07777824814087873,0.27207191844293094,0
SCG5,cnv->rna,0.1488767709363079,0.14393147106305967,0.15382651506731604,0.0066844919786096255,0.30680110892437734,0.291805037765941,0.3255507141052009,0.4547851085662842,748,0.06644074265507953,0.2403603662692978,0
SCUBE2,cnv->rna,0.12699219046887708,0.1225337856935392,0.13148136732186444,0.0053475935828877,0.2348967425255487,0.2185887292326728,0.25615170857441383,0.3893279433250427,748,0.09966278685879779,0.13523395566675092,0
SEC14L2,cnv->rna,0.12680167939257433,0.12209660525419921,0.13162201939383314,0.016042780748663103,0.24351283643359034,0.2296053409660428,0.2602449749057751,0.38857758045196533,748,0.014675169764508682,0.22883766666908165,0
SERPINB5,cnv->rna,0.09480250923688494,0.08911365304430266,0.10101136729328722,0.02540106951871658,0.12748678904633193,0.12114329258403596,0.1362621781294319,0.29063427448272705,748,-0.022686783033700413,0.15017357208003235,0
SERPINE1,cnv->rna,0.09116147588037865,0.08795346982025919,0.09453813962182263,0.012032085561497326,0.1768783827415672,0.16622004609913452,0.19124336789047142,0.27837085723876953,748,-0.013842083793592606,0.1907204665351598,0
SFRP1,cnv->rna,0.08978093237103149,0.08491553338430906,0.09485344417666192,0.008021390374331552,0.12487607083475166,0.11874598611439026,0.133656707408008,0.27531254291534424,748,-0.025169777966224785,0.15004584880097643,1
SFRP2,cnv->rna,0.045635993337115925,0.04355924422087902,0.04778399326502588,0.05213903743315508,0.06459683621525407,0.06078196372941165,0.07021134360622715,0.13822992146015167,748,0.025372313722792392,0.03922452249246168,1
SIAH2,cnv->rna,0.21273144703452204,0.20910265054978736,0.21647255603944526,0.0,0.37598696953513266,0.3598684707582348,0.39329020297333855,0.6514238119125366,748,-0.01019479084971057,0.38618176038484325,0
SLC2A3,cnv->rna,0.10336065828375213,0.0991608604377695,0.10770142743616105,0.00267379679144385,0.19668728875645985,0.1850049701918236,0.21141240120625412,0.3165413439273834,748,0.004157839132403257,0.1925294496240566,0
SLC39A6,cnv->rna,0.1986323660038289,0.19361171408417366,0.20368965584852086,0.0,0.313822044340171,0.29497955269108744,0.335364820972591,0.6102557182312012,748,0.05398867064455812,0.2598333736956129,0
SMAD3,cnv->rna,0.16097519187523973,0.15708486259899476,0.16480933212890864,0.001336898395721925,0.302469682338059,0.2867162903288772,0.3210423649594785,0.49264007806777954,748,0.12649626446942724,0.17597341786863174,0
SMAD4,cnv->rna,0.24638413079055987,0.24110033322572605,0.2519934591018175,0.0,0.4134143934745246,0.3917284724314291,0.4340147499232334,0.7574065327644348,748,0.25896974977131115,0.15444464370321342,0
SNAI2,cnv->rna,0.08522383483104348,0.08154331499032524,0.0886133978064396,0.016042780748663103,0.12764240162804083,0.1206869746054545,0.1369337064490532,0.26044148206710815,748,-0.07282120239306696,0.2004636040211078,0
STC2,cnv->rna,0.1399711702831601,0.13597845425832197,0.14421160971031793,0.00267379679144385,0.241994070647172,0.2289732621666542,0.2580048266007732,0.42807695269584656,748,0.15984353114589245,0.08215053950127954,0
TBX3,cnv->rna,0.2077683372741794,0.20324778602612414,0.21248405913752835,0.0,0.38112584085083384,0.3636180794667303,0.4034307163232414,0.6354928612709045,748,0.06830169796235802,0.3128241428884758,0
TFF3,cnv->rna,0.09126826254385334,0.08737218693586347,0.0951137875045302,0.0066844919786096255,0.2148101968969258,0.19789705940915642,0.23497358622352363,0.27773815393447876,748,-0.0886165148439961,0.3034267117409219,0
TGFB1,cnv->rna,0.10012870435901784,0.09604833993294924,0.10394116583919097,0.009358288770053475,0.1801190410534601,0.16878768025063345,0.19399028965608545,0.30519646406173706,748,0.010377957994801448,0.16974108305865865,0
TMEM45B,cnv->rna,0.11687022312809905,0.11177277439107262,0.12159414874067186,0.022727272727272728,0.33782877481472157,0.3132610245942084,0.36505583524021434,0.3565513789653778,748,0.1520887296882621,0.18574004512645947,0
TOP2A,cnv->rna,0.25550609407776304,0.250282192356585,0.26077039042461597,0.0,0.31767408115272705,0.3020631572802515,0.33546000180316365,0.7847949266433716,748,0.31589843396539585,0.0017756471873311974,0
TP53,cnv->rna,0.29889138404129706,0.2918245711639461,0.30624677100778286,0.0,0.6414127752799164,0.6182605702844777,0.6636041415114374,0.9178833961486816,748,0.2568146624771629,0.38459811280275347,0
TPX2,cnv->rna,0.1691343629716127,0.16503025363580928,0.1732608069669185,0.0,0.21595035917604982,0.20571707632161107,0.22938273199797138,0.5194735527038574,748,0.30995684955728237,-0.09400649038123254,0
TSPAN14,cnv->rna,0.40742133666733,0.39863560190491765,0.41607814553477834,0.0,0.730941817209838,0.7084729900264758,0.7501413905956474,1.2506542205810547,748,0.23187605126161775,0.4990657659482202,0
TWIST1,cnv->rna,0.03624770238600446,0.03390466210006636,0.038341057607938316,0.10294117647058823,0.06624252846168105,0.0616076912282222,0.07276462155856907,0.11046645045280457,748,0.010872762912518161,0.05536976554916289,1
TYMS,cnv->rna,0.27716696643463123,0.26986925186646316,0.28518748179280323,0.0,0.39749771147980373,0.3791727279805365,0.4182570691872817,0.8508791923522949,748,0.35316842216962435,0.044329289310179376,0
UBE2C,cnv->rna,0.1649805572017971,0.16110107872510826,0.16835980147731974,0.0,0.21366556443801918,0.20281671485296182,0.22655326390012379,0.505936861038208,748,0.31023865407239565,-0.09657308963437647,0
UBE2T,cnv->rna,0.14910359656776065,0.14507883109876335,0.15283343610965003,0.0,0.19970732445335826,0.18990179913118205,0.21178557746359933,0.45680713653564453,748,0.3270504355729116,-0.12734311111955332,0
VEGFA,cnv->rna,0.35834878277246895,0.35148368795038365,0.36558546477756415,0.0,0.7626990549185095,0.7428903464915627,0.7827595692802634,1.0984920263290405,748,0.16975759178348943,0.59294146313502,0
WIF1,cnv->rna,0.08275344679086451,0.07942413805056062,0.0862306556851751,0.00267379679144385,0.1590493075074007,0.15073931102988028,0.16893765364961358,0.25328460335731506,748,-0.07371922033498944,0.23276852784239016,1
XRCC4,cnv->rna,0.22764995136097366,0.22097806122746141,0.23536747194115867,0.0,0.4230240958535669,0.40140758546947997,0.447564002007747,0.6961106657981873,748,0.2753324039543791,0.1476916918991878,0
ZEB1,cnv->rna,0.06633561567723778,0.06406045893687794,0.06890779546242241,0.016042780748663103,0.09270830187387427,0.08811215596265357,0.10031229719123302,0.20296019315719604,748,-0.1053343146700557,0.19804261654392996,0
ZEB2,cnv->rna,0.057026064707009445,0.05456116671975367,0.05940669206272165,0.022727272727272728,0.08351921084724111,0.07955123615282293,0.09021165726477778,0.17430132627487183,748,-0.0024390030600443023,0.0859582139072854,0
ZNF703,cnv->rna,0.22494323179748327,0.21915041610793837,0.2306343439702555,0.0,0.3968040935175076,0.3744334529044304,0.42199298516013484,0.68946373462677,748,0.4033491041335729,-0.006545010616065272,0
FMOD,cnv->rna,0.08461517201028532,0.08053251525547991,0.08905248689838438,0.045454545454545456,0.14241045464550633,0.13354108530346215,0.1539212686874211,0.25734564661979675,748,0.020307433569592696,0.12210302107591364,0
AGR3,cnv->rna,0.06778317700375085,0.06493711753725219,0.07090233733963347,0.0106951871657754,0.15829392113217355,0.14714259434881655,0.17407125093990672,0.2066095471382141,748,0.05583931444740814,0.10245460668476541,0
NDUFS6,cnv->rna,0.15508835296098428,0.15038920498445196,0.16024949157907697,0.00267379679144385,0.24300735086968478,0.22738435888015202,0.2610608511734172,0.4748491644859314,748,0.29278821496083635,-0.049780864091151567,0
COL1A2,cnv->rna,0.05517748352725378,0.053187900252753134,0.057098228959918666,0.020053475935828877,0.07577600095239906,0.07157811462794311,0.08273105873777802,0.16810443997383118,748,-0.03771525127472957,0.11349125222712864,0
MARCKS,cnv->rna,0.18495699961851528,0.1801812421062261,0.18979952511886353,0.0,0.40484668704242655,0.3825216171010428,0.42889337292748686,0.565250039100647,748,0.17331668313495097,0.23153000390747558,0
VIM,cnv->rna,0.03030468217452487,0.02708754626728296,0.03360524941666269,0.25267379679144386,0.056782207056058506,0.05032038320318709,0.06451085227455755,0.0923703983426094,748,0.005208160859369199,0.05157404619668931,0
A2M,cnv->rna,0.07995244875735373,0.07594925783772238,0.08389287317222638,0.02807486631016043,0.1380583941829729,0.12875655566001476,0.14968977801491096,0.2453519105911255,748,-0.08908398699775551,0.22714238118072838,0
ECM1,cnv->rna,0.13856526397321364,0.1342690435186252,0.14341712866255094,0.001336898395721925,0.2877657364381202,0.2717560677831306,0.3082313325691508,0.42342063784599304,748,0.006181619678799728,0.2815841167593205,0
SLPI,cnv->rna,0.09601054678047691,0.09048199283223478,0.10133594348185626,0.058823529411764705,0.1751528341343192,0.16348410745517652,0.18898851186870338,0.29381319880485535,748,-0.06255538221928429,0.2377082163536035,0
ELN,cnv->rna,0.04210521755972462,0.03855848170429677,0.04570813885487267,0.13903743315508021,0.07522972129989156,0.06823597802635209,0.08431364061794074,0.1284635066986084,748,-0.05680018616900545,0.132029907468897,0
CTSS,cnv->rna,0.12042653726442067,0.11638102646142559,0.12467254343931833,0.008021390374331552,0.16950761874950565,0.15962354828001044,0.18228650963104728,0.3696986436843872,748,0.03049268924584239,0.13901492950366326,0
APOD,cnv->rna,0.06740818401000093,0.0635191961609922,0.07121834305777741,0.08422459893048129,0.12517832603727158,0.11665844919543378,0.13581969806128574,0.20492762327194214,748,-0.09718043539575005,0.22235876143302163,0
PABPC1,cnv->rna,0.22045329536415914,0.21325126160127517,0.2274917990500095,0.0066844919786096255,0.4404971997163084,0.4161349600451288,0.4652227107702358,0.6766469478607178,748,0.48116113312274783,-0.04066393340643942,0
CPXM1,cnv->rna,0.08058951525802022,0.07712429148013768,0.08382549474184334,0.0053475935828877,0.12921143473173946,0.12130974332375981,0.13859222201938953,0.24564729630947113,748,-0.027526268266322755,0.15673770299806222,0
PIP,cnv->rna,0.04649158388997948,0.043089373426594066,0.05019984048053518,0.17379679144385027,0.08812203063414217,0.07922173011172719,0.09882968736530605,0.1410997211933136,748,-0.0467473115474612,0.13486934218160337,0
RGS1,cnv->rna,0.08747374235308743,0.08330101600481254,0.09183469047201835,0.03208556149732621,0.1872463134612389,0.17548213232062748,0.20257282593204767,0.26767292618751526,748,-0.00768949553676456,0.19493580899800347,0
HOXB2,cnv->rna,0.2646088043408744,0.25616276249530745,0.27361102511083873,0.0,0.40079747385920544,0.3808745327410285,0.4220905143050143,0.8100848197937012,748,0.07328321401015842,0.32751425984904703,0
MT1E,cnv->rna,0.2127922329653649,0.20337339606703217,0.22147595433513312,0.022727272727272728,0.3966585314380962,0.3711205480891101,0.4208635068185732,0.6504675149917603,748,0.11972787286211596,0.27693065857598026,0
TRPS1,cnv->rna,0.272146149301518,0.2659916021173476,0.2788501382920702,0.0,0.44563361391395506,0.425739581082182,0.4688069248816946,0.8367863893508911,748,0.14025265005661786,0.3053809638573372,0
TSPYL5,cnv->rna,0.2920034354438494,0.2845188267684542,0.29978701406401814,0.001336898395721925,0.5475384077681623,0.5237510304118888,0.5726194013141007,0.8983837366104126,748,0.18679680236453625,0.3607416054036261,0
NID1,cnv->rna,0.06673785939197589,0.06381821237716458,0.06970137734151008,0.02540106951871658,0.0904996778142743,0.08510849534641209,0.09749084756798548,0.20348824560642242,748,-0.004999366171379324,0.09549904398565362,0
WASL,cnv->rna,0.2508655779682093,0.24447835056556855,0.25706375218804595,0.0,0.4050752582881324,0.3854984622063417,0.4283516462449232,0.7722852826118469,748,0.1512701499316858,0.2538051083564466,0
COL14A1,cnv->rna,0.0348594103980919,0.03156699731407908,0.03815729945146544,0.2540106951871658,0.05098287408268466,0.044892313800176185,0.05866864773728829,0.10559411346912384,748,-0.18645536379363828,0.23743823787632296,0
TP53INP1,cnv->rna,0.2764451692158683,0.269657051200071,0.28269319661828723,0.001336898395721925,0.4191513511583205,0.3953447663040556,0.4446495418371341,0.849635899066925,748,0.10272864425570877,0.3164227069026117,0
ENPP2,cnv->rna,0.08098304759579879,0.0779390461659613,0.08398493015527232,0.009358288770053475,0.127846875348296,0.12095158106715803,0.13718394701836786,0.24796590209007263,748,-0.10381927753888695,0.23166615288718295,0
SYNGR2,cnv->rna,0.2263648180607723,0.22113610037221385,0.23173853093119082,0.001336898395721925,0.42457737971458764,0.40433869954033225,0.4484065516456463,0.6926831007003784,748,0.2708308499080656,0.15374652980652204,0
C1orf115,cnv->rna,0.114922340735486,0.11157137535733347,0.11842821153425719,0.00267379679144385,0.2450127445717911,0.23369876080679713,0.25885903324587295,0.3504865765571594,748,0.03012573428165974,0.21488701029013135,0
PLTP,cnv->rna,0.09191469137287914,0.0867749129602266,0.0968321508216643,0.026737967914438502,0.17392609542793674,0.1608910502911185,0.18987897968050074,0.2799636721611023,748,0.05775927546522614,0.11616681996271061,0
PRRX1,cnv->rna,0.03130582044587542,0.028742779342324016,0.033820497591447736,0.19518716577540107,0.03922165345107972,0.03592270833442088,0.043864511345844945,0.09435597062110901,748,-0.005299280808585665,0.044520934259665385,0
LRP5,cnv->rna,0.2490638028823857,0.2427063665027743,0.2552793331054708,0.001336898395721925,0.5355794038845575,0.5127679902889952,0.5602933763972172,0.7632278800010681,748,0.19222392341638853,0.343355480468169,0
S100A16,cnv->rna,0.13915597011493736,0.1343396332734416,0.14377407825968616,0.013368983957219251,0.2747106207886176,0.25722882062581337,0.29608814134580463,0.4240095019340515,748,0.1436306190102133,0.1310800017784043,0
IFI16,cnv->rna,0.05815258360668725,0.054244742240658596,0.061762836673943396,0.11229946524064172,0.09056060251621222,0.0835532274516483,0.09969067140663848,0.17848782241344452,748,-0.07655039159294551,0.16711099410915772,0
CHAD,cnv->rna,0.18309897104325518,0.17547792301536494,0.19089491423983926,0.0053475935828877,0.2807228201685791,0.26127576881813525,0.3029802913565922,0.5605898499488831,748,0.07362840314120414,0.20709441702737494,0
EIF3K,cnv->rna,0.21852870351844922,0.2119568526987395,0.22560114020992708,0.001336898395721925,0.4303392638313435,0.40921670199757215,0.45304951806624466,0.668269157409668,748,0.2888549910018494,0.1414842728294941,0
IGFBP4,cnv->rna,0.14565021365261746,0.14092756119444563,0.15040889829646117,0.004010695187165776,0.28372130427216813,0.26653209685324764,0.3060670744879167,0.44611892104148865,748,0.2112434390592506,0.07247786521291752,0
TPD52,cnv->rna,0.24483170143375088,0.23929735508862365,0.2505219147659877,0.00267379679144385,0.42083477349831067,0.4008108100552213,0.44255494108947246,0.7509168982505798,748,0.4742888102341775,-0.05345403673586685,0
ANXA9,cnv->rna,0.17064754533267673,0.16678101995528355,0.1746999210988575,0.0,0.3004749756274192,0.2841266012789348,0.3209016999915662,0.5229363441467285,748,0.05267936615622888,0.24779560947119034,0
FABP4,cnv->rna,0.022145533097497856,0.020058496697605985,0.024256617083162763,0.21256684491978609,0.03733982617795636,0.033476163352723236,0.04264450450993414,0.06757868081331253,748,-0.16426878749653023,0.2016086136744866,0
KRT19,cnv->rna,0.16474382742905722,0.1586326075015891,0.1705638324702854,0.00267379679144385,0.3094700578902797,0.2907130192795217,0.3288516514386324,0.5046529769897461,748,0.29770055203481116,0.011769505855468543,0
PLEKHF2,cnv->rna,0.2233946338254019,0.2178605304798122,0.22864955376685717,0.001336898395721925,0.3418830798583575,0.322683675002872,0.36372853107146774,0.6862430572509766,748,0.25412106093953724,0.08776201891882024,0
GIMAP4,cnv->rna,0.048296311542262285,0.04578782034661756,0.05078305711600359,0.05748663101604278,0.0691949341882793,0.06410416831086305,0.07661572596880571,0.14862185716629028,748,-0.09236418344094897,0.16155911762922825,0
RAB25,cnv->rna,0.15626341819932518,0.15140391373047943,0.16085503238417648,0.0053475935828877,0.3335635720176332,0.3138190483455272,0.3545144961996154,0.4784870147705078,748,0.3440271983010304,-0.010463626283397198,0
FXYD5,cnv->rna,0.19413215610490855,0.18574212794031209,0.20194872258966576,0.013368983957219251,0.3333806498926213,0.3130881873443868,0.35578087285146104,0.5938830971717834,748,0.04518703565184007,0.2881936142407812,0
RGS2,cnv->rna,0.08679977332693382,0.08287469575240954,0.0910941692003806,0.03074866310160428,0.1719081348966107,0.16150109938439514,0.18588520934420527,0.26462623476982117,748,-0.02635142745010343,0.19825956234671413,0
KAT2A,cnv->rna,0.3275565540408068,0.32063259266505,0.33526781658615223,0.0,0.5753308476494765,0.5527998946817094,0.5988407066534317,1.0043840408325195,748,0.37950076387627585,0.19583008377320066,0
PLOD2,cnv->rna,0.137125645539891,0.1316577977105967,0.14259143660294468,0.029411764705882353,0.2579207439403007,0.24131594819688507,0.27732416703021195,0.41930609941482544,748,0.19187505056052118,0.0660456933797795,0
FSCN1,cnv->rna,0.10102447466347898,0.09685882942843083,0.10504270081508968,0.016042780748663103,0.1745786972687292,0.16398275590402261,0.1887516245935397,0.30748212337493896,748,-0.03082408063663041,0.20540277790535963,0
SQLE,cnv->rna,0.31036398630608336,0.30404302277442574,0.31651489743567673,0.0,0.5412111791261837,0.5200194388385798,0.5637464438548689,0.9522031545639038,748,0.5330087454525083,0.008202433673675347,0
GIMAP7,cnv->rna,0.036224915294280464,0.0336117741290541,0.0392649559798074,0.12834224598930483,0.05312950770070745,0.04899270910901908,0.05918707397510911,0.11147303879261017,748,-0.09372327440299391,0.14685278210370137,0
CD163,cnv->rna,0.09112979348154603,0.08826008683321424,0.0940760390114721,0.004010695187165776,0.13186186649291642,0.12441498470185536,0.1414409623892639,0.2791106402873993,748,0.0018879910339764023,0.12997387545894,0
CX3CL1,cnv->rna,0.11261391193384337,0.10889091526314515,0.11667285053946894,0.008021390374331552,0.17668788203013416,0.1691281319812416,0.18748921272073113,0.34502145648002625,748,0.042462236424413685,0.13422564560572048,0
CLEC11A,cnv->rna,0.07643153688520918,0.07403247080554787,0.0787345979451345,0.012032085561497326,0.11044039492770544,0.10482492779914043,0.11918165659488092,0.23244807124137878,748,0.027312120644706804,0.08312827428299863,0
MRPL36,cnv->rna,0.16439704861132504,0.1592622368471851,0.16989623011812738,0.00267379679144385,0.2617890628589878,0.2459450338664887,0.2800330677564585,0.5033915042877197,748,0.4041856768671825,-0.1423966140081947,0
AKR1B1,cnv->rna,0.10351884015707163,0.09871234115893282,0.10833640650590405,0.020053475935828877,0.19826514380243118,0.18575054573965455,0.21467916667675807,0.3162512183189392,748,-0.009037141240788167,0.20730228504321935,0
CST1,cnv->rna,0.13897528403358528,0.1360719092101865,0.1421545056504867,0.0,0.41991125211752567,0.3989088404952964,0.4427856775128988,0.425229012966156,748,0.022561657787226054,0.3973495943302996,0
EPHX2,cnv->rna,0.2138242993864468,0.20888815355790866,0.21895461152516035,0.0,0.3839683423234931,0.36714061997495373,0.40146004616012576,0.6558473110198975,748,0.40466609533059444,-0.02069775300710136,0
RAB34,cnv->rna,0.37018474345381824,0.3599958148033362,0.3793919362512554,0.0,0.5835875065386874,0.5578421208530947,0.6087171085988395,1.1372169256210327,748,0.1708976813729049,0.4126898251657825,0
C6orf62,cnv->rna,0.27875974231524936,0.27184295687460197,0.28501368410783445,0.0,0.5261632810127903,0.5002217832971886,0.5530143302079256,0.8556240797042847,748,0.2682773665832034,0.2578859144295869,0
CHI3L1,cnv->rna,0.0960862708437371,0.09158115357593337,0.1005565597574837,0.03342245989304813,0.16017557078225922,0.15023188062959927,0.17256272012814744,0.2940400242805481,748,-0.044021273438924924,0.20419684422118414,0
LGALS3BP,cnv->rna,0.3191715749918189,0.3117434005897607,0.3267033255887849,0.0,0.6358851759499129,0.614147613177719,0.6602649399511189,0.9771203994750977,748,0.24623007465590088,0.38965510129401204,0
PYCARD,cnv->rna,0.16883078176746522,0.1640938562115529,0.1737262088849108,0.0,0.32762504179308644,0.30996383520277626,0.348908905521935,0.5165303349494934,748,0.1533070641980013,0.17431797759508513,1
GRHL2,cnv->rna,0.2490695902191222,0.24155204718593018,0.25593609726463595,0.009358288770053475,0.4411652399611727,0.41796889813339655,0.46581491618332505,0.7649182677268982,748,0.28292201631292985,0.15824322364824284,0
ATP6V1B2,cnv->rna,0.2396510771943054,0.23419415012721026,0.24532300588422304,0.0,0.4517187423511397,0.4299143604848533,0.4752838303687419,0.7343195080757141,748,0.3752231188370329,0.07649562351410677,0
LXN,cnv->rna,0.21690551986882162,0.20911370681483618,0.22509190493976114,0.00267379679144385,0.4790963140240192,0.45275129263275193,0.5044949337326381,0.6632152199745178,748,-0.011579018694302659,0.49067533271832187,0
ZHX1,cnv->rna,0.25926293507172704,0.2536471737681528,0.2643695094055827,0.0,0.41640577265660483,0.39674480378313787,0.4409848928021292,0.7958776950836182,748,0.2879833150304598,0.12842245762614501,0
CLSTN2,cnv->rna,0.14364825708782483,0.1391607858650071,0.14789180576860336,0.001336898395721925,0.24839865412207768,0.23283271957993282,0.2667296047828637,0.43899762630462646,748,-0.096473188207909,0.3448718423299867,0
QSOX1,cnv->rna,0.24402489620572168,0.23890259471360561,0.2491786597213393,0.0,0.5242416661792177,0.5016872997017444,0.5485668376711526,0.7468984127044678,748,0.20295916935163122,0.32128249682758653,0
LAMB3,cnv->rna,0.09428037676006495,0.09040972843434604,0.09815555189478974,0.020053475935828877,0.14617181489561984,0.13885540011852,0.15640448833924112,0.28880828619003296,748,-0.037741747049571464,0.18391356194519132,0
PTN,cnv->rna,0.02836887059972328,0.025563738163686796,0.031077617948069472,0.21390374331550802,0.05393612351883311,0.04784150218995687,0.06129464522867837,0.08648405224084854,748,-0.07110807364793154,0.12504419716676465,0
S100A9,cnv->rna,0.08342091629398679,0.0784751545899905,0.08788470818516932,0.0855614973262032,0.1875429735380736,0.17401184638477302,0.2041379828337856,0.25546857714653015,748,0.09883550248253674,0.08870747105553685,0
THRSP,cnv->rna,0.09677117587836649,0.09107655846327668,0.10279377683041242,0.06550802139037433,0.17991766093267406,0.16651002247859503,0.19766839758552102,0.29428452253341675,748,0.10040582506145046,0.0795118358712236,0
SSR3,cnv->rna,0.21642891268898298,0.2104758596893036,0.22222250921739398,0.00267379679144385,0.40680844468252386,0.38399472512024374,0.4327602631522286,0.6628513336181641,748,0.15775112022059093,0.24905732446193293,0
ID4,cnv->rna,0.0967161177170302,0.09250150684628147,0.10102909472985766,0.01871657754010695,0.14873712081453222,0.1401703827223443,0.15870549809406292,0.2964272201061249,748,0.04222360265639454,0.10651351815813767,1
PDK4,cnv->rna,0.07075108991368921,0.06785818249417892,0.07357048433047321,0.029411764705882353,0.11579695807321834,0.1082743163886695,0.12566800456626673,0.21627505123615265,748,-0.09757187983167251,0.21336883790489086,0
FPR3,cnv->rna,0.09463257433090413,0.09209848997734507,0.09715396984633051,0.00267379679144385,0.13207941030966258,0.12608327988298418,0.1409722182167768,0.28909870982170105,748,0.025964019387805588,0.106115390921857,0
TIMP2,cnv->rna,0.1109188664640232,0.10633035284079093,0.1151708306497691,0.009358288770053475,0.1535285762681349,0.1437132193017471,0.16522312877409456,0.3399229645729065,748,0.02051752145583972,0.1330110548122952,0
KCNK1,cnv->rna,0.20910812062402248,0.20352200225749303,0.21485745967079742,0.001336898395721925,0.5004274494737161,0.4780347717308843,0.5271828251144223,0.6366700530052185,748,0.18604822995179246,0.3143792195219236,0
LMOD1,cnv->rna,0.036339863613305975,0.034039636857998753,0.038708500307738744,0.10294117647058823,0.05882071265210582,0.05514233663064116,0.06420005005623988,0.11086234450340271,748,-0.014197920957948114,0.07301863361005394,0
KDM2A,cnv->rna,0.42014797623978956,0.40920567557913556,0.4313059677254526,0.0,0.653947100189126,0.6301397097637921,0.6783032642507874,1.2904468774795532,748,0.28082911687498474,0.3731179833141413,0
KRT10,cnv->rna,0.21918734369700718,0.21249098945460004,0.22570427747915206,0.0,0.49311038685020353,0.46951012363818423,0.5165743921902118,0.6718040704727173,748,0.4070798912823991,0.08603049556780445,0
PPP1R1B,cnv->rna,0.31266444068611227,0.3027069111280328,0.32299161618556155,0.0,0.49703900880250756,0.4772492428210267,0.5181695171963626,0.9577048420906067,748,0.07465780872971738,0.4223812000727902,0
RPL37,cnv->rna,0.17557285989432575,0.16966880387008718,0.18152410652344664,0.001336898395721925,0.3354218198390957,0.31736877596995017,0.35674181294400964,0.5359904766082764,748,0.16016536488251587,0.17525645495657982,0
NES,cnv->rna,0.08631002453965948,0.08237734947727439,0.0902554041469522,0.02406417112299465,0.1801045203683554,0.17009912346579603,0.19277849839330533,0.2634921967983246,748,0.019327695368460598,0.1607768249998948,0
MRC2,cnv->rna,0.07720914342608336,0.07351675417763348,0.08056084267692679,0.04946524064171123,0.11253535504308679,0.10609321715167647,0.12202379147190794,0.2353583574295044,748,-0.009492200319138425,0.12202755536222522,0
POLD2,cnv->rna,0.29876932540714224,0.29174280985287154,0.30612512394589675,0.0,0.4902736877349585,0.46947850526433443,0.5132000950756508,0.9154313802719116,748,0.26564297765055617,0.22463071008440233,0
NECAB3,cnv->rna,0.22980839242260578,0.22543020738617148,0.23428096421953287,0.0,0.35107640423314446,0.3355245582113251,0.37032801115187425,0.7037873864173889,748,0.18761904050601966,0.1634573637271248,0
KRT15,cnv->rna,0.10633381638956488,0.10034741392197796,0.11219382526160737,0.06550802139037433,0.15918567759304625,0.14888706480434014,0.17113891098137146,0.3254314661026001,748,0.005422796823741722,0.15376288076930453,0
CAPN8,cnv->rna,0.0915926393584652,0.08802063687255858,0.09523908079119664,0.008021390374331552,0.15160064101329385,0.14256739611347335,0.16351125873623437,0.2804795503616333,748,0.08475618886055979,0.06684445215273406,0
EFNA4,cnv->rna,0.14159639010603464,0.13741384146468727,0.14604142164774453,0.0,0.3112230936560932,0.2959226747299163,0.3303687217928819,0.43158045411109924,748,0.26688626955360867,0.04433682410248452,0
METRN,cnv->rna,0.1515099286662046,0.1477860247717034,0.15560784012361562,0.0,0.2525182060282358,0.23771829078921122,0.2682803401626485,0.46386635303497314,748,0.34971102665741616,-0.09719282062918033,0
MNDA,cnv->rna,0.08179523325595779,0.0789102303321866,0.08509292459491712,0.001336898395721925,0.12358395204685825,0.1161672914295727,0.13330145739424523,0.2497497797012329,748,-0.038796067393993224,0.16238001944085148,0
TM4SF1,cnv->rna,0.151593747444753,0.14579049852969386,0.1570550774202718,0.0106951871657754,0.3025264328986105,0.2849252070821942,0.3207437120894505,0.46482616662979126,748,0.028973433512372762,0.2735529993862377,0
SYCP2,cnv->rna,0.3284294115291467,0.32054566486039404,0.33653430901514175,0.0,0.5756443523110519,0.5539776120759506,0.5984952178828759,1.007133960723877,748,0.22246626830431757,0.35317808400673434,0
COL10A1,cnv->rna,0.08177141493473554,0.07870799869283267,0.08485509313235526,0.02807486631016043,0.10973428414508266,0.10269341401675607,0.11892824319385872,0.24959109723567963,748,0.0026264758031806223,0.10710780834190203,0
BNIPL,cnv->rna,0.16804318365229232,0.16255070765356142,0.17390073914194057,0.00267379679144385,0.28914617827869016,0.27337237738922665,0.30863216894331863,0.5154770016670227,748,0.11532536151960504,0.17382081675908512,0
AQP1,cnv->rna,0.06971183913160586,0.0670060018822696,0.07234736433323663,0.02540106951871658,0.10921495878747009,0.10384491515896567,0.11674814157621134,0.21384842693805695,748,-0.10541790268756365,0.21463286147503374,0
CD9,cnv->rna,0.35923446434481093,0.3522399997465184,0.3671019206765695,0.0,0.7168259811777725,0.6957441982887063,0.7392319689205604,1.1064765453338623,748,0.25724884382169405,0.45957713735607847,0
PTMS,cnv->rna,0.20973591993337934,0.20398762336829093,0.2157628899777141,0.004010695187165776,0.3942622782438964,0.3742148949798891,0.41866673686223665,0.6406461596488953,748,0.24618824988379603,0.1480740283601004,0
SND1,cnv->rna,0.2950588852677199,0.2885747546012474,0.30109429518480224,0.0,0.6000687041570223,0.57617302733885,0.6245762463135519,0.9050467014312744,748,0.21420584679355906,0.38586285736346326,0
FZD6,cnv->rna,0.3130190054584733,0.3062745618544518,0.32004302277659175,0.0,0.5891123231077666,0.5634940059931691,0.6130773845154871,0.9623057842254639,748,0.3856197758249271,0.2034925472828395,0
C1S,cnv->rna,0.07139480717321642,0.06734939041992802,0.07538883038620824,0.07219251336898395,0.12018104989022065,0.11126775665859856,0.13185872071346758,0.21823664009571075,748,0.01267019009273539,0.10751085979748526,0
S100A14,cnv->rna,0.1250812876423814,0.12110296648438754,0.1290790650909802,0.00267379679144385,0.24812449296335706,0.23313124058608659,0.26546439626669427,0.3818340599536896,748,0.11932628838998917,0.12879820457336788,0
RBP1,cnv->rna,0.19833215091870549,0.19211380954643625,0.20487146487950209,0.001336898395721925,0.44478774340011135,0.42524582005918876,0.46862233816935484,0.6058379411697388,748,0.0796235108547631,0.36516423254534824,0
RIN2,cnv->rna,0.18825211365762834,0.18123891207978046,0.19502386241520525,0.014705882352941176,0.2848383163487092,0.26936727245205955,0.3021412222382464,0.5754153728485107,748,0.12154544553905236,0.16329287080965685,0
YWHAZ,cnv->rna,0.184492002718388,0.1782730643268384,0.19111418802061642,0.0,0.27776422724160915,0.26230683515491227,0.2979164315946137,0.5663378238677979,748,0.5877606193816579,-0.30999639214004876,0
MAL2,cnv->rna,0.19147844839905045,0.18472857592847788,0.19757951412644298,0.020053475935828877,0.44954935819070835,0.4239565430223484,0.47558846952979256,0.5874691009521484,748,0.4542911660210474,-0.004741807830339062,0
COL1A1,cnv->rna,0.08064583442082592,0.07848812854752724,0.08279531982127634,0.0,0.10474181862192072,0.09964881725631569,0.112447437735068,0.24691914021968842,748,0.03670020110442471,0.06804161751749602,0
KRT14,cnv->rna,0.058788323609254685,0.05497613612364139,0.06245023471813769,0.07754010695187166,0.08192608021809179,0.0760298357469639,0.0891958419908959,0.1803896725177765,748,-0.07982318464589495,0.16174926486398675,0
ETV3,cnv->rna,0.1834976626399061,0.17877470300252943,0.1880958040150054,0.0,0.33418098970003357,0.31469643712337453,0.35559206988526953,0.561431884765625,748,0.2116625104672673,0.12251847923276626,0
MIR635,cnv->rna,0.22010283028721847,0.21561748398566466,0.22469137282409674,0.0,0.41569951385479087,0.39627295657653216,0.4376699812299781,0.673699676990509,748,0.09510752654762572,0.32059198730716515,0
TMEM204,cnv->rna,0.07654275636947357,0.07285444190169962,0.07987652954141715,0.03074866310160428,0.11493021685682452,0.10843176986317381,0.12319400314747919,0.23289534449577332,748,0.015279863844105209,0.09965035301271931,0
MT2A,cnv->rna,0.12172484189382325,0.1166193174916984,0.12691268530552158,0.017379679144385027,0.30715432713982355,0.2889547193631658,0.3293004113471732,0.3710935413837433,748,0.18277366985997476,0.12438065727984879,0
CRABP2,cnv->rna,0.20434310832965633,0.1994247798169689,0.20941616533015964,0.0,0.42315817164320596,0.4027041242964971,0.4451348048930518,0.6231587529182434,748,0.20535582506076108,0.21780234658244488,0
SLC30A1,cnv->rna,0.15298548055569508,0.14822116685491687,0.15767606737343748,0.0,0.2729667918111816,0.25766040026647546,0.29135853854990545,0.470145583152771,748,0.2101664743003763,0.06280031751080531,0
FAM107B,cnv->rna,0.15338166715934584,0.14864062204522785,0.15818305916662448,0.0,0.33258966490181496,0.31428963339284915,0.3525640095330396,0.46967101097106934,748,0.03326953745752691,0.29932012744428804,0
COPZ2,cnv->rna,0.06090596218190011,0.05815254420957796,0.06368795456281849,0.045454545454545456,0.08729199817886896,0.08263648017938756,0.09411496408956592,0.18511778116226196,748,-0.008756588574945144,0.0960485867538141,0
NRN1,cnv->rna,0.059964671809767466,0.05678202454686027,0.06297160483861455,0.058823529411764705,0.11014696166938923,0.10222897609968838,0.11912815885710701,0.18349695205688477,748,0.008962841674310829,0.1011841199950784,0
CYB5R1,cnv->rna,0.21803358850748328,0.21419381666287934,0.22186751436980115,0.0,0.3601582405479229,0.34623418851010757,0.3793164397237545,0.6673860549926758,748,0.24195452269112225,0.11820371785680064,0
EFR3A,cnv->rna,0.24638285400402365,0.24104191396235086,0.2516971311746375,0.0,0.37404433597542996,0.35555577813058925,0.3978911685390272,0.756211519241333,748,0.3034921302006436,0.07055220577478638,0
ISM1,cnv->rna,0.11037772312206705,0.10626267881462093,0.11449592366682636,0.016042780748663103,0.18064459801823884,0.17053375200183493,0.19339384792270106,0.3375329375267029,748,-0.030073689670853866,0.2107182876890927,0
RARRES1,cnv->rna,0.0890737858860307,0.08511896691395368,0.09325914538517631,0.03609625668449198,0.15060313963729854,0.1419632400420127,0.16247370797547192,0.2723754644393921,748,0.11124103728366702,0.03936210235363152,1
GAPDH,cnv->rna,0.23073852977183368,0.2234745188117923,0.23726535536300572,0.00267379679144385,0.45023665572440463,0.427459277572799,0.47691898433941826,0.7091689109802246,748,0.3659976286661541,0.08423902705825054,0
ASAP1,cnv->rna,0.15599529195864104,0.15012048829987593,0.16174556311974037,0.00267379679144385,0.24807428485136146,0.23317924005333762,0.26584890260859595,0.4781796336174011,748,0.24460767231549604,0.0034666125358654154,0
RTP4,cnv->rna,0.22323086811881182,0.21528081067310068,0.23206940004634546,0.0,0.4410585181193426,0.41783221431352485,0.4644027878449862,0.6824942827224731,748,0.10392554079870642,0.3371329773206362,0
TFAP2C,cnv->rna,0.20451341626606218,0.19640010751312895,0.2126221416045967,0.0066844919786096255,0.41044449188212456,0.38980972150150345,0.43342554683498324,0.6268734335899353,748,0.2746021554559071,0.13584233642621746,0
ADAMTS2,cnv->rna,0.059879872694141745,0.05757045782169531,0.062121178195372925,0.012032085561497326,0.07470117434805097,0.07074611347175586,0.0813954881340394,0.18152818083763123,748,0.08209443521723618,-0.007393260869185209,0
TMEM147,cnv->rna,0.3204574031843729,0.31315945014288776,0.3278518067004177,0.001336898395721925,0.5406971528675755,0.5178667582097979,0.5654126390888032,0.9817221164703369,748,0.29654440686132244,0.24415274600625303,0
SSH3,cnv->rna,0.22371241105820008,0.21754664974567606,0.22941865819725688,0.001336898395721925,0.38722763625035866,0.36567500628507493,0.4099727368945262,0.6856850385665894,748,0.1808655852484469,0.20636205100191177,0
PPP1R2,cnv->rna,0.3023001190308571,0.2961226816238587,0.30881517470233766,0.0,0.523744943354234,0.5004805352305522,0.54869550807756,0.9265223741531372,748,0.14016407859543575,0.38358086475879827,0
CFH,cnv->rna,0.047174256670316966,0.04411882789005254,0.05057029263548359,0.11898395721925134,0.06997992440088212,0.06486615275299482,0.07712613868660052,0.14381109178066254,748,-0.04484133861088038,0.1148212630117625,0
CD93,cnv->rna,0.0647166722860443,0.06151304820993643,0.06797405921314646,0.03342245989304813,0.09575604676567938,0.08951672988655333,0.10455391101065459,0.1980983018875122,748,-0.06359168314621713,0.1593477299118965,0
SNRPE,cnv->rna,0.24037232698201172,0.23433896619385067,0.24711338380387562,0.0,0.4888783107496499,0.46675290925987456,0.5112622275805371,0.738255500793457,748,0.47340750290991374,0.015470807839736145,0
INHBA,cnv->rna,0.07371998578218707,0.07097904662508267,0.07642161665576548,0.012032085561497326,0.09901039685607749,0.09392275698544936,0.10682329388623425,0.22440072894096375,748,0.0381147310902811,0.060895665765796386,0
DSTN,cnv->rna,0.28649551119670313,0.2786736717045725,0.2944083574395338,0.0,0.5099061844763073,0.48322855464039405,0.5367347112089362,0.879492461681366,748,0.28512431896653906,0.22478186550976825,0
CLDN3,cnv->rna,0.20645996737036582,0.20124733280726984,0.21216716712534844,0.0,0.37898717066141985,0.3592866837414289,0.40109502218776,0.6309476494789124,748,0.12808270507116853,0.2509044655902513,0
LY96,cnv->rna,0.0711540024625071,0.0683220072209718,0.07438857246905921,0.02406417112299465,0.11414493060626744,0.10708852488260992,0.12340450150121246,0.21746473014354706,748,-0.010553939681511198,0.12469887028777864,0
ALDOC,cnv->rna,0.23652638942858206,0.2278558996817804,0.24537082548706554,0.0,0.43358917334482533,0.41260838074300915,0.45805267127052074,0.724532961845398,748,0.15208585587432358,0.2815033174705017,0
FKBP10,cnv->rna,0.20859673042800744,0.20117107694300387,0.21573724301708194,0.0066844919786096255,0.4109941019665947,0.3882880903197747,0.43467217087661414,0.6370086669921875,748,0.22303891082168933,0.18795519114490536,0
ATP6V1C1,cnv->rna,0.3192505361846401,0.31335042993303797,0.32469355083395657,0.0,0.4908458411384731,0.4689735318202851,0.5156809036646879,0.9801969528198242,748,0.47841534933847785,0.01243049179999528,0
CCDC3,cnv->rna,0.01807521102112036,0.01626065017043222,0.01998626356147588,0.22058823529411764,0.03408473599254127,0.03081589859824079,0.03893872234236429,0.05494161695241928,748,-0.08597383364538641,0.12005856963792769,0
NME4,cnv->rna,0.17046173195451758,0.16562141044793208,0.17460582077198056,0.00267379679144385,0.25991756732589183,0.24631968927082587,0.27696109073471975,0.5202150344848633,748,0.3059647082302749,-0.046047140904383055,0
ID1,cnv->rna,0.0731133494899673,0.06947672912436467,0.07709718517722863,0.0481283422459893,0.14910767207505557,0.13941401120151983,0.162364564327708,0.22285030782222748,748,-0.07965812064969229,0.22876579272474784,0
HOXB7,cnv->rna,0.15867686045830057,0.1540961277875964,0.1636255527219958,0.0,0.3656719260733049,0.34769636174695967,0.38622537062298035,0.48497915267944336,748,0.034784945357675526,0.3308869807156294,0
TM4SF18,cnv->rna,0.14606608958859263,0.14316467654679646,0.14884624255000392,0.001336898395721925,0.3033255589453124,0.2886550125815656,0.3198810639834032,0.44886788725852966,748,-0.09666865206281061,0.399994211008123,0
CDC42SE1,cnv->rna,0.2595329716497013,0.2531918052306861,0.26608169613297844,0.0,0.473725999893917,0.450410090231388,0.4979038186205623,0.7931168079376221,748,0.29453030339037106,0.17919569650354594,0
SCNN1A,cnv->rna,0.16396084094225846,0.15755548928033308,0.17060470009427028,0.004010695187165776,0.3136894191386735,0.2907001306818637,0.3395954354405702,0.5007091760635376,748,-0.053664159872263646,0.3673535790109371,0
CMTM3,cnv->rna,0.06868658238501453,0.06560573708689453,0.07194136165939903,0.05614973262032086,0.09551317686543702,0.09087429455428825,0.10321020061266448,0.20881246030330658,748,-0.056610119351380876,0.1521232962168179,0
S100A10,cnv->rna,0.12333482545373028,0.11782722530109806,0.12878758002628296,0.03342245989304813,0.25432164233404553,0.23784517279545273,0.27275683344939466,0.37795037031173706,748,0.1272861099035399,0.12703553243050564,0
SKAP1,cnv->rna,0.3024036399119097,0.2947915331392202,0.31045619596262675,0.0,0.523271548354871,0.5017185442968745,0.5464546451775864,0.9258816242218018,748,0.11706982801880178,0.4062017203360692,0
VEZF1,cnv->rna,0.2994366171111564,0.2909659080552827,0.30847956465330406,0.0,0.4462158178258471,0.4232762810079903,0.4711191143341981,0.9200592637062073,748,0.31478830064173163,0.1314275171841155,0
TMEM97,cnv->rna,0.41236331824888933,0.4031082875020209,0.42227027165989633,0.0,0.6664745125954775,0.6464838827501499,0.6876539132868461,1.2644989490509033,748,0.42861253684653394,0.23786197574894358,0
SELENBP1,cnv->rna,0.16240541356949406,0.1578191477431467,0.16710033526412524,0.0,0.309034955454422,0.2942382035988706,0.3274289022954603,0.4986448884010315,748,0.2243119280484224,0.0847230274059996,0
SFRP4,cnv->rna,0.04531209482014537,0.04295422738536578,0.04777410443048798,0.07754010695187166,0.0751566738263683,0.07011216719773505,0.08340398279821169,0.13743852078914642,748,-0.04085555960958239,0.11601223343595068,1
CHCHD2,cnv->rna,0.2503762353968652,0.24351653408530066,0.25756043019686364,0.0,0.4593856335474415,0.4364226383222956,0.481040147068784,0.7666025161743164,748,0.28673089898999926,0.17265473455744224,0
LPL,cnv->rna,0.04200853489956913,0.039805158179780635,0.04424909316365227,0.03877005347593583,0.07183149654991387,0.06667151305595426,0.07981738840474928,0.12857142090797424,748,0.028580415048021047,0.04325108150189283,0
CACNG4,cnv->rna,0.2986017031301686,0.29139880669944773,0.3054894267221408,0.0,0.48800878677233167,0.46518399186664583,0.510299473823081,0.9139355421066284,748,0.29811028043645604,0.18989850633587563,0
SLC7A2,cnv->rna,0.19176404045939566,0.18575223740965022,0.1981823400063577,0.0,0.30969686770448523,0.29119016198402786,0.3313458180640846,0.5866320133209229,748,0.19867896144337702,0.11101790626110822,0
ADAMTS12,cnv->rna,0.10390549784737063,0.10080172370507925,0.10718304028166495,0.0,0.13712300166250033,0.1299849739702212,0.14719397756784344,0.31729674339294434,748,0.07056980716623457,0.06655319449626576,0
MDFIC,cnv->rna,0.10204434150277095,0.09834995879146619,0.10584817166525269,0.0106951871657754,0.16985928276035137,0.15958239256572238,0.1828098387917231,0.3118419051170349,748,-0.01933923271057852,0.1891985154709299,0
SLC2A10,cnv->rna,0.1657160811283528,0.1608775276460236,0.17062324722922315,0.001336898395721925,0.3314497098593459,0.3075870764993827,0.3555409964785337,0.5067671537399292,748,0.18616600336055042,0.1452837064987955,0
ZNF83,cnv->rna,0.24529092507885103,0.239773629845761,0.2503845072798889,0.0,0.43843869673264396,0.42061165853645477,0.4593930931638819,0.7507627010345459,748,0.05540264648698706,0.3830360502456569,0
RGS5,cnv->rna,0.08338160925206967,0.08069338975783331,0.08597622009245315,0.004010695187165776,0.1474221626658217,0.1400998817670465,0.1563547826673352,0.25635141134262085,748,-0.08923037155487407,0.23665253422069576,0
MAPK3,cnv->rna,0.24335735196450228,0.23775513580684432,0.2491206690560426,0.0,0.43670790824495054,0.41695361155248456,0.45877205244253655,0.7477465867996216,748,0.36006927168443376,0.07663863656051678,0
CST7,cnv->rna,0.08040529324701337,0.07720840012039695,0.0832597506655058,0.013368983957219251,0.13156807798852777,0.12317479723463562,0.14243149543118044,0.2465583086013794,748,0.017162922186226216,0.11440515580230155,0
CLEC2B,cnv->rna,0.057186829171072096,0.05417993398491479,0.060085005408655946,0.06684491978609626,0.09684890210909063,0.09051561066924822,0.10493929213019822,0.17470237612724304,748,-0.0899744258984009,0.18682332800749152,0
TUBB2A,cnv->rna,0.21599427568987709,0.20923507835680108,0.222557275710411,0.001336898395721925,0.5248941348044422,0.5008644827595807,0.5484120573534927,0.6614061594009399,748,0.20077608033867775,0.32411805446576447,0
SNHG9,cnv->rna,0.13537558241196992,0.13136248048534888,0.13934054866850143,0.00267379679144385,0.2636467037951416,0.25008123711821806,0.2809027701465914,0.41351836919784546,748,0.18853394410711288,0.07511275968802872,0
MFAP5,cnv->rna,0.055144876238861766,0.05238012988553399,0.05810790152829236,0.07352941176470588,0.09023268078474166,0.08373448835300826,0.09882484932589877,0.1687878668308258,748,-0.055980773571024926,0.14621345435576658,0
C17orf58,cnv->rna,0.2701535278568941,0.2635218201133158,0.2767559320800811,0.001336898395721925,0.465377820739097,0.44428095706393506,0.4904996766933486,0.8290892839431763,748,0.28449212326911283,0.18088569746998417,0
ALDH3B2,cnv->rna,0.1554820037614795,0.14950886181521345,0.16073475492190215,0.001336898395721925,0.44030424188966516,0.4150396554853375,0.4668403902144736,0.47493913769721985,748,0.1093560660470293,0.33094817584263586,0
GOLPH3L,cnv->rna,0.26045241554017856,0.25514976467576467,0.26583307181477217,0.0,0.44275126566881323,0.4211566993100771,0.4646372562502626,0.7992601990699768,748,0.29778660211557595,0.14496466355323728,0
KRT23,cnv->rna,0.1583746837435453,0.15171412548209864,0.16554232410650885,0.01871657754010695,0.25045917017114727,0.2372720937459237,0.2659814299073376,0.48515525460243225,748,0.036778242998803806,0.21368092717234347,0
BNIP3L,cnv->rna,0.17918870622352756,0.17443149701800276,0.18401840706553008,0.001336898395721925,0.31373042045963223,0.2983714073693444,0.33199411726054256,0.5499970316886902,748,0.41010154703409446,-0.09637112657446223,0
CCND2,cnv->rna,0.074458130134673,0.07205390540442393,0.0771375091335271,0.008021390374331552,0.12864358868333367,0.12186184176069502,0.1379759868567433,0.2273927479982376,748,-0.0905827833716781,0.21922637205501178,1
COX7A1,cnv->rna,0.06858550191449364,0.06516020904214631,0.07227926295282197,0.058823529411764705,0.11271416223439154,0.10486831174079224,0.12276703151300841,0.20898254215717316,748,-0.1015124880768314,0.21422665031122295,0
SELL,cnv->rna,0.10917618303493733,0.10571584090737138,0.11295482220516384,0.001336898395721925,0.1765479150764108,0.1658590515655915,0.19118731710277131,0.3344340920448303,748,-0.04384875963761438,0.2203966747140252,0
SHC1,cnv->rna,0.20393700177445942,0.19730804413351508,0.21007003571917413,0.0,0.35343753247511056,0.33454647866285264,0.37377678808391596,0.6243569254875183,748,0.17131632596353166,0.1821212065115789,0
DSP,cnv->rna,0.23366881459416014,0.22842670459926454,0.23935585600017686,0.0,0.5445780830138434,0.5197047228999465,0.569317210837032,0.7170091271400452,748,0.17602477013341325,0.36855331288043014,0
PTPRC,cnv->rna,0.09378824957626508,0.08981464445857108,0.09801971274833034,0.014705882352941176,0.12276435494626646,0.114872882312341,0.13349556920739136,0.28833889961242676,748,-0.07704359498303158,0.19980794992929804,0
TRAM1,cnv->rna,0.24671871530289685,0.24102826933746282,0.2525684932335392,0.0,0.3943493431400964,0.37442174460230454,0.417619829435442,0.758375346660614,748,0.39282410689147895,0.0015252362486174453,0
SEMA3C,cnv->rna,0.10533176032816344,0.1018971313302081,0.10867994742990417,0.0066844919786096255,0.19282733291799523,0.18153166172470336,0.20804579222888792,0.3230593502521515,748,-0.034787764740508584,0.2276150976585038,0
STAC2,cnv->rna,0.10983815486746244,0.10511358755142963,0.11475230736096963,0.001336898395721925,0.16428822499378593,0.15686189651382978,0.17400852170675712,0.33629781007766724,748,-0.0646565467393059,0.22894477173309183,0
RARRES2,cnv->rna,0.0418375239878521,0.03954474902835071,0.04411358865897762,0.058823529411764705,0.0686095626648732,0.06413364553104932,0.07528403866442021,0.1267869919538498,748,-0.035636557336550176,0.10424612000142337,0
CPA3,cnv->rna,0.09512481067587793,0.09247662372851545,0.09802718051579228,0.00267379679144385,0.18196710514930436,0.17173065943925905,0.19618515125672328,0.29198166728019714,748,-0.15630796563263985,0.3382750707819442,0
GIT1,cnv->rna,0.4512024860313651,0.44067353669944226,0.4622337218178878,0.0,0.7355284732994852,0.7142101786270616,0.7566637540285117,1.3882768154144287,748,0.3705777975617881,0.36495067573769713,0
NPEPPS,cnv->rna,0.33306012864377343,0.3260987095496007,0.34031709156951506,0.0,0.4766870943480661,0.45547001296470147,0.5000666658870626,1.023078441619873,748,0.3839429483589787,0.09274414598908742,0
RSAD1,cnv->rna,0.375527888234645,0.3675374974613109,0.3835601471164216,0.0,0.6197514978107779,0.5985881704497671,0.6411313722807725,1.151216983795166,748,0.4278225062708141,0.1919289915399638,0
ELOVL2,cnv->rna,0.24038375711999002,0.23471976944225068,0.24677881223356699,0.0,0.3967800255997982,0.3774234030767119,0.418523717725501,0.7361963987350464,748,0.005275194723886368,0.3915048308759118,0
SEC62,cnv->rna,0.18743824069392362,0.18171712262318043,0.19339094644689844,0.008021390374331552,0.3065505124250086,0.28866066314740235,0.32723494851166374,0.5752118825912476,748,0.0762988942821389,0.23025161814286968,0
PRR15L,cnv->rna,0.2073583796609993,0.2014795801272492,0.2135672258984139,0.0,0.42772850121525746,0.4038751053525558,0.4543504584355248,0.6360377669334412,748,0.302848569049268,0.12487993216598947,0
COTL1,cnv->rna,0.12107953198902381,0.11625311095035845,0.12619433954070383,0.034759358288770054,0.22019782927320578,0.20588512494146416,0.23594730038221529,0.3702807128429413,748,0.19967846881407134,0.02051936045913444,0
OLR1,cnv->rna,0.10535786109208667,0.1025915661219077,0.10797085597582719,0.001336898395721925,0.19109541948870745,0.17969765583307204,0.2036522439091301,0.32317423820495605,748,-0.0003250369069566845,0.19142045639566413,0
SLAMF7,cnv->rna,0.07269969349042238,0.06956746553797868,0.07607698747045909,0.03342245989304813,0.1131888301988583,0.10614834818808293,0.12352134606569773,0.22372938692569733,748,-0.020446339437014273,0.13363516963587257,0
RAB4A,cnv->rna,0.27231922460447683,0.26618581167048916,0.27798399843021454,0.0,0.5460378631527938,0.5237149667892274,0.5707385341953706,0.8343373537063599,748,0.3743400046734078,0.171697858479386,0
CD55,cnv->rna,0.14857658211265504,0.14310820941502123,0.15342090550591586,0.0,0.3480148935550046,0.3285369023601339,0.37134657071874233,0.4529401659965515,748,0.19262487852205748,0.1553900150329471,0
VANGL2,cnv->rna,0.2616964953729913,0.25560195598356095,0.26803305720113785,0.0,0.47362983182556895,0.4532080036744631,0.49686866019630155,0.8024595975875854,748,0.21787674091946768,0.25575309090610127,0
DHX9,cnv->rna,0.22006454973729783,0.21495565213203163,0.22552117648133874,0.0,0.3541685548922563,0.3340501448287582,0.37694560875267175,0.6747725009918213,748,0.1578290594021106,0.1963394954901457,0
NDUFS2,cnv->rna,0.27803657944965776,0.27132610804614354,0.2841365546229941,0.0,0.5447915266975034,0.5219798604693895,0.5682679866120995,0.8525192737579346,748,0.4462642364054227,0.09852729029208074,0
CLDN4,cnv->rna,0.1820467240967723,0.17644252582034636,0.18759498040453296,0.001336898395721925,0.37080381087910785,0.34881477842380004,0.39441574199115326,0.5577999353408813,748,0.19915736688123994,0.1716464439978679,0
TBC1D20,cnv->rna,0.297078416521749,0.2905898055354241,0.3036074753325097,0.0,0.5247127224752509,0.5017192442536828,0.5503711250795088,0.9103270769119263,748,0.30926620191437176,0.21544652056087915,0
SEZ6L2,cnv->rna,0.2581274938596572,0.2516545156286911,0.26570689605749437,0.0,0.5640807965170912,0.5432510724127609,0.5866176983797099,0.7871551513671875,748,0.04009293946753178,0.5239878570495594,0
NET1,cnv->rna,0.2852107793788729,0.27746252385258835,0.2933592589891021,0.0,0.5927924948262849,0.5682770135804807,0.6185595263901479,0.8756692409515381,748,0.2303838156593658,0.3624086791669191,0
LAPTM4B,cnv->rna,0.2042831996300983,0.19796683954033267,0.2105106880975125,0.001336898395721925,0.35378127745886145,0.3391349112614452,0.3715037095874358,0.6254574060440063,748,0.5030757175292778,-0.14929444007041637,0
ELF3,cnv->rna,0.1654422824698502,0.16072341659641803,0.17090791152777218,0.004010695187165776,0.3895369429675945,0.3688983393108727,0.4130844564863598,0.5074798464775085,748,0.17694927008739525,0.21258767288019925,0
MAPRE1,cnv->rna,0.2788584844418843,0.2704770582140772,0.2871589022217687,0.0,0.4441481080437296,0.419737813173388,0.46843352442740954,0.8557071089744568,748,0.39210575468145464,0.05204235336227497,0
LYPLA1,cnv->rna,0.34999188796406255,0.3429135673266915,0.35737441061638797,0.0,0.5245335600430284,0.5032199627620386,0.5467794171449696,1.0779987573623657,748,0.4130937446179871,0.11143981542504133,0
MUC1,cnv->rna,0.12849737237254905,0.12509241339452806,0.1318495196746492,0.0,0.24608270134526677,0.2349164761554544,0.2596479928868032,0.39355331659317017,748,0.19417046609180744,0.05191223525345934,0
ACLY,cnv->rna,0.2806758739961454,0.2733166471742471,0.2880701570756154,0.0,0.4726185794614128,0.4486802975815494,0.4983648931447677,0.8626070618629456,748,0.3134077649060712,0.15921081455534158,0
AEBP1,cnv->rna,0.04934323135395692,0.04765906880043386,0.050923340966712936,0.017379679144385027,0.0631266355288564,0.05994602592552275,0.06870074848938988,0.15027375519275665,748,-0.006211181831370569,0.06933781736022697,0
CALD1,cnv->rna,0.03572782278264277,0.0318412058950948,0.0395284217168897,0.27540106951871657,0.05073793191316764,0.04488879180465965,0.05721570893343988,0.108751080930233,748,-0.04618247513509012,0.09692040704825776,0
SDCBP,cnv->rna,0.2090358389993057,0.20242156406536232,0.21582945982350885,0.00267379679144385,0.3762953231286145,0.3562802492174145,0.39905744298790297,0.6422616243362427,748,0.22943523644013694,0.14686008668847758,0
RPRD2,cnv->rna,0.2525030644224963,0.24762933935653197,0.2569232056140439,0.0,0.41735167454424643,0.39633034753916524,0.43908411348897436,0.7759138345718384,748,0.27396326641368973,0.1433884081305567,0
ELMO3,cnv->rna,0.28281938127331674,0.27616200122924367,0.2898544512244857,0.0,0.46598468464481074,0.4441564562755043,0.4896017314672866,0.8657878041267395,748,0.23273511348335338,0.23324957116145736,0
SERPINB9,cnv->rna,0.14707319375701122,0.14149845037493755,0.15310222544369007,0.004010695187165776,0.23759273459592736,0.22322426547309254,0.2559828902717381,0.45050179958343506,748,-0.004862525979571258,0.24245526057549863,0
RARA,cnv->rna,0.227401246978991,0.22137061739656883,0.23379581651257544,0.0,0.3689763954632061,0.3464492254615019,0.3941199805677554,0.6991497278213501,748,0.37888853086305496,-0.009912135399848865,0
KCTD3,cnv->rna,0.19577818790184245,0.19135836944560405,0.20022653795669496,0.0,0.29147084939155476,0.2787732609496873,0.30786873109340673,0.6008687019348145,748,0.28043938286434833,0.011031466527206435,0
ABCC11,cnv->rna,0.09048260895540745,0.08587345195443043,0.09496501854510685,0.026737967914438502,0.26913201404289416,0.24717279244818458,0.2934961536525417,0.2746196985244751,748,0.006373907778289628,0.26275810626460455,0
MAGEF1,cnv->rna,0.35478213157782035,0.3464585436329349,0.3628148348382678,0.001336898395721925,0.65068194469181,0.6277027204423916,0.6761624387868594,1.0867741107940674,748,0.23972526975814756,0.4109566749336624,0
PI4KB,cnv->rna,0.283651910733752,0.27746490099017446,0.2900110102050403,0.0,0.5067523394123646,0.48396080981189954,0.532770249252722,0.866165280342102,748,0.3846639981424521,0.12208834126991253,0
PPP2R5A,cnv->rna,0.201621475785725,0.19755230572631102,0.2060950124258192,0.0,0.3486537740178434,0.33193115459111566,0.36750746604381357,0.6197041273117065,748,0.3256896583992499,0.022964115618593517,0
GOLT1A,cnv->rna,0.23791968712131634,0.233214574947858,0.2427445621984748,0.0,0.5225210022141235,0.5016241324571344,0.5434133945623664,0.7281617522239685,748,0.23758789882836356,0.2849331033857599,0
SOX9,cnv->rna,0.18291824004976429,0.1779341938090127,0.1884598244855327,0.001336898395721925,0.3894759294541378,0.37208180979147487,0.40931567048248446,0.559575617313385,748,-0.07912976588739168,0.46860569534152946,0
NME3,cnv->rna,0.16268142139964112,0.15893165161860454,0.16645917531886573,0.0,0.22546606936429858,0.21415347032770737,0.24032181723335244,0.4974382221698761,748,0.25398249378423376,-0.028516424419935182,0
CTHRC1,cnv->rna,0.08718758028657582,0.08396177888940906,0.09027800792158555,0.004010695187165776,0.11776339311997557,0.11170531023622017,0.12688679210744858,0.26594874262809753,748,0.07579817057048262,0.04196522254949295,0
CD4,cnv->rna,0.11985491610488253,0.11655661304058101,0.12325251894065369,0.00267379679144385,0.1734251244519627,0.16276976296986592,0.18567163962619562,0.3684682548046112,748,-0.005130654007015258,0.17855577845897797,0
GCC1,cnv->rna,0.3040078600928347,0.2976711351573762,0.31063118617067575,0.0,0.5322727734143641,0.5082377930941792,0.5592343664376528,0.9321454763412476,748,0.1419857921808998,0.3902869812334643,0
ANKH,cnv->rna,0.14450328223579093,0.1387233409058214,0.1501093998275095,0.029411764705882353,0.2678864472927911,0.25151088302568303,0.2859267241099841,0.44203394651412964,748,0.026460603736767806,0.24142584355602328,0
CTF1,cnv->rna,0.20209928342309713,0.19318846333783665,0.2106865998559653,0.0106951871657754,0.34574469350990666,0.325188759947911,0.36600211170791236,0.6192574501037598,748,0.12000152277431379,0.22574317073559286,0
PXMP4,cnv->rna,0.24563635356714716,0.2378032735375894,0.25306315167262483,0.0,0.45419113662084193,0.43015305628509004,0.4792902625079529,0.7508208751678467,748,0.13881369497099902,0.31537744164984294,0
VWF,cnv->rna,0.04550027784135245,0.04304206665428194,0.04781642709161883,0.08021390374331551,0.06769400471694603,0.06273547705381846,0.07431594437229995,0.13903102278709412,748,-0.11325889989623938,0.18095290461318542,0
CRNKL1,cnv->rna,0.24191056277421127,0.23689279171033495,0.24785622723967732,0.0,0.37400087753886774,0.35640711351501625,0.39205496490266395,0.7422702312469482,748,0.3073378979286825,0.06666297961018525,0
WFDC2,cnv->rna,0.21671584525208673,0.20805798738132708,0.2246037780014255,0.0213903743315508,0.43464928684589055,0.4115359148215044,0.45853226814080816,0.6635280847549438,748,0.05530922821107655,0.379340058634814,0
KDELR2,cnv->rna,0.19241544030197533,0.1866539044347642,0.1981021072605206,0.001336898395721925,0.4517443200685711,0.42850581498918405,0.47646077770485484,0.5900540947914124,748,0.3148282641023909,0.13691605596618023,0
PRR14,cnv->rna,0.302413400170541,0.2965623157496403,0.30822315363716435,0.0,0.5079267533339291,0.4855176949251742,0.5316956120020454,0.9257816076278687,748,0.3526451866845647,0.15528156664936443,0
C1orf116,cnv->rna,0.10698292321291437,0.10158473329987222,0.11240489050360922,0.034759358288770054,0.2288773790113882,0.21367786156703406,0.24650101848538178,0.32751014828681946,748,0.07315343413810016,0.15572394487328803,0
GMFG,cnv->rna,0.08135741225214685,0.07731016408176757,0.08576404804507964,0.02807486631016043,0.1370311113456673,0.12716967312704808,0.14930614285733,0.2500259280204773,748,-0.02971689643661734,0.16674800778228466,0
SLC2A4RG,cnv->rna,0.24007598490113108,0.23504946403615445,0.2451670681032671,0.0,0.38837543632010463,0.36769636865546135,0.41063289222133054,0.7348496317863464,748,0.24270972201003652,0.1456657143100681,0
RSL1D1,cnv->rna,0.23687548769369005,0.2294174830222292,0.24469594181641652,0.00267379679144385,0.5072695036935938,0.48220902433394675,0.5318499704862879,0.726823091506958,748,0.3363984485080172,0.1708710551855766,0
STC1,cnv->rna,0.20877067221365136,0.2034569390741058,0.2141022866142004,0.0,0.4280286249413247,0.40938653016753596,0.4482769084584277,0.6399046182632446,748,0.22054818534142723,0.20748043959989748,0
S100A4,cnv->rna,0.07906229007003893,0.07471346987338438,0.08359639903493646,0.02540106951871658,0.16441164340116166,0.151997199823175,0.17985673848391143,0.2417321503162384,748,0.025708118782234404,0.13870352461892727,0
ZNF880,cnv->rna,0.3039130982479086,0.29492418689878896,0.313660545144931,0.001336898395721925,0.5282102829142672,0.5046607010409914,0.5534421501948354,0.93033766746521,748,-0.0003394183577638871,0.528549701272031,0
CREG1,cnv->rna,0.18723123675961803,0.18259957049024347,0.1919859204252222,0.0,0.4277575425861308,0.4068560188963047,0.4512381156230687,0.5728414058685303,748,0.28095150836940974,0.14680603421672106,0
CD40,cnv->rna,0.10194653631268907,0.09687077583488946,0.1065966056849584,0.013368983957219251,0.15715210103803087,0.1460352235201406,0.1700772487543079,0.31232935190200806,748,-0.06148426888462638,0.21863636992265725,0
PRKAR1A,cnv->rna,0.3224938426141871,0.31398846077781817,0.3304108702496139,0.0,0.4629924617578538,0.4398132282584517,0.48776562477568913,0.991337239742279,748,0.29248348165530097,0.17050898010255283,0
S100A6,cnv->rna,0.14153168552763487,0.1354611563284752,0.14802501378770802,0.0374331550802139,0.29094243565625283,0.2716732726839503,0.3129581308519883,0.4333368241786957,748,0.09212464881826034,0.1988177868379925,0
ECH1,cnv->rna,0.16692999843275588,0.16135412825574041,0.17194928884261465,0.0,0.314449704947794,0.2961606981413544,0.3340129947506102,0.5091906189918518,748,0.19137812958056832,0.12307157536722568,0
GRAMD1A,cnv->rna,0.3586765966847134,0.3513785369558893,0.3668707982931015,0.001336898395721925,0.6137267612020362,0.5902134740180209,0.6374993383697705,1.0961854457855225,748,0.14801852357239492,0.46570823762964125,0
RHOD,cnv->rna,0.20748139127305376,0.20085986500050634,0.2137596422215901,0.001336898395721925,0.3889862375448888,0.3694352743776608,0.41164672119911605,0.6352978944778442,748,0.18676499143346242,0.2022212461114264,0
FCER1A,cnv->rna,0.06140385572325418,0.057611493939046576,0.06507638866240478,0.10962566844919786,0.10104157549911011,0.0932522689064234,0.11036949876849768,0.18809548020362854,748,-0.1265440168751669,0.227585592374277,0
SCGB3A1,cnv->rna,0.130019485608404,0.12492788935040328,0.13500058309908014,0.008021390374331552,0.2575757555927531,0.24349132616730704,0.27454208581011136,0.3986511528491974,748,-0.023736855928803428,0.2813126115215565,1
ACTR3B,methy->rna|CNVdiploid,-0.11977398919623093,-0.1234102239321725,-0.11601935641979966,0.9852941176470589,-0.31344367766598813,-0.33702595750363196,-0.29268928827480367,-0.36503180861473083,748,-0.19187352495737217,-0.12157015270861596,0
AGR2,methy->rna|CNVdiploid,-0.1377313660511684,-0.14235442162320078,-0.13274825941956891,0.9959893048128342,-0.39469857963221566,-0.4247017059978199,-0.36675004507873143,-0.4220910668373108,748,-0.6147023856476289,0.22000380601541325,0
AKT1,methy->rna|CNVdiploid,-0.22270692861365043,-0.22964422940130164,-0.21628131671888137,0.9986631016042781,-0.4721232184130515,-0.4960881609531755,-0.4488657298108512,-0.6877707242965698,748,-0.34566997920356374,-0.12645323920948776,0
AKT2,methy->rna|CNVdiploid,-0.12313644548086616,-0.12700624400323463,-0.11915915654445992,0.9973262032085561,-0.29452871879745174,-0.31498226278548336,-0.27607823854281244,-0.3755800127983093,748,-0.18787072612800562,-0.10665799266944612,0
ALDH1A3,methy->rna|CNVdiploid,-0.12434762743066782,-0.12790453937830387,-0.12111318438340359,0.9919786096256684,-0.23424052901230255,-0.2496991351935485,-0.22146791266175067,-0.38027364015579224,748,-0.25018320248561127,0.015942673473308716,0
ANLN,methy->rna|CNVdiploid,-0.06823015773175832,-0.07196228343609007,-0.06478158583535037,0.9264705882352942,-0.10881740882521333,-0.12044586602975622,-0.10021603971194944,-0.20858219265937805,748,-0.2576849185629298,0.14886750973771645,0
AP2B1,methy->rna|CNVdiploid,-0.06272654825433052,-0.0649885785132406,-0.06052385025650969,0.9879679144385026,-0.10395814577949292,-0.11220612644496816,-0.09840540439636279,-0.1900625228881836,748,-0.0016592934785772102,-0.1022988523009157,0
APC,methy->rna|CNVdiploid,-0.044040477371927345,-0.04613492519281901,-0.041971390379704626,0.9264705882352942,-0.06639655723792108,-0.07305323659404434,-0.061737845903567255,-0.1350279152393341,748,0.03360710858541653,-0.10000366582333761,1
AR,methy->rna|CNVdiploid,-0.1423114703845734,-0.14786387256183953,-0.1372320432788761,0.9959893048128342,-0.34537304690731735,-0.37477825982363294,-0.3196770926174342,-0.4364835023880005,748,-0.219036575674026,-0.12633647123329134,0
ARID1A,methy->rna|CNVdiploid,-0.055954141138451846,-0.05865388726477853,-0.05325460550994296,0.929144385026738,-0.08823693793676059,-0.09618209440181393,-0.08237542167704914,-0.1702936291694641,748,-0.0674023424972245,-0.020834595439536086,0
ARID1B,methy->rna|CNVdiploid,-0.07216598077290384,-0.07456690317980506,-0.06974494896874574,0.9812834224598931,-0.11935169832326688,-0.12904639944091556,-0.11241311773778888,-0.2205960750579834,748,-0.1397368889106041,0.020385190587337218,0
ASPM,methy->rna|CNVdiploid,-0.04712374661787648,-0.049832624862970354,-0.044821294493605536,0.9144385026737968,-0.06975505363512875,-0.07732795926665395,-0.06432891561249673,-0.14421314001083374,748,-0.02509486067682954,-0.04466019295829921,0
ATM,methy->rna|CNVdiploid,-0.05969814407268171,-0.06186255868746872,-0.057617820588383765,0.9812834224598931,-0.09183090327430563,-0.09885278737114836,-0.08708546418269841,-0.1824887990951538,748,0.10013703959633884,-0.19196794287064445,0
AURKA,methy->rna|CNVdiploid,-0.041434445679013464,-0.043856094959608044,-0.038793924706972474,0.8729946524064172,-0.0641560054388334,-0.07145925555129985,-0.058474975864264866,-0.1256006807088852,748,-0.05175450774456793,-0.012401497694265469,0
AURKB,methy->rna|CNVdiploid,-0.049691446328580496,-0.052660319472297046,-0.04666095802877634,0.8770053475935828,-0.07886152034447093,-0.0886559610029074,-0.07193646890562096,-0.15042562782764435,748,-0.023437502464109163,-0.05542401788036176,0
AZGP1,methy->rna|CNVdiploid,-0.15494371897768422,-0.16028219817554576,-0.14929384093022982,0.9919786096256684,-0.2865344239396116,-0.30595737015696917,-0.2690415436840598,-0.47323256731033325,748,-0.16077392253233605,-0.12576050140727554,0
BAG1,methy->rna|CNVdiploid,-0.09747069923380645,-0.10011439821693764,-0.09462104074124171,0.9973262032085561,-0.21052955569954565,-0.22393448995417717,-0.2008138303745666,-0.296586811542511,748,-0.170076650892043,-0.04045290480750266,0
BBC3,methy->rna|CNVdiploid,-0.08360098128260152,-0.08645621221249118,-0.08075140483216396,0.9933155080213903,-0.1447961392703856,-0.15688326444386244,-0.1356353869307276,-0.25420621037483215,748,0.0304369203568443,-0.1752330596272299,0
BCL2,methy->rna|CNVdiploid,-0.06201742445359442,-0.0645453075199544,-0.0595287562210979,0.9866310160427807,-0.10995508438289045,-0.12127814665002758,-0.10219015137331719,-0.18914051353931427,748,-0.19948278151110532,0.08952769712821487,0
BIRC5,methy->rna|CNVdiploid,-0.06472888105231837,-0.06716416555612037,-0.06224163803074707,0.9732620320855615,-0.09693509368909736,-0.10522117810296112,-0.0906163820788754,-0.19739581644535065,748,-0.1852446246094351,0.08830953092033775,0
BLVRA,methy->rna|CNVdiploid,-0.1591604900101462,-0.16419318609751443,-0.154174124743132,1.0,-0.3820491550009937,-0.4089380169601999,-0.35727606712684085,-0.4867110252380371,748,-0.2940038141757609,-0.0880453408252328,0
BRCA1,methy->rna|CNVdiploid,-0.09641169979985731,-0.09947381449241499,-0.09357762918454586,0.9946524064171123,-0.16386503810641825,-0.1771578876552701,-0.15289692968923588,-0.2954426407814026,748,-0.08964368407230984,-0.07422135403410841,0
BRCA2,methy->rna|CNVdiploid,-0.05349777315800541,-0.05562434884876224,-0.051426784914731266,0.9625668449197861,-0.08835239291127854,-0.09648663254964222,-0.08291859067913164,-0.16429322957992554,748,-0.0918293888506726,0.003476995939394059,0
BRD4,methy->rna|CNVdiploid,-0.12575708303655334,-0.12953373112370373,-0.12202997909378427,0.9973262032085561,-0.27652117681515465,-0.29445780326067567,-0.26056786773866547,-0.38485050201416016,748,-0.051642897039152924,-0.22487827977600172,0
BUB1,methy->rna|CNVdiploid,-0.0431396051268085,-0.046126512031730994,-0.040279307473084024,0.8489304812834224,-0.06254947907162524,-0.07034340159595269,-0.056547796617391545,-0.13183310627937317,748,0.11082016980511625,-0.1733696488767415,0
BUB1B,methy->rna|CNVdiploid,-0.0320905091328988,-0.0346471928699343,-0.029596682742166244,0.8048128342245989,-0.05022614073431126,-0.05685903359902336,-0.04519219851050952,-0.09677636623382568,748,-0.0677177197971756,0.01749157906286434,0
CA12,methy->rna|CNVdiploid,-0.10360249164095066,-0.10668594078463689,-0.10058397258072843,0.9973262032085561,-0.2446737806057331,-0.2660443821032853,-0.2275827469037962,-0.31702858209609985,748,-0.47722374615874946,0.23254996555301635,0
CBFB,methy->rna|CNVdiploid,-0.11632137327125451,-0.12134516763644261,-0.11138960294375996,0.9973262032085561,-0.24180604186220334,-0.2597895004660623,-0.22644637224945027,-0.3545321226119995,748,-0.2017220062340421,-0.040084035628161235,0
CCNB1,methy->rna|CNVdiploid,-0.03154861181912157,-0.03422508144357641,-0.02869671476603139,0.8074866310160428,-0.049742473202106126,-0.056189857283998126,-0.04511273709043882,-0.09582143276929855,748,-0.07694285706830664,0.027200383866200516,0
CCNB2,methy->rna|CNVdiploid,-0.021647938705960858,-0.02460038938050975,-0.018699523662265728,0.713903743315508,-0.03554151133640094,-0.04192501866009019,-0.030500039405463752,-0.06526097655296326,748,0.03954984456650273,-0.07509135590290367,0
CCND1,methy->rna|CNVdiploid,-0.10553544371186734,-0.10841135458988983,-0.10290086744272141,1.0,-0.20215735302620338,-0.21664696388475202,-0.19112916700124288,-0.32351788878440857,748,-0.44079263585545997,0.23863528282925658,0
CCNE2,methy->rna|CNVdiploid,-0.026448802883967542,-0.028505271116709262,-0.024360739614077014,0.81951871657754,-0.04542806882401592,-0.050614767553544174,-0.0417182943679039,-0.08013801276683807,748,-0.13695933985414163,0.0915312710301257,0
CD44,methy->rna|CNVdiploid,-0.10434090278967187,-0.10720351513568144,-0.1012415289364771,1.0,-0.24884380706089015,-0.26535961919374085,-0.2344519989716707,-0.3194849491119385,748,-0.11745939226946267,-0.13138441479142748,0
CDC20,methy->rna|CNVdiploid,-0.04286476285387754,-0.046266814806758386,-0.03948737138354261,0.8181818181818182,-0.06415886220935678,-0.07241874313281614,-0.05741909017652895,-0.13049474358558655,748,-0.08072121991460698,0.016562357705250205,0
CDC6,methy->rna|CNVdiploid,-0.05852778106342683,-0.06170658733435834,-0.0553868568748779,0.9184491978609626,-0.09271481471767903,-0.10190831648876619,-0.08551601263150416,-0.17894862592220306,748,-0.18795581271210243,0.0952409979944234,0
CDCA7,methy->rna|CNVdiploid,-0.1081514874471969,-0.11215524916788613,-0.10421533073149017,0.9772727272727273,-0.219783168295971,-0.23889072922930715,-0.2040211926695412,-0.3310660719871521,748,-0.7061259568324196,0.48634278853644863,0
CDH1,methy->rna|CNVdiploid,-0.13745223490625902,-0.14134015864335392,-0.13344880756615984,1.0,-0.3853221555093789,-0.40600443661854363,-0.36452486710674875,-0.42116671800613403,748,-0.3793342909632145,-0.005987864546164401,1
CDH3,methy->rna|CNVdiploid,-0.10497914761966409,-0.10826834200287516,-0.10185116562674632,0.9946524064171123,-0.17977411191435677,-0.19306373288028333,-0.16977670295708866,-0.3216961622238159,748,0.009851848939921956,-0.18962596085427874,0
CDK4,methy->rna|CNVdiploid,-0.16053191206987397,-0.16553444056474742,-0.1555073401112705,1.0,-0.3604361613942753,-0.3835472678795109,-0.3410962888932992,-0.4928571581840515,748,-0.04979718392357404,-0.3106389774707013,0
CDK6,methy->rna|CNVdiploid,-0.12062907194535692,-0.12473716504479489,-0.11632922819202166,0.9973262032085561,-0.2457724975093891,-0.2617290247448608,-0.23176736738618725,-0.36944469809532166,748,-0.576449140291475,0.33067664278208586,0
CDKN1B,methy->rna|CNVdiploid,-0.17993024903006763,-0.1844826301696651,-0.1749084404886544,1.0,-0.353924204793068,-0.37383619288568576,-0.3344996506115208,-0.5519789457321167,748,-0.3373070184968686,-0.016617186296199404,0
CDKN2A,methy->rna|CNVdiploid,-0.07014315564209453,-0.07316275443103572,-0.0672917108011657,0.946524064171123,-0.18688131291880308,-0.20441498441149467,-0.17108997096160616,-0.21353766322135925,748,-0.12105421924812863,-0.06582709367067445,1
CDKN3,methy->rna|CNVdiploid,-0.059702367207189806,-0.06310758812969124,-0.056150883597553394,0.8716577540106952,-0.09200020763309229,-0.10172740100801177,-0.08431499428033283,-0.18248078227043152,748,-0.008666811414115022,-0.08333339621897727,0
CENPA,methy->rna|CNVdiploid,-0.0782861639304774,-0.08206220771832667,-0.07455587946018682,0.9184491978609626,-0.11983354522001985,-0.1320715624178979,-0.11070590738760033,-0.2395959198474884,748,-0.055423825772951796,-0.06440971944706805,0
CENPF,methy->rna|CNVdiploid,-0.03556958577797355,-0.0378427328197547,-0.03336365563629167,0.8823529411764706,-0.054528466745789296,-0.060986215935935506,-0.05038875255550208,-0.10895112156867981,748,-0.11724362591050894,0.06271515916471965,0
CEP55,methy->rna|CNVdiploid,-0.0502711813564042,-0.05339180012717166,-0.04710469081288797,0.8622994652406417,-0.08014410669600662,-0.0891096119897541,-0.07297679951862475,-0.15301689505577087,748,-0.4400098730672307,0.3598657663712241,0
CHEK1,methy->rna|CNVdiploid,-0.07608420885360588,-0.078857181970122,-0.07332072219209382,0.9612299465240641,-0.11013645230632406,-0.1198536175165746,-0.10313878389595345,-0.23330368101596832,748,-0.2514458281495645,0.14130937584324044,0
CHEK2,methy->rna|CNVdiploid,-0.04353646043681418,-0.046828174469417706,-0.03991699824402683,0.8288770053475936,-0.07803043695443392,-0.08716760208607452,-0.07026398323593369,-0.13164904713630676,748,-0.04198875052968491,-0.036041686424749,0
DLGAP5,methy->rna|CNVdiploid,-0.04091263065320471,-0.043814258423520575,-0.03780826150865291,0.8155080213903744,-0.06249432711841321,-0.0705803481049103,-0.0563551356250628,-0.12466173619031906,748,0.016460349583937942,-0.07895467670235115,0
DNMT1,methy->rna|CNVdiploid,-0.044403099859799074,-0.046871371942643056,-0.041807074687196105,0.9064171122994652,-0.0868053258565779,-0.09503321236848876,-0.08036712562393562,-0.13450764119625092,748,-0.0448396048060588,-0.04196572105051909,0
DNMT3A,methy->rna|CNVdiploid,-0.10122516894623398,-0.10498053500313625,-0.09707510830565053,0.9906417112299465,-0.23556559687369297,-0.25329601809189545,-0.2208580851576381,-0.30778127908706665,748,-0.1786471774638244,-0.056918419409868554,0
DNMT3B,methy->rna|CNVdiploid,-0.062396897168069704,-0.0658512221011412,-0.059052393996343926,0.8943850267379679,-0.12785165636965182,-0.14051180793807025,-0.11774637775666612,-0.1902531385421753,748,-0.1872464803470355,0.05939482397738369,0
E2F1,methy->rna|CNVdiploid,-0.03225409844475209,-0.03535024874635521,-0.029155203978284746,0.767379679144385,-0.05723647797502716,-0.06477193915090453,-0.05159535074731381,-0.09680953621864319,748,-0.024844786570082475,-0.03239169140494468,0
EGFR,methy->rna|CNVdiploid,-0.09203306189609556,-0.09572153358213703,-0.08843041610604803,0.9772727272727273,-0.14500204877829023,-0.15649556545408402,-0.13736159492939018,-0.28213435411453247,748,-0.2775582189790141,0.13255617020072388,0
EGLN1,methy->rna|CNVdiploid,-0.057630019804542465,-0.06013863562029906,-0.05516738141806685,0.9558823529411765,-0.13081868639238745,-0.14130145177162706,-0.1218682687740339,-0.17629121243953705,748,0.0804833487719783,-0.21130203516436574,0
ERBB2,methy->rna|CNVdiploid,-0.17712133313950862,-0.18287827887261496,-0.1711095210375661,0.9919786096256684,-0.3995650956196653,-0.4237108533409308,-0.3775236841866307,-0.5453683137893677,748,-0.5017091706322516,0.10214407501258632,0
ERBB3,methy->rna|CNVdiploid,-0.133692358995401,-0.13714127658637043,-0.13012413342712853,1.0,-0.24708767769077605,-0.2621411375695165,-0.2343665707097482,-0.41098785400390625,748,-0.3930625653338384,0.14597488764306232,0
ESM1,methy->rna|CNVdiploid,-0.13348482623949495,-0.13830377602194907,-0.12904984807971623,0.9906417112299465,-0.3631849075068302,-0.38411624227416313,-0.34518562920326556,-0.4088538885116577,748,-0.1976432936857264,-0.1655416138211038,0
ESR1,methy->rna|CNVdiploid,-0.12936516852921567,-0.13489663231683252,-0.12443161324672912,0.9946524064171123,-0.2635201621852772,-0.28626548076553343,-0.2431077326455117,-0.3964410424232483,748,-0.5714250732895957,0.3079049111043185,0
EXO1,methy->rna|CNVdiploid,-0.04053348858625779,-0.04325976066052069,-0.03790312108282231,0.8609625668449198,-0.06281398937862975,-0.0700717735163685,-0.05751291227632243,-0.12361511588096619,748,-0.26627809892717097,0.20346410954854122,0
EXT1,methy->rna|CNVdiploid,-0.13020371476486292,-0.13459893408493737,-0.125836865378518,0.9893048128342246,-0.28327230283665183,-0.30338671273810924,-0.26704930361673496,-0.39851871132850647,748,-0.32551267018768687,0.042240367351035035,0
EZH2,methy->rna|CNVdiploid,-0.021708733899977038,-0.02435990942857181,-0.01920964552356954,0.7379679144385026,-0.04226862864396632,-0.04901312711281314,-0.036841627721740815,-0.06533785909414291,748,-0.06073093269818598,0.018462304054219662,0
F12,methy->rna|CNVdiploid,-0.08368065116417374,-0.08770464140630896,-0.07923662849367635,0.9411764705882353,-0.20320229455521024,-0.22073667745704909,-0.1877654436753164,-0.25496673583984375,748,0.03144153117327839,-0.23464382572848863,0
FGF19,methy->rna|CNVdiploid,-0.07811324921010789,-0.07985394151024719,-0.07643200489483631,0.9986631016042781,-0.39944215087372353,-0.4188097341757313,-0.3830287540522293,-0.23884451389312744,748,0.1878340479634411,-0.5872761988371646,0
FGF3,methy->rna|CNVdiploid,-0.08253035891606886,-0.08450572379838606,-0.08069900389412628,0.9946524064171123,-0.4219211456008453,-0.44221469301563415,-0.4033270262198786,-0.25219297409057617,748,0.084514971755062,-0.5064361173559073,0
FGF4,methy->rna|CNVdiploid,-0.07774137286573098,-0.07951614643500744,-0.07582735475027912,0.9973262032085561,-0.43448471910144154,-0.4564483985429316,-0.4150415266353432,-0.23741048574447632,748,-0.023291882986274232,-0.4111928361151673,0
FGFR1,methy->rna|CNVdiploid,-0.24269547278668283,-0.247476084094429,-0.23704437563514671,1.0,-0.5299658054004583,-0.5510615108591356,-0.5087191882974298,-0.7458736896514893,748,-0.38531579320573667,-0.14465001219472168,0
FGFR2,methy->rna|CNVdiploid,-0.3160009722311279,-0.32303631362974755,-0.3093205611952906,1.0,-0.6022644801434149,-0.6226257224459715,-0.58189378638645,-0.9739892482757568,748,-0.5019496246769275,-0.10031485546648744,0
FGFR4,methy->rna|CNVdiploid,-0.16351000921159098,-0.16778404005508288,-0.15944226095456018,1.0,-0.5836688726976221,-0.6078609685013662,-0.5605769713348948,-0.5006197094917297,748,-0.18804118602768444,-0.3956276866699377,0
FLT1,methy->rna|CNVdiploid,-0.07587530475741487,-0.07815436161833432,-0.0736690995577026,0.983957219251337,-0.11865695541506512,-0.1281363361220038,-0.1124281434033597,-0.23222514986991882,748,-0.0010531692178565543,-0.11760378619720856,0
FOXA1,methy->rna|CNVdiploid,-0.10556454618277572,-0.10896322669745925,-0.10222621602265909,0.9946524064171123,-0.280593747430595,-0.30602128439760884,-0.258892140193508,-0.3227100968360901,748,-0.4203990877656402,0.13980534033504521,0
FOXC1,methy->rna|CNVdiploid,-0.09790871647811608,-0.10208965813420064,-0.09397394656481754,0.9906417112299465,-0.1733932115111471,-0.18280259684739741,-0.16575135908588448,-0.2995283603668213,748,-0.4828988310079408,0.30950561949679367,0
FOXM1,methy->rna|CNVdiploid,-0.018994869987638878,-0.02143969603077251,-0.01647049681235961,0.6844919786096256,-0.02806814043969505,-0.03320820623632495,-0.023934202345087984,-0.05698319524526596,748,-0.022153785975268285,-0.0059143544644267645,0
GABRP,methy->rna|CNVdiploid,-0.1262880328861306,-0.12992323197786937,-0.12239642406624132,0.9973262032085561,-0.21073815915335775,-0.2224708442935269,-0.20210770316193383,-0.3870433270931244,748,-0.43523790968790027,0.22449975053454252,0
GATA3,methy->rna|CNVdiploid,-0.08095731069993745,-0.08389788144435661,-0.077702156515311,0.9719251336898396,-0.16675495012984085,-0.1839232730987526,-0.15202609723134486,-0.24724610149860382,748,-0.21569711300597458,0.04894216287613373,0
GMPS,methy->rna|CNVdiploid,-0.07573633932296032,-0.07931277981274903,-0.07237443679508318,0.9545454545454546,-0.13900302310140686,-0.15196354895367045,-0.1286525672203111,-0.2313578575849533,748,-0.1726087874097562,0.03360576430834933,0
GPR160,methy->rna|CNVdiploid,-0.11667344419185217,-0.1216643051991929,-0.11137949233535498,0.9665775401069518,-0.2692768508255886,-0.29320118176513404,-0.24723033367408917,-0.3579809367656708,748,-0.47523511149758857,0.20595826067199996,0
GPR18,methy->rna|CNVdiploid,-0.05998553964209787,-0.06297429570004363,-0.057215240113711104,0.9692513368983957,-0.10486710207016263,-0.1134389415594492,-0.0990346231788166,-0.18272344768047333,748,-0.48702326177299454,0.3821561597028319,0
GRB7,methy->rna|CNVdiploid,-0.12695495100441237,-0.1317748814053068,-0.12179909399165352,0.9719251336898396,-0.28954880530228877,-0.31198507711726176,-0.2708881194016543,-0.3896341919898987,748,-0.3903596221631419,0.10081081686085314,0
GREB1,methy->rna|CNVdiploid,-0.11598240551845887,-0.12077697668514675,-0.11156766531300344,0.9906417112299465,-0.23859377363311307,-0.2584545553905783,-0.22213374369739425,-0.35546621680259705,748,-0.5084179417024817,0.2698241680693686,0
GSTM1,methy->rna|CNVdiploid,-0.29325998338879833,-0.29946602546615436,-0.2872304990233755,1.0,-0.8246464067022926,-0.8379450195527544,-0.8104777423466675,-0.9046459197998047,748,-0.4914487061526505,-0.3331977005496421,0
GSTP1,methy->rna|CNVdiploid,-0.19588041496840797,-0.2018811647909697,-0.18992968829250842,0.9986631016042781,-0.321487129702256,-0.3370952582646685,-0.3077440996816079,-0.5998255610466003,748,-0.21281676831197618,-0.10867036139027983,1
HOXB13,methy->rna|CNVdiploid,-0.10794226311167134,-0.11088087859263984,-0.10528514381579444,0.9986631016042781,-0.3726060334274932,-0.3956469709516335,-0.3533033177074206,-0.33097711205482483,748,-0.055252648800117155,-0.31735338462737606,0
HTATIP2,methy->rna|CNVdiploid,-0.11648874992580252,-0.1197887071107488,-0.11286541558408993,1.0,-0.30576712082206375,-0.3253747263927803,-0.28941210784980725,-0.35583144426345825,748,-0.29152518199856536,-0.01424193882349839,0
IGF1R,methy->rna|CNVdiploid,-0.09331300985815133,-0.0956590991733343,-0.09108395628044784,1.0,-0.16847953660718293,-0.18245174533415376,-0.15768145165524103,-0.28612345457077026,748,-0.14664083893171767,-0.021838697675465257,0
IGFBP3,methy->rna|CNVdiploid,-0.10347377466769979,-0.10648475202997613,-0.10028262205935626,0.9986631016042781,-0.2037089938721527,-0.2166119108306653,-0.1932381156045283,-0.3160873055458069,748,-0.21618639369025192,0.012477399818099227,0
IGFBP5,methy->rna|CNVdiploid,-0.21089521817383214,-0.21621749970288437,-0.20544197511201315,1.0,-0.4922524675780166,-0.5174825181198924,-0.47054448985980013,-0.6466768383979797,748,-0.3729418434108552,-0.11931062416716143,0
IL17RB,methy->rna|CNVdiploid,-0.12324570344938232,-0.1264678685894582,-0.12006975502740112,0.9986631016042781,-0.31730472884458466,-0.3353831796407106,-0.30301353061822567,-0.3773129880428314,748,-0.2448601514287016,-0.07244457741588306,0
IL25,methy->rna|CNVdiploid,-0.06549688086437423,-0.06821513147739969,-0.06295065013628802,0.9598930481283422,-0.20200490805010463,-0.21487191045763407,-0.18961396836684957,-0.1990705132484436,748,0.19433734408353603,-0.39634225213364066,0
IL6ST,methy->rna|CNVdiploid,-0.13916588058083446,-0.14240350306499125,-0.13612046490517177,1.0,-0.24781862609484,-0.26442727260440035,-0.2336954151880689,-0.4286688566207886,748,-0.6367855348627255,0.3889669087678855,0
JUP,methy->rna|CNVdiploid,-0.17117883847642912,-0.1764104872054745,-0.1658963300843498,0.9986631016042781,-0.375730422660986,-0.399869444816451,-0.3568913786240836,-0.5264529585838318,748,-0.5032703441798867,0.1275399215189007,0
KIF23,methy->rna|CNVdiploid,-0.029942338779293098,-0.03301608590398576,-0.026874969040708532,0.7526737967914439,-0.04330790103766541,-0.050370961347693796,-0.03840497782708245,-0.09080003947019577,748,0.13485902180836626,-0.17816692284603167,0
KIF2C,methy->rna|CNVdiploid,-0.03984226168696926,-0.042937687175066595,-0.03645966555127927,0.8128342245989305,-0.058238064680889975,-0.06629677643755692,-0.05217850666431381,-0.12123921513557434,748,-0.07571991341704609,0.017481848736156116,0
KRT5,methy->rna|CNVdiploid,-0.07838431997880432,-0.08271762935395947,-0.0742913429709832,0.9251336898395722,-0.10628447470348808,-0.11507036081381146,-0.09988283512722755,-0.23904845118522644,748,-0.14761125709150905,0.04132678238802097,0
LIN9,methy->rna|CNVdiploid,-0.03693353098011186,-0.039650485911878676,-0.034239997774783405,0.8221925133689839,-0.0746936549727874,-0.08314752856646158,-0.06813469966939598,-0.11239564418792725,748,-0.23968750952266196,0.16499385454987456,0
LMO1,methy->rna|CNVdiploid,-0.08951072309937314,-0.09160366441873452,-0.0872110136312685,0.9986631016042781,-0.3883915704126975,-0.4128043352292089,-0.36596949827779357,-0.273274302482605,748,-0.10250851129400107,-0.28588305911869644,0
LOX,methy->rna|CNVdiploid,-0.05357217215617484,-0.05602079939134829,-0.051048218136403874,0.9558823529411765,-0.06835952863544283,-0.07471917365556728,-0.06452743290223281,-0.16402186453342438,748,-0.11906860873499502,0.05070908009955219,0
MAP2K4,methy->rna|CNVdiploid,-0.10904557587115721,-0.11190801987668736,-0.1064983116724782,1.0,-0.19058279940184783,-0.2039418489115827,-0.1817121930499017,-0.3337671458721161,748,-0.1139576117884072,-0.07662518761344063,0
MAP3K1,methy->rna|CNVdiploid,-0.11706143532956016,-0.12019484714756193,-0.1140945824572286,1.0,-0.18946362624501448,-0.2027708199624345,-0.17965710493723572,-0.3589160442352295,748,-0.12402078361940788,-0.0654428426256066,0
MCM2,methy->rna|CNVdiploid,-0.08706006008065878,-0.09084352172130394,-0.08325174709381296,0.9478609625668449,-0.15651561848774026,-0.16964145013880155,-0.1460956094988611,-0.2660863697528839,748,-0.07746072500306589,-0.07905489348467437,0
MCM6,methy->rna|CNVdiploid,-0.04761670820644115,-0.04998402226892771,-0.045339309519459574,0.9251336898395722,-0.07790315524675136,-0.08596021800788273,-0.07260752184549424,-0.14554986357688904,748,-0.10965818472377466,0.0317550294770233,0
MDM2,methy->rna|CNVdiploid,-0.08905849604945838,-0.09181132039496766,-0.08612977307994142,1.0,-0.17547024650272464,-0.19011649714580664,-0.16535085644578867,-0.27286210656166077,748,-0.19840220063910283,0.02293195413637819,0
MDM4,methy->rna|CNVdiploid,-0.07990303366422594,-0.08237011431663155,-0.07728426312066639,0.9973262032085561,-0.1501245343621623,-0.16086040992244183,-0.14183687667737363,-0.2450239360332489,748,0.1995728170110716,-0.3496973513732339,0
MELK,methy->rna|CNVdiploid,-0.06695439197191945,-0.06962700209563034,-0.06433167666396557,0.946524064171123,-0.10174644292046187,-0.11093327357318943,-0.09501282950188329,-0.20500722527503967,748,-0.21466256861594277,0.1129161256954809,0
MGP,methy->rna|CNVdiploid,-0.2089989431341031,-0.21420492131861799,-0.20367618116707337,1.0,-0.45238952095561724,-0.4742293665403996,-0.43260179403164245,-0.641708254814148,748,-0.27161315269616804,-0.1807763682594492,0
MIA,methy->rna|CNVdiploid,-0.13621466798349258,-0.13956883529420805,-0.13274321440090497,0.9986631016042781,-0.4703317124546087,-0.4894976226505986,-0.45320043561705936,-0.41706565022468567,748,-0.4294218042214153,-0.040909908233193404,0
MKI67,methy->rna|CNVdiploid,-0.02539743151965613,-0.028137843055947756,-0.022446726522117492,0.7366310160427807,-0.04089752681196688,-0.04766016574357578,-0.03545833806106916,-0.07719928026199341,748,-0.05092671006022046,0.010029183248253581,0
MLPH,methy->rna|CNVdiploid,-0.12468413877821363,-0.1278038359651375,-0.12127547741529457,1.0,-0.3207013845910624,-0.3445954634853302,-0.29920042479059755,-0.38183653354644775,748,-0.5327704368949062,0.21206905230384382,0
MMP2,methy->rna|CNVdiploid,-0.05087898593693108,-0.053148863590352535,-0.04853955238780717,0.9505347593582888,-0.06655843103296313,-0.07281652565594965,-0.06243576449759327,-0.15556076169013977,748,-0.08246822492701003,0.015909793894046897,0
MMP9,methy->rna|CNVdiploid,-0.04878263697700505,-0.05164335114884197,-0.04618797192823266,0.9451871657754011,-0.10204937901129316,-0.1108617271638728,-0.09480221377977541,-0.14908987283706665,748,-0.0963181313102162,-0.005731247701076955,0
MTDH,methy->rna|CNVdiploid,-0.03541531106726883,-0.03768006616077695,-0.033202881547363,0.8850267379679144,-0.06433583396197416,-0.07145289807626026,-0.059539601793429126,-0.10688537359237671,748,-0.4044818385943193,0.3401460046323451,0
MTOR,methy->rna|CNVdiploid,-0.06187551688382555,-0.0638957857991255,-0.05979677573185335,0.9799465240641712,-0.10269542360332001,-0.11131863235914258,-0.0970213464727741,-0.1891150325536728,748,0.037582256355138295,-0.1402776799584583,0
MYBL2,methy->rna|CNVdiploid,-0.05903157342653621,-0.06264281158716088,-0.05542724978219931,0.8743315508021391,-0.09009374996629102,-0.10025495872169005,-0.08259038036729155,-0.180417001247406,748,-0.3570800821368778,0.26698633217058676,0
MYC,methy->rna|CNVdiploid,-0.07453705466032001,-0.07778830561851738,-0.07151053633272553,0.9705882352941176,-0.20082031040771106,-0.2180186680330416,-0.18618520574380582,-0.22744935750961304,748,0.0862710173995999,-0.28709132780731095,0
NCOA3,methy->rna|CNVdiploid,-0.0601273514373135,-0.06290262610830741,-0.05739257503118085,0.9625668449197861,-0.09823332566891904,-0.1071072553223924,-0.0923816147759075,-0.18452948331832886,748,-0.05100794143496011,-0.04722538423395893,0
NCOR1,methy->rna|CNVdiploid,-0.07820938124405237,-0.08065860839245517,-0.0756678274349231,0.9852941176470589,-0.1261513006333822,-0.13633056756914466,-0.11841917224977468,-0.23908951878547668,748,0.05931521865074657,-0.18546651928412877,0
NDC80,methy->rna|CNVdiploid,-0.0448741306033261,-0.04824705882565598,-0.041629449266875194,0.8288770053475936,-0.07141970714079997,-0.0805607271102281,-0.06407925966962548,-0.1363823115825653,748,-0.16761955352477437,0.0961998463839744,0
NDRG1,methy->rna|CNVdiploid,-0.15144111636142893,-0.15629580555340827,-0.1466587340718309,0.9959893048128342,-0.39300612812114133,-0.4115036501633509,-0.37716322077841047,-0.46336662769317627,748,-0.4445819518910122,0.051575823769870854,0
NEK2,methy->rna|CNVdiploid,-0.06700361199032037,-0.07014852945000986,-0.06377431899649275,0.9318181818181818,-0.10543934429001685,-0.11592722146826,-0.09831403751327893,-0.20535248517990112,748,-0.04159928149371339,-0.06384006279630346,0
NF1,methy->rna|CNVdiploid,-0.05816683145870792,-0.060577020789137605,-0.05576506803583341,0.9572192513368984,-0.0922156495768335,-0.10174056132574302,-0.08629177914648485,-0.1774924248456955,748,-0.2608574563706802,0.16864180679384672,0
NMU,methy->rna|CNVdiploid,-0.04744280910093682,-0.050696284439472425,-0.04401392391759573,0.839572192513369,-0.11941102441786527,-0.1326121967556501,-0.10807367339521133,-0.14365796744823456,748,0.059843221296803896,-0.17925424571466916,0
NOTCH3,methy->rna|CNVdiploid,-0.2108188280610388,-0.21693177033941438,-0.20460289167719206,1.0,-0.4199781271912275,-0.44036215932877354,-0.4017968267191424,-0.6475293636322021,748,-0.22751441589892132,-0.1924637112923062,0
NUF2,methy->rna|CNVdiploid,-0.05575655726728374,-0.05910635338120562,-0.052167750579906164,0.8636363636363636,-0.08692097325776278,-0.0963646124504908,-0.07915540446228612,-0.1706869751214981,748,0.12568558237781513,-0.2126065556355779,0
NUSAP1,methy->rna|CNVdiploid,-0.05095214343707803,-0.0533389311911847,-0.048657449499359275,0.9438502673796791,-0.16344959262471845,-0.1769649953028563,-0.15265365088199792,-0.1549443006515503,748,0.05796105298548239,-0.22141064561020085,0
OXCT1,methy->rna|CNVdiploid,-0.14910398251148782,-0.15289462227519887,-0.14531611094752836,1.0,-0.3455072263171897,-0.36697010918363654,-0.3270181302576498,-0.45615124702453613,748,-0.17574237444944366,-0.16976485186774606,0
PAK1,methy->rna|CNVdiploid,-0.24482756367101832,-0.25176784364264954,-0.23837857671819523,1.0,-0.5248123393955721,-0.5483626129068102,-0.5024535669364895,-0.7506663799285889,748,-0.32592074817049477,-0.19889159122507738,0
PCOLCE,methy->rna|CNVdiploid,-0.08958207136036667,-0.09209400638141095,-0.08715439826646634,0.9946524064171123,-0.13387885009714126,-0.14462194370999698,-0.12665380889170236,-0.27399230003356934,748,-0.36043074936416303,0.22655189926702177,0
PGR,methy->rna|CNVdiploid,-0.09862604551946948,-0.10258277634153957,-0.09497809326782516,0.9906417112299465,-0.17591245385877785,-0.19111757775486643,-0.16179297893697123,-0.3011740744113922,748,0.01729097183415241,-0.19320342569293025,0
PHGDH,methy->rna|CNVdiploid,-0.11524090012610158,-0.11854838056863454,-0.11215473819441875,1.0,-0.2502482132100153,-0.2713971319331725,-0.23483338342830376,-0.35132890939712524,748,-0.22523704138958642,-0.025011171820428862,0
PIK3CA,methy->rna|CNVdiploid,-0.053045873093475214,-0.054920345946957376,-0.051059201148378246,0.9732620320855615,-0.08553413698329591,-0.09232202142878508,-0.08037464872277233,-0.16253454983234406,748,-0.002815399736785113,-0.0827187372465108,0
PIK3R1,methy->rna|CNVdiploid,-0.1650642963278202,-0.16966321448762708,-0.160593919212142,1.0,-0.2680968861867317,-0.284043443839716,-0.2551327259979392,-0.5080604553222656,748,-0.3267958277065624,0.05869894151983068,0
PITX2,methy->rna|CNVdiploid,-0.07478733968401391,-0.07703552695405635,-0.07257274342927444,0.9919786096256684,-0.19767897297992335,-0.2099743449719574,-0.18753134971695537,-0.22800573706626892,748,0.07221605997630048,-0.26989503295622386,0
PLAT,methy->rna|CNVdiploid,-0.28600354839303926,-0.2938069776686945,-0.2785519755574494,1.0,-0.5142685174611612,-0.5409759904648106,-0.4913736172235493,-0.8836140036582947,748,-0.5801459624293566,0.06587744496819536,0
PLAU,methy->rna|CNVdiploid,-0.06690593282403691,-0.0690083724040106,-0.06492584485652791,0.9893048128342246,-0.10575800001968634,-0.11403866964024482,-0.10017173075338039,-0.2049005925655365,748,-0.11985719449770266,0.014099194478016316,0
PLK1,methy->rna|CNVdiploid,-0.05127072129730607,-0.05418292362775107,-0.04832877670505844,0.8863636363636364,-0.0804457402178946,-0.08884710476935105,-0.07338177281550937,-0.15672115981578827,748,-0.20380768413250183,0.12336194391460722,0
PPM1D,methy->rna|CNVdiploid,-0.03608384472214237,-0.038452141036929226,-0.03376149986772433,0.8516042780748663,-0.07279267401469544,-0.08003223333832309,-0.0669466182624243,-0.10986079275608063,748,-0.04556002007931772,-0.027232653935377722,0
PRC1,methy->rna|CNVdiploid,-0.05963003877600166,-0.062378208760810024,-0.056930543170354134,0.9438502673796791,-0.1588831263521301,-0.1737335061973638,-0.14836800771706818,-0.18152764439582825,748,-0.03597826582038846,-0.12290486053174163,0
PTEN,methy->rna|CNVdiploid,-0.08907275130103198,-0.09169808544091855,-0.08648222878906828,0.9959893048128342,-0.15249541706580777,-0.16360816291252325,-0.14471308403748914,-0.27289190888404846,748,-0.016899423371932426,-0.13559599369387534,0
PTTG1,methy->rna|CNVdiploid,-0.04786167531324063,-0.05077813740900519,-0.04521337452571825,0.8810160427807486,-0.07601508156191755,-0.08483423323881792,-0.07017529122826434,-0.1456855684518814,748,-0.029594456447553274,-0.046420625114364275,0
RACGAP1,methy->rna|CNVdiploid,-0.03951813069889372,-0.04197463456029571,-0.03676202210307071,0.8529411764705882,-0.06070288036824656,-0.0676567690975461,-0.055548989807206905,-0.12065288424491882,748,-0.050544093941432604,-0.010158786426813955,0
RAD51,methy->rna|CNVdiploid,-0.02609776101058927,-0.02946719545308501,-0.02271389492293745,0.713903743315508,-0.0399093506454519,-0.04708492144818115,-0.03424877018836632,-0.07876797765493393,748,-0.017114172075150404,-0.0227951785703015,0
RASSF1,methy->rna|CNVdiploid,-0.10705959357594351,-0.11039388001267571,-0.10398457180169837,0.9986631016042781,-0.2187585646026325,-0.23473929832954588,-0.20659128285926523,-0.32717838883399963,748,-0.1007114497844874,-0.11804711481814509,1
RASSF7,methy->rna|CNVdiploid,-0.07380648761773531,-0.07655486841469218,-0.07111322512426006,0.9786096256684492,-0.1221186804022285,-0.13207549229501256,-0.1157303151900785,-0.22375673055648804,748,0.03230668975782469,-0.1544253701600532,0
RB1,methy->rna|CNVdiploid,-0.1221472461289542,-0.12581389474281798,-0.11829142469694359,0.9973262032085561,-0.19763925942518557,-0.21362997248219714,-0.18592073881713556,-0.37385526299476624,748,-0.0674770076930671,-0.13016225173211848,0
RBBP8,methy->rna|CNVdiploid,-0.09031946251132325,-0.09337892433092224,-0.08725185194177992,0.9852941176470589,-0.19272286096797633,-0.20580293301724206,-0.18212351040805586,-0.27590063214302063,748,-0.18325089911490486,-0.009471961853071476,0
RFC4,methy->rna|CNVdiploid,-0.03599970064602408,-0.03880696729365209,-0.03306401944969517,0.8048128342245989,-0.07167054047460479,-0.08001580500101922,-0.06445039566756634,-0.1085290014743805,748,-0.06929063554569287,-0.0023799049289119217,0
RRM2,methy->rna|CNVdiploid,-0.04602274460354471,-0.048383644893232144,-0.04351979046470777,0.9117647058823529,-0.08090664239693811,-0.08915572668098401,-0.0746655428924058,-0.14042609930038452,748,-0.3171852356628846,0.23627859326594647,0
RSF1,methy->rna|CNVdiploid,-0.04927336277669286,-0.05138382967974228,-0.04719071981718942,0.946524064171123,-0.09132802285068099,-0.09939729316028448,-0.08517792959246878,-0.1501101851463318,748,0.008048328969464665,-0.09937635182014566,0
RSPO2,methy->rna|CNVdiploid,-0.058361363407754,-0.06106876136375564,-0.05565808211921722,0.9572192513368984,-0.29277732603879786,-0.31275445015886705,-0.2746278216658954,-0.17725351452827454,748,-0.13990735465703524,-0.15286997138176261,0
RUNDC1,methy->rna|CNVdiploid,-0.0756824856262933,-0.07835874170403277,-0.07308504317825806,0.9852941176470589,-0.11914379055761572,-0.127338353036897,-0.11330492347525932,-0.2298586517572403,748,-0.017385349408209145,-0.10175844114940658,0
RUNX1,methy->rna|CNVdiploid,-0.09441539352467541,-0.09768579920219281,-0.09116487931970628,0.9959893048128342,-0.15699938963443874,-0.1681672330869776,-0.1489753061532845,-0.2882212996482849,748,0.0030841542992400407,-0.16008354393367877,0
SCG5,methy->rna|CNVdiploid,-0.15452810534294328,-0.15810484325061175,-0.1511081003811673,0.9986631016042781,-0.3358315517747597,-0.35170251840457956,-0.3227220869439667,-0.4744200110435486,748,-0.46904630151084903,0.13321474973608932,0
SCUBE2,methy->rna|CNVdiploid,-0.1804212220238502,-0.18516292141889176,-0.17578111119268286,1.0,-0.3703254720385282,-0.3970594354612784,-0.34665945074954735,-0.5544214248657227,748,-0.6739257638136275,0.30360029177509923,0
SEC14L2,methy->rna|CNVdiploid,-0.127802235293144,-0.13262854957117956,-0.12315121536134825,0.9959893048128342,-0.2584704724401294,-0.2746509383165738,-0.24668737910449332,-0.3908553719520569,748,-0.20407276851635925,-0.054397703923770135,0
SERPINB5,methy->rna|CNVdiploid,-0.11130988967414854,-0.1160196276333842,-0.10662760510223186,0.9772727272727273,-0.1548166837342501,-0.16496524419775957,-0.1472959833188365,-0.3401476740837097,748,0.03018240639840716,-0.18499909013265725,0
SERPINE1,methy->rna|CNVdiploid,-0.11884854392575203,-0.1218185511118265,-0.11604930396216884,1.0,-0.22487739701566647,-0.23980752488850887,-0.21350249582837286,-0.36319151520729065,748,-0.012078930516838277,-0.2127984664988282,0
SFRP1,methy->rna|CNVdiploid,-0.0932013046910734,-0.0968840191495516,-0.08921916284448066,0.9879679144385026,-0.1304991425500958,-0.13854909320272046,-0.1245671946159889,-0.2855865955352783,748,-0.12328746561017516,-0.007211676939920628,1
SFRP2,methy->rna|CNVdiploid,-0.05061415777838026,-0.052613065489119586,-0.04859198084731923,0.9598930481283422,-0.07425310543347832,-0.08092969997775228,-0.06965002014596575,-0.15386103093624115,748,0.005526715502407163,-0.07977982093588548,1
SIAH2,methy->rna|CNVdiploid,-0.03434849272282054,-0.03664063226463877,-0.03226091545663065,0.8903743315508021,-0.06588617224160062,-0.07238386649249132,-0.06166341148135135,-0.10277780145406723,748,-0.08526435622615836,0.019378183984557734,0
SLC2A3,methy->rna|CNVdiploid,-0.08281385830662474,-0.08544175896918113,-0.08037752386105455,1.0,-0.15030716044877798,-0.15949413096215267,-0.14330219785417495,-0.2535666823387146,748,-0.31795104364504023,0.16764388319626225,0
SLC39A6,methy->rna|CNVdiploid,-0.12619686355306345,-0.12984086431836198,-0.1223415226642295,0.9986631016042781,-0.23885772146717,-0.25631727395661424,-0.2251203497739811,-0.3872067928314209,748,-0.6981988247156166,0.45934110324844657,0
SMAD3,methy->rna|CNVdiploid,-0.13297857100246957,-0.1365410859994256,-0.12943122133903256,1.0,-0.2647417794265244,-0.2822227931713139,-0.25039640132496643,-0.4077112078666687,748,-0.3189766842442415,0.054234904817717144,0
SMAD4,methy->rna|CNVdiploid,-0.08067652640553813,-0.08314360882705094,-0.07793614969168289,0.9879679144385026,-0.1402344244142396,-0.15081116263334537,-0.13190872154058128,-0.24639543890953064,748,0.058422433789063664,-0.19865685820330328,0
SNAI2,methy->rna|CNVdiploid,-0.09450037991134168,-0.09696548423612904,-0.09193535401068967,0.9959893048128342,-0.1402155667684017,-0.14951405693753578,-0.13366132813715845,-0.2895282506942749,748,-0.1329431015939557,-0.007272465174445991,0
STC2,methy->rna|CNVdiploid,-0.1757431662737337,-0.18019552428828892,-0.17117640448813748,1.0,-0.32783787860125996,-0.34592528224060476,-0.311347295906336,-0.5407587289810181,748,-0.5093732670368132,0.18153538843555322,0
TBX3,methy->rna|CNVdiploid,-0.16285681493460813,-0.16653697877813964,-0.15898488095868543,1.0,-0.3449071416793781,-0.3678198703652554,-0.3251557650242751,-0.49950748682022095,748,-0.3811268291288426,0.03621968744946452,0
TFF3,methy->rna|CNVdiploid,-0.1805382121647144,-0.1872844685173173,-0.17340705658503244,0.9946524064171123,-0.42498070242557023,-0.4556505619720936,-0.3958731249255368,-0.55450838804245,748,-0.578792498051723,0.15381179562615271,0
TGFB1,methy->rna|CNVdiploid,-0.10196788126997874,-0.10462243974019994,-0.09910184296799256,1.0,-0.17368999000333743,-0.18517794925198489,-0.16497607026370442,-0.31266894936561584,748,-0.15822231801643305,-0.01546767198690438,0
TMEM45B,methy->rna|CNVdiploid,-0.21639383500358902,-0.2222678962772224,-0.21029073142302981,1.0,-0.5277665805660386,-0.5569875109751801,-0.497634259074503,-0.6647070050239563,748,-0.35858740216357604,-0.1691791784024626,0
TOP2A,methy->rna|CNVdiploid,-0.04539551006560753,-0.04839540183926867,-0.0423515125816404,0.839572192513369,-0.06440282745103419,-0.0720680211517975,-0.0585552324801019,-0.1386065036058426,748,0.065015063359182,-0.1294178908102162,0
TP53,methy->rna|CNVdiploid,-0.17216089882426389,-0.176036964138411,-0.16823247092623894,1.0,-0.4546295398817742,-0.4770227674961769,-0.432938873929234,-0.5273928046226501,748,-0.08157413559748757,-0.37305540428428663,0
TPX2,methy->rna|CNVdiploid,-0.043480685957310694,-0.04663782096088888,-0.04037026605069963,0.8235294117647058,-0.06697344726059565,-0.07544875174977526,-0.060803447456832437,-0.13254126906394958,748,-0.2367391357767375,0.16976568851614185,0
TSPAN14,methy->rna|CNVdiploid,-0.20102778585331346,-0.2050627584333939,-0.19688228837003371,1.0,-0.45405430768304794,-0.47462396886346625,-0.4352186700497547,-0.6178392767906189,748,-0.25091775253058096,-0.20313655515246698,0
TWIST1,methy->rna|CNVdiploid,-0.07668837474716358,-0.07938732654447796,-0.07399698103514729,0.9852941176470589,-0.13659214561043476,-0.14785400617705827,-0.12761934686970733,-0.23506052792072296,748,0.025800638708565075,-0.16239278431899984,1
TYMS,methy->rna|CNVdiploid,-0.05539180852237046,-0.05874038728606765,-0.05228265414483647,0.9010695187165776,-0.09676189642444748,-0.10659235609647508,-0.08939705267877505,-0.16840359568595886,748,-0.058494318516814865,-0.03826757790763261,0
UBE2C,methy->rna|CNVdiploid,-0.06603200701264575,-0.06930542654762918,-0.06232436083820287,0.9090909090909091,-0.09851482857986543,-0.10839114735283219,-0.09087940179953373,-0.20241399109363556,748,-0.08314227616505447,-0.015372552414810961,0
UBE2T,methy->rna|CNVdiploid,-0.04864566842315689,-0.05145997532646387,-0.045540166287122666,0.8783422459893048,-0.07559529911535874,-0.08354486130180425,-0.06936722391441927,-0.14846383035182953,748,-0.0965046222602009,0.02090932314484216,0
VEGFA,methy->rna|CNVdiploid,-0.16828506279208844,-0.17175007943486473,-0.16486688193986,1.0,-0.5620321812115489,-0.5878962005444507,-0.5386418059253063,-0.5155003070831299,748,-0.1299852530503557,-0.43204692816119317,0
WIF1,methy->rna|CNVdiploid,-0.08245327726115245,-0.08490399179248465,-0.07999824725608894,0.9893048128342246,-0.17430258225830764,-0.18484130023910286,-0.16589301739795773,-0.2519094944000244,748,-0.239212710147659,0.06491012788935135,1
XRCC4,methy->rna|CNVdiploid,-0.11690175411160271,-0.12056060398330457,-0.11333255004822237,0.9959893048128342,-0.24100331894661003,-0.2580128583271269,-0.22573052950507524,-0.3589813709259033,748,-0.05677726147731513,-0.1842260574692949,0
ZEB1,methy->rna|CNVdiploid,-0.05749420700349916,-0.05960881247805533,-0.055288001873160866,0.9745989304812834,-0.08341041673663767,-0.09057237109942866,-0.07828019051287241,-0.1763385832309723,748,0.11119178813595844,-0.1946022048725961,0
ZEB2,methy->rna|CNVdiploid,-0.05190778944588228,-0.05460370026222648,-0.04907955040206881,0.9211229946524064,-0.070895038291215,-0.07686949374534391,-0.06647550762490206,-0.1586409956216812,748,-0.07433945422120938,0.0034444159299943794,0
ZNF703,methy->rna|CNVdiploid,-0.10253357689125454,-0.10541293737536037,-0.0996422342639099,0.9986631016042781,-0.22699365709252917,-0.2448665429892821,-0.211376669020456,-0.31409376859664917,748,-0.38409141589096146,0.1570977587984323,0
FMOD,methy->rna|CNVdiploid,-0.1657085483773809,-0.17024844462240515,-0.1617510154365685,0.9959893048128342,-0.2847524356099716,-0.3005289555325852,-0.2717469848410968,-0.5099918246269226,748,-0.4904818075698409,0.2057293719598693,0
AGR3,methy->rna|CNVdiploid,-0.11606891037594966,-0.12042122630641501,-0.11188364460875708,0.9665775401069518,-0.3121141100240446,-0.3399916017208993,-0.2880998341984045,-0.3556622862815857,748,-0.7464853627921019,0.43437125276805727,0
NDUFS6,methy->rna|CNVdiploid,-0.027930382229205145,-0.03079631040718281,-0.02510467531279152,0.7352941176470589,-0.04957823109989447,-0.056766721823517906,-0.04295866358746437,-0.08252789825201035,748,0.010382877905745626,-0.0599611090056401,0
COL1A2,methy->rna|CNVdiploid,-0.03864070553155765,-0.040806245008947736,-0.036570137733362824,0.9171122994652406,-0.05397748008278221,-0.059964280407164255,-0.05037478461220671,-0.1179608702659607,748,0.02573291244413336,-0.07971039252691557,0
MARCKS,methy->rna|CNVdiploid,-0.152705441498855,-0.15584470858941757,-0.1495436578704548,1.0,-0.3395295746085688,-0.3584954961802382,-0.3229870256446086,-0.4666377902030945,748,-0.3850042867972751,0.0454747121887063,0
VIM,methy->rna|CNVdiploid,-0.1031138443953728,-0.10562399085544492,-0.10049961076341025,0.9986631016042781,-0.17148663542810139,-0.18267147502043565,-0.16334029129681937,-0.3155582845211029,748,-0.32870159661657705,0.15721496118847567,0
A2M,methy->rna|CNVdiploid,-0.11690951018131865,-0.12020435844732111,-0.11345200880931058,0.9933155080213903,-0.19251865368227772,-0.20568412569842467,-0.1825039659922371,-0.3577806353569031,748,-0.26224174451387866,0.06972309083160094,0
ECM1,methy->rna|CNVdiploid,-0.18875609565718818,-0.19383099503627685,-0.18361887114917808,1.0,-0.45844138947892227,-0.48300213417710364,-0.4346692069967302,-0.5797644257545471,748,-0.7015504863140796,0.2431090968351573,0
SLPI,methy->rna|CNVdiploid,-0.1317326925015957,-0.13552743029830594,-0.1278435253402477,0.9986631016042781,-0.2531715627686489,-0.2651181596932055,-0.24399517946913996,-0.4016583263874054,748,-0.3328884555943547,0.07971689282570582,0
ELN,methy->rna|CNVdiploid,-0.08377976953952594,-0.086891609336384,-0.08062251297913496,0.963903743315508,-0.13878558289939807,-0.14834164547247786,-0.13122184290608896,-0.2559032440185547,748,0.005214004816593291,-0.14399958771599136,0
CTSS,methy->rna|CNVdiploid,-0.06357353546925607,-0.06693769012268325,-0.0604205646905853,0.9318181818181818,-0.08973308638731484,-0.09785955551682127,-0.08426430692416695,-0.19425873458385468,748,-0.25126061683463224,0.1615275304473174,0
APOD,methy->rna|CNVdiploid,-0.1952350106455947,-0.2009352683333824,-0.18944615038689838,0.9986631016042781,-0.34988896462214747,-0.370117719090687,-0.3327112047733928,-0.600303053855896,748,-0.38289207034115197,0.0330031057190045,0
PABPC1,methy->rna|CNVdiploid,-0.0629644746487087,-0.06627230058820215,-0.059699136261199895,0.9171122994652406,-0.15886808760160304,-0.17347210955070755,-0.14640694153682354,-0.190827414393425,748,-0.240913361792701,0.08204527419109797,0
CPXM1,methy->rna|CNVdiploid,-0.09005498141859643,-0.09230085988654366,-0.08757182877404228,0.9986631016042781,-0.13778873280787443,-0.1464831040895404,-0.13132944558876392,-0.27633774280548096,748,-0.19183321033934042,0.05404447753146599,0
PIP,methy->rna|CNVdiploid,-0.20704727248531898,-0.21392215424751115,-0.20023957849451474,1.0,-0.40586947010543917,-0.430972205101207,-0.38191837732817174,-0.636934757232666,748,-0.48031418690393496,0.07444471679849579,0
RGS1,methy->rna|CNVdiploid,-0.07463183437375295,-0.0777718200962424,-0.0714228170972561,0.9893048128342246,-0.1570068349985595,-0.1689545286853715,-0.14871279992806333,-0.22874568402767181,748,-0.17132604564410478,0.014319210645545283,0
HOXB2,methy->rna|CNVdiploid,-0.36935199808035507,-0.3779690453912789,-0.3605215830410832,1.0,-0.679183455739702,-0.70521709123358,-0.6557476114707832,-1.142308235168457,748,-0.6851287259230191,0.005945270183317142,0
MT1E,methy->rna|CNVdiploid,-0.34329127014233646,-0.3514847996424711,-0.3355260071183165,1.0,-0.7058662549005403,-0.7262929658016651,-0.6857949466853773,-1.0597798824310303,748,-0.47724745895328163,-0.2286187959472587,0
TRPS1,methy->rna|CNVdiploid,-0.1209263209854095,-0.12487278650908538,-0.11717267696096072,0.9959893048128342,-0.2416955603351171,-0.25790911926708104,-0.22788873548837782,-0.3707069754600525,748,-0.4825624797011167,0.2408669193659996,0
TSPYL5,methy->rna|CNVdiploid,-0.28807464278022527,-0.29609436167637304,-0.2804042395721804,1.0,-0.6917762778295706,-0.7099260110277056,-0.6732418856037876,-0.8882510662078857,748,-0.7135809304170906,0.021804652587519957,0
NID1,methy->rna|CNVdiploid,-0.04403519240193859,-0.04632222090731478,-0.041810284004078345,0.93048128342246,-0.059129554707787524,-0.06439384920856554,-0.05581951387257283,-0.13470298051834106,748,-0.023373073625761118,-0.035756481082026406,0
WASL,methy->rna|CNVdiploid,-0.08597399060026728,-0.08942594186968854,-0.08250108979762438,0.9732620320855615,-0.14751471906894395,-0.15884397965069608,-0.13891280143356408,-0.2630169093608856,748,-0.20456474448804404,0.05705002541910009,0
COL14A1,methy->rna|CNVdiploid,-0.1043701036107758,-0.10812899140042932,-0.10093425654704723,0.9812834224598931,-0.15969962985425915,-0.17051870500945604,-0.15118344991475688,-0.319904088973999,748,-0.15926593790109425,-0.00043369195316489417,0
TP53INP1,methy->rna|CNVdiploid,-0.1507169883015089,-0.15544024062627235,-0.1458207095945646,0.9986631016042781,-0.3046813555922282,-0.32728680719833136,-0.2834432711368139,-0.4631587564945221,748,-0.5755942569360301,0.27091290134380186,0
ENPP2,methy->rna|CNVdiploid,-0.08358993662700534,-0.08592919191133287,-0.08115589404898366,0.9893048128342246,-0.12843516285175008,-0.13700527889701214,-0.1225239256982999,-0.25681668519973755,748,-0.2886012580712927,0.16016609521954264,0
SYNGR2,methy->rna|CNVdiploid,-0.10721803341046766,-0.11106133557681355,-0.10378498488838668,1.0,-0.22157742740935504,-0.2372008217723796,-0.20941507525198783,-0.32545313239097595,748,-0.14057432044277723,-0.08100310696657781,0
C1orf115,methy->rna|CNVdiploid,-0.1301097726782223,-0.13391895746669868,-0.12620937665065116,0.9933155080213903,-0.2608471574937987,-0.27665219245267014,-0.24890556169537187,-0.3985029458999634,748,-0.05121275460466198,-0.20963440288913673,0
PLTP,methy->rna|CNVdiploid,-0.10515031807851745,-0.10931678250684664,-0.10114269410352159,0.9946524064171123,-0.19780962952219858,-0.21268569916623653,-0.18646574763241824,-0.3217153549194336,748,-0.22743517568557142,0.029625546163372846,0
PRRX1,methy->rna|CNVdiploid,-0.053627061278147564,-0.05601702102788462,-0.051026573901084615,0.9411764705882353,-0.06761058109689688,-0.07374584395538805,-0.06413545141217471,-0.16372723877429962,748,-0.02454905046028197,-0.043061530636614914,0
LRP5,methy->rna|CNVdiploid,-0.1629919583978108,-0.16762647687321788,-0.15890117410828844,1.0,-0.4110414385021058,-0.4339935523797583,-0.39003137449228525,-0.49957722425460815,748,-0.18178935214802616,-0.22925208635407962,0
S100A16,methy->rna|CNVdiploid,-0.19026623599906908,-0.1962300924675254,-0.18443746952752751,1.0,-0.41504722285260426,-0.438877411102706,-0.3915834860497602,-0.5855432748794556,748,-0.5899222286287866,0.17487500577618237,0
IFI16,methy->rna|CNVdiploid,-0.06866177820335781,-0.07151186464043124,-0.0654763738475466,0.946524064171123,-0.10082206302832797,-0.10889958562576374,-0.09524463947024198,-0.20993123948574066,748,0.22127257306787962,-0.3220946360962076,0
CHAD,methy->rna|CNVdiploid,-0.23020224129879077,-0.23696097087574172,-0.22376557604315023,1.0,-0.45585413231149435,-0.48380164596485536,-0.42911511597303875,-0.709963321685791,748,-0.6153443989171052,0.1594902666056109,0
EIF3K,methy->rna|CNVdiploid,-0.13730136362425718,-0.14029435143631627,-0.1341651594985954,1.0,-0.31809571383539087,-0.3376585848702105,-0.3015436871951707,-0.41923850774765015,748,-0.059944138161350045,-0.25815157567404085,0
IGFBP4,methy->rna|CNVdiploid,-0.13242312253032829,-0.13637342564277613,-0.12834788019855323,0.9973262032085561,-0.2591167834641713,-0.27784995368295906,-0.2440644455908172,-0.4057900905609131,748,-0.25265475057165176,-0.006462032892519509,0
TPD52,methy->rna|CNVdiploid,-0.11337610136820483,-0.11739300705247008,-0.10942851833566491,0.9919786096256684,-0.2297926113170796,-0.24677020802614755,-0.21735214079066445,-0.34786415100097656,748,-0.5376896231463483,0.30789701182926865,0
ANXA9,methy->rna|CNVdiploid,-0.12848851712036266,-0.13227691616495818,-0.12497391223131371,1.0,-0.26036961795944913,-0.2783935750708082,-0.24454770439709525,-0.39422687888145447,748,-0.6355404841200691,0.37517086616062,0
FABP4,methy->rna|CNVdiploid,-0.06513159464635519,-0.0680123597160567,-0.06208701485039275,0.910427807486631,-0.10810096630363313,-0.11722239517297767,-0.09998059671188253,-0.1991933137178421,748,-0.003930374245106258,-0.10417059205852687,0
KRT19,methy->rna|CNVdiploid,-0.14886104965814076,-0.15357667468434885,-0.14437868923420827,0.9986631016042781,-0.3048438806807347,-0.32403365767295755,-0.2863301553912882,-0.4575900733470917,748,-0.4594173299009135,0.1545734492201788,0
PLEKHF2,methy->rna|CNVdiploid,-0.09386369291188298,-0.09804140294602273,-0.09002922009837414,0.9745989304812834,-0.17363162603694124,-0.18860359238975355,-0.16142064958499003,-0.2873530387878418,748,-0.5580148141597898,0.38438318812284855,0
GIMAP4,methy->rna|CNVdiploid,-0.053160356637256455,-0.056439354239670204,-0.05027945322351474,0.9037433155080213,-0.07314072635710757,-0.08039631744731325,-0.0680423638940227,-0.16223864257335663,748,-0.1573860334090769,0.08424530705196932,0
RAB25,methy->rna|CNVdiploid,-0.14728998858664258,-0.15191264696000578,-0.14252129932150093,0.9973262032085561,-0.34945772549040316,-0.3722744306112615,-0.32927958438529137,-0.4513762295246124,748,-0.48880409501900346,0.1393463695286003,0
FXYD5,methy->rna|CNVdiploid,-0.2604905770748768,-0.2678444997831302,-0.25413997321998666,1.0,-0.5255979364875675,-0.5473729765723719,-0.5053459770229576,-0.7998877763748169,748,-0.483468268309668,-0.04212966817789948,0
RGS2,methy->rna|CNVdiploid,-0.09633635989549684,-0.09964066748125702,-0.09321808566057095,0.9959893048128342,-0.18544309918238516,-0.19748581188490974,-0.1771180585418654,-0.2954156994819641,748,-0.1919160474172165,0.006472948234831327,0
KAT2A,methy->rna|CNVdiploid,-0.07985159999806328,-0.08256326461198085,-0.07710388225875649,0.9852941176470589,-0.18150676543963512,-0.19574794885912666,-0.1703231243033304,-0.2424558699131012,748,-0.09799812688994484,-0.08350863854969028,0
PLOD2,methy->rna|CNVdiploid,-0.1150253703618927,-0.11950971145714083,-0.11038188129770025,0.982620320855615,-0.23692559726583493,-0.25515368746793393,-0.2208804949211684,-0.35117799043655396,748,-0.3346026703359277,0.0976770730700928,0
FSCN1,methy->rna|CNVdiploid,-0.09357416112043973,-0.09813517059458593,-0.08943779948118943,0.982620320855615,-0.16749591943361644,-0.1799176911677258,-0.15770994050557638,-0.28536057472229004,748,-0.2886323070854489,0.12113638765183246,0
SQLE,methy->rna|CNVdiploid,-0.09858124304256517,-0.10221123658827425,-0.09537878519348794,0.9906417112299465,-0.22602404253345593,-0.24090337143935756,-0.21341281164269033,-0.30045098066329956,748,-0.4295294486208218,0.2035054060873659,0
GIMAP7,methy->rna|CNVdiploid,-0.0519363590100707,-0.055460947055531264,-0.04839380981989742,0.8542780748663101,-0.07329185395836758,-0.08064175810418982,-0.06771370317853784,-0.15844488143920898,748,-0.12983523543088366,0.05654338147251607,0
CD163,methy->rna|CNVdiploid,-0.056735813294897616,-0.05936209080179069,-0.05409016681767406,0.9358288770053476,-0.0863851289570119,-0.09468032197432405,-0.08035840505542895,-0.17271007597446442,748,-0.019815022135836666,-0.06657010682117524,0
CX3CL1,methy->rna|CNVdiploid,-0.15844173876576145,-0.16349173261090091,-0.15380646345647817,1.0,-0.2845077006706308,-0.30141850154280037,-0.2714966425873896,-0.48651212453842163,748,-0.5642552830877231,0.2797475824170923,0
CLEC11A,methy->rna|CNVdiploid,-0.07832441012737791,-0.08113261745521325,-0.07548750902758287,0.9919786096256684,-0.1074222982792821,-0.11539435651973269,-0.10251608198029295,-0.23899737000465393,748,0.07714262374243697,-0.18456492202171906,0
MRPL36,methy->rna|CNVdiploid,-0.033029974013137,-0.036200722993930276,-0.029860539119740463,0.7727272727272727,-0.06182992814642992,-0.07010958308574808,-0.054949993089238085,-0.0981515496969223,748,-0.09678341246725834,0.03495348432082842,0
AKR1B1,methy->rna|CNVdiploid,-0.1349614893585948,-0.13982572099737098,-0.13056171284215223,1.0,-0.24998290359934092,-0.26537550845134444,-0.23742653390220483,-0.4135066866874695,748,-0.392081566737309,0.14209866313796807,0
CST1,methy->rna|CNVdiploid,-0.11500096538763181,-0.11774301965801467,-0.11201126666814391,1.0,-0.34059492798497304,-0.36095580991620996,-0.32050397138154224,-0.3501121997833252,748,0.09759032062095992,-0.43818524860593294,0
EPHX2,methy->rna|CNVdiploid,-0.1965030712408384,-0.20072028550919502,-0.19244315463438244,1.0,-0.38686729831450406,-0.40381482321995976,-0.3706826984185187,-0.603312611579895,748,-0.2731610706335333,-0.11370622768097077,0
RAB34,methy->rna|CNVdiploid,-0.3467538592230475,-0.3554193288889721,-0.3382221013437651,1.0,-0.6702561810715796,-0.692354366299027,-0.6502196034263857,-1.0746527910232544,748,-0.5723898714884097,-0.09786630958316989,0
C6orf62,methy->rna|CNVdiploid,-0.08833927982930863,-0.09168382044654147,-0.08482884545141703,0.9919786096256684,-0.20013213955190495,-0.21551484442966512,-0.187085452059238,-0.26982301473617554,748,-0.02834752780889684,-0.1717846117430081,0
CHI3L1,methy->rna|CNVdiploid,-0.1283801962153151,-0.13260834766105178,-0.1245945601883827,1.0,-0.24750916235736967,-0.2605398822005892,-0.23690276172857883,-0.39253777265548706,748,-0.5323609825951242,0.28485182023775457,0
LGALS3BP,methy->rna|CNVdiploid,-0.257841065524722,-0.26557755527239285,-0.2509522840748384,1.0,-0.6764494227354384,-0.7002628646068796,-0.6544570279374161,-0.7926217913627625,748,-0.6102430326318733,-0.0662063901035651,0
PYCARD,methy->rna|CNVdiploid,-0.16677416925892935,-0.1707945887451334,-0.16218728011660463,1.0,-0.35241443857628846,-0.37331735704960595,-0.33212959911807266,-0.5112597346305847,748,-0.5041271875160481,0.15171274893975967,1
GRHL2,methy->rna|CNVdiploid,-0.10238882063683818,-0.10564752931620179,-0.0987139543639187,0.983957219251337,-0.21939315250873262,-0.2332268082122851,-0.20575024631581773,-0.3129883408546448,748,-0.4815791585696935,0.2621860060609609,0
ATP6V1B2,methy->rna|CNVdiploid,-0.08747380983010566,-0.09072804044182482,-0.08425634335609772,0.9919786096256684,-0.16852370553755297,-0.18166348843003718,-0.15847088499187015,-0.2670506536960602,748,0.004468127068494214,-0.1729918326060472,0
LXN,methy->rna|CNVdiploid,-0.25296990339455,-0.2601214167002973,-0.24616420753133555,1.0,-0.5682904921148922,-0.5872019557487984,-0.5482746055888121,-0.7779266834259033,748,-0.400401918964349,-0.16788857315054323,0
ZHX1,methy->rna|CNVdiploid,-0.07043099717939282,-0.07303956664103016,-0.06739586257243176,0.9665775401069518,-0.12262188646688811,-0.13188771472336577,-0.11598546875137901,-0.21489454805850983,748,-0.05362234154699231,-0.0689995449198958,0
CLSTN2,methy->rna|CNVdiploid,-0.10310446419342258,-0.10710217584859796,-0.09900985947781683,0.9946524064171123,-0.20428025916329645,-0.22298048337570084,-0.18932448121922135,-0.31465744972229004,748,-0.3005835268564028,0.09630326769310638,0
QSOX1,methy->rna|CNVdiploid,-0.10756364684340704,-0.11128752719549245,-0.10383684313831162,0.9879679144385026,-0.2660009787447603,-0.2842860703500908,-0.25029448008415656,-0.32923030853271484,748,-0.17445150256108216,-0.09154947618367815,0
LAMB3,methy->rna|CNVdiploid,-0.10473841362651072,-0.10855165960418878,-0.10068397802276992,0.9705882352941176,-0.16879859199034705,-0.18039835095143106,-0.15995828928295178,-0.3207031190395355,748,-0.4392559237561108,0.2704573317657637,0
PTN,methy->rna|CNVdiploid,-0.11425767719522352,-0.1178855446222126,-0.1108033707230717,0.9973262032085561,-0.18714339571095875,-0.19766201687399093,-0.17849535479461393,-0.3500310778617859,748,0.15011366048583977,-0.3372570561967985,0
S100A9,methy->rna|CNVdiploid,-0.11285959416701594,-0.11690057573819479,-0.10859504515097027,0.9959893048128342,-0.2679093606620227,-0.28389008875240707,-0.25488925945407276,-0.3444017767906189,748,-0.3521564177359431,0.08424705707392038,0
THRSP,methy->rna|CNVdiploid,-0.2374194864736481,-0.24349722494800477,-0.2321647000099232,0.9973262032085561,-0.4115481082172017,-0.4327699072267363,-0.3950041190642928,-0.7325189113616943,748,-0.4638372834096282,0.052289175192426485,0
SSR3,methy->rna|CNVdiploid,-0.09665264293297034,-0.09970912104405749,-0.09338023770827888,0.9933155080213903,-0.1991894644868859,-0.21374127498686865,-0.1878049518190613,-0.29468679428100586,748,-0.15605843119305435,-0.043131033293831555,0
ID4,methy->rna|CNVdiploid,-0.1549748114176566,-0.16041419742534824,-0.14999936166364986,0.9986631016042781,-0.26577945321549734,-0.2806989915517795,-0.2531789196719474,-0.4762665629386902,748,-0.44762071640337864,0.1818412631878813,1
PDK4,methy->rna|CNVdiploid,-0.0796033171302707,-0.08330377061892098,-0.07589151542758694,0.9344919786096256,-0.13652766844908493,-0.14840313162700985,-0.1263794355370792,-0.24369831383228302,748,-0.15672213138052307,0.020194462931438145,0
FPR3,methy->rna|CNVdiploid,-0.047518531485326226,-0.05047416585440492,-0.04446426111499242,0.9010695187165776,-0.06479398298457012,-0.07082309208276134,-0.060747220872063044,-0.14459200203418732,748,0.03920261126325626,-0.10399659424782638,0
TIMP2,methy->rna|CNVdiploid,-0.06329188061116094,-0.06583454948986417,-0.06071551024038805,0.9919786096256684,-0.08565070210264177,-0.09277930016645086,-0.08088790630872406,-0.19366727769374847,748,-0.16200303093670956,0.0763523288340678,0
KCNK1,methy->rna|CNVdiploid,-0.2640803062399341,-0.2696853378181468,-0.25812676594075507,1.0,-0.7551490840942122,-0.7746159715231967,-0.7365309309464169,-0.8114455938339233,748,-0.5283507676852358,-0.2267983164089764,0
LMOD1,methy->rna|CNVdiploid,-0.08163271930824913,-0.08475539474590989,-0.07823201177918261,0.9625668449197861,-0.12596359748950844,-0.13396478546754123,-0.1197142775359251,-0.25026142597198486,748,0.0316706592761886,-0.15763425676569703,0
KDM2A,methy->rna|CNVdiploid,-0.1016690749695787,-0.10478486728746465,-0.09816172883710254,0.9933155080213903,-0.2174520731484525,-0.23331301039903857,-0.20370867530320516,-0.3102634847164154,748,-0.236017200177304,0.01856512702885149,0
KRT10,methy->rna|CNVdiploid,-0.14477231213175518,-0.14959762549641523,-0.1400274197723222,0.9959893048128342,-0.3859387886905382,-0.4089255183310469,-0.3632118506659544,-0.4458129107952118,748,-0.24549456363034916,-0.14044422506018905,0
PPP1R1B,methy->rna|CNVdiploid,-0.36706071862388145,-0.37686315717091246,-0.35828014465978675,1.0,-0.7052624549876514,-0.7234725664063086,-0.6894388285342866,-1.1362309455871582,748,-0.6173013308669733,-0.08796112412067814,0
RPL37,methy->rna|CNVdiploid,-0.12201576785349624,-0.1247599468780092,-0.11917963984318004,0.9973262032085561,-0.28517026420236813,-0.3035161614813713,-0.2693384349519672,-0.37251678109169006,748,-0.12106193062232723,-0.1641083335800409,0
NES,methy->rna|CNVdiploid,-0.09953525627256868,-0.10309287973489414,-0.09575840858689887,0.9745989304812834,-0.2176012468962976,-0.23113499468610307,-0.2058511396848506,-0.30421480536460876,748,-0.2773678121380089,0.059766565241711284,0
MRC2,methy->rna|CNVdiploid,-0.10946511466860434,-0.11281008681003918,-0.10620671211481124,0.9933155080213903,-0.1519817016368822,-0.16290512859115908,-0.14444469178479538,-0.33477333188056946,748,-0.04855445571581142,-0.10342724592107079,0
POLD2,methy->rna|CNVdiploid,-0.10840717874522986,-0.11207975447611798,-0.1043222789359335,0.9933155080213903,-0.22962084983960443,-0.24729760207422205,-0.21527300031213173,-0.3302597999572754,748,-0.09573597790346036,-0.13388487193614407,0
NECAB3,methy->rna|CNVdiploid,-0.06893645042550224,-0.0712700672758807,-0.06663527822562841,0.9893048128342246,-0.11976822434671995,-0.1291350223297213,-0.11334006537087972,-0.20855188369750977,748,-0.08299214292180107,-0.03677608142491888,0
KRT15,methy->rna|CNVdiploid,-0.13822105615071906,-0.1432308745653279,-0.13366829391703264,0.9879679144385026,-0.21894463953441273,-0.2339243613206426,-0.20764148065673974,-0.42359447479248047,748,-0.3268421637113557,0.10789752417694298,0
CAPN8,methy->rna|CNVdiploid,-0.13836054266791512,-0.14315614457761494,-0.13388979870538806,0.9933155080213903,-0.267917679340956,-0.28833433951077614,-0.2516685750683904,-0.4256666600704193,748,-0.6599365578079732,0.3920188784670172,0
EFNA4,methy->rna|CNVdiploid,-0.08892354475414803,-0.09161333393211536,-0.08630500832413415,0.9986631016042781,-0.22155051751914026,-0.23644332994518436,-0.20860936387157422,-0.27061519026756287,748,-0.14084066645052754,-0.08070985106861273,0
METRN,methy->rna|CNVdiploid,-0.13548697397285497,-0.13874466212963665,-0.13247603591052262,1.0,-0.2501468200593169,-0.26927748702451587,-0.2347580229095385,-0.41456687450408936,748,-0.3434377937845353,0.09329097372521844,0
MNDA,methy->rna|CNVdiploid,-0.06552683499885753,-0.06791635123164408,-0.0631729538130473,0.982620320855615,-0.09660051109370903,-0.10415548612540655,-0.09099214945532215,-0.19966626167297363,748,0.15657307450727118,-0.2531735856009802,0
TM4SF1,methy->rna|CNVdiploid,-0.21097022601546064,-0.21727639455867456,-0.20470772873090537,1.0,-0.4634336921854743,-0.4838084135706371,-0.4450205701066644,-0.6474182605743408,748,-0.48182629348634765,0.018392601300873335,0
SYCP2,methy->rna|CNVdiploid,-0.2779531828817993,-0.2852938386426797,-0.2715523167915639,1.0,-0.6265173369405659,-0.6505632880310064,-0.6056487737390196,-0.8581774234771729,748,-0.733986105664285,0.10746876872371913,0
COL10A1,methy->rna|CNVdiploid,-0.0696451594760067,-0.072403269651221,-0.06688447728083857,0.9852941176470589,-0.08806840327780406,-0.09664110217433053,-0.08240120667990185,-0.21186265349388123,748,0.0739869182648987,-0.16205532154270275,0
BNIPL,methy->rna|CNVdiploid,-0.21356659956532076,-0.2188470372602401,-0.20842711241838005,1.0,-0.40714808953448384,-0.42688934099886655,-0.3901240329556035,-0.6581081748008728,748,-0.6340741904238331,0.22692610088934922,0
AQP1,methy->rna|CNVdiploid,-0.10528412597401668,-0.1089897627444127,-0.10183812400579507,0.983957219251337,-0.16279774568492208,-0.1735264878031028,-0.15494853309034953,-0.32392120361328125,748,-0.28065872938933073,0.11786098370440865,0
CD9,methy->rna|CNVdiploid,-0.16176109754130968,-0.16657617856616633,-0.15734338662878558,0.9986631016042781,-0.38267397364001304,-0.40454146461195256,-0.3648408540588223,-0.4966173768043518,748,0.010316298572125618,-0.39299027221213867,0
PTMS,methy->rna|CNVdiploid,-0.14328800829599733,-0.14694027594637743,-0.13978816168172034,0.9986631016042781,-0.3192841007692558,-0.3407291263020487,-0.3014003278542937,-0.4382442831993103,748,-0.26616714389024076,-0.05311695687901502,0
SND1,methy->rna|CNVdiploid,-0.10187695380385363,-0.10549027160348981,-0.09787095519590792,0.9745989304812834,-0.26219428021570595,-0.2793349504033946,-0.24481477031272492,-0.3106169104576111,748,-0.18006939906302058,-0.08212488115268538,0
FZD6,methy->rna|CNVdiploid,-0.14797699810483006,-0.15241628858028705,-0.14332020851970423,0.9946524064171123,-0.3763713457887585,-0.3970738020967551,-0.35588226562593,-0.45305296778678894,748,-0.5948731275171726,0.21850178172841406,0
C1S,methy->rna|CNVdiploid,-0.11047856580256857,-0.11405282904509038,-0.10722346302408144,1.0,-0.16759091815330995,-0.17866166997940544,-0.15938365029854754,-0.33742231130599976,748,-0.3175055734385963,0.14991465528528636,0
S100A14,methy->rna|CNVdiploid,-0.19426081073532667,-0.2002968187170409,-0.18842830342049202,1.0,-0.42653141075254414,-0.4491265965154081,-0.4055205740996235,-0.5968611836433411,748,-0.529668935267139,0.10313752451459485,0
RBP1,methy->rna|CNVdiploid,-0.20244363960477982,-0.20735505360520218,-0.19787527467906493,1.0,-0.5718000865095201,-0.5943666937705533,-0.551670225232796,-0.6200297474861145,748,-0.5821231564556707,0.01032306994615062,0
RIN2,methy->rna|CNVdiploid,-0.20153495413313474,-0.20651741849167443,-0.19702687060415314,1.0,-0.3192781207999315,-0.3379550214421134,-0.30283859140457176,-0.6179661750793457,748,-0.3913344560065583,0.0720563352066268,0
YWHAZ,methy->rna|CNVdiploid,-0.012820716766530975,-0.014543187869031023,-0.010849614082237972,0.6711229946524064,-0.027535152911176922,-0.032251122979033146,-0.023582966440460974,-0.03745584189891815,748,-0.03510591777016464,0.007570764858987718,0
MAL2,methy->rna|CNVdiploid,-0.11143010153763873,-0.11685911450098657,-0.10605383946654223,0.9692513368983957,-0.3012945579243439,-0.3223777338528915,-0.28176736802018365,-0.3398350179195404,748,-0.27025701314500267,-0.03103754477934123,0
COL1A1,methy->rna|CNVdiploid,-0.05079735108213782,-0.05261140578561512,-0.04894493568998137,0.9866310160427807,-0.06536116294721221,-0.07099466505450784,-0.06209725786012916,-0.1556498110294342,748,0.05635129137384448,-0.12171245432105669,0
KRT14,methy->rna|CNVdiploid,-0.08328848406647575,-0.08591659787485237,-0.08059017046994685,0.9973262032085561,-0.11282698246718326,-0.1198995376016053,-0.10780915952667912,-0.2547600269317627,748,0.06715033601275026,-0.17997731847993353,0
ETV3,methy->rna|CNVdiploid,-0.04518567492746302,-0.048098046850114685,-0.042149031514457744,0.8729946524064172,-0.08227134979957966,-0.09038961728165802,-0.0760378738465395,-0.13741211593151093,748,-0.09067282316187779,0.008401473362298129,0
MIR635,methy->rna|CNVdiploid,-0.10548589814389157,-0.10857932489195023,-0.10234700750104905,1.0,-0.22362323034795464,-0.2407790877243386,-0.2102875233114894,-0.32259315252304077,748,-0.10194918957402323,-0.12167404077393142,0
TMEM204,methy->rna|CNVdiploid,-0.07124265956687417,-0.07357931629869773,-0.0687446437705316,0.9866310160427807,-0.10472381948640189,-0.11203611204836457,-0.10026575611633336,-0.21725782752037048,748,-0.24236384391771157,0.13764002443130968,0
MT2A,methy->rna|CNVdiploid,-0.2036243275452883,-0.20862461469794413,-0.19823677138078863,1.0,-0.4776062935682665,-0.4998283336614306,-0.4550315491042843,-0.6255373358726501,748,-0.06197999769868332,-0.41562629586958316,0
CRABP2,methy->rna|CNVdiploid,-0.16381678529002383,-0.1677939487201128,-0.15956416045911959,1.0,-0.3734858595409989,-0.3930200208796349,-0.35605533211804563,-0.5000154972076416,748,-0.4043448090355897,0.030858949494590837,0
SLC30A1,methy->rna|CNVdiploid,-0.09579670773167495,-0.0990592202417743,-0.09270159114586002,0.9759358288770054,-0.173540372197898,-0.18615714659441626,-0.1640871876870356,-0.2940928041934967,748,-0.25617192859885457,0.08263155640095657,0
FAM107B,methy->rna|CNVdiploid,-0.1330205977122414,-0.13761117861803007,-0.12828879896539128,0.9973262032085561,-0.27220370844457026,-0.29082820487519057,-0.2544095626692209,-0.4085273742675781,748,0.02396749919220229,-0.29617120763677257,0
COPZ2,methy->rna|CNVdiploid,-0.11488847676191459,-0.11728084856639087,-0.11241558706216573,0.9986631016042781,-0.16514541897515003,-0.17609915570830725,-0.15699198089513713,-0.35196805000305176,748,-0.061852315626069236,-0.10329310334908079,0
NRN1,methy->rna|CNVdiploid,-0.11242411470674842,-0.11599106376364088,-0.10878267421715632,0.9986631016042781,-0.19034053638218937,-0.20149949244430362,-0.18158580925080836,-0.34444963932037354,748,-0.2779076151245422,0.08756707874235284,0
CYB5R1,methy->rna|CNVdiploid,-0.04515718930034023,-0.04702986736813437,-0.04348212031041415,0.9772727272727273,-0.0835262713638118,-0.09122577776362216,-0.07892177464333504,-0.13724513351917267,748,0.3649015456304957,-0.4484278169943075,0
EFR3A,methy->rna|CNVdiploid,-0.02751573272300104,-0.03010455987631296,-0.024975674990558368,0.8021390374331551,-0.039630734109258124,-0.04522418483143207,-0.035492885242085756,-0.0834154486656189,748,0.1405691879273948,-0.18019992203665294,0
ISM1,methy->rna|CNVdiploid,-0.11816340739305052,-0.1220758367221856,-0.1145022420050693,0.9893048128342246,-0.18708624550225172,-0.1989931824152078,-0.17837760601889593,-0.36202898621559143,748,-0.10778448608051791,-0.07930175942173381,0
RARRES1,methy->rna|CNVdiploid,-0.13021999479449103,-0.13412669413618156,-0.12601154410586474,1.0,-0.2293631188118729,-0.24131351131362436,-0.21972543403937828,-0.3977985084056854,748,-0.32689007674601506,0.09752695793414215,1
GAPDH,methy->rna|CNVdiploid,-0.12253790669730051,-0.12754968918212722,-0.11771215491038237,0.9759358288770054,-0.29418161377501134,-0.3174768573976909,-0.2743976077433742,-0.37451493740081787,748,-0.36125375824137884,0.0670721444663675,0
ASAP1,methy->rna|CNVdiploid,-0.05425816549651438,-0.0572948211465494,-0.05094947868150678,0.9278074866310161,-0.09285865977621868,-0.10207381349948094,-0.08620910079073753,-0.16528993844985962,748,0.008585579977248906,-0.10144423975346759,0
RTP4,methy->rna|CNVdiploid,-0.2122544605134689,-0.2180722298586329,-0.2066557138184552,1.0,-0.5415919881277863,-0.5642527983480317,-0.5217331826111898,-0.6506943702697754,748,-0.5697220817470922,0.02813009361930585,0
TFAP2C,methy->rna|CNVdiploid,-0.12164239996351937,-0.12582826371012096,-0.1175975319197509,0.9866310160427807,-0.2913071697594299,-0.3117228681820905,-0.27438736576862965,-0.3712514042854309,748,-0.11062514696843104,-0.18068202279099885,0
ADAMTS2,methy->rna|CNVdiploid,-0.04295891823990806,-0.0454482251609173,-0.04052179348250808,0.9224598930481284,-0.05315594393001081,-0.05863967493136631,-0.04977757660854639,-0.1311252862215042,748,0.03910798947128984,-0.09226393340130065,0
TMEM147,methy->rna|CNVdiploid,-0.1206546074851896,-0.12410027617672785,-0.11734287542856461,0.9973262032085561,-0.26791143294133374,-0.28750656102879796,-0.2508696852285643,-0.3662574291229248,748,-0.1402870429477131,-0.12762438999362063,0
SSH3,methy->rna|CNVdiploid,-0.1283167674740753,-0.13183283006053156,-0.12437610714088851,0.9986631016042781,-0.24720585621610935,-0.2643121409513573,-0.23281165567777135,-0.3928587734699249,748,-0.33422260613819593,0.08701674992208658,0
PPP1R2,methy->rna|CNVdiploid,-0.06707428410402773,-0.06987982355838444,-0.06435223554227723,0.9558823529411765,-0.1309672828679356,-0.14218527314857385,-0.12268632164124778,-0.20420336723327637,748,0.11998265525194284,-0.2509499381198784,0
CFH,methy->rna|CNVdiploid,-0.07424561609908335,-0.07717105863851502,-0.07156976494319328,0.9772727272727273,-0.1074319195271586,-0.11514231104446912,-0.1024052720795907,-0.22789745032787323,748,-0.09109994871569559,-0.01633197081146301,0
CD93,methy->rna|CNVdiploid,-0.05126036940480345,-0.053394694836689245,-0.04894053186766729,0.963903743315508,-0.0737892576723881,-0.08003346085806441,-0.07007214042694014,-0.15644489228725433,748,-0.0865229694256632,0.012733711753275104,0
SNRPE,methy->rna|CNVdiploid,-0.12412916437005575,-0.12887637241010255,-0.11962574793187089,0.9879679144385026,-0.3460947885206557,-0.3668665759159754,-0.32563470738169414,-0.38066577911376953,748,-0.37848349768708495,0.03238870916642922,0
INHBA,methy->rna|CNVdiploid,-0.07029785905512706,-0.07331392075665225,-0.0670985154573222,0.9719251336898396,-0.09242246200223829,-0.10089895902761299,-0.0862945500489001,-0.21424520015716553,748,-0.13614857347576104,0.04372611147352275,0
DSTN,methy->rna|CNVdiploid,-0.23234086779756355,-0.2388518922626377,-0.2256637582119738,1.0,-0.4951339869112672,-0.5201821645723085,-0.4728285299593145,-0.714979887008667,748,-0.31396385109202296,-0.18117013581924424,0
CLDN3,methy->rna|CNVdiploid,-0.17229989428731401,-0.17767918438771857,-0.16702830636973343,0.9986631016042781,-0.3545593995813604,-0.37719482546164396,-0.3355164193011042,-0.5276417136192322,748,-0.4046257497379191,0.05006635015655869,0
LY96,methy->rna|CNVdiploid,-0.06796993855760497,-0.07028514714892385,-0.06537913874480954,0.9866310160427807,-0.10830505517291032,-0.11648163941100588,-0.10227498990754229,-0.20724713802337646,748,-0.1858769562437362,0.07757190107082589,0
ALDOC,methy->rna|CNVdiploid,-0.2824850700581496,-0.2893507950659239,-0.2747994331890591,1.0,-0.6202365567290498,-0.6405362096285597,-0.6003100737798309,-0.869767427444458,748,-0.6028537918325007,-0.017382764896549108,0
FKBP10,methy->rna|CNVdiploid,-0.2256213673837018,-0.23105301538569256,-0.22014191856801507,0.9986631016042781,-0.5118002973429101,-0.5353408163418675,-0.4916436530027772,-0.6949476003646851,748,-0.5307008289184382,0.018900531575528068,0
ATP6V1C1,methy->rna|CNVdiploid,-0.02865249835325773,-0.03067923706030488,-0.026684371899664414,0.8743315508021391,-0.05371126755552767,-0.05964710606114599,-0.0495921223354328,-0.08579137921333313,748,0.07409012473360022,-0.1278013922891279,0
CCDC3,methy->rna|CNVdiploid,-0.08719834234472532,-0.08950846365637,-0.08485322346922454,0.9919786096256684,-0.14888318615921722,-0.15770672103841973,-0.14180517174251575,-0.26646310091018677,748,0.002020160950810244,-0.15090334711002748,0
NME4,methy->rna|CNVdiploid,-0.08647982215674,-0.0888409707690058,-0.08394711715141548,0.9866310160427807,-0.14378806932222218,-0.15655706204930028,-0.13504058800485436,-0.2634449303150177,748,-0.26510778124600093,0.12131971192377874,0
ID1,methy->rna|CNVdiploid,-0.11024845657034307,-0.11331480086111541,-0.10699339089708162,1.0,-0.2075863863682164,-0.21846609965142327,-0.19824893685297848,-0.3369954824447632,748,-0.14710055747432302,-0.060485828893893395,0
HOXB7,methy->rna|CNVdiploid,-0.14021881576631642,-0.1441278794677177,-0.13675467862345553,1.0,-0.31360942956402044,-0.3316877927021945,-0.2995805123669988,-0.42828765511512756,748,-0.2232018413228809,-0.09040758824113954,0
TM4SF18,methy->rna|CNVdiploid,-0.1195925907406179,-0.12289406180447454,-0.11614435195022242,0.9959893048128342,-0.2375187990041401,-0.2521248024206615,-0.22504855101353174,-0.3665050268173218,748,-0.21967024376473746,-0.017848555239402653,0
CDC42SE1,methy->rna|CNVdiploid,-0.03523168181195364,-0.03785663333676221,-0.03251647269689651,0.8181818181818182,-0.07353990453126653,-0.08286538423436934,-0.06654513247254308,-0.10741943120956421,748,0.009172435800332763,-0.0827123403315993,0
SCNN1A,methy->rna|CNVdiploid,-0.2816868664228246,-0.2905792882235535,-0.2736092318491747,1.0,-0.5367710768498984,-0.5673983255149941,-0.5108100231891577,-0.8698593378067017,748,-0.7166561908873652,0.17988511403746676,0
CMTM3,methy->rna|CNVdiploid,-0.11218733109791933,-0.11532647562409239,-0.10934919327827637,0.9986631016042781,-0.15171662885692488,-0.16156541269951977,-0.14535671124965138,-0.34309184551239014,748,-0.18403247511654752,0.03231584625962264,0
S100A10,methy->rna|CNVdiploid,-0.15433186086694878,-0.15971729637197415,-0.14919126159076973,0.9986631016042781,-0.35479295907055597,-0.37597996279598234,-0.3365457604960953,-0.4729001820087433,748,-0.47733712026948744,0.12254416119893147,0
SKAP1,methy->rna|CNVdiploid,-0.2416315817763056,-0.2475229491968328,-0.23580495872230184,1.0,-0.503033327456265,-0.5281200198981023,-0.4777606974882954,-0.7423015832901001,748,-0.3979028312610934,-0.10513049619517156,0
VEZF1,methy->rna|CNVdiploid,-0.0852765986402461,-0.08818072466546717,-0.08224436848221738,0.9812834224598931,-0.14846836235800212,-0.16004429555120334,-0.14014380553057518,-0.26094552874565125,748,-0.3293968947479085,0.1809285323899064,0
TMEM97,methy->rna|CNVdiploid,-0.05348095167818381,-0.055843603107340524,-0.05094182179602957,0.9425133689839572,-0.12663169693957502,-0.13768381163886026,-0.1181476605089955,-0.16212616860866547,748,0.022015566317016202,-0.14864726325659122,0
SELENBP1,methy->rna|CNVdiploid,-0.16133980048067514,-0.16645531900189822,-0.15639056214794422,0.9986631016042781,-0.314961200088748,-0.33355829199099996,-0.2993677984320388,-0.49426811933517456,748,-0.26834304367968437,-0.04661815640906364,0
SFRP4,methy->rna|CNVdiploid,-0.06680497599690123,-0.06946517451028399,-0.06411424890075272,0.9799465240641712,-0.10949592882930334,-0.11938616391188746,-0.10206659742523778,-0.20402979850769043,748,0.0902120730282107,-0.19970800185751403,1
CHCHD2,methy->rna|CNVdiploid,-0.09376694153385891,-0.09723690337000113,-0.08982065154815802,0.9852941176470589,-0.2134189496541635,-0.22976972954505606,-0.19865902177469236,-0.28463274240493774,748,-0.054332779165038377,-0.15908617048912513,0
LPL,methy->rna|CNVdiploid,-0.07965376655846741,-0.08262056810540643,-0.07652194269304868,0.9532085561497327,-0.13491319345022715,-0.1462532064067794,-0.12571865635216684,-0.2438708394765854,748,0.034001796638469035,-0.16891499008869618,0
CACNG4,methy->rna|CNVdiploid,-0.2391061451339616,-0.24569764802112232,-0.23217353743144709,1.0,-0.5049271442844344,-0.5350046991895769,-0.4769587955664346,-0.736487865447998,748,-0.592885209687769,0.08795806540333462,0
SLC7A2,methy->rna|CNVdiploid,-0.22603715648787487,-0.2320312343998561,-0.21988371781689306,1.0,-0.4292875578250041,-0.45530698680280274,-0.4053709109502859,-0.6963165998458862,748,-0.6750271327988463,0.2457395749738422,0
ADAMTS12,methy->rna|CNVdiploid,-0.05541512723705016,-0.057676118793557,-0.05295024518954419,0.9705882352941176,-0.0735092941603764,-0.08000479668201797,-0.0692376566217827,-0.16959542036056519,748,0.06691349191200162,-0.14042278607237801,0
MDFIC,methy->rna|CNVdiploid,-0.08097867794030257,-0.08404076512989198,-0.07776369026118356,0.9532085561497327,-0.1286896374545977,-0.13920610346784998,-0.1211326952922464,-0.24783754348754883,748,-0.17111972589959304,0.04243008844499535,0
SLC2A10,methy->rna|CNVdiploid,-0.15701575020465952,-0.16142219430431762,-0.15234326594024017,0.9986631016042781,-0.35486744233103973,-0.3794183889168082,-0.3309786703467298,-0.4830108880996704,748,-0.5761618401954347,0.22129439786439498,0
ZNF83,methy->rna|CNVdiploid,-0.08406452925750445,-0.08658735926358699,-0.08142802970263416,0.9906417112299465,-0.1757296797529623,-0.18932003374921466,-0.16549117543225364,-0.25668609142303467,748,0.07641773534394991,-0.2521474150969122,0
RGS5,methy->rna|CNVdiploid,-0.0790719055972409,-0.08273126859503524,-0.07492713237901172,0.929144385026738,-0.14356679542439435,-0.15490201147250632,-0.1332171389041298,-0.24195614457130432,748,0.12771550564724357,-0.2712823010716379,0
MAPK3,methy->rna|CNVdiploid,-0.13251045858304875,-0.13625570675022314,-0.1288700917164597,0.9986631016042781,-0.2528000345814181,-0.2694144757608026,-0.23952433407608,-0.4061482548713684,748,-0.09638465329729563,-0.15641538128412247,0
CST7,methy->rna|CNVdiploid,-0.06644298235973785,-0.06972239991416634,-0.06346922908800155,0.9852941176470589,-0.10113337700577169,-0.10837510946387122,-0.09572215385336137,-0.20269154012203217,748,-0.35097992478255696,0.24984654777678528,0
CLEC2B,methy->rna|CNVdiploid,-0.09477108570285565,-0.0972418751258946,-0.09242400496961747,1.0,-0.15294264227245075,-0.1635332639424933,-0.1448927854965292,-0.2897794246673584,748,-0.18416787029887038,0.031225228026419638,0
TUBB2A,methy->rna|CNVdiploid,-0.19743926254953567,-0.20276973063653705,-0.19180561112807512,0.9986631016042781,-0.48728707476623623,-0.5094735226483286,-0.46748431368320426,-0.604013204574585,748,-0.34310116959129716,-0.14418590517493907,0
SNHG9,methy->rna|CNVdiploid,-0.055748024131146504,-0.05747915048614342,-0.05388259747504599,0.9906417112299465,-0.11671318210868456,-0.12608671505825125,-0.1102225625240995,-0.16838429868221283,748,0.16108451139614827,-0.27779769350483285,0
MFAP5,methy->rna|CNVdiploid,-0.08288110372707506,-0.08566857333174377,-0.08012791700330094,0.983957219251337,-0.1351359623433675,-0.14636577060830155,-0.126009513494528,-0.25335657596588135,748,-0.23089985295486795,0.09576389061150045,0
C17orf58,methy->rna|CNVdiploid,-0.1313041727557868,-0.13491626131295187,-0.12788590597842822,0.9986631016042781,-0.3061420386429178,-0.32802251891492534,-0.28948184285373657,-0.40290987491607666,748,-0.464777826455433,0.1586357878125152,0
ALDH3B2,methy->rna|CNVdiploid,-0.22937227572495392,-0.23534872659079176,-0.22260323534499266,1.0,-0.5504386959357318,-0.5747923534505044,-0.5267220658963085,-0.7061986327171326,748,-0.2875401115771619,-0.2628985843585699,0
GOLPH3L,methy->rna|CNVdiploid,-0.090217032186262,-0.0934702415726554,-0.08706664126594123,0.9866310160427807,-0.16930971708164605,-0.18114235736480633,-0.15885021356633297,-0.2752453088760376,748,-0.1518112030309252,-0.017498514050720837,0
KRT23,methy->rna|CNVdiploid,-0.17074536457300887,-0.17614210698408395,-0.16560283379800245,0.9946524064171123,-0.2840651972779068,-0.29903668043785514,-0.2718659671515637,-0.5244532823562622,748,-0.15836462232270865,-0.12570057495519815,0
BNIP3L,methy->rna|CNVdiploid,-0.16143664679935768,-0.16622925539109745,-0.15710682004470206,0.9986631016042781,-0.2943391358085234,-0.311825886234658,-0.2802192005997897,-0.49539828300476074,748,-0.185657819443098,-0.10868131636542538,0
CCND2,methy->rna|CNVdiploid,-0.10269318741971194,-0.10485856782624027,-0.10037344566900502,1.0,-0.174544149589609,-0.18504703502071715,-0.16673775252785308,-0.3150129020214081,748,-0.2204560602666842,0.0459119106770752,1
COX7A1,methy->rna|CNVdiploid,-0.1796360618324864,-0.18333259895601417,-0.17591839197692716,1.0,-0.31274532308935266,-0.32889116536765095,-0.30015755429330776,-0.5527627468109131,748,-0.5916374578031605,0.2788921347138078,0
SELL,methy->rna|CNVdiploid,-0.056066174648574316,-0.058899018928747285,-0.05320416321346611,0.9358288770053476,-0.08840718961928443,-0.09594100436397728,-0.08358727869326722,-0.17171385884284973,748,0.01512450503931654,-0.10353169465860096,0
SHC1,methy->rna|CNVdiploid,-0.1645583442547201,-0.16943985521959168,-0.15978711880503926,0.9986631016042781,-0.3005410217906569,-0.31972522901132183,-0.2846823596634683,-0.5060102939605713,748,-0.3222569803589602,0.02171595856830333,0
DSP,methy->rna|CNVdiploid,-0.10604212024596099,-0.10981480634132353,-0.10214928710439225,0.9866310160427807,-0.2704163914240805,-0.2880280005606531,-0.2550667963844625,-0.3229805529117584,748,-0.06525563209693905,-0.20516075932714148,0
PTPRC,methy->rna|CNVdiploid,-0.03517974031833457,-0.037589766284546966,-0.03283925039581241,0.8903743315508021,-0.04383177058401161,-0.048860407462457026,-0.040726077404716045,-0.1079643964767456,748,-0.3944222743255499,0.3505905037415383,0
TRAM1,methy->rna|CNVdiploid,-0.05590074393012579,-0.058360866197617725,-0.053485618405687996,0.9585561497326203,-0.10580786768960705,-0.11595398575449543,-0.09874710192666554,-0.17029866576194763,748,-0.1422898995509393,0.03648203186133224,0
SEMA3C,methy->rna|CNVdiploid,-0.1329968981807155,-0.1377338223678928,-0.12797846963071227,0.9946524064171123,-0.23545991116624967,-0.25301213408777173,-0.22195773511326478,-0.40847229957580566,748,-0.17785393016057288,-0.05760598100567679,0
STAC2,methy->rna|CNVdiploid,-0.1299022438047776,-0.13360456520551336,-0.12633976285794601,0.9946524064171123,-0.2163559465850182,-0.22818578112507343,-0.20711446130962,-0.3995886445045471,748,-0.2873700075599985,0.07101406097498028,0
RARRES2,methy->rna|CNVdiploid,-0.09195465973548096,-0.09426526321912441,-0.08989898607528368,1.0,-0.14994211550242398,-0.16069899942462246,-0.14195241863170946,-0.28235018253326416,748,-0.23020919989332392,0.08026708439089994,0
CPA3,methy->rna|CNVdiploid,-0.07903460256776934,-0.08138190627084492,-0.0767369991908032,0.9893048128342246,-0.15556264128499445,-0.1683747822015027,-0.145233600715238,-0.241733118891716,748,0.007052076337652544,-0.16261471762264698,0
GIT1,methy->rna|CNVdiploid,-0.1089516393633629,-0.11238986130884546,-0.10528189044254736,0.9959893048128342,-0.2683059929052513,-0.28669055946876126,-0.25264885516977503,-0.3321073055267334,748,-0.0579912590682443,-0.210314733837007,0
NPEPPS,methy->rna|CNVdiploid,-0.04932347398891269,-0.05151296583057005,-0.04723656007357451,0.946524064171123,-0.07888931834987407,-0.08557681205376606,-0.07458550463392326,-0.14998941123485565,748,0.2653365528350492,-0.34422587118492326,0
RSAD1,methy->rna|CNVdiploid,-0.12423863188822634,-0.1279363697294883,-0.12032298556592796,0.9959893048128342,-0.31524664031036387,-0.33569255241808066,-0.2979647610531599,-0.3816477060317993,748,-0.39788928028858617,0.0826426399782223,0
ELOVL2,methy->rna|CNVdiploid,-0.13154132606137095,-0.13591156465816623,-0.1271998524220871,1.0,-0.24843568852544226,-0.2677793741002791,-0.23193407975193556,-0.40245240926742554,748,0.0021450760238787554,-0.250580764549321,0
SEC62,methy->rna|CNVdiploid,-0.10868695696028127,-0.11232182773484524,-0.10509575436710081,0.9879679144385026,-0.1862362156496441,-0.20001046225392022,-0.17498178504220163,-0.3327208459377289,748,-0.16939283640056207,-0.016843379249082024,0
PRR15L,methy->rna|CNVdiploid,-0.24071622004121568,-0.2481231382028005,-0.23373661491260184,1.0,-0.4763276149235605,-0.49986422172765527,-0.45435390627922656,-0.7427268028259277,748,-0.44055727447431564,-0.035770340449244875,0
COTL1,methy->rna|CNVdiploid,-0.1375012142181566,-0.14325833647722944,-0.13209492183477084,0.9986631016042781,-0.2542862657456996,-0.27110788121517637,-0.23935127158391825,-0.4200790226459503,748,0.10670929579107646,-0.3609955615367761,0
OLR1,methy->rna|CNVdiploid,-0.0658956876219667,-0.06875088430416822,-0.06334998376771463,0.9786096256684492,-0.11426244304651656,-0.12339876608616772,-0.10711894864090514,-0.20075809955596924,748,-0.08809111184090956,-0.026171331205606996,0
SLAMF7,methy->rna|CNVdiploid,-0.057483645480079656,-0.06025130920833867,-0.054477670836278386,0.9425133689839572,-0.08737647273436622,-0.0956180030155858,-0.08236939559218527,-0.17524442076683044,748,-0.07272979362908173,-0.014646679105284485,0
RAB4A,methy->rna|CNVdiploid,-0.11644390813388766,-0.11899778534834536,-0.11381465617246381,1.0,-0.27144512485354394,-0.28939072868911936,-0.2566131250639069,-0.35655152797698975,748,-0.12323252585676663,-0.1482125989967773,0
CD55,methy->rna|CNVdiploid,-0.06978355351554931,-0.07211813757751169,-0.06727854732452865,0.9866310160427807,-0.16529718305571411,-0.17764685301391173,-0.15635740989542352,-0.21300837397575378,748,0.021836043128240334,-0.18713322618395445,0
VANGL2,methy->rna|CNVdiploid,-0.2254601026593032,-0.2310862829263661,-0.2190080955047422,1.0,-0.5303461851461652,-0.5517071174203736,-0.510633890750837,-0.6933494806289673,748,-0.7237003532002108,0.1933541680540456,0
DHX9,methy->rna|CNVdiploid,-0.02666788306954664,-0.028784432544931394,-0.024509672251582494,0.8088235294117647,-0.04699397872265009,-0.05293756560148639,-0.04269950870447491,-0.08097876608371735,748,0.03719703069935224,-0.08419100942200233,0
NDUFS2,methy->rna|CNVdiploid,-0.10873240432863866,-0.11209429317926564,-0.10511968735479726,0.9986631016042781,-0.2704090792756944,-0.2886859351766643,-0.25347495941129466,-0.33277714252471924,748,-0.25807471548875865,-0.012334363786935754,0
CLDN4,methy->rna|CNVdiploid,-0.163557454743821,-0.16904313307166274,-0.15788655550481312,0.9959893048128342,-0.36985782018405144,-0.392327763169704,-0.3499135498476248,-0.5014867782592773,748,-0.2417665349502649,-0.12809128523378654,0
TBC1D20,methy->rna|CNVdiploid,-0.06756358100740495,-0.06985332501091814,-0.06518300042048064,0.9812834224598931,-0.13536065548608317,-0.14678221056561022,-0.12709683081965217,-0.20590537786483765,748,0.2315055471165342,-0.3668662026026174,0
SEZ6L2,methy->rna|CNVdiploid,-0.21563166224060715,-0.21998028586051158,-0.21170019145253877,1.0,-0.6300621895081816,-0.6524375501424797,-0.6072317118342999,-0.6617343425750732,748,-0.47579553056546237,-0.15426665894271924,0
NET1,methy->rna|CNVdiploid,-0.23948626581267346,-0.2462859866757611,-0.23306380716590136,1.0,-0.6042363030949247,-0.6295572979007166,-0.5817040943474624,-0.7373901605606079,748,-0.45699853883881913,-0.14723776425610557,0
LAPTM4B,methy->rna|CNVdiploid,-0.0640621328445852,-0.06703550222646254,-0.06097675602105649,0.9491978609625669,-0.12772549960836593,-0.1371815560490285,-0.12066572541671632,-0.19461722671985626,748,-0.1630196990814833,0.03529419947311738,0
ELF3,methy->rna|CNVdiploid,-0.1242337543170803,-0.12860410429367033,-0.12006067232552539,0.9946524064171123,-0.32391653919683017,-0.3464566544086422,-0.3051184753663482,-0.3810510039329529,748,-0.16651915702764505,-0.1573973821691851,0
MAPRE1,methy->rna|CNVdiploid,-0.05814460699978565,-0.06093269957007766,-0.055429509796977035,0.9518716577540107,-0.11882599333929521,-0.12931214399166135,-0.1105268531939858,-0.17638149857521057,748,-0.1488454119914541,0.03001941865215889,0
LYPLA1,methy->rna|CNVdiploid,-0.06643002502206852,-0.06865657578044718,-0.06420271454547984,0.9946524064171123,-0.12114296745099273,-0.13115029347196766,-0.11464194544150308,-0.20254802703857422,748,0.057119950476674126,-0.17826291792766685,0
MUC1,methy->rna|CNVdiploid,-0.13031988163244596,-0.1340805106814679,-0.12655946333047544,1.0,-0.24271193415411696,-0.2558056337487641,-0.23098092161927825,-0.397806853055954,748,0.02680643968389784,-0.2695183738380148,0
ACLY,methy->rna|CNVdiploid,-0.10072995701413799,-0.10439592982129066,-0.09707621164626459,0.9919786096256684,-0.19828204759485418,-0.21247214529624758,-0.18641655045576977,-0.30858713388442993,748,-0.3075429883288034,0.10926094073394921,0
AEBP1,methy->rna|CNVdiploid,-0.05443984138621217,-0.05672795764825085,-0.052140062976949765,0.9358288770053476,-0.0736622868035324,-0.08033960641931094,-0.06875678723934549,-0.1664288341999054,748,-0.0015258194053639714,-0.07213646739816842,0
CALD1,methy->rna|CNVdiploid,-0.07493378222822884,-0.07909936570116682,-0.07096031437029397,0.9117647058823529,-0.10692717406163794,-0.11642430706649926,-0.09999181621411145,-0.22856537997722626,748,-0.021624548930032548,-0.0853026251316054,0
SDCBP,methy->rna|CNVdiploid,-0.0885621052994451,-0.09205858915485295,-0.08501256963284293,0.9893048128342246,-0.17268726355134723,-0.18687547838239157,-0.16184675147384403,-0.2705192565917969,748,-0.15075553923855317,-0.021931724312794054,0
RPRD2,methy->rna|CNVdiploid,-0.08448794259708009,-0.0870903935336318,-0.08169220388023624,0.9866310160427807,-0.1419309316513419,-0.1523934169464709,-0.13411710135768037,-0.2582766115665436,748,-0.04511796427121278,-0.09681296738012912,0
ELMO3,methy->rna|CNVdiploid,-0.20648318606510976,-0.21184332030434566,-0.2010264668676186,1.0,-0.3814409145121616,-0.4014099254006272,-0.3632917351970708,-0.6318907737731934,748,-0.42421240332842763,0.04277148881626602,0
SERPINB9,methy->rna|CNVdiploid,-0.08813173286139521,-0.0913616244330481,-0.08460226660171329,0.9933155080213903,-0.13707060286637293,-0.1470851302708774,-0.13005404140088764,-0.2695083022117615,748,-0.3197695741432246,0.18269897127685167,0
RARA,methy->rna|CNVdiploid,-0.15398946638779762,-0.15848666045653878,-0.14971107708982692,0.9986631016042781,-0.2905563867828275,-0.3116874149692564,-0.2725351626586368,-0.4732562303543091,748,-0.48231488601213796,0.19175849922931043,0
KCTD3,methy->rna|CNVdiploid,-0.08895185837342028,-0.0919839031766285,-0.0861110183951076,0.9933155080213903,-0.1476012214883136,-0.16001666339317824,-0.1388884895375833,-0.27289286255836487,748,-0.4596395477456831,0.3120383262573695,0
ABCC11,methy->rna|CNVdiploid,-0.18053509888144578,-0.18649167660182617,-0.17422647002341418,0.9879679144385026,-0.45949712160745027,-0.49101687869821686,-0.43200690041240025,-0.5560103058815002,748,-0.42701573467940385,-0.03248138692804642,0
MAGEF1,methy->rna|CNVdiploid,-0.10185536272847051,-0.10548309101902324,-0.09840967349631924,0.9959893048128342,-0.26907616639680476,-0.2873701259994675,-0.2539496519539895,-0.3083082139492035,748,-0.2881275428352135,0.019051376438408762,0
PI4KB,methy->rna|CNVdiploid,-0.04465663509680798,-0.04795146219739786,-0.04123210134614282,0.8088235294117647,-0.08914481368918294,-0.09856937523052982,-0.0810002475777338,-0.13552622497081757,748,-0.04339206278574526,-0.045752750903437674,0
PPP2R5A,methy->rna|CNVdiploid,-0.10805389131332206,-0.11145897519352857,-0.10465577902914702,1.0,-0.1905730301347733,-0.2042243005692648,-0.1789457629008479,-0.33063995838165283,748,-0.07905269364299547,-0.11152033649177784,0
GOLT1A,methy->rna|CNVdiploid,-0.19873858720376264,-0.2028494635622136,-0.19427217372378533,1.0,-0.5201744834704622,-0.5411596456564525,-0.5001815678810169,-0.6107746958732605,748,-0.45090647246604776,-0.06926801100441449,0
SOX9,methy->rna|CNVdiploid,-0.1434205603189833,-0.14757612593189684,-0.13974277358542614,0.9959893048128342,-0.3543775579930083,-0.37366880428026894,-0.33844369531166985,-0.43865466117858887,748,-0.39161436447115716,0.037236806478148865,0
NME3,methy->rna|CNVdiploid,-0.05417826199105571,-0.056267145126151184,-0.05214269538929415,0.9705882352941176,-0.07989913492315127,-0.08753266995732392,-0.07545076305617063,-0.16322015225887299,748,-0.06210099934447886,-0.017798135578672415,0
CTHRC1,methy->rna|CNVdiploid,-0.07947320667893996,-0.08273740660342652,-0.0762641737319966,0.9879679144385026,-0.10760470233815872,-0.11686926746554231,-0.10148357174885304,-0.2432229071855545,748,-0.052539753553815294,-0.055064948784343426,0
CD4,methy->rna|CNVdiploid,-0.06769722912115263,-0.07007240367664021,-0.06518519677218246,0.9759358288770054,-0.09547895482965292,-0.10297333072120925,-0.09007815713061762,-0.2074676752090454,748,-0.3438387345877855,0.24835977975813261,0
GCC1,methy->rna|CNVdiploid,-0.07930990714291791,-0.08276153031588758,-0.07609124835890821,0.9705882352941176,-0.15680721630645808,-0.168789550404589,-0.14747304123389407,-0.24180851876735687,748,-0.08486625775810892,-0.07194095854834916,0
ANKH,methy->rna|CNVdiploid,-0.11934913375116919,-0.12331911881709115,-0.115783514074677,0.9986631016042781,-0.22251234626840286,-0.23520738471513628,-0.21179426387269892,-0.36494386196136475,748,-0.32038801128132616,0.0978756650129233,0
CTF1,methy->rna|CNVdiploid,-0.2776081041345761,-0.28485694859473,-0.2708907762823123,1.0,-0.5326104052052301,-0.5555066381603144,-0.5124707480788234,-0.8559111952781677,748,-0.6677739614690168,0.13516355626378673,0
PXMP4,methy->rna|CNVdiploid,-0.24708369749091041,-0.2534208565320402,-0.2408185664841205,1.0,-0.5331332386167584,-0.5630848209525198,-0.5064372431388957,-0.7595911622047424,748,-0.3165526339061983,-0.21658060471056012,0
VWF,methy->rna|CNVdiploid,-0.08993633630990139,-0.09279671092232551,-0.08693602024148418,0.982620320855615,-0.12900891486616775,-0.13819472240447694,-0.12236068285648849,-0.27488452196121216,748,-0.1227250241889502,-0.006283890677217546,0
CRNKL1,methy->rna|CNVdiploid,-0.05102256000234534,-0.053004654327185645,-0.04905624243007672,0.9745989304812834,-0.08485748202110197,-0.09194454926210874,-0.07996017704584138,-0.15514035522937775,748,0.2597877426758647,-0.3446452246969667,0
WFDC2,methy->rna|CNVdiploid,-0.26190012054864,-0.2698023323903903,-0.2539833411812061,1.0,-0.5472350572343384,-0.5685254183030712,-0.5272435259801815,-0.8085846900939941,748,-0.5376140012497388,-0.009621055984599614,0
KDELR2,methy->rna|CNVdiploid,-0.1520165041392028,-0.1573094355620441,-0.1461417575611641,0.9986631016042781,-0.3966809119408489,-0.4199723138822369,-0.375138099960506,-0.46584099531173706,748,-0.22764318755672963,-0.1690377243841193,0
PRR14,methy->rna|CNVdiploid,-0.0683740679088751,-0.07154494157834489,-0.06541095343515951,0.9665775401069518,-0.13437197605429466,-0.1458179641091933,-0.12610409506589693,-0.20739151537418365,748,-0.017460186644209952,-0.1169117894100847,0
C1orf116,methy->rna|CNVdiploid,-0.18286851289999173,-0.1883559856299901,-0.17751587824648618,0.9986631016042781,-0.3825520058207787,-0.40058100576746963,-0.3664761796476129,-0.561689019203186,748,-0.3145161578789556,-0.0680358479418231,0
GMFG,methy->rna|CNVdiploid,-0.09731710739786538,-0.1015568683643125,-0.0932350294711224,0.9893048128342246,-0.1572017762809132,-0.16706524640081974,-0.14919897983776048,-0.2973431348800659,748,-0.4515690719696007,0.2943672956886875,0
SLC2A4RG,methy->rna|CNVdiploid,-0.046929750903160934,-0.04903125720033559,-0.04484454499937987,0.9598930481283422,-0.08424127809941209,-0.09234475441532013,-0.0790754520172518,-0.1415921151638031,748,0.19732296599634008,-0.2815642440957522,0
RSL1D1,methy->rna|CNVdiploid,-0.1324598307144428,-0.1370582642658417,-0.12761526630121636,0.9812834224598931,-0.3545582302262091,-0.3755505534376235,-0.33394795741617556,-0.40662211179733276,748,-0.2911288887298478,-0.06342934149636126,0
STC1,methy->rna|CNVdiploid,-0.19742049603928843,-0.202316218424566,-0.19257581780397348,1.0,-0.4030948206331621,-0.42392649115768444,-0.38475130942395475,-0.605093777179718,748,-0.21634501546153606,-0.18674980517162604,0
S100A4,methy->rna|CNVdiploid,-0.07541812113407374,-0.07898208496801297,-0.07234169918223789,0.9986631016042781,-0.15639844648898535,-0.1686699365465565,-0.1471105168081299,-0.23050518333911896,748,-0.5289886332561706,0.37259018676718525,0
ZNF880,methy->rna|CNVdiploid,-0.3106425539643127,-0.317926382754152,-0.3037117485577125,1.0,-0.6656375972474926,-0.6859474832380885,-0.6444202287707523,-0.9569379091262817,748,-0.5466385833964975,-0.1189990138509951,0
CREG1,methy->rna|CNVdiploid,-0.08292768747328304,-0.08587460128281789,-0.07991428459464817,0.9866310160427807,-0.19699164582965883,-0.21123739480200152,-0.1862472045623524,-0.2534627914428711,748,0.031701454368483116,-0.22869310019814196,0
CD40,methy->rna|CNVdiploid,-0.11546833151992934,-0.11899023221724969,-0.11188912268090638,0.9986631016042781,-0.17353951368996187,-0.18525721702882725,-0.16459358742598526,-0.35494881868362427,748,-0.44138629357159753,0.26784677988163563,0
PRKAR1A,methy->rna|CNVdiploid,-0.10401526100434688,-0.10698929758802632,-0.10105426987426425,0.9973262032085561,-0.17466448919594796,-0.1888582957399308,-0.16458721556736053,-0.3190344572067261,748,-0.33718997420753316,0.1625254850115852,0
S100A6,methy->rna|CNVdiploid,-0.21632566407390116,-0.22371120516684964,-0.20931998223817008,1.0,-0.458365470436724,-0.48126256836229553,-0.43579035658213233,-0.6661812663078308,748,-0.5584669342857675,0.10010146384904356,0
ECH1,methy->rna|CNVdiploid,-0.15502806066559485,-0.15949001199828955,-0.15098023376164774,1.0,-0.29715582273011193,-0.3164537721292524,-0.27943807181326863,-0.4723970592021942,748,0.005741793702873868,-0.3028976164329858,0
GRAMD1A,methy->rna|CNVdiploid,-0.06846948435489394,-0.07145987480775073,-0.06533913644703347,0.9665775401069518,-0.15249378885612813,-0.16470241529829174,-0.14396694527910409,-0.20659847557544708,748,-0.10386982633302429,-0.048623962523103845,0
RHOD,methy->rna|CNVdiploid,-0.17750442038753375,-0.1818193029085601,-0.1733344026985041,1.0,-0.3770391936123731,-0.39874351168985395,-0.3582533263661498,-0.5440884828567505,748,-0.3296726455883149,-0.04736654802405821,0
FCER1A,methy->rna|CNVdiploid,-0.10703082076965295,-0.11115620277125603,-0.1031569735368217,0.9745989304812834,-0.1595353285443666,-0.17108146159990412,-0.15089195813004838,-0.32807958126068115,748,0.24312734626222765,-0.40266267480659423,0
SCGB3A1,methy->rna|CNVdiploid,-0.14264107349377672,-0.14603686962093773,-0.1395344176405975,1.0,-0.3004775807623512,-0.31684930544447776,-0.2865379607417526,-0.4372246563434601,748,-0.31162945616973986,0.011151875407388656,1
