tf,target,edge_sign,is_edge,null,slope,slope_lo,slope_hi,frac_patients_neg,n,obs_coexpr
AR,AKT1,1,1,real,0.014474530819531218,0.014042944573138844,0.014879380398666079,0.0,748,0.29868313632562377
AR,ALDH1A3,1,1,real,-0.002431216936536903,-0.002515757891604529,-0.0023404163041174054,0.9719251336898396,748,-0.06143826014722319
AR,AZGP1,1,1,real,0.01098256116747896,0.010703660760326156,0.011257648426721266,0.0,748,0.3943911011300731
AR,BCL2,1,1,real,0.018951797071983793,0.018500869023096302,0.01935354021643687,0.0,748,0.463074210739909
AR,CCNB1,-1,1,real,0.0009243841864477423,0.0008277029591137722,0.0010189940567554181,0.23529411764705882,748,-0.20520665446107667
AR,CCND1,1,1,real,0.013880469985746192,0.013543683557036338,0.014229667401833563,0.0,748,0.3520133263038899
AR,CDC6,1,1,real,-0.0004709135785403398,-0.0005417008322531646,-0.0003975508902493782,0.6991978609625669,748,-0.19985122156556848
AR,CDH1,-1,1,real,0.007283545888872376,0.007096668370081561,0.007471293270608257,0.0,748,0.21376073691222724
AR,CDK6,1,1,real,0.004583960686645963,0.00439255788775701,0.004780411188984156,0.022727272727272728,748,-0.21406457629202924
AR,CDKN1B,1,1,real,0.01836784860109263,0.017737476441282082,0.019036710170117776,0.0,748,0.28570786494978484
AR,EGFR,-1,1,real,-0.002139853206446557,-0.0022538946623676974,-0.0020412880032098756,0.9157754010695187,748,-0.14463223541133738
AR,ERBB2,1,1,real,7.523828420170536e-05,-2.016965583516298e-05,0.00016713368657328222,0.5066844919786097,748,0.38448610621266116
AR,ERBB3,1,1,real,0.021572068318145253,0.021089089584446375,0.02206287188384285,0.0,748,0.5696327829300738
AR,ESR1,-1,1,real,0.02559441428954436,0.024986611957469443,0.026226564084449257,0.0,748,0.5801898653651602
AR,FOXA1,1,1,real,0.06063328045353944,0.05959741574957379,0.06174558907709916,0.0,748,0.6733789120295961
AR,GREB1,1,1,real,0.010336684636894527,0.010086846039150077,0.010591611945567944,0.0,748,0.48962111118858476
AR,GSTP1,1,1,real,0.002502730937878836,0.002347087092043328,0.00266839915906754,0.13903743315508021,748,-0.3117696456543612
AR,IGF1R,1,1,real,0.021953796767322564,0.02146846559413633,0.022417505149698005,0.0,748,0.4585296804227088
AR,IGFBP3,1,1,real,0.005122938734577195,0.004943517527413104,0.005300272393539221,0.004010695187165776,748,-0.0365825627792118
AR,MDM2,1,1,real,0.013245026356500779,0.012926890319642823,0.013559291555524227,0.0,748,0.3808665243048334
AR,MMP2,1,1,real,0.008315579997958306,0.008094128208997936,0.008535792897239578,0.001336898395721925,748,0.2209703440463434
AR,MMP9,1,1,real,-0.0004042997563244535,-0.0005227363351726267,-0.0002971782332324422,0.6350267379679144,748,-0.21333876672693766
AR,MYC,1,1,real,-0.0017095891409346072,-0.0018066660829194287,-0.0016026667372341006,0.8943850267379679,748,-0.23110853867271877
AR,NCOA3,1,1,real,0.004229533683040481,0.004103695036821215,0.004354303689969665,0.008021390374331552,748,0.30658180515972205
AR,NCOR1,1,1,real,0.017214636643352436,0.016925605644535026,0.017513016544516095,0.0,748,0.38216797264931285
AR,NDRG1,1,1,real,-0.0004381934566001636,-0.0005523032544638533,-0.0003081233583850565,0.6390374331550802,748,-0.254955753666987
AR,NF1,1,1,real,0.0023011478285824842,0.0021986767790407313,0.00239146035821999,0.05748663101604278,748,0.43772143067548336
AR,PIK3R1,1,1,real,0.033117619167005646,0.03246190638690207,0.03375425832024124,0.0,748,0.40919258744058995
AR,PLAU,-1,1,real,-0.0019378424884831129,-0.0020482794166641794,-0.0018275072773967912,0.9117647058823529,748,0.04526161767982963
AR,PTEN,1,1,real,0.0064788155525809885,0.006323428152528726,0.0066257286146627625,0.0,748,0.47953784021184903
AR,SERPINB5,-1,1,real,-0.0035413695635845128,-0.003657880836016409,-0.0034276883436689383,0.9879679144385026,748,-0.2809013208817181
AR,SERPINE1,1,1,real,0.005609180189215922,0.005453427978609723,0.005768383697055882,0.0,748,0.1222493202947466
AR,SLC39A6,1,1,real,0.0070558074029634,0.006884044604531592,0.007231042613752631,0.0,748,0.49139368195662625
AR,SMAD3,-1,1,real,0.029202721710980883,0.0284811418559396,0.02996250176853741,0.0,748,0.3751385913569143
AR,SNAI2,1,1,real,0.004762866776876497,0.004584220207512956,0.004933209066728915,0.0066844919786096255,748,0.1177132662484417
AR,TFF3,1,1,real,0.012149856644956505,0.011819842075969509,0.012500725430334751,0.0,748,0.38783161739460226
AR,TGFB1,1,1,real,0.015905149709707238,0.01536722665153977,0.016465165817057183,0.0,748,0.07807586812663889
AR,TP53,1,1,real,0.004432446393059855,0.004261834347428032,0.004603806765874143,0.0066844919786096255,748,0.07866553393866527
AR,UBE2C,1,1,real,-0.0001547573956473318,-0.000245262843010109,-6.356563992049696e-05,0.5641711229946524,748,-0.40076651680557945
AR,VEGFA,1,1,real,-0.0012983886669879633,-0.0014088728675735376,-0.0012006222382766809,0.8636363636363636,748,-0.006322728540965578
AR,AGR3,1,1,real,0.016701173582429705,0.016285263051836276,0.017096423702463906,0.0,748,0.4893926970369381
AR,VIM,-1,1,real,-0.003428465061540485,-0.003538626425635192,-0.00331703518444893,0.9799465240641712,748,-0.15762384951459057
AR,PIP,1,1,real,0.08161457477725956,0.07975845014246691,0.08342999473329216,0.0,748,0.4865283008111185
AR,TRPS1,1,1,real,0.002165368557060983,0.0020598281272678704,0.0022724425764970215,0.06283422459893048,748,0.34672829775889646
AR,IFI16,1,1,real,-0.0004451517703811814,-0.0005517085343248638,-0.0003322339524776853,0.6203208556149733,748,-0.09346944257663974
AR,AKR1B1,1,1,real,-0.0021265182005815917,-0.0022387373222379713,-0.0020076501188472295,0.9024064171122995,748,-0.178409261001864
AR,QSOX1,1,1,real,-0.0003754165557706167,-0.0004972560365371799,-0.00024321454275630096,0.5855614973262032,748,0.15397043041740247
AR,MT2A,1,1,real,-0.001580465863020542,-0.0016858528954899947,-0.0014760312124924503,0.8890374331550802,748,-0.14847889697827957
AR,GAPDH,1,1,real,-0.0003035088859950046,-0.0003994458744357583,-0.0002114352216440252,0.6122994652406417,748,-0.23540350786067316
AR,INHBA,1,1,real,0.003490822347389026,0.0033734167652292213,0.003616300976507113,0.026737967914438502,748,0.25801930809304646
AR,SCNN1A,1,1,real,0.01361718380627838,0.013179668379766382,0.014039255796178199,0.0,748,0.4981915087306489
AR,NPEPPS,1,1,real,0.0008200855624368976,0.0007261901039093979,0.000910926276616423,0.25133689839572193,748,0.42366312989996624
AR,MUC1,-1,1,real,0.006904520045919428,0.0067057779558632145,0.007087304098926918,0.001336898395721925,748,0.4151123705112416
AR,SDCBP,1,1,real,-0.0009087909761743215,-0.00097704196416332,-0.000834468040787973,0.8288770053475936,748,0.007088061140473456
AR,RARA,1,1,real,0.0010140427801203565,0.0009228779309667432,0.00109539349520568,0.20588235294117646,748,0.40453421322233896
AR,PLK1,0,0,real,-0.001484715108470842,-0.0015944571423258398,-0.0013735315357216633,0.8529411764705882,748,-0.35592381560773134
AR,FGF3,0,0,real,-0.0003549976524632965,-0.0004337145670189699,-0.0002750550867817839,0.660427807486631,748,0.04385377852113228
AR,FPR3,0,0,real,-0.0010958004440720494,-0.0011790047509516067,-0.0010089718854327059,0.839572192513369,748,-0.08043187852064305
AR,MTOR,0,0,real,0.011929999432425262,0.011706922358414907,0.012191382903656954,0.0,748,0.2750646643185074
AR,SLC7A2,0,0,real,0.013111635521278385,0.012808514111171062,0.013415801752580302,0.0,748,0.4464597102163157
AR,CCNE2,0,0,real,-0.0010522252499871282,-0.0011362906847769188,-0.0009673335743672071,0.8342245989304813,748,0.026678614818654647
AR,TRAM1,0,0,real,0.0036996404053942166,0.0035918275899616517,0.0038197933747611576,0.009358288770053475,748,0.05509819817383239
AR,SQLE,0,0,real,-0.0017311771191928867,-0.0018197758380014881,-0.0016465547969434086,0.9358288770053476,748,-0.10184868976092634
AR,S100A10,0,0,real,-0.002126562385321819,-0.0022560492702992214,-0.001997992580893712,0.9050802139037433,748,-0.2836717043285176
AR,SNRPE,0,0,real,-7.403221993197377e-05,-0.00018691614589262887,3.8206680860859323e-05,0.5013368983957219,748,-0.023106942833175895
AR,IGFBP5,0,0,real,0.006643261874356904,0.006497345615646084,0.006812531335558244,0.001336898395721925,748,0.34172752168098885
AR,IGFBP4,0,0,real,0.003265626264367513,0.0031367824296186894,0.0033931863451199767,0.013368983957219251,748,0.30311562251888846
AR,ETV3,0,0,real,-0.00010526017860697099,-0.0002245758514743008,2.2882121302699438e-05,0.516042780748663,748,0.16057139003864923
AR,RSAD1,0,0,real,-0.0008920762590804983,-0.0009931635817833683,-0.0007973751441441518,0.766042780748663,748,0.18991875478982503
AR,CTSS,0,0,real,-0.0014646494759864264,-0.0015753017296799181,-0.0013668549942403017,0.8716577540106952,748,-0.07498334065063249
AR,RASSF7,0,0,real,-0.0016937528623171725,-0.0018149150780092098,-0.0015749057776777312,0.8716577540106952,748,-0.06495884987841852
AR,S100A16,0,0,real,-9.263479337594255e-05,-0.00022247728966894584,4.990371320468745e-05,0.5120320855614974,748,-0.09444269939716671
AR,SLAMF7,0,0,real,-0.0013018696853615433,-0.0014051800430824964,-0.001199089995628546,0.8128342245989305,748,-0.12793167526609117
AR,CACNG4,0,0,real,0.005786233538481176,0.005591162821028335,0.005991913179875061,0.009358288770053475,748,0.35191970807571266
AR,MGP,0,0,real,-0.001296862943115381,-0.001388185373876815,-0.0012108626961064785,0.8529411764705882,748,0.12983986616406917
AR,MCM2,0,0,real,-0.0002117856973433555,-0.0003330211057315241,-9.108104915507459e-05,0.5655080213903744,748,-0.11938867411693334
AR,NME4,0,0,real,-0.0011587251184438485,-0.001262974289393031,-0.001052988514497356,0.7780748663101604,748,0.17182365591696913
AR,ADAMTS2,0,0,real,0.00035555528239438264,0.00024055820943102212,0.00047125319289142883,0.41711229946524064,748,0.21680590992233295
AR,EZH2,0,0,real,0.0012891543718675789,0.0011898682770940183,0.001400185819183405,0.19385026737967914,748,-0.27811283171362927
AR,MLPH,0,0,real,0.011806126743714437,0.011501412395720534,0.01212015570340796,0.0,748,0.48380941201107674
AR,SELENBP1,0,0,real,0.00712004216375832,0.006941883486617044,0.007303597486412748,0.001336898395721925,748,0.38442731167150423
AR,KRT10,0,0,real,-0.001253777900345477,-0.0013449704155795686,-0.001160112885513829,0.856951871657754,748,0.03008211752333535
AR,EIF3K,0,0,real,-0.003455344245789005,-0.0035824882541772786,-0.0033193619555624367,0.982620320855615,748,-0.1774372514686037
AR,KIF2C,0,0,real,-0.0009667004598055627,-0.001059409998875667,-0.0008556783677754463,0.7727272727272727,748,-0.3734436856644837
AR,MNDA,0,0,real,0.0014398228249275203,0.0013378802854839603,0.001540697954485935,0.1711229946524064,748,0.03757159016783799
AR,ATP6V1C1,0,0,real,-0.0006354326739203376,-0.0007050858077314249,-0.0005621723118667701,0.7620320855614974,748,0.17989245760156966
AR,TFAP2C,0,0,real,-0.0030573403020970427,-0.003142063912292573,-0.002970427405178373,0.9959893048128342,748,-0.07610830774536648
AR,BUB1B,0,0,real,0.0004024987194916218,0.00030519209411402113,0.0004936976885348749,0.37433155080213903,748,-0.1464154394034979
AR,EFR3A,0,0,real,0.0021088401215282105,0.0020324404452368794,0.00219250956729844,0.03342245989304813,748,0.3546622633889783
AR,VEZF1,0,0,real,0.0024184894685777905,0.002314898385206666,0.0025256430650133638,0.053475935828877004,748,0.47157206158814924
AR,ASAP1,0,0,real,-0.0005545547689392549,-0.0006478943221705565,-0.0004655931623770444,0.6831550802139037,748,0.10147532076913153
AR,BNIP3L,0,0,real,0.009449580312273241,0.009217648763093788,0.009674703978018052,0.0,748,0.4976349892235456
AR,BUB1,0,0,real,-0.0008663742081303686,-0.0009519270130500811,-0.0007808344891747636,0.7914438502673797,748,-0.2525973807898906
AR,FGFR2,0,0,real,-0.0006023077216620247,-0.0006820589799939032,-0.0005304681755637213,0.732620320855615,748,0.25890852170817824
AR,MAGEF1,0,0,real,-0.0017671102036202388,-0.0018704944749708483,-0.0016661088283946926,0.8796791443850267,748,-0.00223133957354976
AR,SELL,0,0,real,-0.0010821305818809275,-0.0011960572608712972,-0.0009772922261898226,0.7727272727272727,748,-0.054052039950525425
AR,MRPL36,0,0,real,-0.001842922056276423,-0.0019698412184271067,-0.0017165757757059584,0.8703208556149733,748,-0.21232756083290608
AR,LPL,0,0,real,-0.001494014450372155,-0.0015858614018571648,-0.0014021824539884734,0.8663101604278075,748,0.004747376117939472
AR,GMFG,0,0,real,-0.002196212200848005,-0.002311982222849965,-0.002083647523021182,0.9358288770053476,748,-0.16749331945050028
AR,F12,0,0,real,-0.0016670306457236494,-0.0017897148017716347,-0.001550942910014429,0.8622994652406417,748,-0.11029004324911251
AR,AURKA,0,0,real,5.670935592038087e-05,-2.940753259017195e-05,0.00014184882383442616,0.4772727272727273,748,-0.30508417375526076
AR,KDELR2,0,0,real,0.0014722069023167077,0.0013824389213743862,0.0015624192780454,0.11229946524064172,748,0.02074290351245129
AR,S100A4,0,0,real,-0.0029347354036950084,-0.003062639837038085,-0.002812811381443165,0.9692513368983957,748,-0.26669787369850145
AR,MDFIC,0,0,real,0.001248677173187813,0.0011424644854645628,0.0013483405241028047,0.19117647058823528,748,0.06763931322441988
AR,CYB5R1,0,0,real,0.005641286278105342,0.0054911978326772325,0.005796548300770314,0.001336898395721925,748,0.41536709248719733
AR,TMEM204,0,0,real,0.0011153862182442748,0.0010003958318221492,0.0012351616517534414,0.24866310160427807,748,0.1821763279125703
AR,FGF19,0,0,real,-0.0017152834451656103,-0.0017755250730699113,-0.0016551810915927598,0.9759358288770054,748,0.11448182723006446
AR,CLSTN2,0,0,real,0.019409487588802576,0.018956299059653493,0.019844892330640147,0.0,748,0.5703903307366414
AR,PRR14,0,0,real,-0.0016311700273647157,-0.0017349008883332173,-0.0015242395841860187,0.8703208556149733,748,0.05980997678712361
AR,TP53INP1,0,0,real,0.010460325702526831,0.010192568972919498,0.010709572865658006,0.001336898395721925,748,0.6025633932682587
ARID1A,AR,1,1,real,0.008213760407762716,0.008000653018672126,0.008402337563474607,0.008021390374331552,748,0.41992060557775257
ARID1A,CDH1,1,1,real,0.010155077659651145,0.00994607337705879,0.010361304588411701,0.0,748,0.2907229038957713
ARID1A,SMAD3,1,1,real,0.01827992526847544,0.017961213666299915,0.018594798348564322,0.0,748,0.5445218899917298
ARID1A,LOX,0,0,real,0.0006445423219313114,0.0005987958200010267,0.0006893787485461866,0.14171122994652408,748,0.24836657875991502
ARID1A,GABRP,0,0,real,-0.00045088618668377364,-0.000525935662075307,-0.0003796681600669325,0.6417112299465241,748,0.02967752312432959
ARID1A,AKT1,0,0,real,0.010195323511370443,0.009973303627514541,0.010399397080942637,0.0,748,0.41254708473556373
BRCA1,ASPM,1,1,real,0.006108285016347048,0.005937983670777021,0.006280272351342349,0.008021390374331552,748,0.6128193865491278
BRCA1,ATM,1,1,real,0.005368529584710343,0.005236367443554666,0.005498603186566995,0.0,748,0.25481693216598617
BRCA1,BRCA2,1,1,real,0.008614516073386326,0.008480550480520712,0.008765836462389709,0.001336898395721925,748,0.5807184409218504
BRCA1,CCNB1,1,1,real,0.005705926908593487,0.005563769460006853,0.005841529933585697,0.004010695187165776,748,0.5298721254553093
BRCA1,CCND1,1,1,real,0.01050045916457028,0.010224348880740095,0.010779575838768813,0.0,748,0.3572145910103777
BRCA1,CDH3,-1,1,real,-0.003081860607398638,-0.0031931443248710265,-0.0029691866879136036,0.983957219251337,748,-0.03688872215381856
BRCA1,CDKN1B,1,1,real,0.012781906053432181,0.012379267739341428,0.013207923379643077,0.0,748,0.24220248856035062
BRCA1,EGFR,-1,1,real,-0.0013766903892564533,-0.0014783731307375786,-0.001280266943036158,0.8502673796791443,748,-0.07766863711297323
BRCA1,ESR1,1,1,real,0.0029570612874224036,0.0028396018378564363,0.0030777872766651554,0.004010695187165776,748,0.2598655818564718
BRCA1,FOXC1,-1,1,real,-0.0030929375954931878,-0.0032100481349103716,-0.002976580035155588,0.9799465240641712,748,-0.13476477856445845
BRCA1,IGF1R,1,1,real,0.007718372766099498,0.007490996415925016,0.007931965765307337,0.0,748,0.25473266493788355
BRCA1,KRT5,1,1,real,0.0002120362995640637,8.478549875172763e-05,0.00034614902944366357,0.46524064171123,748,-0.17130111669128809
BRCA1,MDM2,1,1,real,0.013994060108834902,0.013617156937397991,0.014355218064161549,0.0,748,0.39917584703566844
BRCA1,MYC,1,1,real,0.0021208541785282167,0.001990418307026251,0.0022239568629918395,0.06818181818181818,748,0.1759185885553722
BRCA1,VEGFA,1,1,real,0.0007889086190518154,0.0007066513006291109,0.0008690684401939013,0.20855614973262032,748,0.1296340226136769
BRCA1,KCNK1,0,0,real,0.000510800733279152,0.00043409874887909616,0.0005823702538154003,0.2580213903743315,748,0.1301876748016679
BRCA1,C1S,0,0,real,-0.001408432875909309,-0.0014879144164368363,-0.0013288820952057929,0.9010695187165776,748,-0.12042402463119994
BRCA1,CST7,0,0,real,-0.0024569821203668718,-0.0025457490317161587,-0.002369638424483544,0.9812834224598931,748,-0.18904373530427665
BRCA1,PTTG1,0,0,real,0.0021292646923525777,0.0020295379038525784,0.0022222183128165654,0.05614973262032086,748,0.326259759261368
BRCA1,PLOD2,0,0,real,0.0008647602168119327,0.0007806368490640369,0.0009519645941208006,0.22192513368983957,748,0.29756051036845194
BRCA1,CDKN2A,0,0,real,0.0004747677920635217,0.00038059966915715424,0.0005598193032755452,0.32486631016042783,748,-0.053811142623912414
BRCA1,MTDH,0,0,real,0.0017239391166673646,0.0016287962110723914,0.0018207085145661864,0.06417112299465241,748,0.5264064158737523
BRCA1,CCND2,0,0,real,-0.00011785713376381097,-0.00020451763839877737,-3.6772842130519506e-05,0.5494652406417112,748,-0.09602757347912813
BRCA1,CD55,0,0,real,0.001457625704795892,0.0013747683235044862,0.0015349355983878224,0.08689839572192513,748,0.11857402604209709
BRCA1,RGS1,0,0,real,-0.0007446585529784335,-0.0008339083312393074,-0.0006562173747479968,0.7513368983957219,748,-0.023588166670125386
BRCA1,FAM107B,0,0,real,0.00012764801344304681,6.248810392768697e-05,0.0001916852457728573,0.3997326203208556,748,0.1431071625149742
BRCA1,ACLY,0,0,real,0.0056548895251666625,0.005494942927609387,0.005811509112972742,0.001336898395721925,748,0.5693029337881489
BRCA1,ELN,0,0,real,-0.002980630975772765,-0.003095885493099289,-0.0028741541160127405,0.983957219251337,748,-0.2167761358387608
BRCA1,CEP55,0,0,real,0.0045451375544187395,0.004433410744661708,0.0046477131139646384,0.004010695187165776,748,0.5223007799760556
BRCA1,S100A6,0,0,real,-0.003174499362506264,-0.003280148052008872,-0.003061594824113057,0.9852941176470589,748,-0.18548311719600935
BRD4,BCL2,1,1,real,0.009299774653877591,0.009052484533245262,0.009564295503370623,0.0,748,0.16915195346763998
BRD4,STC2,1,1,real,0.003927836072740745,0.003799086066669287,0.0040702976266635185,0.0053475935828877,748,0.09880344577589893
BRD4,FAM107B,0,0,real,-5.3807371752518964e-06,-6.393814670380993e-05,5.1055092705079986e-05,0.49064171122994654,748,0.16948818936160448
BRD4,CDC20,0,0,real,-0.0004793761767456947,-0.0005512362431299843,-0.00041179453302714184,0.7032085561497327,748,0.14961962003515242
CBFB,RUNX1,1,1,real,0.01007786513610831,0.009755029482961012,0.01041773822254654,0.0,748,0.20068515209954968
CBFB,BRD4,0,0,real,0.0011393296351380744,0.0010683566472371095,0.0012165690856662445,0.1323529411764706,748,0.2877127881052607
DNMT1,APC,1,1,real,-0.0006929273438206641,-0.0007633916282181337,-0.0006191289274282622,0.7633689839572193,748,0.24044262182480622
DNMT1,AR,1,1,real,0.0007747644921698325,0.0006725459089475713,0.000882298087995041,0.2606951871657754,748,0.021467032781326275
DNMT1,BAG1,1,1,real,0.007288917968109409,0.007082085102793858,0.007507136006710502,0.0,748,0.02074353447310302
DNMT1,BBC3,1,1,real,-0.001265679192297666,-0.0013536444576110595,-0.001179134364777541,0.8409090909090909,748,0.08748338249544839
DNMT1,BCL2,1,1,real,0.007543604720861994,0.007339433794361812,0.0077573543623408936,0.0,748,0.05181754667264791
DNMT1,BIRC5,-1,1,real,0.006377028687375661,0.00621820812715685,0.006530492676220922,0.001336898395721925,748,0.41793398402303844
DNMT1,BRCA1,1,1,real,0.02650582730187412,0.026042619507667255,0.027003218893948678,0.0,748,0.47428595006192814
DNMT1,CCNB2,1,1,real,0.00014746353061746855,7.692226097933869e-05,0.00021262715776897552,0.4144385026737968,748,0.4574333898775011
DNMT1,CD44,1,1,real,0.018798697953163884,0.018354585560277536,0.019265643236944914,0.0,748,0.19657078291491123
DNMT1,CDH1,-1,1,real,0.011063166003659327,0.010816599921906056,0.011309297377140504,0.0,748,0.10848020152950967
DNMT1,CDH3,1,1,real,0.00015947586361239103,6.918210343668575e-05,0.0002518868253538521,0.46390374331550804,748,0.1896598078434958
DNMT1,CDKN2A,1,1,real,0.009394295115327652,0.009183319871831203,0.009605621968619294,0.0,748,0.17432712291308045
DNMT1,DNMT3A,1,1,real,0.05446084689011933,0.053377678025096374,0.05556003468453451,0.0,748,0.5332568473831824
DNMT1,DNMT3B,1,1,real,0.03981921335019473,0.03916577488857981,0.04055526079108688,0.0,748,0.5067436989393105
DNMT1,EGFR,1,1,real,0.000269949412863176,0.00017947126107926197,0.0003619268202439101,0.4505347593582888,748,0.1311940922739549
DNMT1,ESR1,-1,1,real,0.000482404983308625,0.0003864519396604253,0.0005716593156310569,0.34759358288770054,748,-0.02884436411022332
DNMT1,FGFR1,1,1,real,-0.0021482975306836034,-0.0022213580688762967,-0.0020738598701702643,0.9745989304812834,748,0.09953857109020636
DNMT1,GSTP1,1,1,real,0.003489372463491804,0.0032925978757577176,0.0036756346141992133,0.0374331550802139,748,0.03926648153578281
DNMT1,JUP,1,1,real,0.005455416946260194,0.005276195979063935,0.005626834844164972,0.00267379679144385,748,0.178359069720391
DNMT1,LOX,1,1,real,-0.0010178108540249064,-0.0010819736791113906,-0.0009528632552251748,0.8770053475935828,748,0.1339027988302309
DNMT1,MDM2,1,1,real,0.014642518668442982,0.01433262283291405,0.014930264347870151,0.0,748,0.1296575490324581
DNMT1,MMP2,1,1,real,-0.0017373978984567074,-0.0018007787917800819,-0.0016760670182124134,0.9612299465240641,748,0.039091488564676716
DNMT1,PLAT,1,1,real,-0.0024212341238503843,-0.002514468254071184,-0.0023229010637045248,0.9799465240641712,748,-0.13769728948561344
DNMT1,PRC1,1,1,real,0.0055841003533422875,0.005416812261072846,0.005754517827985258,0.0066844919786096255,748,0.4561115621419993
DNMT1,PTEN,1,1,real,0.0007661020593242894,0.0006872201962612308,0.0008474843562730041,0.2286096256684492,748,0.03325297983740048
DNMT1,RASSF1,1,1,real,0.01574819055074617,0.015321334198799151,0.016205634683930464,0.0,748,0.2177786521850975
DNMT1,RB1,-1,1,real,0.0019971309528551643,0.0019007285124080255,0.0020965797303110836,0.053475935828877004,748,0.08222127756538929
DNMT1,RUNX1,1,1,real,0.005595620805787757,0.005381010461636197,0.0058055869206361166,0.0,748,0.17179706269007777
DNMT1,SFRP1,1,1,real,0.005081309633596789,0.004897706608076119,0.0052771756438479926,0.001336898395721925,748,0.1176831331719181
DNMT1,TP53,1,1,real,0.021039036021413493,0.02062205640648624,0.02142095789574576,0.0,748,0.24084756181679437
DNMT1,VEGFA,1,1,real,0.0032811493983860803,0.003171001586008073,0.0033939881516295138,0.0053475935828877,748,0.24570789452416947
DNMT1,WIF1,1,1,real,0.0024858616671397118,0.002357824225231437,0.0026269759886257704,0.07219251336898395,748,-0.0052411792060132805
DNMT1,RBP1,1,1,real,0.00047143655376751236,0.0003560197322879243,0.000591363722610798,0.40641711229946526,748,0.09925765905711992
DNMT1,SCNN1A,1,1,real,-0.0013174374088970355,-0.001389479031901492,-0.0012395317141927853,0.9425133689839572,748,-0.024719441723390877
DNMT1,CD55,1,1,real,0.000501053928357754,0.0004255299172839386,0.0005814947925560736,0.3155080213903743,748,0.04235209851963845
DNMT1,MUC1,1,1,real,0.0003251643298997299,0.0002552628302571077,0.0003985132066073937,0.3649732620320856,748,-0.08701288216935889
DNMT1,ELMO3,1,1,real,0.00367837915945725,0.0034908029293257955,0.0038682719887256673,0.0481283422459893,748,0.04707442819799403
DNMT1,CD4,1,1,real,0.0010196453898750017,0.0009355401575912716,0.001114725260701695,0.196524064171123,748,0.23575386993281025
DNMT1,ETV3,0,0,real,0.005312397654907888,0.005187430471968763,0.005440070350156288,0.0066844919786096255,748,0.3704354321455436
DNMT1,ID1,0,0,real,-0.0023029890057502996,-0.0023807607955276906,-0.0022300004729855407,0.9893048128342246,748,-0.12063223472317885
DNMT1,KIF23,0,0,real,0.0020189307837991076,0.0019307515972875776,0.002100380507070379,0.03877005347593583,748,0.5615090082994425
DNMT1,RUNDC1,0,0,real,0.001193356136426184,0.0010996554349850013,0.0012983283076658195,0.17647058823529413,748,0.05220073626508209
DNMT1,DSTN,0,0,real,0.0006706519648366317,0.0005408255244296453,0.0007881246878254622,0.35427807486631013,748,-0.06746354655986485
DNMT1,SLC7A2,0,0,real,-0.00027869431062895383,-0.0003783707724678308,-0.000183842651414853,0.5614973262032086,748,-0.0027763037725436605
DNMT1,CPXM1,0,0,real,-0.0014684489265386403,-0.001536726309567585,-0.0014032019713188814,0.9358288770053476,748,0.05190442631143619
DNMT1,FXYD5,0,0,real,-0.0016612133227036387,-0.001759545209144413,-0.0015584962106479573,0.9144385026737968,748,-0.006728942812351522
DNMT1,MAP3K1,0,0,real,-2.3853444534149847e-05,-0.00010487851968060738,4.784081877543757e-05,0.5307486631016043,748,0.19434886388794717
DNMT1,CTHRC1,0,0,real,-0.0018950090746921542,-0.001974059747414348,-0.0018153383741163565,0.9505347593582888,748,0.15066163643832503
DNMT1,ECM1,0,0,real,-0.0008379819530681608,-0.0009068955441676642,-0.0007717554777109028,0.8235294117647058,748,-0.09671180236122379
DNMT1,CHAD,0,0,real,-0.0020929858806906614,-0.002171934759027469,-0.0020126449511865385,0.9893048128342246,748,-0.12600777138829777
DNMT1,KRT23,0,0,real,0.001275792741963769,0.0011629783061638868,0.001389215455339464,0.20989304812834225,748,0.09910364058353376
DNMT1,GREB1,0,0,real,-5.0722755186272884e-05,-0.00014378240223270134,3.515193370418285e-05,0.5120320855614974,748,0.11292116070604087
DNMT1,SFRP4,0,0,real,-0.002095988447364559,-0.0021661369005652265,-0.0020296813691190133,0.9879679144385026,748,-0.029492021823656588
DNMT1,AP2B1,0,0,real,0.00235326511622697,0.0022505355333044467,0.002460099914656544,0.045454545454545456,748,0.2169361884819099
DNMT1,ADAMTS2,0,0,real,-0.0010742449543626454,-0.0011485487620600248,-0.0009945187672988048,0.8328877005347594,748,0.158601222086338
DNMT1,SCUBE2,0,0,real,-0.0019756492597520765,-0.002053726450082557,-0.001898889364688175,0.9665775401069518,748,-0.10222393758471249
DNMT1,ECH1,0,0,real,-0.000173862160427525,-0.00029461236239399256,-5.043299337259675e-05,0.5441176470588235,748,-0.11648388627418131
DNMT1,S100A10,0,0,real,-0.00097272746910718,-0.0010361532259737878,-0.0009102493377828668,0.8649732620320856,748,0.0028880721817475907
DNMT1,RPL37,0,0,real,-0.0005963893891137872,-0.0007022209667591154,-0.0004827497438757982,0.6336898395721925,748,-0.09825915541476153
DNMT1,IL6ST,0,0,real,0.00013722508038442214,4.477843969276729e-05,0.0002273705661663712,0.42914438502673796,748,0.03954445455862209
DNMT1,RSAD1,0,0,real,0.0017139230454722406,0.0016005580051195734,0.0018312535269790601,0.10294117647058823,748,0.11863525611173274
DNMT1,RAD51,0,0,real,0.013501085324230342,0.013166115240352862,0.013805992533892218,0.0,748,0.463227017240607
DNMT1,BRD4,0,0,real,0.03834979357724966,0.037801436043559004,0.038898016804674224,0.0,748,0.6293493651325641
DNMT1,PIK3CA,0,0,real,-7.44540362208707e-06,-8.069318468323856e-05,6.28624946553839e-05,0.5093582887700535,748,0.29643323293435386
DNMT1,TP53INP1,0,0,real,-0.0013021778214453935,-0.001380653635696459,-0.0012227197814931592,0.9184491978609626,748,0.07906822191921743
DNMT1,ABCC11,0,0,real,-0.0018680193626243824,-0.0019512710523795355,-0.0017896424787031458,0.982620320855615,748,-0.045931597976799673
DNMT1,DSP,0,0,real,0.006408031228614335,0.006283127239786184,0.006539602672177783,0.0,748,0.3870350337046412
DNMT1,MAP2K4,0,0,real,0.0010057006007203192,0.0009256591155329057,0.0010859433433766054,0.16310160427807488,748,0.10131916686428523
DNMT1,CDC20,0,0,real,-0.0005037973548572854,-0.000572416805715131,-0.00043451493623713664,0.7005347593582888,748,0.45443445249457665
DNMT1,GRB7,0,0,real,0.002402277556895452,0.0022446111185028357,0.0025692675209866922,0.11363636363636363,748,0.16908806942051163
DNMT1,IGFBP5,0,0,real,-0.0015621765980284507,-0.001633456408798631,-0.0014970430608416707,0.9719251336898396,748,0.13728922583359038
DNMT1,RARA,0,0,real,0.01032465188102066,0.010034320902111198,0.01064622897090645,0.0,748,0.06032461898635314
DNMT1,ADAMTS12,0,0,real,-0.0013134695612783956,-0.0013767280303433186,-0.0012578472930069773,0.9491978609625669,748,0.16214432080068159
DNMT1,NID1,0,0,real,-0.0013030710877475452,-0.0013733420466859733,-0.0012350696959132687,0.9491978609625669,748,0.15891668541062265
DNMT1,KDELR2,0,0,real,0.0016766424286685574,0.0015791567197887533,0.0017744232129733905,0.09893048128342247,748,0.09749656180600604
DNMT1,FSCN1,0,0,real,-0.001235684237788215,-0.0013245124320191242,-0.0011442049321938083,0.8235294117647058,748,0.18130116234414484
DNMT3A,BRCA1,1,1,real,0.013834729371239628,0.013567367970630417,0.014096198529592315,0.0,748,0.29062608259519257
DNMT3A,CCND1,-1,1,real,0.0016055174361592343,0.001533506179124461,0.0016766014585631317,0.04679144385026738,748,0.05060287450827043
DNMT3A,CDH1,-1,1,real,0.005174834701131346,0.005022266590396075,0.005335842217656962,0.0,748,0.09561741461621542
DNMT3A,CDKN2A,-1,1,real,0.008720554253161152,0.008540379201246086,0.00889738198271691,0.0,748,0.2071178456022496
DNMT3A,DNMT3B,1,1,real,0.037744621878428426,0.037227597053530265,0.03825039098652162,0.0,748,0.5429100663424944
DNMT3A,ESR1,1,1,real,-0.000378085885723177,-0.0004238782208159695,-0.0003240011998683803,0.7379679144385026,748,-0.1730925771662403
DNMT3A,IGFBP3,-1,1,real,-0.0005679359727202127,-0.0006099713988641182,-0.0005298084029900886,0.8502673796791443,748,-0.0241967134883731
DNMT3A,JUP,1,1,real,0.002801324676829366,0.0027142326048434856,0.002890737351011332,0.0053475935828877,748,0.10001904837042384
DNMT3A,RASSF1,1,1,real,0.01761857534928078,0.017234748722963596,0.018000216830202045,0.0,748,0.064557596131064
DNMT3A,RB1,1,1,real,0.0022837980524196885,0.0021766150992066145,0.0023999248471865586,0.03208556149732621,748,0.021927926623552436
DNMT3A,SFRP1,1,1,real,-0.00015985395048816385,-0.00023924659916868814,-8.230098022260703e-05,0.56951871657754,748,0.13796400923867128
DNMT3A,VEGFA,1,1,real,0.002577993333997095,0.002483004725887025,0.0026743277172668408,0.017379679144385027,748,0.2373254915188158
DNMT3A,WIF1,1,1,real,-0.0006926219568400239,-0.0007505584919556247,-0.0006344396410901716,0.8181818181818182,748,0.06393923870641646
DNMT3A,TIMP2,-1,1,real,-0.0006382261158453547,-0.000675903941556949,-0.0006021658624715346,0.9010695187165776,748,0.08158290961826008
DNMT3A,CREG1,0,0,real,0.0019508562403948524,0.001875709655585512,0.002032661578122447,0.022727272727272728,748,-0.009790860964193057
DNMT3A,CEP55,0,0,real,0.0007329441759313693,0.0006755647947233603,0.0007884194246883829,0.16711229946524064,748,0.4145758392454871
DNMT3A,MAGEF1,0,0,real,0.004395232897387973,0.004266328642342145,0.004524017915637241,0.0053475935828877,748,0.24314941984619132
DNMT3A,PRRX1,0,0,real,-7.288264946550657e-05,-0.00012764956637986152,-1.2626594277813661e-05,0.5481283422459893,748,0.07850846119897553
DNMT3A,CMTM3,0,0,real,-9.698294939011758e-05,-0.00014383188496470612,-5.056511837974236e-05,0.5775401069518716,748,0.09218479403850019
DNMT3A,GPR160,0,0,real,-0.001104853386740049,-0.00115176395488942,-0.0010586308986257767,0.9759358288770054,748,-0.05296041948191888
DNMT3A,AP2B1,0,0,real,0.0005449598648879225,0.00047985571360219015,0.0006079611084349269,0.25668449197860965,748,0.0824312800091313
DNMT3A,TBC1D20,0,0,real,0.0014289502127497813,0.0013775311242195545,0.0014814264152374177,0.02807486631016043,748,0.0889872656056013
DNMT3A,NET1,0,0,real,0.0022945856881359467,0.002201007455928748,0.0023919610067740906,0.03609625668449198,748,0.18063313118844893
DNMT3A,RGS1,0,0,real,-0.0007350202903206296,-0.0007880847959251274,-0.0006810867061260381,0.8516042780748663,748,0.02743455653959273
DNMT3A,STC2,0,0,real,-0.0007189143705555287,-0.0007768323516752063,-0.0006608133888402908,0.8462566844919787,748,-0.2111102099739313
DNMT3A,AKR1B1,0,0,real,0.00028399926728159,0.0002250323389561807,0.00033831359328948625,0.3582887700534759,748,0.06570772402066033
DNMT3A,FPR3,0,0,real,-0.0001729051565914126,-0.0002327710924273342,-0.00011915860956811845,0.6163101604278075,748,0.18376346381193484
DNMT3A,PLAU,0,0,real,0.0004133770012823003,0.00035409373122806203,0.00047252543872482167,0.3048128342245989,748,0.10547287645884135
DNMT3B,AKT1,1,1,real,0.003949461610815132,0.0037984787935294393,0.004111291922854239,0.001336898395721925,748,0.13470659663363618
DNMT3B,APC,1,1,real,-0.0009189194294295322,-0.0009794213586394947,-0.0008628316747303545,0.8903743315508021,748,0.01933871623816435
DNMT3B,BAG1,1,1,real,-0.0004884348752279222,-0.0005789599896384958,-0.0003895284387657799,0.7366310160427807,748,-0.2717350993468631
DNMT3B,BRCA1,1,1,real,0.007566622433268403,0.007396171617473362,0.007742290440054507,0.0,748,0.3511097724516411
DNMT3B,CCNB2,1,1,real,0.0027929919519513154,0.002718574825374231,0.002878488732386487,0.014705882352941176,748,0.586260693293168
DNMT3B,CDH1,-1,1,real,0.0023541445353312445,0.0022650316060577155,0.0024390858412183213,0.0106951871657754,748,0.14119144393897057
DNMT3B,CDKN2A,1,1,real,0.01681400322448296,0.01644703700514813,0.017202722245624785,0.0,748,0.20918296925530702
DNMT3B,DNMT1,1,1,real,0.01925607536979179,0.018840429247346576,0.019671666134274794,0.0,748,0.5067436989393105
DNMT3B,DNMT3A,1,1,real,0.02455968593409926,0.023937252857477474,0.025155004314591018,0.0,748,0.5429100663424944
DNMT3B,ESR1,1,1,real,-0.0011092257240219378,-0.0011605291748037576,-0.0010563090983012522,0.9679144385026738,748,-0.30445681911133726
DNMT3B,FGFR1,1,1,real,-0.00046607563072905155,-0.0005213009052399011,-0.00041353069489955365,0.7393048128342246,748,-0.003994200974324915
DNMT3B,HOXB13,-1,1,real,0.0009768047992558407,0.0009233362416536734,0.0010332873334826772,0.09358288770053476,748,0.16573554528800402
DNMT3B,JUP,1,1,real,0.0001227422926156596,5.086460018073085e-05,0.0001949565297392335,0.48128342245989303,748,0.09296964013145406
DNMT3B,PRC1,1,1,real,-0.00011696558559409751,-0.00019533113933499689,-3.683894483784376e-05,0.6136363636363636,748,0.44172133115487466
DNMT3B,RASSF1,1,1,real,0.005491280743027183,0.00529308281213032,0.00568922039452374,0.001336898395721925,748,-0.019010048870364525
DNMT3B,WIF1,1,1,real,-0.0007673151071022351,-0.0008153736678287439,-0.0007248685412316825,0.9037433155080213,748,0.0573504981194448
DNMT3B,SCNN1A,1,1,real,-0.0013395363821460471,-0.0013962363393023962,-0.0012836833213924546,0.9745989304812834,748,-0.3048893697396421
DNMT3B,SFRP4,1,1,real,-0.001055434294818584,-0.0011064064496687789,-0.0010040888761015832,0.9692513368983957,748,-0.1612171298938751
DNMT3B,CD4,1,1,real,-0.0004112490154420967,-0.00048146471842075775,-0.0003425482562585415,0.7366310160427807,748,0.010979640658537874
DNMT3B,AURKB,0,0,real,0.012952732576311311,0.012677461610323213,0.013207026545049452,0.0,748,0.5959693481300316
DNMT3B,NEK2,0,0,real,0.00041157599350141993,0.000341824922320946,0.0004801284623448106,0.3114973262032086,748,0.5296800364706806
DNMT3B,CDC6,0,0,real,0.0016513340512154453,0.0015691445673356866,0.001724668324329647,0.07754010695187166,748,0.5271853615093431
DNMT3B,CX3CL1,0,0,real,-0.0008921215064166227,-0.0009470748958516528,-0.0008417704586087402,0.9117647058823529,748,0.08492227220992872
DNMT3B,SLC39A6,0,0,real,-0.0013468453473844783,-0.0014189349844482752,-0.0012710941001536711,0.929144385026738,748,-0.281434435440209
DNMT3B,LYPLA1,0,0,real,0.00025926496689963316,0.0001827571900526598,0.0003414406425173513,0.42914438502673796,748,0.17788484504648888
DNMT3B,BNIPL,0,0,real,-0.0008623945425926928,-0.0009668066416281493,-0.0007662210410841417,0.7967914438502673,748,-0.17590729128663385
DNMT3B,RHOD,0,0,real,-0.0005348067010176808,-0.0005960778557237259,-0.000474424207101224,0.7927807486631016,748,-0.07779183126468231
DNMT3B,TPX2,0,0,real,0.0017426485821618006,0.0016725411824705643,0.0018070300680596814,0.04411764705882353,748,0.670034930137038
DNMT3B,EPHX2,0,0,real,-0.0015920994118513436,-0.0016654407214966834,-0.0015171856080825625,0.9612299465240641,748,-0.32636769978970676
DNMT3B,A2M,0,0,real,-0.0007763101396843151,-0.0008241060398080761,-0.0007340612902512287,0.9050802139037433,748,-0.056836587695819195
DNMT3B,SSR3,0,0,real,0.00037304247993437905,0.00030607194320482044,0.00043606329407773475,0.303475935828877,748,0.009501175048562667
DNMT3B,PLTP,0,0,real,0.0009500892372609326,0.0008988622556481624,0.0010048987390224467,0.08823529411764706,748,0.11340130977351023
DNMT3B,PIK3CA,0,0,real,-7.833685487701227e-05,-0.0001386247122363112,-1.3023842450474783e-05,0.5882352941176471,748,0.14136563405974562
DNMT3B,FSCN1,0,0,real,0.0012229833656875516,0.001142213170067201,0.0013013918614361538,0.10160427807486631,748,0.16936509743948053
DNMT3B,GRB7,0,0,real,-0.00038321618992609517,-0.0004642745451159191,-0.0003032880541073742,0.7192513368983957,748,0.1902131746583195
DNMT3B,GOLT1A,0,0,real,-0.0005758807735032881,-0.0006475689833115968,-0.0005099383883162471,0.7513368983957219,748,0.01750883109862821
DNMT3B,RBBP8,0,0,real,-0.0009247512557857585,-0.0010074257389447246,-0.0008457012419452325,0.8048128342245989,748,-0.0715565417727085
DNMT3B,SERPINB5,0,0,real,0.0011272925367236892,0.0010534894946732688,0.001207825923465117,0.10561497326203209,748,0.13598667793755884
E2F1,AR,-1,1,real,-0.002285553549321736,-0.0023531446845983283,-0.0022188773146781093,0.9986631016042781,748,-0.34349206041082475
E2F1,ATM,1,1,real,-0.003187990884973922,-0.0032668588344242637,-0.003119395009817642,1.0,748,-0.36344484573801866
E2F1,AURKA,1,1,real,0.0058928899282304015,0.005759518662651871,0.006021263029696311,0.0,748,0.7505951549470206
E2F1,AURKB,1,1,real,0.002642832749063371,0.0025402702349053407,0.002754722635865373,0.013368983957219251,748,0.8028325291484582
E2F1,BBC3,1,1,real,0.001271724145454413,0.0011991948278624169,0.0013472829454718727,0.07887700534759358,748,0.1104545704752323
E2F1,BCL2,1,1,real,-0.0027887289194845045,-0.0028614640520329858,-0.0027193217577289033,1.0,748,-0.2907379737834123
E2F1,BIRC5,1,1,real,0.004865111918881728,0.004743112733108472,0.004974383734963579,0.001336898395721925,748,0.798297068659157
E2F1,BRCA1,1,1,real,-0.0005583687674639326,-0.0006219853271411504,-0.0005005498941317078,0.7794117647058824,748,0.4024364538489907
E2F1,CCNB1,1,1,real,0.004190566633834624,0.004072431966888803,0.004313569760529835,0.00267379679144385,748,0.7281773116039262
E2F1,CCND1,1,1,real,-0.0017594430830127118,-0.001809938430925998,-0.0017113243921300055,0.9973262032085561,748,-0.02722810879682456
E2F1,CCNE2,1,1,real,-0.0008987681851796999,-0.0009585446841560749,-0.0008393535445580824,0.8703208556149733,748,0.4562514346491789
E2F1,CDC6,1,1,real,0.002727409580941586,0.0026502018691874378,0.0028016012124420495,0.012032085561497326,748,0.6970717838056034
E2F1,CDCA7,1,1,real,7.772117624069195e-05,1.53048014278233e-05,0.0001411784522164006,0.4532085561497326,748,0.4459113514511034
E2F1,CDK4,1,1,real,0.0021524589746997904,0.0020548222876368046,0.0022566228216701167,0.04144385026737968,748,0.395483535564475
E2F1,CDKN1B,1,1,real,-0.000585792957657348,-0.0006614744453670209,-0.0005146398287371925,0.7299465240641712,748,-0.04999482877570268
E2F1,CDKN2A,1,1,real,0.0020765756784378816,0.0019670147033148495,0.002178093802577936,0.0481283422459893,748,0.35814159529160805
E2F1,CHEK1,1,1,real,0.0013794606690977337,0.0012920742828671616,0.0014685091061236205,0.09893048128342247,748,0.6234971658049344
E2F1,CHEK2,1,1,real,0.0008521199297764184,0.0007659478751357734,0.000936699601283724,0.22994652406417113,748,0.5665155723888045
E2F1,DNMT1,1,1,real,0.0008525004639886253,0.0007413494575209664,0.0009529740094805287,0.2887700534759358,748,0.4396080059958103
E2F1,DNMT3A,-1,1,real,0.002403217079466518,0.0022897087009133925,0.002531949691163167,0.05080213903743316,748,0.3679416864816289
E2F1,EZH2,1,1,real,0.00025503695021099565,0.0001863533537336847,0.00032377693496242704,0.4157754010695187,748,0.6851123248124116
E2F1,FGFR1,1,1,real,-0.0004741602907216248,-0.0005437576319501903,-0.000407931362298474,0.7486631016042781,748,-0.14345575472104677
E2F1,FGFR2,1,1,real,-0.001500044101035744,-0.0015763866293412982,-0.0014325656421196615,0.9692513368983957,748,-0.1614849049425177
E2F1,FLT1,1,1,real,-0.0021169914251837523,-0.002180859501781349,-0.002043352131577209,0.9946524064171123,748,-0.31925630597613747
E2F1,FOXM1,1,1,real,0.021005268853511363,0.02057884773330177,0.02139975464456352,0.0,748,0.732055935787415
E2F1,IGF1R,1,1,real,-0.001962906793930274,-0.0020199181803472258,-0.001907038866796899,1.0,748,-0.23721978580665667
E2F1,KIF23,1,1,real,-0.00010951084766284603,-0.00018166545150160795,-3.861167504134277e-05,0.5588235294117647,748,0.6631979082103666
E2F1,KIF2C,1,1,real,0.0012847907046427184,0.0012043466561854881,0.001363250948624632,0.09491978609625669,748,0.767609882494931
E2F1,MCM6,1,1,real,-0.0001783128377920067,-0.00024451498880794854,-0.00010964234710157263,0.5842245989304813,748,0.6247108237947459
E2F1,MDM2,-1,1,real,-0.0020759455370343224,-0.00213490592021642,-0.0020221589734529194,0.9946524064171123,748,-0.14442233169788407
E2F1,MYBL2,1,1,real,0.007817877060360209,0.007654321495694257,0.007977155319324969,0.0,748,0.8005732016199882
E2F1,MYC,1,1,real,-0.0022507660795225634,-0.0023260086537959268,-0.002176505991748705,0.9933155080213903,748,0.15035316723653355
E2F1,NCOA3,1,1,real,-0.0013225899605037316,-0.001379015498924104,-0.0012685238270490754,0.9612299465240641,748,-0.005782911172473821
E2F1,NUSAP1,1,1,real,-0.00029713519779988484,-0.0003820195573082424,-0.00021339824010241146,0.6176470588235294,748,0.3389195465936093
E2F1,PLAU,1,1,real,0.0034424623872075432,0.0033658827002417155,0.003518379464885178,0.0,748,0.017330497317515205
E2F1,PLK1,1,1,real,0.006288431095060646,0.006122081803744984,0.006438438367100024,0.001336898395721925,748,0.807075628359665
E2F1,PTTG1,1,1,real,0.005194694858788116,0.005091324915145332,0.005315951343687829,0.001336898395721925,748,0.7650562123693793
E2F1,RACGAP1,1,1,real,0.001368975216512852,0.0012926372323538394,0.0014539729342839475,0.09491978609625669,748,0.6454631273643441
E2F1,RAD51,1,1,real,0.0025606508318205324,0.002469631460807185,0.0026486355905838603,0.014705882352941176,748,0.7714685128850438
E2F1,RASSF1,1,1,real,0.0007221992020105116,0.0006307614034908346,0.0008111699579008432,0.2807486631016043,748,0.05424240101707531
E2F1,RB1,1,1,real,-0.002609634815728535,-0.0026894297144853447,-0.0025282578303959273,0.9986631016042781,748,-0.35477563495738446
E2F1,RRM2,1,1,real,0.0001586591598698982,0.00010301781079313496,0.0002151718995564592,0.4144385026737968,748,0.6386442222629192
E2F1,SERPINB5,1,1,real,-0.001228411091904949,-0.0013026827343518789,-0.0011517577500274724,0.8663101604278075,748,-0.06183633958639459
E2F1,SERPINE1,-1,1,real,-0.0007601906385674477,-0.0008042083643567729,-0.0007141873740081436,0.929144385026738,748,-0.17622253577399064
E2F1,SNAI2,1,1,real,-0.001978102461567711,-0.0020279761588278965,-0.0019343359130233394,0.9973262032085561,748,-0.30551005346503995
E2F1,TGFB1,1,1,real,0.001861064884074551,0.0017944337191579385,0.0019293081683024547,0.013368983957219251,748,-0.14912023201951716
E2F1,TOP2A,1,1,real,0.001159927483445528,0.0010995899702409032,0.001219932652038519,0.07352941176470588,748,0.6015786298345893
E2F1,TP53,1,1,real,-0.0011101668564031662,-0.0011681061792735235,-0.0010520328835797136,0.9237967914438503,748,0.0025914185044685896
E2F1,TYMS,1,1,real,-0.0006727043508158565,-0.0007427931348691523,-0.0006036385702960751,0.7700534759358288,748,0.6289482404091763
E2F1,VEGFA,-1,1,real,0.0001315665138726007,5.3384873883029324e-05,0.00021014540251211602,0.47459893048128343,748,0.1199368488425762
E2F1,ZEB1,1,1,real,-0.0025163150388737474,-0.0025798738256971286,-0.0024465850949990466,1.0,748,-0.4595532125288313
E2F1,TP53INP1,1,1,real,-0.0016059977653205605,-0.0016671789375994185,-0.0015506350056167832,0.9652406417112299,748,-0.28907975554058446
E2F1,ID4,1,1,real,-0.0016465771476839417,-0.0017085765340239287,-0.0015894458096647873,0.9852941176470589,748,-0.22557078230458943
E2F1,PDK4,1,1,real,-0.002142797891629956,-0.0022075701049245147,-0.0020776932483971442,0.9973262032085561,748,-0.4108701571957564
E2F1,KRT10,-1,1,real,0.0008250985995147539,0.0007661998934689807,0.0008797746705270671,0.11096256684491979,748,0.12806874691865386
E2F1,COL10A1,-1,1,real,-0.0003709124144724504,-0.0004145668160606923,-0.00032903086317291434,0.7459893048128342,748,-0.2124493776997138
E2F1,SLC2A4RG,0,0,real,0.007280572987623918,0.007097839843249883,0.007458996708974771,0.0,748,0.36412200281531365
E2F1,FCER1A,0,0,real,-0.002225223774590102,-0.002305118106897013,-0.002148266444261826,0.9893048128342246,748,-0.4100626098114679
E2F1,ZNF703,0,0,real,-0.0002649417388171571,-0.0003274791794326898,-0.00020359846353991534,0.6537433155080213,748,-0.09261844791759945
E2F1,STAC2,0,0,real,-0.0012909831444744464,-0.001349688103490379,-0.0012307668563259484,0.946524064171123,748,-0.10616322857858487
E2F1,AEBP1,0,0,real,0.0016465811682665815,0.0015765488757048427,0.0017132381586565054,0.0213903743315508,748,-0.1779544873194899
E2F1,GPR160,0,0,real,-0.0005109996787220915,-0.0005628415905794107,-0.0004626964870591271,0.8155080213903744,748,-0.18656369407146015
E2F1,ERBB2,0,0,real,0.00011834541270127606,5.282016971655799e-05,0.00018665909478395292,0.4959893048128342,748,-0.019687440135587868
E2F1,CENPF,0,0,real,-0.00023481302285390836,-0.0002878454470736794,-0.00017677970666566103,0.6296791443850267,748,0.5672040524965142
E2F1,KDM2A,0,0,real,0.0008648105042466965,0.0007945780654854118,0.0009318210690659132,0.17379679144385027,748,0.04571643276876523
E2F1,ZNF880,0,0,real,-0.0017392387707035424,-0.0018144081310313483,-0.0016744249335931356,0.9893048128342246,748,-0.14736605867696642
E2F1,C1orf115,0,0,real,-0.001550011434293486,-0.0016095288489250477,-0.0014939797517780039,0.9866310160427807,748,-0.2643275815613324
E2F1,AKT2,0,0,real,0.001902284887544611,0.0018184240927860392,0.001991588729761587,0.034759358288770054,748,0.133665871592706
E2F1,MDM4,0,0,real,-0.0014940318282952601,-0.0015498102437291846,-0.0014335798087673852,0.9759358288770054,748,-0.15027869057143864
E2F1,RHOD,0,0,real,0.0023907484332723753,0.0022998138751787727,0.002478881274345215,0.013368983957219251,748,0.14638685110346356
E2F1,OLR1,0,0,real,0.0006361726945790719,0.0005792540049961877,0.000691701813094415,0.1537433155080214,748,-0.02452186855160543
E2F1,HOXB2,0,0,real,-0.0013210098770880371,-0.0013939772235975006,-0.001247455584764757,0.9197860962566845,748,-0.274051031596883
E2F1,MAL2,0,0,real,-0.0001186104902230628,-0.0001783693820253047,-6.122834629892891e-05,0.6176470588235294,748,0.15525294168398748
E2F1,SLC2A10,0,0,real,-0.0005031932166108529,-0.000550722153766044,-0.0004578866992644227,0.8328877005347594,748,-0.08829643986654657
E2F1,ELMO3,0,0,real,0.002155275246810746,0.002051318081350227,0.0022583742253523857,0.045454545454545456,748,0.1783515547665054
E2F1,FABP4,0,0,real,-0.002588459662968582,-0.002656463163909204,-0.0025130140049054754,0.9986631016042781,748,-0.30638595238558275
E2F1,ACLY,0,0,real,0.0009048563679315011,0.0008288828939199045,0.0009838079103520214,0.18850267379679145,748,0.06622619362308188
E2F1,CD4,0,0,real,-5.6193536687010936e-05,-0.00011251759789253139,-1.111674044071607e-06,0.5735294117647058,748,-0.034040075210848716
E2F1,CENPA,0,0,real,0.0009317156542075958,0.0008650962337812104,0.0009894836120921263,0.11229946524064172,748,0.7450395457442888
E2F1,CDC20,0,0,real,0.0013560299851654398,0.0012777863711348196,0.0014297326909531313,0.08957219251336898,748,0.7616859848524274
E2F1,JUP,0,0,real,0.0018428328829699614,0.0017448589796565214,0.0019369299674861932,0.04411764705882353,748,0.144153576100164
E2F1,MMP2,0,0,real,-0.00023529155469547642,-0.00027734431015338307,-0.0001914084003055414,0.6711229946524064,748,-0.30659115044816176
E2F1,MELK,0,0,real,0.00022456972779284686,0.00017249094736210532,0.0002779557748580255,0.3783422459893048,748,0.7115973135640118
E2F1,IL6ST,0,0,real,-0.0020756820603580932,-0.0021440563549797284,-0.0020068619991698345,0.9946524064171123,748,-0.4055290724452252
E2F1,PPP1R1B,0,0,real,-0.0002479100291934314,-0.0003302311580902104,-0.00016360398794590023,0.5775401069518716,748,-0.17865941966963977
E2F1,CD40,0,0,real,0.0009132671470001825,0.0008521666358027492,0.0009777986332755503,0.13101604278074866,748,-0.11839116055823015
E2F1,PYCARD,0,0,real,0.0019733424631732635,0.0018868345224672886,0.002056722022860092,0.03208556149732621,748,-0.02718492685176352
E2F1,SNRPE,0,0,real,0.005717162802274242,0.00555764160440644,0.005887654082962303,0.0,748,0.3336158223922585
E2F1,KRT14,0,0,real,-0.0013943076525099328,-0.0014550720239998177,-0.0013380435204055374,0.9745989304812834,748,-0.18164559088021387
E2F1,RBP1,0,0,real,0.0012637426434649215,0.001174054464785783,0.0013453994023145891,0.11764705882352941,748,0.18968440679032356
E2F1,ESM1,0,0,real,0.0040208160745663956,0.003918559284657266,0.004125569333981619,0.0,748,0.055869151134845765
E2F1,ECH1,0,0,real,0.0005078866119113029,0.00043136224718519416,0.0005873131129119549,0.2914438502673797,748,0.026939913757111078
E2F1,AP2B1,0,0,real,-0.00039660852927873955,-0.00044906783801791487,-0.00034593112907125884,0.7419786096256684,748,-0.12089602708041279
E2F1,GOLPH3L,0,0,real,-0.00033634143795173953,-0.0004138481641004005,-0.0002620167547190283,0.6778074866310161,748,-0.14895141707172677
E2F1,NDUFS2,0,0,real,0.0030377574948554126,0.0029235190139996693,0.003168431807763014,0.0213903743315508,748,0.20478656090702957
E2F1,CD93,0,0,real,-0.0020406766340166417,-0.0020960894878019887,-0.0019813488298911315,0.9986631016042781,748,-0.39946083356006723
E2F1,COL1A1,0,0,real,0.000265557342125915,0.00021469358073936587,0.0003161787251045796,0.31016042780748665,748,-0.21914960413539664
E2F1,KRT15,0,0,real,-0.0012578868441642285,-0.0013090578511954119,-0.0012065475678671915,0.983957219251337,748,-0.10969108651537099
E2F1,CHAD,0,0,real,-0.0013028287011283357,-0.0013623298560142604,-0.0012404687469451615,0.9532085561497327,748,-0.3626172608629707
E2F1,PGR,0,0,real,-0.002604518148221353,-0.0026746302453382674,-0.0025358417787978834,0.9973262032085561,748,-0.39226748394474253
E2F1,TMEM147,0,0,real,0.01003076140665069,0.009806968576678218,0.010283552698859298,0.0,748,0.35980882613151094
E2F1,S100A14,0,0,real,0.0017913840941872307,0.0016998371920642183,0.0018818374689008124,0.053475935828877004,748,0.12862413290955388
E2F1,SMAD4,0,0,real,-0.0017386761166938913,-0.0018123705238247047,-0.0016618840257618945,0.9612299465240641,748,-0.18002134395245994
E2F1,BNIPL,0,0,real,-0.0009687587479793478,-0.0010553489540445868,-0.0008820173299011041,0.8556149732620321,748,-0.25056263407800394
E2F1,SNHG9,0,0,real,0.0053593920324862656,0.005226277736376796,0.005491850302233435,0.0,748,0.14992994976701104
E2F1,PIK3R1,0,0,real,-0.002190171872886518,-0.0022598889917241067,-0.002115954541809376,0.9986631016042781,748,-0.39237174023267263
E2F1,ADAMTS2,0,0,real,0.0006921758009087633,0.0006465780666982443,0.0007375597430840523,0.12032085561497326,748,-0.20564050824289137
E2F1,GAPDH,0,0,real,0.0016821178168128128,0.0015933224503776823,0.0017693260974942168,0.05213903743315508,748,0.4264234565472502
E2F1,A2M,0,0,real,-0.002026834462872255,-0.0020818624811026177,-0.0019728209771927266,0.9946524064171123,748,-0.3341767575789977
E2F1,TMEM45B,0,0,real,-0.0007888475818967916,-0.0008398764628631451,-0.0007393190731245078,0.8957219251336899,748,-0.2280894423671138
E2F1,SHC1,0,0,real,0.0013063132931202736,0.0012178342053634544,0.0013940576948249363,0.10160427807486631,748,-0.12079178627213699
E2F1,SIAH2,0,0,real,-0.0001656348565958584,-0.00024249037871728292,-8.565057487826314e-05,0.6390374331550802,748,-0.0226111101409988
ESR1,AKT1,1,1,real,0.007813334789371148,0.007599018682869328,0.008033275509070742,0.001336898395721925,748,0.22786579085882952
ESR1,AKT2,1,1,real,0.013168019048642175,0.012752584107586437,0.013583950817864303,0.0,748,0.22774198457528566
ESR1,AR,1,1,real,0.047895825359141934,0.04709148076426616,0.04871238167857218,0.0,748,0.5801898653651603
ESR1,AURKA,1,1,real,-0.00044602481693979034,-0.0005687755395261152,-0.0003232108305769521,0.5735294117647058,748,-0.24208307525299128
ESR1,BCL2,1,1,real,0.0610810971262727,0.05990824344566502,0.0622853598060562,0.0,748,0.642442689676928
ESR1,BIRC5,1,1,real,-0.000944833781565216,-0.0010818321880485616,-0.0008195707731823826,0.696524064171123,748,-0.29343921091388975
ESR1,BRCA1,1,1,real,0.008921681408029144,0.008696307092505063,0.009136392371614368,0.009358288770053475,748,0.2598655818564718
ESR1,BRCA2,1,1,real,0.0016352351951627023,0.0015294264985514913,0.001743598915434213,0.14037433155080214,748,-0.0621100170880506
ESR1,CA12,1,1,real,0.15030809817843988,0.14774376889498392,0.15277857389803556,0.0,748,0.7304219412222618
ESR1,CBFB,1,1,real,0.0025924798988931387,0.0024381961226959264,0.0027387294890554087,0.1163101604278075,748,-0.20182015483895813
ESR1,CCND1,1,1,real,0.03776538701820952,0.03708513616828174,0.03845242491452735,0.0,748,0.5838760681617541
ESR1,CD44,1,1,real,0.008512616145080901,0.008247209201179237,0.008788963690439137,0.001336898395721925,748,0.15769203342144916
ESR1,CDH1,1,1,real,0.020615727498686627,0.020175037431571535,0.02101997818316031,0.0,748,0.20405897667334838
ESR1,CDH3,1,1,real,-0.004929407475534463,-0.005161377945387779,-0.004706888037874636,0.9612299465240641,748,-0.48649880359346037
ESR1,CDK4,1,1,real,0.005050331251401081,0.004801351602274115,0.005283985732887115,0.06684491978609626,748,-0.07534007860547665
ESR1,CDKN1B,-1,1,real,0.024330146822899103,0.023734124501473598,0.024962429412884044,0.0,748,0.3492719727642928
ESR1,CDKN2A,1,1,real,-0.002735350746910441,-0.0028925861776354037,-0.00257256621881384,0.9211229946524064,748,-0.32317997525296027
ESR1,DNMT1,1,1,real,0.007436634315204359,0.0072017921994124,0.007656824579934501,0.004010695187165776,748,-0.02884436411022332
ESR1,E2F1,1,1,real,-0.0027313195046953817,-0.0029089441141856524,-0.002566321530159804,0.8729946524064172,748,-0.20918957094665974
ESR1,EGFR,1,1,real,-0.003986157891846888,-0.004119175507488026,-0.0038425440615858157,0.9893048128342246,748,-0.4365136121656444
ESR1,ERBB2,1,1,real,0.005323134956519501,0.005135728280294901,0.005520890673451084,0.034759358288770054,748,0.21114454318849687
ESR1,F12,1,1,real,-0.0024985155889203315,-0.0026577754195969655,-0.002337847893347727,0.8957219251336899,748,-0.022372347819270198
ESR1,FLT1,-1,1,real,0.0025344840432276507,0.002354644184805322,0.0027067727889438574,0.1537433155080214,748,0.0886048495618165
ESR1,FOXC1,1,1,real,-0.003967311384310737,-0.004163735308801656,-0.003770033866726318,0.9371657754010695,748,-0.539159860540091
ESR1,FOXM1,1,1,real,-0.0018551970251840862,-0.001989208189893012,-0.0017328139504690864,0.8516042780748663,748,-0.2113250859497412
ESR1,GREB1,1,1,real,0.09125873545145718,0.08946840711675066,0.09309502154430886,0.0,748,0.5472806600196866
ESR1,GSTP1,1,1,real,0.00015373603688177814,-4.518348688995146e-05,0.0003485119578031382,0.4772727272727273,748,-0.5042120890693852
ESR1,IGF1R,1,1,real,0.04972627214537916,0.04885633347845996,0.050627031828417504,0.0,748,0.6305088413025383
ESR1,IGFBP3,1,1,real,-0.0024436315182105053,-0.002596410349754944,-0.002303706208917764,0.8850267379679144,748,-0.25057180952449765
ESR1,JUP,1,1,real,-0.00029087998695113753,-0.0004942127752139401,-8.49785137201081e-05,0.5120320855614974,748,0.23680743550657513
ESR1,KRT5,1,1,real,-0.001088925437385851,-0.001287356262800198,-0.0008950627485899016,0.6216577540106952,748,-0.32996109868746093
ESR1,MDM2,1,1,real,0.029159917308801183,0.02862560757795584,0.029696765842919328,0.0,748,0.5396705055564247
ESR1,MGP,1,1,real,0.022770081204279206,0.022121401343245844,0.02334419009155584,0.0,748,0.20309652968269842
ESR1,MMP2,1,1,real,-0.0012344732341056089,-0.001393570681712664,-0.0010845127181501135,0.7379679144385026,748,-0.06931344463551356
ESR1,MMP9,1,1,real,-0.0025203658598217838,-0.002686376298537872,-0.0023719963942268043,0.893048128342246,748,-0.26777688995775195
ESR1,MYC,1,1,real,-0.0011189832985849385,-0.0012956093609500713,-0.0009430276541974821,0.6657754010695187,748,-0.19321752715580914
ESR1,NCOA3,1,1,real,0.0011901596419964773,0.0010534209661497407,0.0013140296206654773,0.22593582887700533,748,0.25285397245364655
ESR1,NCOR1,1,1,real,0.03101120008680299,0.030479384203320668,0.03151865687430048,0.0,748,0.3710656366425126
ESR1,PGR,1,1,real,0.06113966201517545,0.06006482666050608,0.062112709224309594,0.0,748,0.5699559757043634
ESR1,PIK3R1,1,1,real,0.011821577813245568,0.011498221304654038,0.012154615757121156,0.0,748,0.11735031914926866
ESR1,PPM1D,1,1,real,-0.00011045438405159545,-0.00022845802980258647,4.34538200617958e-06,0.5093582887700535,748,0.18010931225526827
ESR1,SERPINB5,1,1,real,0.0036330916662741983,0.0034298975728165844,0.0038341885528887453,0.09491978609625669,748,-0.3671594892908479
ESR1,SERPINE1,1,1,real,0.00510111911643177,0.004883794935570397,0.0053158233301793326,0.014705882352941176,748,-0.031070126303175044
ESR1,SIAH2,1,1,real,0.01775917314825523,0.017377116184793918,0.018156029271013133,0.0,748,0.5574088619386909
ESR1,SNAI2,-1,1,real,-0.002242913497022542,-0.0023894637027247405,-0.0020921117347978916,0.8676470588235294,748,-0.15690693060756047
ESR1,STC2,1,1,real,0.058631151577925936,0.0573937125270211,0.0598801692864968,0.0,748,0.5232814806148584
ESR1,TP53,-1,1,real,0.003425205369818616,0.003243144564924067,0.003590196561490171,0.04946524064171123,748,0.03529643756764159
ESR1,TYMS,1,1,real,-4.744951550163306e-05,-0.0001749212905831416,8.291408275801684e-05,0.517379679144385,748,-0.09621251538813809
ESR1,VEGFA,1,1,real,-0.00029665930852386873,-0.00040853145774375,-0.00018746699283207397,0.5802139037433155,748,-0.08652666827753099
ESR1,WIF1,1,1,real,-0.004236422802625413,-0.004362791668272573,-0.004108184922006979,0.9946524064171123,748,-0.2889730323792193
ESR1,ZEB1,1,1,real,0.0033234832648174595,0.003176783180930287,0.0034705505598919143,0.03074866310160428,748,0.17484446973044573
ESR1,VIM,1,1,real,-0.003663668629286708,-0.0038426240034042,-0.003486805437710642,0.9371657754010695,748,-0.3236996019605291
ESR1,ECM1,1,1,real,0.0003867316406731519,0.00026175451028237923,0.0005042577131683316,0.38235294117647056,748,0.28756795529217816
ESR1,APOD,-1,1,real,0.00822215763608794,0.007956637777739833,0.008517253493687633,0.0,748,0.019860282608913194
ESR1,TRPS1,1,1,real,0.0588624024937185,0.05763861550112403,0.06017684994354565,0.0,748,0.48565423241698435
ESR1,TSPYL5,1,1,real,-0.004153740839449998,-0.004306608148832448,-0.004009732013739897,0.9959893048128342,748,-0.2250859906006009
ESR1,IFI16,1,1,real,-0.003958903753353072,-0.00409687465732961,-0.003817039796760481,0.9759358288770054,748,-0.29703113805328046
ESR1,IGFBP4,1,1,real,0.00356079590898638,0.003397602414597762,0.0037307864386530647,0.07219251336898395,748,0.3392672952937099
ESR1,KRT19,1,1,real,0.008544669633294637,0.008286369810184446,0.008818891324759038,0.001336898395721925,748,0.256049293021812
ESR1,KAT2A,1,1,real,0.005877493645949373,0.005548201486234448,0.006213877350332651,0.06149732620320856,748,0.1421374150995219
ESR1,KRT15,1,1,real,-0.004410468406623324,-0.004589794338218048,-0.004238146250017913,0.9812834224598931,748,-0.21250987830003176
ESR1,AQP1,1,1,real,-0.0027435543993819976,-0.0028630376472938875,-0.0026211306673255474,0.9558823529411765,748,0.004157108073598665
ESR1,KRT14,1,1,real,-0.0007874507788625171,-0.0010226225292782418,-0.0005595650538624094,0.5561497326203209,748,-0.210626540946414
ESR1,CRABP2,1,1,real,0.0009474052991153627,0.0007781771033688552,0.0011158090272020643,0.3422459893048128,748,0.25595429847733175
ESR1,GAPDH,1,1,real,-0.0009414274218108734,-0.0010807885916137058,-0.0007944342410289431,0.7058823529411765,748,-0.25667422694784475
ESR1,TFAP2C,1,1,real,-0.00029205930375273217,-0.00045481096160139025,-0.00013491986732997883,0.5508021390374331,748,-0.13202139932039186
ESR1,INHBA,1,1,real,-0.0019075917937907392,-0.002039730179269049,-0.0017741639251974734,0.8622994652406417,748,0.02624976266596385
ESR1,LPL,1,1,real,-0.003735022267422999,-0.003861194317694546,-0.0036108632510415506,0.9933155080213903,748,-0.09724665921629959
ESR1,CCND2,1,1,real,0.0006016826254619462,0.0004706432083380885,0.0007488400989407987,0.37566844919786097,748,-0.08215329265164936
ESR1,CLDN4,1,1,real,-0.0013578969036907947,-0.0015155152364201528,-0.0012024175726159916,0.7820855614973262,748,-0.06735182019496849
ESR1,MUC1,1,1,real,0.006643114471725071,0.00646719128695593,0.0068137841934117005,0.001336898395721925,748,0.31859575984840094
ESR1,SERPINB9,1,1,real,-0.00277867221126977,-0.0029365216711758715,-0.0026309974330757354,0.9318181818181818,748,-0.16341683938309834
ESR1,RARA,1,1,real,0.023707982495554964,0.023090503204765613,0.02428984740221812,0.0,748,0.5738522082733452
ESR1,BRD4,0,0,real,0.015665026998052743,0.015301039422278704,0.016038465407046565,0.0,748,0.03035693626878903
ESR1,RGS5,0,0,real,0.0014425016416289877,0.0013293747356941308,0.0015584432374847433,0.1697860962566845,748,0.39183205193922055
ESR1,FKBP10,0,0,real,-0.0017625327793957674,-0.0019237933188804254,-0.0015963264849429561,0.8221925133689839,748,0.15388832340420994
ESR1,RHOD,0,0,real,-0.00022166063560840292,-0.00042388979912073177,-2.6410424443950923e-05,0.4852941176470588,748,0.16130483680507857
ESR1,SEMA3C,0,0,real,0.00864239008047198,0.008486391701768759,0.008804821434501127,0.0,748,0.3912673032075325
ESR1,NID1,0,0,real,-0.0031305772410921483,-0.0032917394014341005,-0.0029794834966162457,0.9398395721925134,748,0.05555729984616503
ESR1,CLEC2B,0,0,real,-0.002659364492813401,-0.002816364793652675,-0.002502226102499562,0.910427807486631,748,-0.16667278840987418
ESR1,PLTP,0,0,real,-0.005866679108125587,-0.006039152055261399,-0.005701556824817557,0.982620320855615,748,-0.3787510192989173
ESR1,ADAMTS12,0,0,real,-0.002060884426044111,-0.002202839099163142,-0.0019224577126063743,0.8676470588235294,748,0.0792636715658103
ESR1,RASSF7,0,0,real,-0.001183436502521582,-0.0013517314136647102,-0.0010328893581054166,0.713903743315508,748,-0.003097229310493582
ESR1,BLVRA,0,0,real,0.004634452782821992,0.0044660972974552805,0.004798988641178278,0.0106951871657754,748,0.40553277129709303
ESR1,CHEK2,0,0,real,-0.00047216092953508297,-0.000609171113131922,-0.00033935127767183024,0.5762032085561497,748,-0.24824433205063937
ESR1,ETV3,0,0,real,0.0003863234888868491,0.00021967222316459593,0.0005705197502968085,0.4318181818181818,748,0.091627069597224
ESR1,SDCBP,0,0,real,-0.0029238126586388917,-0.0030555875828344814,-0.0027840800017523946,0.9719251336898396,748,-0.15365632797427045
ESR1,TWIST1,0,0,real,-0.004196007342124276,-0.004363200823569325,-0.0040186695123561175,0.9705882352941176,748,-0.19028224447592962
ESR1,CDC42SE1,0,0,real,0.0007674568624911365,0.0006079484749975112,0.0009164577100661289,0.3155080213903743,748,0.06384261333690716
ESR1,LAPTM4B,0,0,real,-0.006024812303031934,-0.006212740758699139,-0.005811443754460216,1.0,748,-0.21738264252686976
ESR1,SMAD4,0,0,real,0.012925005286978474,0.012643047049296098,0.013220317317224763,0.0,748,0.24246865905801843
ESR1,LAMB3,0,0,real,-0.003672284791171351,-0.0038651783337620297,-0.0035020146182430712,0.9438502673796791,748,-0.2537835616957421
ESR1,COL1A2,0,0,real,-0.0021637785231027203,-0.002329072383258976,-0.0019756425376595507,0.8355614973262032,748,0.04997226291198221
ESR1,CST7,0,0,real,-0.0014905570760541946,-0.0016612773169530975,-0.0013166347368873067,0.7098930481283422,748,-0.3021307365214053
ESR1,HTATIP2,0,0,real,-0.0024629588510323166,-0.002578326610114953,-0.0023514520144847467,0.9558823529411765,748,-0.17125406017091505
ESR1,LMO1,0,0,real,-0.0038317110468326352,-0.003956492809630032,-0.0037073076379109,0.9959893048128342,748,-0.26259702839871557
ESR1,ATP6V1C1,0,0,real,-8.152026870684904e-05,-0.0002302308549520174,6.100993533950604e-05,0.43983957219251335,748,0.32043030435500813
ESR1,ELF3,0,0,real,-0.001185631501586333,-0.001346118057745553,-0.0010396403902504547,0.6885026737967914,748,0.04808088798365462
ESR1,EFNA4,0,0,real,-0.003651351803322712,-0.0038428077833017717,-0.0034632247891824906,0.9425133689839572,748,-0.26400477788437543
ESR1,CAPN8,0,0,real,0.0062856870500035515,0.006074081062262052,0.006516422791429958,0.014705882352941176,748,0.5294280013670841
ESR1,PPP2R5A,0,0,real,0.01240815827643761,0.012131462685892287,0.012695668435737707,0.0,748,0.4899093744017142
ESR1,CEP55,0,0,real,-0.0013285699263945508,-0.0014602632716268207,-0.001182290627134493,0.7606951871657754,748,-0.2733847097648909
ESR1,THRSP,0,0,real,-0.0003361891977963798,-0.00046083691641468427,-0.0002241450022103409,0.5668449197860963,748,0.16654100595157675
ESR1,FSCN1,0,0,real,-0.006754566675032126,-0.007000369163614586,-0.006513695038799879,0.9759358288770054,748,-0.5153892739087834
ESR1,FGF19,0,0,real,-0.0021515060783116524,-0.002253244949586494,-0.0020417202399016835,0.9451871657754011,748,0.10680397360880588
ESR1,SNHG9,0,0,real,-0.001985828591005979,-0.0021533930707024005,-0.0018269700613675914,0.8048128342245989,748,0.024929516083797863
ESR1,TRAM1,0,0,real,0.0007529913764048549,0.0005753401564554533,0.0009407201578297762,0.29545454545454547,748,0.09147272138323755
ESR1,ISM1,0,0,real,-0.004731633751105297,-0.004871537994770599,-0.004591429308827742,0.9919786096256684,748,-0.061171898922019796
ESR1,ZHX1,0,0,real,-0.00191515909334389,-0.002072142246742683,-0.0017612260670829465,0.8462566844919787,748,0.16021703027670822
ESR1,EXO1,0,0,real,-0.0013050883059653867,-0.0014704857485612905,-0.0011365541192728276,0.7259358288770054,748,-0.24752417418363937
ESR1,RAB4A,0,0,real,-0.0004694027260922022,-0.0006342203939751092,-0.0003128797967802843,0.5561497326203209,748,0.11906297358386088
ESR1,SEC14L2,0,0,real,0.0072239873728693295,0.007024735296668017,0.0074163813793985236,0.0,748,0.34071529544349904
ESR1,COPZ2,0,0,real,-0.0043499524465640885,-0.004507663223269701,-0.0041933080190910965,0.9705882352941176,748,-0.0036512255658218288
ESR1,GOLPH3L,0,0,real,0.009791644073777073,0.009482703572009449,0.010082033102073977,0.0053475935828877,748,0.4249994559246962
ESR1,CDC6,0,0,real,-0.00155576864110535,-0.001663113124461084,-0.001451103356277773,0.8863636363636364,748,-0.1451942745270405
ESR1,PTTG1,0,0,real,-0.002566644294376679,-0.002727257296879388,-0.002401093806769098,0.8863636363636364,748,-0.30132877382458445
ESR1,ZNF880,0,0,real,-0.00016859828908686979,-0.000291143662279426,-4.044052829954256e-05,0.5748663101604278,748,0.10650353716690612
ESR1,YWHAZ,0,0,real,0.0005329783001512875,0.0003185107023486339,0.0007321663797561602,0.32887700534759357,748,-0.017575940511222042
ESR1,GIMAP4,0,0,real,-0.0020556731418077314,-0.0022019777372788646,-0.0019100549803233733,0.8542780748663101,748,-0.07288352536885886
ESR1,VWF,0,0,real,-0.0026470244480728605,-0.002784897928474158,-0.0025146350240073,0.9358288770053476,748,0.09432849376077161
ESR1,FMOD,0,0,real,8.790869155397278e-05,-5.862816697905332e-05,0.00022761075878424388,0.47192513368983957,748,0.21124223302038464
ESR1,DLGAP5,0,0,real,-0.0018609728660424522,-0.00200104523986871,-0.0017337637553176194,0.8409090909090909,748,-0.23428258201766747
ESR1,CHAD,0,0,real,0.005163654986289189,0.004972404591252972,0.005369079922620163,0.02406417112299465,748,0.4722447221774064
ESR1,FGF3,0,0,real,-0.002219025108261024,-0.0023328713055948253,-0.002105135719714987,0.9572192513368984,748,0.0587871108414167
ESR1,SSR3,0,0,real,0.0016957246697194045,0.0015682072315548526,0.0018231888232879687,0.16443850267379678,748,0.13098334091597966
ESR1,SCGB3A1,0,0,real,-0.003748982565796231,-0.003946600665238523,-0.0035369963499152137,0.9318181818181818,748,-0.06449909060794058
ESR1,S100A16,0,0,real,-0.00111947799132184,-0.001288120635807367,-0.0009729823770886384,0.7125668449197861,748,-0.10499219699958885
ESR1,WFDC2,0,0,real,-0.0009439922967567085,-0.0011059521509474732,-0.0007723900530295975,0.660427807486631,748,0.23064724309694057
ESR1,AZGP1,0,0,real,0.00447337751022794,0.004292416856210196,0.004686143769395585,0.02807486631016043,748,0.34498706792499884
ESR1,MNDA,0,0,real,-0.0007983291515027992,-0.0009462585581264027,-0.0006624186696520393,0.6671122994652406,748,-0.0689903690570337
ESR1,PRRX1,0,0,real,-0.004628792694734937,-0.0048162339342722365,-0.004464107304620565,0.963903743315508,748,-0.049811635251801635
ESR1,MCM6,0,0,real,-0.0018378799416393745,-0.0020097964872674975,-0.001672422206431871,0.7540106951871658,748,-0.19455774587721922
ESR1,CRNKL1,0,0,real,0.011163843686712338,0.010931214314186944,0.01141198300475644,0.0,748,0.5437829798162828
ESR1,KRT23,0,0,real,-0.004300788816881372,-0.004496291723113123,-0.004118852398679724,0.9652406417112299,748,-0.2511461638017338
ESR1,TPD52,0,0,real,0.00161241221228372,0.0014573296433860027,0.0017605013014319537,0.15775401069518716,748,0.3227629609131427
ESR1,TOP2A,0,0,real,0.0002289061433736916,0.00011433010659829544,0.0003386941612268586,0.39438502673796794,748,-0.011336980974740368
ESR1,COL14A1,0,0,real,-0.00282510116014882,-0.0029888826756667166,-0.0026705934278658246,0.9224598930481284,748,0.11056410157597754
ESR1,AURKB,0,0,real,-0.0016608340593068194,-0.0018231221686848655,-0.0015028963621050862,0.7914438502673797,748,-0.3967657181921606
ESR1,GCC1,0,0,real,0.002519152885918804,0.00234238871473258,0.00269367509442585,0.1483957219251337,748,0.27811515624215744
ESR1,LRP5,0,0,real,0.008839975802083424,0.008560906467060127,0.009110694795402026,0.0053475935828877,748,0.07602723352804491
ESR1,CPXM1,0,0,real,-0.003833172857676719,-0.004019809112430273,-0.003674728473376171,0.9438502673796791,748,-0.18557076739448888
ESR1,TSPAN14,0,0,real,-0.0035204225861834313,-0.0036820186374021315,-0.0033571005307265396,0.9866310160427807,748,-0.028232676821534724
ESR1,MRPL36,0,0,real,-0.0018517428113449745,-0.0020470811692599785,-0.0016532761306921528,0.7834224598930482,748,-0.09740625324455973
ESR1,SELENBP1,0,0,real,0.00801350984140507,0.007800534816247988,0.008233858907833711,0.001336898395721925,748,0.4358825963772412
ESR1,CST1,0,0,real,0.0012034473185379342,0.001097913539900781,0.001317476429942282,0.19786096256684493,748,0.1253964182045288
ESR1,SLC30A1,0,0,real,0.005058182265489974,0.004873275389748959,0.005244566613465667,0.02406417112299465,748,0.4036653098761897
EZH2,AKT1,1,1,real,0.0031322844670139227,0.002901931728466512,0.003354913620538671,0.11764705882352941,748,0.10316915047436914
EZH2,APC,-1,1,real,-0.004050218133540548,-0.00417511465537323,-0.00392625902027318,0.9933155080213903,748,-0.08093916544210297
EZH2,AR,1,1,real,-0.00026559766420161744,-0.0003793002120837591,-0.0001501452404160716,0.5133689839572193,748,-0.27811283171362927
EZH2,BCL2,1,1,real,-0.00035539634796374095,-0.0004626780138514962,-0.00022978141407088785,0.5802139037433155,748,-0.28474220654593996
EZH2,BRCA1,1,1,real,0.005307055285877805,0.005110362646662392,0.00549417084662029,0.004010695187165776,748,0.4192282811352566
EZH2,CCND1,1,1,real,0.000425837558499951,0.0003014266646602881,0.000547089960506816,0.4197860962566845,748,-0.05069996183874456
EZH2,CCNE2,1,1,real,0.0047431491490921626,0.004561074839997453,0.004924427253248523,0.012032085561497326,748,0.5632939297123226
EZH2,CDH1,-1,1,real,0.0014274970501737668,0.0013289244202299311,0.0015336708389488243,0.1537433155080214,748,0.049130587735805746
EZH2,CDK4,1,1,real,0.0022961424781530837,0.0021050907635001745,0.0024941380338881543,0.2232620320855615,748,0.3814873955027753
EZH2,CDKN1B,1,1,real,0.005858731692044293,0.005537388514126186,0.006219676712635986,0.026737967914438502,748,0.016380064427117952
EZH2,CDKN2A,-1,1,real,0.012568124077272884,0.012310523301887586,0.012824427908296413,0.0,748,0.2881828433685456
EZH2,CHEK1,1,1,real,0.005260151660413467,0.005105826153928116,0.00541705833740305,0.0053475935828877,748,0.7245596624376173
EZH2,FGFR1,1,1,real,-0.002596134431875989,-0.002674298417895995,-0.002511248159053802,0.9946524064171123,748,-0.14137920781316796
EZH2,FOXC1,-1,1,real,0.0025664263840270043,0.002405070848421627,0.0027125633225229245,0.10695187165775401,748,0.11119986285000964
EZH2,GATA3,-1,1,real,0.00011013638893882715,1.4558486081617643e-05,0.00019643211925178948,0.4532085561497326,748,-0.1891416504569501
EZH2,GSTP1,1,1,real,-0.0021936592754680465,-0.002311091804364363,-0.002066347994157876,0.9144385026737968,748,0.05293424040650439
EZH2,HOXB13,-1,1,real,-0.00018983625092189996,-0.00029178594476867,-7.08378100607529e-05,0.5668449197860963,748,0.17974635420838553
EZH2,MMP2,1,1,real,-0.001293272256466051,-0.0013808269457519719,-0.0012032778165645577,0.8676470588235294,748,-0.23309312874610896
EZH2,MYC,-1,1,real,0.004371470666022345,0.004162256738390738,0.00459575398024624,0.040106951871657755,748,0.1096842909503116
EZH2,PTEN,1,1,real,-0.0019506737251588383,-0.0020505508744050353,-0.0018632281779804641,0.9585561497326203,748,-0.19080558900531477
EZH2,RASSF1,1,1,real,0.00795870115237606,0.007585182502480229,0.008356110122136367,0.008021390374331552,748,0.08146552066486891
EZH2,SFRP1,1,1,real,0.0071055072201200095,0.006810876793607218,0.00740637158471784,0.004010695187165776,748,-0.01682156134761677
EZH2,SNAI2,-1,1,real,-0.002602340600622648,-0.0026999161311135993,-0.0025047520866753265,0.9705882352941176,748,-0.15599537867168037
EZH2,TP53,-1,1,real,0.004340322321212773,0.0041834440578020935,0.0045140998024093375,0.013368983957219251,748,0.06943704126485767
EZH2,TWIST1,-1,1,real,-0.0014309565322108415,-0.0015361063451136388,-0.0013326100063057436,0.8743315508021391,748,-0.18109180186185295
EZH2,VIM,1,1,real,-0.002613618305001123,-0.0027151969267817386,-0.0025175827193734237,0.9812834224598931,748,-0.14769200102065372
EZH2,KAT2A,1,1,real,0.008514401037162984,0.008105219151540834,0.00895518949521899,0.001336898395721925,748,0.16843648126558766
EZH2,CD4,1,1,real,0.0021963919711310864,0.002017691661249938,0.002367993298360417,0.1443850267379679,748,0.022853772191310327
EZH2,CLEC2B,0,0,real,-0.0012418417804567375,-0.0013418748614587043,-0.001148482540815551,0.8663101604278075,748,-0.20532042852661225
EZH2,TRPS1,0,0,real,-0.003207625958565524,-0.0033278520916295603,-0.0030931359186920867,0.9906417112299465,748,0.01811617359680972
EZH2,CYB5R1,0,0,real,-0.0028768165163204416,-0.00298117494897472,-0.002770072640684092,0.9852941176470589,748,-0.22896146984116378
EZH2,PTPRC,0,0,real,0.0026283909919474174,0.0024173169721027113,0.0028476296809486173,0.14572192513368984,748,0.07248969799856343
EZH2,S100A10,0,0,real,-0.002563474835651975,-0.0026678580485920153,-0.0024597610950496127,0.9799465240641712,748,0.14377408536783806
EZH2,ERBB2,0,0,real,7.263558909277021e-05,-5.203956588704466e-05,0.00019742720923407236,0.5040106951871658,748,-0.09498321853846205
EZH2,BAG1,0,0,real,0.0025098158806934287,0.002295026838918069,0.0027051731094594723,0.15106951871657753,748,-0.09012788830602743
EZH2,CTHRC1,0,0,real,-0.002581315600531551,-0.002692536322052697,-0.0024583607666548656,0.9344919786096256,748,0.005381284675481804
EZH2,NRN1,0,0,real,-0.002770669236463792,-0.00285525745633988,-0.0026867832572476658,0.9946524064171123,748,-0.19552733111752033
EZH2,ESR1,0,0,real,-0.0007060895750295765,-0.0007981263185901489,-0.0006147875648706564,0.6938502673796791,748,-0.2559931220853083
EZH2,FGF19,0,0,real,-0.0019264591396279938,-0.0019908609842539575,-0.0018550430671100248,0.9919786096256684,748,-0.1607358016915436
EZH2,POLD2,0,0,real,-0.0005882556234368532,-0.0007140385986788457,-0.00046858311277596745,0.6243315508021391,748,0.37213517829770637
EZH2,LPL,0,0,real,-0.002274185275690507,-0.0023705676075427185,-0.0021824122839395645,0.9732620320855615,748,-0.15587761978534817
EZH2,ZNF880,0,0,real,-0.0019470541478996287,-0.002034760806965808,-0.0018627499482968379,0.9652406417112299,748,-0.006773113937319099
EZH2,PLAU,0,0,real,-0.0029579036057729145,-0.0030535244381392638,-0.0028682451838979808,0.9946524064171123,748,0.09243568449275279
EZH2,LRP5,0,0,real,-0.002997426880538503,-0.0031121608963731763,-0.002875874717220781,0.9786096256684492,748,-0.03955755767621151
EZH2,LXN,0,0,real,-0.0005156529071257712,-0.000661788942315574,-0.0003660992496394197,0.6403743315508021,748,-0.11246648704009758
EZH2,NDC80,0,0,real,0.014103252226785623,0.013788743890105391,0.014407813910761376,0.0,748,0.7652955734649122
EZH2,RAB34,0,0,real,-0.0030220328388592885,-0.003127176102480948,-0.002906242885612118,0.982620320855615,748,-0.07291262821575385
EZH2,EGLN1,0,0,real,0.0005968584248268193,0.0004394120335798473,0.0007631410637161976,0.40240641711229946,748,0.12220770367068912
EZH2,EIF3K,0,0,real,-2.9015191540175657e-05,-0.0001573826498428783,9.340134684105118e-05,0.5374331550802139,748,2.1189546746419646e-05
EZH2,MAGEF1,0,0,real,-0.0010457801735925085,-0.0011883976481773576,-0.0008935173750280619,0.7419786096256684,748,0.13462195024287263
EZH2,STAC2,0,0,real,-0.00265733944144226,-0.0027641835322144135,-0.002561479989512292,0.9719251336898396,748,-0.024928716806169093
EZH2,PYCARD,0,0,real,-0.0009788919507099222,-0.0011160022301500616,-0.0008378246050183189,0.7032085561497327,748,-0.08504486234206654
EZH2,ALDH3B2,0,0,real,-0.0007984934530325514,-0.0009019734157575542,-0.0006982728727620487,0.696524064171123,748,-0.12167372308710617
EZH2,MAPK3,0,0,real,0.0033931035902052325,0.0031941259831792727,0.003578213282819105,0.04946524064171123,748,-0.18277604108558493
EZH2,CAPN8,0,0,real,-0.002425563547912978,-0.00252840287263344,-0.002323712978548156,0.9572192513368984,748,-0.3350224231428391
EZH2,SCUBE2,0,0,real,-0.0025455224494584255,-0.0026347278240269616,-0.0024620815714901717,0.9946524064171123,748,-0.39438810194620677
FOXA1,AGR2,1,1,real,0.06625399647762836,0.06481148501527442,0.06765870852400044,0.0,748,0.6488364229212172
FOXA1,AR,-1,1,real,0.04278294827316767,0.04216600992143488,0.043443728551199476,0.0,748,0.6733789120295962
FOXA1,BCL2,-1,1,real,0.0157434636481694,0.01541496058883031,0.016123893867161104,0.0,748,0.5998065973568248
FOXA1,BRCA1,1,1,real,0.015918959920633247,0.015585417740812497,0.01622234297160735,0.00267379679144385,748,0.280507383564388
FOXA1,CCND1,1,1,real,0.028644552814928607,0.028069806680392058,0.029207147556968627,0.0,748,0.5834502414246349
FOXA1,CDKN1B,1,1,real,0.0018041921376728794,0.0016790736934885844,0.0019431431479769697,0.13903743315508021,748,0.4075351404547242
FOXA1,CDKN2A,1,1,real,-0.0009950499746320945,-0.0011231426568400964,-0.0008639814158521386,0.7125668449197861,748,-0.3324392768583925
FOXA1,ESR1,1,1,real,0.03598480946907305,0.03520963899473537,0.036652588420157416,0.0,748,0.7823056216785063
FOXA1,FOXC1,1,1,real,-0.001974056232073171,-0.002143642713703629,-0.0018020487211996606,0.7954545454545454,748,-0.5967001767363086
FOXA1,GREB1,1,1,real,0.0515788206089796,0.05056046189419587,0.052649891254685714,0.0,748,0.5771854759448896
FOXA1,HOXB13,1,1,real,0.00022688611886180184,0.00011550153368036489,0.00034643775856731725,0.49866310160427807,748,-0.19164541214091704
FOXA1,MYC,1,1,real,-0.0008036107262729289,-0.0009206299255697501,-0.0006690385313177519,0.6911764705882353,748,-0.263768481463892
FOXA1,NF1,1,1,real,0.02317730631499174,0.02273865144408048,0.023652255099037258,0.0,748,0.44622639261557767
FOXA1,SNAI2,-1,1,real,-0.00019106455902617286,-0.000287026649848568,-0.00010009939328799857,0.5882352941176471,748,-0.12008465955093585
FOXA1,UBE2C,1,1,real,0.0028058123123232753,0.002672789827432841,0.0029458142561207606,0.06818181818181818,748,-0.2675014258500485
FOXA1,NES,1,1,real,-0.0024517976156802792,-0.0025809830900104464,-0.002338684804818706,0.9358288770053476,748,-0.29078394928822476
FOXA1,ELF3,-1,1,real,0.00952150351131325,0.00924332084195645,0.00978216204932852,0.001336898395721925,748,0.08064059067854348
FOXA1,STAC2,0,0,real,-0.004558765725730694,-0.004682454624141269,-0.004437220071339913,0.9986631016042781,748,-0.4023842458478703
FOXA1,CDC6,0,0,real,9.89018053765975e-05,1.4346630500095143e-05,0.00018533420554775676,0.4318181818181818,748,-0.06622119108680485
FOXA1,TMEM97,0,0,real,0.0007053524796118874,0.0006132905792885716,0.0008026371794149331,0.25935828877005346,748,0.1256159054300493
FOXA1,EGFR,0,0,real,-0.002678554719928221,-0.0027811908778440243,-0.0025724940469078477,0.9719251336898396,748,-0.4486575880831938
FOXA1,LAMB3,0,0,real,-0.0019929862112211937,-0.0021260109240715873,-0.001860732045620198,0.8689839572192514,748,-0.2580853121121694
FOXA1,AEBP1,0,0,real,-0.0005244657752949106,-0.0006393135733941477,-0.0004082005484022998,0.6497326203208557,748,0.10415619913093038
FOXA1,CHI3L1,0,0,real,-0.0041332186232096845,-0.004265496049534093,-0.004002869596225276,0.9906417112299465,748,-0.4707492930533526
FOXA1,HTATIP2,0,0,real,-0.0012426297069127127,-0.001335156723705856,-0.0011515584332850218,0.8596256684491979,748,-0.14975633311538783
FOXA1,PLTP,0,0,real,-0.0034469336269210868,-0.0035601940774981342,-0.003336211554769389,0.9692513368983957,748,-0.4649382534027215
FOXA1,RFC4,0,0,real,-0.0004636046678780741,-0.0006184196143185726,-0.00031872968563254647,0.5868983957219251,748,-0.13013403958274744
FOXA1,ETV3,0,0,real,0.0007866748697049717,0.0006583008963868701,0.0009236790850182084,0.33689839572192515,748,0.14842216584866127
FOXA1,SLC2A3,0,0,real,-0.0013722135679158848,-0.001454650557961243,-0.001291005493250863,0.8770053475935828,748,-0.24887284836046994
FOXA1,SERPINE1,0,0,real,0.0010489152199480805,0.0009543542400560277,0.0011407553554363566,0.19385026737967914,748,0.028243314604813375
FOXA1,RAB4A,0,0,real,0.0002546263224513342,0.00011776719382198759,0.0003998337805050349,0.39438502673796794,748,0.1710917121145169
FOXA1,MDFIC,0,0,real,-0.0016211153840174676,-0.0016956502795505788,-0.001542724915188712,0.9331550802139037,748,-0.13980960432406678
FOXA1,CLEC2B,0,0,real,-0.001331137495037374,-0.0014327808036130663,-0.0012319878571390365,0.8582887700534759,748,-0.2020456543264653
FOXA1,ZNF880,0,0,real,-0.0003934878306861788,-0.0004894098842177464,-0.000286105591042213,0.6203208556149733,748,0.16460835713865907
FOXC1,CDH1,-1,1,real,-0.0010876753394045405,-0.001144101431739804,-0.0010269201052142314,0.9318181818181818,748,-0.1685979882947679
FOXC1,FGF19,1,1,real,0.005339445341141885,0.005228812428415004,0.005440421090282332,0.0,748,0.11832642098609837
FOXC1,TGFB1,1,1,real,-0.0006954971432383714,-0.0007652348149571998,-0.0006298335283609124,0.7406417112299465,748,0.0241813883186512
FOXC1,CD55,0,0,real,0.0014146273192881522,0.0013223282011713894,0.0015046664716969708,0.09491978609625669,748,0.17016879732608559
FOXC1,ARID1A,0,0,real,-0.00023228695002714845,-0.0003158306701518852,-0.00015020661552415124,0.6283422459893048,748,-0.036831490569103086
FOXC1,NPEPPS,0,0,real,-0.001499196249657975,-0.001577077651437483,-0.001426552465571916,0.9425133689839572,748,-0.29052330533744425
FOXM1,AR,1,1,real,-0.0014122534373944453,-0.00147346660389491,-0.0013520988205666924,0.9812834224598931,748,-0.2707746699122324
FOXM1,AURKB,1,1,real,0.0002897488133842375,0.00022426619908399791,0.00035464881253308346,0.3729946524064171,748,0.7826360437189097
FOXM1,BIRC5,-1,1,real,0.0011456141120101753,0.0010983892819031128,0.001190752823470422,0.034759358288770054,748,0.8429298445494401
FOXM1,BRCA2,1,1,real,0.002369395524401171,0.002296941281534332,0.002448837506590425,0.009358288770053475,748,0.6285652470238831
FOXM1,BUB1B,1,1,real,0.0023995853975455083,0.0023102022211223864,0.0024849919897567247,0.03208556149732621,748,0.869590317099634
FOXM1,CCNB1,1,1,real,0.002604779149546769,0.0025269335120741638,0.0026852872045517702,0.0066844919786096255,748,0.8205078284229056
FOXM1,CCND1,1,1,real,-0.0012062106916096574,-0.001254461109210735,-0.0011583738218183235,0.9772727272727273,748,0.06872379366121013
FOXM1,CCNE2,1,1,real,0.002231490047135576,0.0021530915753427836,0.002307867846720846,0.0213903743315508,748,0.6609221918894858
FOXM1,CDC6,1,1,real,0.002308881764404754,0.0022444407830517826,0.002369835523913576,0.008021390374331552,748,0.786432539374046
FOXM1,CDH1,1,1,real,-0.00020288256355586206,-0.0002465432323909686,-0.00016253943824202748,0.6483957219251337,748,0.19085229913071178
FOXM1,CDKN1B,-1,1,real,-0.0013311777403744176,-0.0013904860609048335,-0.0012679759414529154,0.9572192513368984,748,0.02542322697057715
FOXM1,CDKN2A,-1,1,real,-0.00015552544878354196,-0.00020381887236679908,-0.00010949474459542279,0.5989304812834224,748,0.25887351535627484
FOXM1,CHEK1,1,1,real,0.0021993772742220606,0.002131121382512585,0.002269959760243165,0.0106951871657754,748,0.7993576212517164
FOXM1,ERBB2,1,1,real,-0.0013475036079648366,-0.001390754076723405,-0.001301709123593072,0.9759358288770054,748,-0.13538569244088075
FOXM1,ESR1,1,1,real,-0.0015521487482589357,-0.0016156407492276801,-0.0014923677959503474,0.9919786096256684,748,-0.21132508594974123
FOXM1,MMP2,1,1,real,-0.0010305358448485812,-0.0010748905085976386,-0.0009805251390518804,0.9505347593582888,748,-0.24662923662714684
FOXM1,MMP9,1,1,real,0.0008386906187644364,0.0007801346409897394,0.0008983538545573294,0.16310160427807488,748,0.2080923467406703
FOXM1,MYC,1,1,real,-0.0022642841004831262,-0.0023537857784445976,-0.0021795603967532788,0.963903743315508,748,0.24516302894021147
FOXM1,PLAU,1,1,real,0.0010544473243090406,0.0009954310422360653,0.0011097026413469297,0.06951871657754011,748,0.08368519080129655
FOXM1,PLK1,1,1,real,0.001465330436516972,0.0014015648853670426,0.001535045654274717,0.05213903743315508,748,0.8752642125391266
FOXM1,SNAI2,1,1,real,-0.0014174135563705859,-0.0014724552292663545,-0.0013626107941721957,0.9719251336898396,748,-0.1175456996556491
FOXM1,TP53,-1,1,real,-0.000954983771011671,-0.0010005418917931168,-0.0009044371186108153,0.9237967914438503,748,0.11652939075478845
FOXM1,VEGFA,1,1,real,0.001901865566486357,0.0018227398787324654,0.001984721284352224,0.014705882352941176,748,0.19375294452087027
FOXM1,KRT15,1,1,real,-0.0010563442393898323,-0.00111116333776747,-0.00100744037277193,0.9478609625668449,748,-0.12412787828471937
FOXM1,ALDOC,1,1,real,0.00012519220894604275,6.474267930118648e-05,0.00018457466119704385,0.4679144385026738,748,0.0774146338309355
FOXM1,COL1A2,0,0,real,-0.0003761092424160297,-0.00042300244983897435,-0.0003302562512872818,0.7473262032085561,748,-0.1790914267802913
FOXM1,AQP1,0,0,real,-0.0013040923588592116,-0.0013631196222577242,-0.0012442972612942422,0.9652406417112299,748,-0.3494841574696733
FOXM1,EZH2,0,0,real,0.0011599702937379079,0.0010898410273012798,0.0012266700974250132,0.10561497326203209,748,0.7687230703779618
FOXM1,KDM2A,0,0,real,0.0012306166933135597,0.0011498260215423257,0.0013134412051082228,0.11898395721925134,748,0.2639466160476396
FOXM1,FLT1,0,0,real,-0.00032820216165905267,-0.0003961400626239284,-0.0002651101569462486,0.6470588235294118,748,-0.05487033169318164
FOXM1,HOXB2,0,0,real,-0.0013321681702243907,-0.0014084493202375624,-0.0012532423314862127,0.9010695187165776,748,-0.27127493052161905
FOXM1,CLEC2B,0,0,real,-0.0006198737186789784,-0.0006704116337965861,-0.00057140578717635,0.8636363636363636,748,-0.24169432305157404
FOXM1,SFRP1,0,0,real,-0.0009312945601087115,-0.0009977274085094137,-0.0008686697125671862,0.856951871657754,748,0.031132892761357493
FOXM1,EXT1,0,0,real,0.0015518276165314227,0.0014567889733795739,0.0016474351757581633,0.07754010695187166,748,0.2902245932117738
FOXM1,FGFR1,0,0,real,-0.0010174134923825826,-0.001065345940017432,-0.0009699587279195286,0.9090909090909091,748,-0.08023790384572141
FOXM1,GABRP,0,0,real,0.00024331952146389117,0.00016598544179199847,0.00032015938809330037,0.40106951871657753,748,0.13095277708726968
FOXM1,CD93,0,0,real,-0.00048226065794254797,-0.0005310723790847026,-0.00043481465179116797,0.786096256684492,748,-0.20257615428891876
FOXM1,TMEM45B,0,0,real,-0.0006434463739391832,-0.000693637166026384,-0.000599185179426366,0.8449197860962567,748,-0.30193512963583435
FOXM1,RSPO2,0,0,real,-0.0008512047771032433,-0.0009126271169316015,-0.0007922074525702562,0.8743315508021391,748,0.12184818130869851
FOXM1,TMEM147,0,0,real,0.0014535154522282076,0.001377317195058071,0.001529702555858025,0.07085561497326204,748,0.17824983761789295
FOXM1,SCUBE2,0,0,real,-0.0013405496639709203,-0.0013938124871340873,-0.0012912449405658082,0.983957219251337,748,-0.3772862336538792
FOXM1,CA12,0,0,real,-0.0011134235310798215,-0.0011743702613526581,-0.0010561683515151925,0.9385026737967914,748,-0.23406816498029248
FOXM1,CHAD,0,0,real,-0.0015564165938871362,-0.001622169326175104,-0.0014921630179223553,0.9799465240641712,748,-0.39854201866391936
FOXM1,ERBB3,0,0,real,-0.0006572565932902589,-0.0007073163861801455,-0.0006096731918970215,0.8235294117647058,748,-0.1153717639696371
FOXM1,ASPM,0,0,real,0.002424844782741377,0.0023389858223224745,0.0025091182368294092,0.0106951871657754,748,0.8522983052964421
FOXM1,PTMS,0,0,real,-0.0006694639209531738,-0.0007268727434228006,-0.0006120178331712297,0.8449197860962567,748,0.12047424413800253
FOXM1,IGFBP3,0,0,real,-0.0003896128103210068,-0.00043631822740079854,-0.0003375419955661215,0.7419786096256684,748,-0.05270101240371991
FOXM1,MT1E,0,0,real,-0.0015430856647373323,-0.0016322261114600008,-0.0014523152217429558,0.9251336898395722,748,-0.051227880121959175
FOXM1,SEZ6L2,0,0,real,0.0004258328991893964,0.0003686135151500712,0.0004788975678656156,0.2914438502673797,748,-0.05855868917047203
FOXM1,CDKN3,0,0,real,0.0027633331523902725,0.002688042609206376,0.0028395782386331702,0.00267379679144385,748,0.7757706790947329
GATA3,AURKA,1,1,real,-0.0006477759843492982,-0.0007265469062201456,-0.0005732215470715343,0.7352941176470589,748,-0.20055374250085556
GATA3,BIRC5,1,1,real,-0.0010032545194136064,-0.0010784318169754065,-0.0009245449546106174,0.856951871657754,748,-0.22181349590198393
GATA3,CCND1,1,1,real,0.03695716815199637,0.03621636719976941,0.03767643630273334,0.0,748,0.6020585056862106
GATA3,CDH1,1,1,real,0.019807182050786527,0.019403486645393694,0.02022785691787931,0.0,748,0.1883977511324723
GATA3,CDH3,-1,1,real,-0.004019037588315213,-0.004156453417988247,-0.0038948971561489063,0.9919786096256684,748,-0.4863453155775827
GATA3,CDKN2A,1,1,real,-0.00092880532187833,-0.0010375173125580389,-0.0008265223978313491,0.7205882352941176,748,-0.2582498841994121
GATA3,EGFR,1,1,real,-0.0024287397374354192,-0.0025144846112404697,-0.0023442971496925816,0.9812834224598931,748,-0.5422788843003931
GATA3,ERBB2,1,1,real,0.0069362348836220795,0.006741789580748621,0.00714568244411615,0.00267379679144385,748,0.34949912241155273
GATA3,ESR1,1,1,real,0.03647982420486111,0.03569475409504874,0.03733324465691008,0.0,748,0.7445501503669303
GATA3,FGF4,1,1,real,-0.0026687643380749328,-0.0027421550838384228,-0.0025927433558794086,0.9986631016042781,748,-0.045011649252341975
GATA3,FGFR1,1,1,real,-0.0017745516353839623,-0.001859225263154432,-0.0016924244536777116,0.9411764705882353,748,0.1607568619365118
GATA3,FOXA1,1,1,real,0.04047904752004799,0.0396517690896721,0.04128805204782591,0.0,748,0.816018878710547
GATA3,FOXC1,-1,1,real,-0.002080493182883515,-0.002202197380053499,-0.001965355057097719,0.8877005347593583,748,-0.5772809601508628
GATA3,GREB1,1,1,real,0.04856923700023091,0.047590308476097506,0.049621087841113944,0.0,748,0.5923864668242951
GATA3,LMO1,1,1,real,0.000590065682374121,0.00048599893998497144,0.0006893762339814615,0.27941176470588236,748,-0.2398889126194813
GATA3,LOX,-1,1,real,-0.0027641674825745685,-0.0028674824366172933,-0.0026555591422247698,0.9598930481283422,748,-0.15828750669691113
GATA3,MYC,1,1,real,-0.0003780179045290921,-0.0004875122935078703,-0.00026564539126191074,0.5494652406417112,748,-0.12882994964371597
GATA3,NCOA3,1,1,real,0.0013593100226955716,0.0012803481770760293,0.0014372031700215513,0.09893048128342247,748,0.17765625663517393
GATA3,ZEB1,1,1,real,0.0015649662434443874,0.0014654008520882497,0.0016667662375619468,0.0748663101604278,748,0.11042162409589235
GATA3,MUC1,1,1,real,0.006399031859696403,0.006255880884124579,0.006542466077485634,0.0,748,0.3583125115212784
GATA3,CD4,1,1,real,0.0006932419726837579,0.000603287187025179,0.0007818386707350749,0.27941176470588236,748,-0.21792454022428678
GATA3,GMFG,0,0,real,-0.0017668860235688095,-0.0018694349713005132,-0.0016604780991727312,0.8970588235294118,748,-0.2700972332824385
GATA3,KCTD3,0,0,real,0.010903433183624796,0.010657511582625484,0.01116768282800917,0.0,748,0.6188191217566552
GATA3,MAL2,0,0,real,0.0015994962336787703,0.001506006105503304,0.0016919869876719038,0.0748663101604278,748,0.17932137078762062
GATA3,MCM2,0,0,real,0.0012700832937180063,0.0011620079514487744,0.0013809021227244368,0.19786096256684493,748,-0.04467355725494382
GATA3,SYCP2,0,0,real,0.007783786934524869,0.007598444283231239,0.007967806730946277,0.0,748,0.2964263922344125
GATA3,C6orf62,0,0,real,0.0025950689399581728,0.0025107536596140636,0.0026885862637302097,0.026737967914438502,748,0.08469811709155807
GATA3,CD40,0,0,real,-0.0011644498160799535,-0.0012930427928512862,-0.001045170472502175,0.7459893048128342,748,-0.3665091725147834
GATA3,TMEM45B,0,0,real,0.005170505009956803,0.004982047768031853,0.005359114932370291,0.004010695187165776,748,0.24518794425468948
GATA3,ELMO3,0,0,real,0.005092049319481348,0.004909142882955583,0.005281347285121108,0.0066844919786096255,748,0.3515349819488861
GATA3,MRPL36,0,0,real,-0.0010810940886462515,-0.0011911415754391574,-0.0009617139224190036,0.7647058823529411,748,-0.017700497197374203
GATA3,TSPYL5,0,0,real,-0.0033259256610915777,-0.003431137479511139,-0.0032236785434457053,0.9986631016042781,748,-0.29357685694891733
GATA3,CDKN1B,0,0,real,0.03646483596820225,0.035621581828719086,0.03734738758579955,0.0,748,0.4381175057569475
GATA3,PI4KB,0,0,real,0.0037465101020799107,0.0035871688983197285,0.003892333340477702,0.04411764705882353,748,0.2099326100730288
GATA3,S100A6,0,0,real,-0.0027607431145527683,-0.002877678180001586,-0.0026426320166255276,0.9719251336898396,748,-0.33592565502724003
GATA3,SCNN1A,0,0,real,0.005104835710650949,0.004942081127495882,0.005271080784499021,0.00267379679144385,748,0.49631096872729696
GATA3,LGALS3BP,0,0,real,0.0028802285082937078,0.002771924213413314,0.00298811995108494,0.014705882352941176,748,0.1228698663341026
GATA3,FGFR4,0,0,real,-0.002116629607587847,-0.0022171341279555194,-0.0020152000438768726,0.9585561497326203,748,-0.12405073285044345
GATA3,NMU,0,0,real,-0.003506259456959199,-0.0036385747295322496,-0.0033594171235509247,0.9919786096256684,748,-0.252359080322628
GATA3,CENPF,0,0,real,0.0004869209472156397,0.00038604076379833706,0.0005890205006136714,0.356951871657754,748,-0.0985520944720028
GATA3,ELOVL2,0,0,real,0.007360567903700625,0.0071904295683124985,0.00752328328641983,0.0,748,0.47965231480601367
GATA3,AKR1B1,0,0,real,-0.0026163811075755137,-0.002726094824702516,-0.002509242602848736,0.9759358288770054,748,-0.39222051740514813
HOXB13,AR,-1,1,real,-0.0013073709512829987,-0.0013529520138264785,-0.0012623215084735704,0.9852941176470589,748,-0.1670350502821396
HOXB13,CCND1,-1,1,real,-0.0011231598280346986,-0.0011653243176256844,-0.0010851271821793124,0.9866310160427807,748,-0.24138145303727576
HOXB13,DNMT3B,1,1,real,0.0012405774000378024,0.0011846740488166325,0.0012970388879162806,0.02807486631016043,748,0.16573554528800402
HOXB13,ESR1,1,1,real,-0.0013604405929986876,-0.0014062822254606194,-0.001319993765997317,0.9919786096256684,748,-0.20532300112203083
HOXB13,MYC,-1,1,real,-1.9273123581048647e-05,-7.587957758922942e-05,3.5942348237804914e-05,0.5026737967914439,748,-0.05911058814573052
HOXB13,PRKAR1A,0,0,real,-0.0003263821764791024,-0.0003777516858238037,-0.0002759474607283303,0.7379679144385026,748,-0.1444850781668523
HOXB13,EXO1,0,0,real,-0.0014366263547769475,-0.0014886012162125888,-0.0013844868180146117,0.9732620320855615,748,0.18194960134579374
HOXB13,HTATIP2,0,0,real,0.0009589640324878877,0.0009186923321678494,0.0009984104982409187,0.03609625668449198,748,0.14450001943449692
HOXB13,PPP1R1B,0,0,real,0.0048656360078154805,0.004691156194791855,0.005052279764167972,0.0066844919786096255,748,0.043440637479085796
HOXB13,C1orf115,0,0,real,-0.0013213167252158508,-0.0013743292429136231,-0.001270468191706673,0.9786096256684492,748,0.00047502827132394113
HTATIP2,CCND1,-1,1,real,-0.0011198624519053533,-0.0011584720552986916,-0.0010832582648215578,0.9933155080213903,748,0.02047334580104472
HTATIP2,CDH1,1,1,real,-0.0005591160297782265,-0.00059420267006286,-0.0005261747225645504,0.9224598930481284,748,0.271005270806565
HTATIP2,ESR1,1,1,real,-0.0014379408833472824,-0.0014812352513452844,-0.001395963762243322,0.9986631016042781,748,-0.17125406017091505
HTATIP2,MMP2,-1,1,real,-0.0013180282333809328,-0.0013529840947287368,-0.0012806102495801128,0.9959893048128342,748,-0.23564226849495465
HTATIP2,MYC,1,1,real,-0.0015910476379332249,-0.0016442888744605821,-0.0015406308201261602,0.9919786096256684,748,0.15372551657548708
HTATIP2,TGFB1,1,1,real,-0.0009464008763927215,-0.0009819515744421742,-0.0009089530988512549,0.9732620320855615,748,-0.12976557372020783
HTATIP2,VEGFA,-1,1,real,0.0009585460184354498,0.0009001160568454764,0.0010213057433017204,0.10160427807486631,748,0.11319708196715951
HTATIP2,KDM2A,0,0,real,0.0033136369392388707,0.0032037409801198413,0.0034249889710492682,0.001336898395721925,748,0.08867940006457795
HTATIP2,SDCBP,0,0,real,0.0014616946831724064,0.0013918751551862643,0.0015401601859809557,0.0374331550802139,748,0.25033511167823014
HTATIP2,PPP1R1B,0,0,real,-0.0006054663136701049,-0.000681105560682044,-0.0005323690153536362,0.7780748663101604,748,-0.1487398083369655
HTATIP2,KAT2A,0,0,real,-0.00037731347662029927,-0.0004268896861629377,-0.0003285933496329257,0.7219251336898396,748,-0.014213884876303654
HTATIP2,CYB5R1,0,0,real,-0.00044266407883522,-0.0004834726969796572,-0.00039818109592934287,0.8061497326203209,748,-0.10807843088566564
HTATIP2,TSPAN14,0,0,real,0.003711038279063243,0.0035742785826735463,0.0038409053419483,0.0053475935828877,748,0.029815584708051773
HTATIP2,THRSP,0,0,real,-0.0009280669855687653,-0.0009714672032518752,-0.0008845021831709647,0.9532085561497327,748,-0.2529202532300184
MYBL2,AR,1,1,real,-0.003257162539361446,-0.003337333485416267,-0.0031722386474654736,1.0,748,-0.3878426048175611
MYBL2,BCL2,1,1,real,-0.0018054688609173643,-0.0018861541238876138,-0.0017343093350562055,0.9732620320855615,748,-0.41891462422477777
MYBL2,BIRC5,1,1,real,0.022587224057628218,0.022117598987316862,0.023047132990358286,0.0,748,0.8644739427887242
MYBL2,CCNB1,1,1,real,0.012016183643729665,0.01173732253080695,0.012314002450930958,0.0,748,0.7715076949094608
MYBL2,CCNB2,-1,1,real,0.009041266074012334,0.008826725326274909,0.009242906325778745,0.0,748,0.8326203700678407
MYBL2,CCND1,1,1,real,-0.00028437017151876777,-0.0003396657280438822,-0.00023414934720759442,0.6510695187165776,748,-0.13404128976787308
MYBL2,CDKN2A,1,1,real,0.015904838624020205,0.015529276447536865,0.016273013837520348,0.0,748,0.3194535442256246
MYBL2,E2F1,-1,1,real,0.007547269862082101,0.00736852486221304,0.007724808168552071,0.0,748,0.8005732016199882
MYBL2,ERBB2,-1,1,real,0.0018017508524491618,0.0017212854606371683,0.0018834812199940109,0.0213903743315508,748,-0.1373672744764465
MYBL2,FGF4,1,1,real,0.0014858550445214845,0.0014326116289690707,0.001542382396473516,0.009358288770053475,748,0.030203430859560808
MYBL2,IGFBP5,1,1,real,-0.001281974847725661,-0.0013584155453461994,-0.0012090899664269508,0.9398395721925134,748,-0.08901401840505706
MYBL2,LMO1,1,1,real,0.004036204083764563,0.003933461756799693,0.004153316461495886,0.0,748,0.21124414883643947
MYBL2,LOX,1,1,real,6.1797631618943e-05,-5.461389805670827e-06,0.0001247223694858573,0.45989304812834225,748,-0.06510676187769639
MYBL2,MYC,1,1,real,0.0029480009499535547,0.0028471681937970034,0.003066769693151189,0.012032085561497326,748,0.15483040025606376
MYBL2,PLK1,1,1,real,0.019513586938958914,0.019054896006312504,0.02002926948524405,0.0,748,0.869701661643277
MYBL2,RB1,1,1,real,-0.0012512796150052283,-0.0013298165243460982,-0.0011730918901662864,0.8983957219251337,748,-0.2494898702567475
MYBL2,TP53,1,1,real,0.0016061935285786948,0.0015083331419337622,0.0017055794025635197,0.09224598930481283,748,0.02746715844193603
MYBL2,ELN,-1,1,real,-0.0012114099506205767,-0.0012806738595822298,-0.0011394176237215004,0.8957219251336899,748,-0.28519709569014506
MYBL2,COL1A1,-1,1,real,0.002951412962304692,0.002851066393216406,0.0030641055363469067,0.013368983957219251,748,-0.15318102770536143
MYBL2,CCND2,1,1,real,0.0005945180517865372,0.0005075794846907262,0.0006896566017354476,0.32620320855614976,748,-0.23338978025127752
MYBL2,MTOR,0,0,real,-0.0020062020373050908,-0.0020741617206827302,-0.001936730182013322,0.9893048128342246,748,0.019423445753701838
MYBL2,ISM1,0,0,real,-0.000998123814916293,-0.0010798044035455227,-0.0009220557152461702,0.8422459893048129,748,-0.24211704047746843
MYBL2,AZGP1,0,0,real,-0.002669139241396305,-0.002761454983923995,-0.0025726950781688814,0.9879679144385026,748,-0.39168616795543226
MYBL2,ALDOC,0,0,real,0.0011873507748130518,0.0010961346644437137,0.0012752921569193075,0.1711229946524064,748,0.09675717850569893
MYBL2,PLTP,0,0,real,0.005292277626067386,0.005137329893080857,0.005449355074602725,0.0,748,0.13251881077667102
MYBL2,TMEM204,0,0,real,-0.00025077185816830335,-0.00031408835414742196,-0.00018490416837300838,0.6189839572192514,748,-0.2882925206955605
MYBL2,MLPH,0,0,real,-0.0024378295210082212,-0.0025198817491577435,-0.0023590171705433795,0.9946524064171123,748,-0.44094638825245774
MYBL2,ALDH1A3,0,0,real,0.00031261032342631893,0.000255068170353721,0.00037229641207552766,0.3315508021390374,748,-0.0593423878505043
MYBL2,RBP1,0,0,real,0.002376945198010554,0.002278068049972896,0.002480937102903967,0.0427807486631016,748,0.15374940361389014
MYBL2,AGR3,0,0,real,-0.002061134946587329,-0.0021453882384878846,-0.001977887870824798,0.9505347593582888,748,-0.3587938440830807
MYBL2,CDH1,0,0,real,-0.0019816965262327542,-0.0020396680681546643,-0.0019150165065804677,0.9946524064171123,748,0.14678549768475527
MYBL2,PLEKHF2,0,0,real,-0.002338138184760848,-0.002407131612388237,-0.0022720028617684504,0.9973262032085561,748,-0.1363619896055666
MYBL2,SNRPE,0,0,real,0.00205043331332299,0.0019469439665487703,0.0021637468973075926,0.06818181818181818,748,0.28590327533767684
MYBL2,ACLY,0,0,real,-0.00013853374050196474,-0.00024058661765191566,-5.1820208758461976e-05,0.5628342245989305,748,0.028631393392069857
MYBL2,RAD51,0,0,real,0.009407872291582301,0.009165872899807559,0.00964444893578303,0.0,748,0.8172954504751532
MYBL2,GATA3,0,0,real,-0.003123084454192927,-0.0031975186584339323,-0.0030504486111601566,0.9973262032085561,748,-0.33311218117527236
MYBL2,MMP2,0,0,real,-0.0006802381100149657,-0.0007436110403539386,-0.0006175534697307621,0.8074866310160428,748,-0.19802655354182058
MYBL2,PABPC1,0,0,real,5.126218103974657e-05,-3.0340761381638405e-05,0.00013570212152514335,0.5508021390374331,748,0.3027226575167201
MYBL2,MARCKS,0,0,real,0.0025519361523803448,0.0024696748496391002,0.0026310067737929273,0.016042780748663103,748,0.1528449052895346
MYBL2,PIK3R1,0,0,real,-0.002156657973012211,-0.0022348367895753795,-0.002074725339442338,0.9906417112299465,748,-0.28425330064828974
MYC,AKT1,1,1,real,-0.0006048200927166768,-0.0007242770922812671,-0.00048414071120712546,0.6497326203208557,748,-0.07289702995671454
MYC,APC,1,1,real,-0.0010428192844753846,-0.0011680121264012074,-0.0009188325776863416,0.7366310160427807,748,0.04706751726496456
MYC,AR,1,1,real,-0.001406032042768777,-0.0014742413588775477,-0.0013399282787675839,0.9505347593582888,748,-0.23110853867271877
MYC,ATM,1,1,real,0.00016914674383048577,5.20994880893666e-05,0.0002797323590706464,0.45588235294117646,748,0.10721598268753792
MYC,AURKA,1,1,real,0.002656038276645324,0.0025104623377780106,0.0028005400831095624,0.07887700534759358,748,0.14177178890964778
MYC,BBC3,1,1,real,-0.0010683723524920058,-0.0012339818279351056,-0.0009019865638067214,0.7085561497326203,748,-0.06455527359615364
MYC,BCL2,1,1,real,0.0012968705196776927,0.0011689164473881882,0.001431116476885763,0.21256684491978609,748,0.08380900198330862
MYC,BIRC5,1,1,real,0.0037099444101118028,0.0035726443960235094,0.0038590126269834823,0.020053475935828877,748,0.1822698731516735
MYC,BRCA1,1,1,real,0.0015188388933167,0.0013816373442621743,0.0016486517968286672,0.20588235294117646,748,0.17591858855537218
MYC,BRCA2,1,1,real,0.0008668902945586888,0.0007150646960678205,0.0010140826053080703,0.3181818181818182,748,0.09727753963153142
MYC,BRD4,1,1,real,0.011746041513228233,0.011388699280299057,0.012132966283313184,0.0,748,0.30606861096434185
MYC,BUB1B,1,1,real,0.0012558744498155005,0.0011320189780000753,0.0013815252072615254,0.19919786096256684,748,0.1906094351632414
MYC,CBFB,1,1,real,-0.0012765438603436468,-0.001373027448298379,-0.0011856629360743583,0.8609625668449198,748,0.18317881582647258
MYC,CCNB1,1,1,real,0.000111249490406982,3.8433619758285256e-07,0.00022050301601538378,0.5200534759358288,748,0.12572193918359229
MYC,CCNB2,1,1,real,0.0008214050634978282,0.0007167597622805689,0.0009282627784547037,0.2540106951871658,748,0.17379935770154148
MYC,CCND1,1,1,real,0.0031588452394616753,0.0030473926229186168,0.0032768043676688397,0.0053475935828877,748,0.008707584742345004
MYC,CD44,1,1,real,0.0231125907257777,0.022397323563229505,0.02380714522602465,0.0,748,0.15512193351201942
MYC,CDC20,1,1,real,0.0017845512133294222,0.001683051328007927,0.0018881023325179173,0.06818181818181818,748,0.15863650227162548
MYC,CDCA7,1,1,real,0.0071043525042208235,0.006868121504701455,0.007354519763531257,0.001336898395721925,748,0.3621055459367087
MYC,CDH1,1,1,real,0.002588418743128219,0.002480855650143363,0.002698591529371369,0.0066844919786096255,748,-0.050182810735742635
MYC,CDH3,1,1,real,0.002900141198105063,0.002780737172684191,0.0030249477316021157,0.02406417112299465,748,0.3250754888355317
MYC,CDK4,1,1,real,0.003468432003190598,0.00326557560308393,0.003684565796400213,0.05748663101604278,748,0.2901112170206138
MYC,CDK6,1,1,real,0.00042698635626750304,0.0003319044161688375,0.0005236694827379492,0.39438502673796794,748,0.27299750787701343
MYC,CDKN1B,-1,1,real,0.0060715250648498385,0.005790347673437592,0.006350045465879183,0.0066844919786096255,748,0.13820134926661087
MYC,CDKN2A,1,1,real,0.005821727213131036,0.005615641214196286,0.006031982089738767,0.004010695187165776,748,0.07250505305465456
MYC,CHEK1,1,1,real,0.006960236707846709,0.006718549637194291,0.007222106427348755,0.008021390374331552,748,0.234471108769843
MYC,CHEK2,1,1,real,0.015828576415807087,0.01548415855521485,0.01619864947228662,0.0,748,0.24754772927552265
MYC,E2F1,1,1,real,-0.0008919535819839515,-0.0009895655132374454,-0.0007885004521522731,0.7767379679144385,748,0.15035316723653355
MYC,EGFR,1,1,real,0.0019490984981089376,0.0018461608045550607,0.002067925849910361,0.06818181818181818,748,0.3461159513941328
MYC,ERBB2,-1,1,real,0.008808420257686028,0.008570311861753933,0.00908806568396995,0.001336898395721925,748,-0.10599372565764796
MYC,ESR1,1,1,real,-0.000864259869278592,-0.0009347494498497859,-0.0007958524656652621,0.8342245989304813,748,-0.19321752715580914
MYC,EZH2,1,1,real,0.001729096752946695,0.001616299886899957,0.0018414951114674178,0.09759358288770054,748,0.1096842909503116
MYC,FGF3,1,1,real,0.010695995002322614,0.010479728417622952,0.010913945703464063,0.0,748,0.059552675992511586
MYC,FGFR1,1,1,real,0.00014667945474871021,7.978556864357988e-05,0.00022285412466394353,0.4505347593582888,748,0.22731861884183097
MYC,FGFR4,1,1,real,0.007256561617903185,0.006979534717545631,0.007508146575156727,0.0,748,0.06864570200900776
MYC,FLT1,1,1,real,-0.00016847347227255574,-0.0002572614067535419,-7.810316840331968e-05,0.570855614973262,748,0.0956575565092094
MYC,FOXM1,1,1,real,-0.000319124301754391,-0.0004006370781246862,-0.00023590965676677697,0.6243315508021391,748,0.24516302894021147
MYC,GSTP1,1,1,real,0.004060914575739857,0.003879710955959504,0.00423760590383699,0.0106951871657754,748,0.2536761498060239
MYC,IGF1R,1,1,real,0.005239962922108696,0.005065779783696585,0.005410991528203441,0.0066844919786096255,748,0.06473764946909863
MYC,JUP,1,1,real,-0.0018838791633207421,-0.0019685776486323392,-0.001790717992111508,0.9318181818181818,748,0.10701951190237485
MYC,MAP3K1,-1,1,real,-0.00041348501523614655,-0.0005289174642919358,-0.0003057294111890191,0.6296791443850267,748,-0.05024407153788879
MYC,MDM2,1,1,real,0.005702221720212151,0.0055227266414939295,0.005881045036337051,0.0,748,-0.034476382031387524
MYC,MTDH,1,1,real,0.01467153156913299,0.014283946259905967,0.015059606750340512,0.001336898395721925,748,0.3020085883899577
MYC,MYBL2,1,1,real,0.00324247631758166,0.003079406821580667,0.0034019123202963003,0.045454545454545456,748,0.1548304002560638
MYC,NDRG1,-1,1,real,0.026292819405201187,0.025751295410645105,0.026882217652123938,0.0,748,0.33633834940656504
MYC,PIK3R1,1,1,real,0.0007624198912946698,0.0006305542356254114,0.0009030425858994319,0.3516042780748663,748,0.009810559430700246
MYC,PLAU,1,1,real,-0.00015167188071172583,-0.0002445433442269183,-6.361605282129947e-05,0.5949197860962567,748,-0.11955893514011638
MYC,PTEN,1,1,real,-0.0008038315549326834,-0.0008780800558522062,-0.0007272744945608628,0.7820855614973262,748,0.025425448966783077
MYC,RAD51,1,1,real,0.002567895332769675,0.002443672385539465,0.0027085191332089746,0.04411764705882353,748,0.169751869973943
MYC,RASSF1,1,1,real,0.0033916925574418782,0.0031211313687193533,0.003672051065288686,0.16310160427807488,748,0.19185141786597637
MYC,SERPINE1,1,1,real,-0.0005087500914131125,-0.0005827760588545383,-0.00042949943721490264,0.6938502673796791,748,0.18688707121382295
MYC,SFRP1,-1,1,real,0.012923886785541001,0.012628459646557453,0.01323583208986744,0.0,748,0.46224723060290157
MYC,SFRP2,1,1,real,-0.0003387675975879359,-0.0004059303164193261,-0.00027340893103880714,0.6737967914438503,748,-0.10299713952588231
MYC,TBX3,1,1,real,0.007442969213274711,0.007166347672947833,0.007756421049683703,0.001336898395721925,748,0.12454398389342122
MYC,TGFB1,1,1,real,-0.0011840365441522689,-0.0012869623401650496,-0.0010753909900137882,0.8008021390374331,748,-0.011715195830516514
MYC,TP53,1,1,real,0.004819374366782924,0.004606342166371697,0.005037804604612777,0.017379679144385027,748,0.24852369394561097
MYC,TYMS,1,1,real,0.01046428639087295,0.010081488444972466,0.010846767445704354,0.00267379679144385,748,0.25674402320900575
MYC,UBE2C,1,1,real,0.002445803635916383,0.002298813854846787,0.0025875775143006114,0.0748663101604278,748,0.12994078080813146
MYC,VEGFA,1,1,real,0.0016852524986493923,0.0015597880735992136,0.0018210649084345045,0.16176470588235295,748,0.10459392527522109
MYC,WIF1,1,1,real,0.014529493031629034,0.014180238563891643,0.014868674618189423,0.0,748,0.3533135356568864
MYC,XRCC4,1,1,real,0.0014338843378366207,0.0012290375542626907,0.0016538371403737693,0.3449197860962567,748,0.007762083654438119
MYC,NID1,1,1,real,-0.002490518661838444,-0.0025852206858373444,-0.002396164345319479,0.983957219251337,748,0.03343478223095648
MYC,TP53INP1,-1,1,real,-0.0014588126091787904,-0.0015340151403032075,-0.0013830501442516176,0.9144385026737968,748,-0.22898928291354723
MYC,SYNGR2,1,1,real,-0.0022491465921558556,-0.0023329170455306577,-0.0021680095933029947,0.9799465240641712,748,-0.1096281200138079
MYC,PRRX1,1,1,real,-0.0024626716919103897,-0.0025597905604510763,-0.0023621628199442116,0.9598930481283422,748,-0.01727911481715041
MYC,TPD52,-1,1,real,-0.0011273775094084158,-0.0012019494701979534,-0.0010443470709400624,0.8810160427807486,748,0.030427271583209244
MYC,RGS2,1,1,real,-0.001521333644569996,-0.001605321633339604,-0.0014376329482012598,0.9211229946524064,748,0.3876568797053373
MYC,CHI3L1,1,1,real,-0.0009077668264292422,-0.0009854222255405735,-0.0008274768284769335,0.7794117647058824,748,0.34654313763052175
MYC,TIMP2,1,1,real,0.00022816202854787447,0.00010651679700630703,0.00034840312836826166,0.4732620320855615,748,0.05248255037958105
MYC,NES,1,1,real,0.0007402909940785984,0.000590708703901445,0.0008910913393855987,0.4117647058823529,748,0.39707865826413685
MYC,POLD2,1,1,real,0.008524502410740988,0.008195984063479333,0.008861662503022701,0.001336898395721925,748,0.21996722243779743
MYC,RBP1,1,1,real,0.00048663933054210316,0.0003650740915218391,0.0006094551241127424,0.43315508021390375,748,0.1255878056251623
MYC,GAPDH,1,1,real,0.0033134431382325783,0.003172432414717548,0.003460970946617504,0.017379679144385027,748,0.2356232867900208
MYC,ID1,1,1,real,0.001099644491736197,0.0009828530078010507,0.001223416888438715,0.2727272727272727,748,0.029316354398982877
MYC,MAPK3,-1,1,real,-0.0017046897798285224,-0.001807623832022152,-0.001604509297404529,0.8689839572192514,748,-0.03406857619750975
MYC,CCND2,1,1,real,-0.0004593526957798981,-0.0005390656293951281,-0.00038027438143066575,0.6885026737967914,748,0.054002377458560014
MYC,MUC1,1,1,real,-0.0031419602319027124,-0.003245312077922535,-0.0030387908760076414,0.982620320855615,748,-0.2596644762868757
MYC,RARA,1,1,real,0.00038371351551689663,0.0002765762177472376,0.0004845024597351313,0.4385026737967914,748,-0.09313496820865491
MYC,SOX9,1,1,real,0.007275158183569498,0.00704648626586854,0.007500278827038706,0.001336898395721925,748,0.22668310447906015
MYC,CD4,1,1,real,-0.0016167289015476753,-0.0017058826686479065,-0.0015179238092735703,0.8850267379679144,748,0.05373864071651579
MYC,CD40,1,1,real,0.0020231884212769348,0.0018479155325422103,0.002200515512962213,0.17245989304812834,748,0.1411948693827145
MYC,LAPTM4B,0,0,real,0.004577902081478952,0.0044405562559548615,0.004715079236970701,0.0053475935828877,748,0.33651248217705365
MYC,FGF19,0,0,real,0.0017476521584299952,0.0016767404512628837,0.0018207377100223508,0.022727272727272728,748,0.19003803123225965
MYC,DNMT3A,0,0,real,0.006281122192657435,0.005988948940162077,0.006561465424195191,0.0053475935828877,748,0.14926136185691025
MYC,EIF3K,0,0,real,0.0004986316737189306,0.0003748857020846615,0.0006251738684910971,0.44919786096256686,748,0.17175891044096134
MYC,RSPO2,0,0,real,0.0011250667503508677,0.001040194229133188,0.0012175744442062101,0.1497326203208556,748,0.07005157260245078
MYC,RARRES2,0,0,real,-0.0013218807268625453,-0.0014053848999512576,-0.0012291138379339874,0.8636363636363636,748,-0.04248214522627181
MYC,CENPF,0,0,real,-0.0020557042158585626,-0.0021777436487918716,-0.001935783544144014,0.8943850267379679,748,0.14582918466953781
MYC,INHBA,0,0,real,-0.002908302421736369,-0.0030032904277769007,-0.0028132928402502186,0.9799465240641712,748,-0.06328427353477133
MYC,MLPH,0,0,real,-0.0018331365445263515,-0.001915925831372936,-0.0017497942067388902,0.93048128342246,748,-0.27303132408545816
MYC,PABPC1,0,0,real,0.0395228869650254,0.038759310377945166,0.040283579794997554,0.0,748,0.4175024566541155
MYC,TMEM97,0,0,real,0.02575582191933265,0.024953550620747642,0.026570836149692308,0.0,748,0.2055301448255342
MYC,RPL37,0,0,real,-7.838505036371847e-05,-0.00017963614327764138,2.702853529412825e-05,0.5467914438502673,748,0.2623400078111723
MYC,ZNF83,0,0,real,-0.001133660243702937,-0.001214831127010497,-0.001057811654056631,0.8516042780748663,748,0.012058844977439764
MYC,NOTCH3,0,0,real,0.00206024674707011,0.0018834055674276044,0.002243652392117349,0.16310160427807488,748,0.19899136466466857
MYC,CST7,0,0,real,-0.001850147491425555,-0.0019451981136330901,-0.0017619454905001865,0.9211229946524064,748,0.05513623287191446
MYC,C6orf62,0,0,real,-0.0009551518409946228,-0.0010417808219157533,-0.0008652977629667638,0.8048128342245989,748,0.05629962254435033
MYC,MAPRE1,0,0,real,-0.002069851362192921,-0.0021685100393847093,-0.001979410198666347,0.9545454545454546,748,0.1692209532675299
MYC,PTN,0,0,real,-0.00022666252379217717,-0.00031321830806818764,-0.00013159862399489763,0.5802139037433155,748,0.21206380975422656
MYC,CHCHD2,0,0,real,-0.0005468695701320716,-0.0006407021970401795,-0.00045816768916284685,0.7125668449197861,748,-0.00283736346182944
MYC,SSH3,0,0,real,-0.0014825109493256325,-0.0015830006483367872,-0.0013770059421946955,0.8622994652406417,748,-0.13055378665372241
MYC,QSOX1,0,0,real,-0.0025031980571798554,-0.0026276213680520577,-0.0023880269210498207,0.9224598930481284,748,0.0019946560479224395
MYC,ALDOC,0,0,real,0.005823903459907841,0.00562969581365445,0.0060234144270208834,0.0,748,0.32510318954507755
MYC,NME4,0,0,real,-0.002080373777908318,-0.002184256060099157,-0.0019703418997082368,0.910427807486631,748,-0.1767763313164268
MYC,ETV3,0,0,real,0.015697864808661803,0.015294554761658447,0.016121473119128493,0.001336898395721925,748,0.27547162010027215
MYC,TMEM204,0,0,real,-0.0033752741639912396,-0.003460412574127864,-0.0032819290297481933,0.9919786096256684,748,-0.006303589132907899
MYC,RSL1D1,0,0,real,0.0016516456642161567,0.001518743169820704,0.0017831076558630773,0.18315508021390375,748,0.360342923137256
MYC,ANLN,0,0,real,-0.002572270619156713,-0.002657701925444293,-0.0024847009784569832,0.983957219251337,748,0.1399146498527373
MYC,ELMO3,0,0,real,-0.0010298218627488524,-0.0011313555931378614,-0.0009290921709567898,0.7901069518716578,748,0.015735804716907796
MYC,KRT5,0,0,real,0.003459126446910746,0.003297698253123653,0.003610795358061637,0.03877005347593583,748,0.4135860606846253
MYC,MT1E,0,0,real,0.0018799439762385297,0.0017654519358134403,0.0019898264230539817,0.07219251336898395,748,0.26839970206178304
MYC,DLGAP5,0,0,real,-0.0016361601018212385,-0.0017062566504839059,-0.0015652656239879105,0.9665775401069518,748,0.14511737073451772
MYC,ADAMTS2,0,0,real,-0.0019599414213499096,-0.0020302012667224663,-0.0018892215247298767,0.9652406417112299,748,-0.056343148165081305
MYC,UBE2T,0,0,real,-0.002551898588600721,-0.0026446942246972217,-0.0024624248102196066,0.9692513368983957,748,0.08611061912558167
MYC,SFRP4,0,0,real,-0.002279597943492646,-0.0023530638433294383,-0.0022053073595226934,0.9852941176470589,748,-0.020395182612425546
MYC,SCNN1A,0,0,real,-0.0014147102901273779,-0.0014845084161173928,-0.0013437397177872739,0.9157754010695187,748,-0.13687592734732365
MYC,DHX9,0,0,real,0.001936056401473494,0.0017240872953473898,0.002150301153918083,0.2700534759358289,748,0.21888707167259527
MYC,MT2A,0,0,real,0.010207243624505207,0.0098087512135216,0.010594486626421862,0.0,748,0.22042091959364124
MYC,RUNX1,0,0,real,0.0007804180260120143,0.0006409331549483199,0.0009122150874059185,0.3716577540106952,748,0.06829023898511304
MYC,WASL,0,0,real,-0.0015485950719080403,-0.0016376408485201006,-0.0014561212374947052,0.8943850267379679,748,0.07277086756742598
MYC,CPA3,0,0,real,-0.0017495405220687252,-0.0018181248328184919,-0.0016833660261194614,0.9679144385026738,748,-0.016904470352210425
MYC,RFC4,0,0,real,0.012920553255045982,0.012559077332190359,0.013277230600262212,0.0,748,0.16124780682634154
MYC,PHGDH,0,0,real,0.02428899924054994,0.02365281094287716,0.024977993517134627,0.0,748,0.20827511016682704
MYC,RIN2,0,0,real,-0.0018977386208745843,-0.002009589471229652,-0.0017908381681047635,0.8983957219251337,748,-0.03896341884247327
MYC,BNIPL,0,0,real,-0.00166688885493287,-0.0018007494022008513,-0.0015422050767754981,0.8048128342245989,748,-0.10491936689304499
MYC,SELL,0,0,real,-0.001959052831415957,-0.0020680091936718555,-0.0018558220881891964,0.9024064171122995,748,0.05084337156457571
MYC,CALD1,0,0,real,-0.0015846056164758612,-0.0016819058803599909,-0.001479022404234589,0.8770053475935828,748,0.15716043099021962
MYC,FOXC1,0,0,real,0.0009916483822200665,0.0009001956519194752,0.0010826720253488903,0.20320855614973263,748,0.4714475437128321
MYC,FPR3,0,0,real,-0.0028462604316592272,-0.002941940488436328,-0.002758837736843805,0.9879679144385026,748,0.08161278658109301
MYC,PYCARD,0,0,real,-0.0031805387653290914,-0.0033140088466876777,-0.0030424107489980838,0.9518716577540107,748,-0.28359495828712994
MYC,MMP2,0,0,real,-0.0015434320458275737,-0.0016251406331219563,-0.0014621398823346948,0.893048128342246,748,-0.04018366720632628
MYC,KCNK1,0,0,real,-0.002485815031161787,-0.0025661365983222478,-0.002407520686748558,0.9919786096256684,748,0.07840519385324222
MYC,COPZ2,0,0,real,-0.001213359296257125,-0.0012795242960581394,-0.0011458407395183987,0.8903743315508021,748,-0.12829069144931823
MYC,RARRES1,0,0,real,-8.201908424775409e-05,-0.00015432721949012193,-8.875866777053058e-07,0.5508021390374331,748,0.29642882733750875
MYC,C17orf58,0,0,real,-0.00126409391563804,-0.0013324914825914194,-0.001192598869410258,0.9224598930481284,748,-0.04187149058884489
MYC,KCTD3,0,0,real,-0.0032906210838539816,-0.0034252626762620413,-0.003150125250397516,0.9598930481283422,748,-0.008203365284245152
MYC,CFH,0,0,real,-0.002730714063095376,-0.00283181609594078,-0.0026232357351111454,0.963903743315508,748,0.04970935769666702
MYC,IL17RB,0,0,real,0.005375470835034887,0.005147420351431704,0.005594666072065982,0.004010695187165776,748,0.21101981446272294
MYC,CLEC2B,0,0,real,-0.0018161141451401737,-0.001894686595502945,-0.0017256288826928378,0.9385026737967914,748,-0.033900665526674784
MYC,PLOD2,0,0,real,-0.0018373903950407383,-0.001926884884984855,-0.0017451048394542268,0.9451871657754011,748,0.18868485658791467
MYC,SLC39A6,0,0,real,-0.000964092531153492,-0.0010409651768274319,-0.0008918875690201818,0.8168449197860963,748,-0.08506486255786777
MYC,S100A14,0,0,real,-0.003496926984087349,-0.0036054192774836965,-0.003389416284717656,0.9919786096256684,748,-0.07462006411515276
MYC,KRT15,0,0,real,-1.0452954158344924e-05,-8.850559017433058e-05,6.769833767972494e-05,0.5213903743315508,748,0.2825462907727093
MYC,MNDA,0,0,real,-0.0026955234335483105,-0.00279113284620243,-0.0025948117388656803,0.9732620320855615,748,0.00813305848378742
MYC,SLC2A4RG,0,0,real,-0.002607701157897034,-0.0027179793763487427,-0.0024906444601615414,0.9385026737967914,748,-0.15986219855683417
MYC,CDC6,0,0,real,0.0057338441179653555,0.0055101056740386395,0.005975108866401577,0.034759358288770054,748,0.14382197179115028
MYC,S100A10,0,0,real,-0.0028586251511356375,-0.002954487819690464,-0.0027739455412933017,0.9933155080213903,748,0.09800991160403522
MYC,PAK1,0,0,real,0.0011775539250406903,0.0010824386495702565,0.0012806902255376534,0.16443850267379678,748,0.05733091365339986
MYC,PXMP4,0,0,real,-0.0015679146144904337,-0.0016350623926665766,-0.001504878668575638,0.946524064171123,748,-0.05818629506987414
MYC,PRR15L,0,0,real,-0.0023847629173381546,-0.0024694742401574167,-0.0023104288997288385,0.9866310160427807,748,-0.222418960681828
MYC,TWIST1,0,0,real,-0.0007547713420229331,-0.0008215134157606222,-0.0006866010203447067,0.8061497326203209,748,0.12890148945309662
MYC,FGF4,0,0,real,0.010082358736362236,0.009864550587075178,0.010304029499484208,0.0,748,0.015378388227721447
MYC,SND1,0,0,real,0.016579535770364466,0.015936353006170866,0.017131079663618,0.0,748,0.268259002324456
MYC,AZGP1,0,0,real,-0.0018046514789778042,-0.0019057002435461155,-0.0017118173431826726,0.9184491978609626,748,-0.183333449460078
MYC,RSF1,0,0,real,0.0018527868543311615,0.0017129244206009666,0.001994410157325071,0.17379679144385027,748,0.12858235687645636
MYC,COL10A1,0,0,real,-0.002256367578538079,-0.002337594563365581,-0.0021758533831695735,0.963903743315508,748,-0.1912315304355151
MYC,PRR14,0,0,real,-0.002113696394293982,-0.002262138147140544,-0.0019650183042757034,0.8302139037433155,748,0.02082789093751681
MYC,CEP55,0,0,real,-0.002339886995273146,-0.002420769226908519,-0.002259683258946256,0.9973262032085561,748,0.16564893879831627
MYC,NECAB3,0,0,real,-0.0023750007914963584,-0.0024909664395191813,-0.002256585681896469,0.8890374331550802,748,-0.1467726499552539
MYC,ACTR3B,0,0,real,0.005651210529153666,0.005456344714260007,0.0058802772497317515,0.00267379679144385,748,0.369770235637222
MYC,ELF3,0,0,real,0.003325104986777306,0.0031133504698512447,0.0035392715815347215,0.10695187165775401,748,0.20445005140687264
MYC,CACNG4,0,0,real,-0.0017904855603096525,-0.0018742790237694148,-0.0017034148622002048,0.9505347593582888,748,-0.049397105783177825
NCOA3,AKT1,1,1,real,-0.0015000050244587289,-0.0015610171842221554,-0.0014465989057008265,0.9812834224598931,748,0.1820088877388996
NCOA3,AR,1,1,real,5.278842238984952e-05,-2.5324157166083696e-05,0.00013827289007446513,0.43983957219251335,748,0.30658180515972205
NCOA3,BCL2,1,1,real,0.0013191684794574036,0.0012279624966597376,0.001408564406781208,0.14304812834224598,748,0.30272860505033644
NCOA3,BRCA1,1,1,real,0.001780533759129264,0.0017060157684642481,0.0018478240207715024,0.02807486631016043,748,0.4837576923665553
NCOA3,CCND1,1,1,real,-0.0001468383811693135,-0.00019668098134772977,-0.0001014608521148929,0.5775401069518716,748,0.3309620825533845
NCOA3,ERBB2,1,1,real,-0.0025273739560316326,-0.002601004878703153,-0.0024547586910733344,0.9946524064171123,748,0.17577328297504216
NCOA3,ESR1,1,1,real,-0.0002732854474704465,-0.0003382472929624872,-0.00021100586019174428,0.6002673796791443,748,0.25285397245364655
NCOA3,IGF1R,1,1,real,0.00010499767863661389,4.785148316907961e-05,0.00016442509807576422,0.4344919786096257,748,0.36023095401676236
NCOA3,IGFBP3,-1,1,real,-0.0010439764968503053,-0.0010949038735409515,-0.0009950550700747042,0.9425133689839572,748,0.061534300385251185
NCOA3,MMP2,1,1,real,-0.002483768358788455,-0.0025427514165780978,-0.0024242895754069127,1.0,748,0.16593924013597208
NCOA3,TP53,1,1,real,-0.00047388631965028825,-0.0005373615155682565,-0.0004080367535634932,0.7540106951871658,748,0.07889393031092068
NCOA3,UBE2C,1,1,real,-0.002355844817587479,-0.0024119307712855975,-0.002300524542972681,0.9959893048128342,748,0.028065655022078844
NCOA3,S100A6,0,0,real,-0.0023232627706104183,-0.002404165056367271,-0.0022512520979317946,0.9986631016042781,748,-0.29119331756819583
NCOA3,NEK2,0,0,real,0.0002620031628857311,0.00019781950042365465,0.00033691921665244954,0.40641711229946526,748,0.20196740786736914
NCOA3,ECM1,0,0,real,0.0006416395778888956,0.0005766937011778576,0.000701588816984777,0.20989304812834225,748,0.08101170881594388
NCOA3,FOXC1,0,0,real,-0.0012454246411534974,-0.0013073586088278603,-0.0011799469444118001,0.9344919786096256,748,-0.07718676845524991
NCOA3,ZEB2,0,0,real,0.006014310893828446,0.005827809424970031,0.006192922212712429,0.001336898395721925,748,0.48627812674024345
NCOA3,LAPTM4B,0,0,real,0.0007602228975643965,0.0006925298868599231,0.0008372246994306572,0.19919786096256684,748,0.24523860992329696
NCOA3,SELENBP1,0,0,real,-0.0013478719320359058,-0.0014167103216705924,-0.0012862049667816263,0.9572192513368984,748,-0.03230299090595692
NCOA3,VEZF1,0,0,real,0.010359217270664248,0.01001244853936516,0.010744329136366745,0.004010695187165776,748,0.6175741283605395
NCOA3,LOX,0,0,real,0.0018264888433420794,0.0017565948169260505,0.001896116103230536,0.0213903743315508,748,0.3648234826515639
NCOA3,ELOVL2,0,0,real,0.0011712708610065155,0.0010754926499799422,0.001274532176572463,0.17780748663101603,748,0.22945612512235244
NCOA3,NUSAP1,0,0,real,-0.0014844291301447491,-0.0015433387424613788,-0.001426886136272346,0.9812834224598931,748,-0.007072247244226533
NCOA3,RAB25,0,0,real,-0.001029473411810789,-0.0010942530667379415,-0.0009721144257516329,0.9050802139037433,748,-0.20644047962725784
NCOR1,AR,1,1,real,0.007203668759639396,0.006951994875163949,0.0074359905382878925,0.001336898395721925,748,0.38216797264931285
NCOR1,CCND1,1,1,real,0.015544226443695498,0.015192132489180936,0.015896930087298828,0.0,748,0.3863155441210377
NCOR1,CD44,1,1,real,0.004421264945766796,0.0042847057485391835,0.004560455673491687,0.0,748,0.300755767191052
NCOR1,ESR1,-1,1,real,0.003809991465307071,0.0036928160449945678,0.003927996965953601,0.0,748,0.3710656366425126
NCOR1,IGFBP3,-1,1,real,-0.00021421952333314657,-0.00029340017117342394,-0.0001477019563890049,0.6056149732620321,748,0.0008097904996108034
NCOR1,MMP2,1,1,real,-0.0020399990233836707,-0.002115393287138871,-0.001965726299545271,0.9919786096256684,748,0.08787178873350938
NCOR1,MYBL2,1,1,real,-0.002581553355418808,-0.0026599117674086224,-0.0024894228598375595,0.9973262032085561,748,-0.216013511303928
NCOR1,NCOA3,1,1,real,0.009336746258867835,0.009133530906114169,0.009539853348894753,0.0,748,0.5921374968183422
NCOR1,PGR,1,1,real,0.013579454286017334,0.013330873608080348,0.01382629238091054,0.0,748,0.38630288438127725
NCOR1,RB1,1,1,real,0.00929452641296438,0.009026161617009672,0.009573803075281911,0.0,748,0.5369471001388446
NCOR1,SIAH2,1,1,real,0.03090719876291293,0.030170479019398885,0.03162005485035272,0.0,748,0.27356315590285
NCOR1,SNAI2,-1,1,real,0.006683843429889297,0.006517562675981869,0.006856744640672607,0.0,748,0.21904130519350054
NCOR1,PDK4,-1,1,real,0.0019062139500188179,0.0017595895868580816,0.0020631069070300586,0.17245989304812834,748,0.2774674230790063
NCOR1,RGS5,0,0,real,0.001163787382394208,0.001100204052142517,0.0012312142102601034,0.10561497326203209,748,0.36282640109713105
NCOR1,GCC1,0,0,real,0.00920442172094562,0.009024102216588132,0.00940035234445207,0.0,748,0.48461539244539314
NCOR1,SQLE,0,0,real,0.0005787705589640295,0.000511016645062043,0.0006527822075366847,0.24064171122994651,748,0.10505438932285405
NCOR1,KIF2C,0,0,real,-0.0011123263206558693,-0.0011754442380445319,-0.0010467344590302124,0.9050802139037433,748,-0.12333351311473807
NCOR1,FZD6,0,0,real,0.008687405186911145,0.008497764256330658,0.008874357408415834,0.0,748,0.3235158062979519
NCOR1,S100A14,0,0,real,-0.002418275092854604,-0.0025013655177508463,-0.0023308519385410575,0.9893048128342246,748,-0.06848269397531867
NCOR1,RAD51,0,0,real,-0.00033299601101441053,-0.0004070868008612757,-0.00026031400226039965,0.6684491978609626,748,-0.07788225186621058
NCOR1,MGP,0,0,real,-0.0003858515017860155,-0.0004740312803701005,-0.00029460125114190314,0.6243315508021391,748,0.04163373183157654
NCOR1,LY96,0,0,real,-0.0031551265065622998,-0.0032465735944259802,-0.0030688038043206333,0.9986631016042781,748,-0.09562187330977792
NCOR1,PLK1,0,0,real,-0.00043149132048296183,-0.0005046809826244604,-0.00035002708275999145,0.679144385026738,748,-0.12887221404412763
NCOR1,SEC62,0,0,real,0.007929972615117895,0.007718825372262384,0.008134721858281044,0.0,748,0.4889727225228045
NCOR1,HTATIP2,0,0,real,0.00010569013427750399,4.587780780207921e-05,0.0001596520815182425,0.4411764705882353,748,-0.05806807475935885
NCOR1,SLC7A2,0,0,real,0.004498778661644939,0.004388806412925937,0.004614811251477425,0.0,748,0.3723337406944843
PGR,BCL2,1,1,real,0.0516076157782177,0.050234702526424264,0.05286213278568535,0.0,748,0.5939232076169517
PGR,CCND1,1,1,real,0.019226831547150623,0.0188829297368191,0.019605913815801793,0.0,748,0.4448937753145115
PGR,CDKN1B,1,1,real,0.0044616948861343235,0.004329862762307923,0.0045890212778668974,0.004010695187165776,748,0.3608173639997891
PGR,E2F1,1,1,real,-0.0019173458779277203,-0.002016513450774688,-0.001825904839964953,0.9545454545454546,748,-0.3922674839447425
PGR,EGFR,1,1,real,0.00037040021893055484,0.0003042398325224465,0.00043520619724827446,0.3462566844919786,748,-0.12152766144195222
PGR,ERBB2,-1,1,real,0.001661156952620189,0.0015621985611765192,0.001755471384050464,0.07754010695187166,748,0.19187723068642468
PGR,ESR1,1,1,real,0.02781642843797345,0.027164370957832557,0.02848634228274976,0.0,748,0.5699559757043635
PGR,IGF1R,1,1,real,0.052507284577685255,0.05141181801950975,0.05359159081762593,0.0,748,0.5515329114352974
PGR,IGFBP5,1,1,real,0.0017814059739719931,0.0017034835055941126,0.0018613603348414623,0.017379679144385027,748,0.23942495524980484
PGR,MMP2,-1,1,real,-0.00030135709054455924,-0.000365678484795644,-0.00023744229557147757,0.6310160427807486,748,0.22786139767875405
PGR,MYC,-1,1,real,0.0021490697387054744,0.0020464622953644354,0.002249868703179547,0.07085561497326204,748,-0.015431295139479813
PGR,RB1,1,1,real,0.029492042834062045,0.028952491640696618,0.02997710330192346,0.0,748,0.40266938693814813
PGR,SERPINB5,1,1,real,-0.0009304787600064338,-0.0009999581550527272,-0.0008643080081554938,0.8542780748663101,748,-0.09306543853674831
PGR,SERPINE1,1,1,real,-0.0007703119802990936,-0.0008216589407139553,-0.0007185675936957331,0.8957219251336899,748,0.12462150654629071
PGR,VEGFA,-1,1,real,0.0004460947015347648,0.0003847705924890951,0.0005081354530805011,0.27406417112299464,748,-0.10273327743813619
PGR,ZEB1,1,1,real,0.0056557718085028805,0.005515233556461502,0.005808503785000038,0.0,748,0.37540304135811897
PGR,SLPI,1,1,real,-0.00045891897707227937,-0.0005321325366864626,-0.00038946373693735385,0.6885026737967914,748,-0.2813473730860432
PGR,IGFBP4,1,1,real,0.0019096528732760703,0.0018283640967510593,0.0019914148029362443,0.03208556149732621,748,0.5429949861272624
PGR,ID4,1,1,real,0.0004573166112659536,0.00037518451843201474,0.000536878735182721,0.339572192513369,748,-0.008701893410081556
PGR,CRABP2,1,1,real,-0.0009535764617124918,-0.001037874492043015,-0.0008787674232366952,0.8315508021390374,748,-0.0009403829428644288
PGR,GAPDH,-1,1,real,-0.0005298970258876062,-0.0005918597065160503,-0.0004593744421640892,0.7219251336898396,748,-0.21749206752156852
PGR,MUC1,1,1,real,0.004636010355000681,0.004550110507569086,0.004734196765972932,0.0,748,0.36252712249536223
PGR,STC1,1,1,real,0.013212007925797539,0.012961143994119323,0.01346239846669251,0.0,748,0.32973374580885506
PGR,LY96,0,0,real,-0.0009395267230453591,-0.0009993632682001507,-0.0008844415247890643,0.8943850267379679,748,-0.036853712882575475
PGR,WASL,0,0,real,0.007357935781620522,0.0071869274847617855,0.0075342194598442885,0.00267379679144385,748,0.4169050783467393
PGR,AR,0,0,real,0.024494990358276895,0.024045618004854535,0.025017755270773524,0.0,748,0.5347321990273141
PGR,NME4,0,0,real,-0.001648271409587174,-0.0017289169323964715,-0.001575985682435972,0.9385026737967914,748,0.12294000555960403
PGR,DNMT3B,0,0,real,-0.0008587185747476551,-0.0009293014871943466,-0.0007943352903949113,0.8262032085561497,748,-0.3270122866403915
PGR,CTHRC1,0,0,real,-0.0016902540348065135,-0.0017545909926562123,-0.0016223617478912128,0.9558823529411765,748,0.08508677137624461
PGR,RAB4A,0,0,real,0.0040659402917951025,0.00393585083860723,0.004197288906196948,0.014705882352941176,748,0.11168328066495445
PGR,LGALS3BP,0,0,real,0.00012482880077651818,6.236593933662357e-05,0.00018676653317297788,0.4425133689839572,748,-0.022316292375699036
PGR,CA12,0,0,real,0.012880849933007704,0.01259912718644091,0.013148038822721978,0.0,748,0.6262274570472071
PGR,ALDOC,0,0,real,-0.001120005878238023,-0.001198201251665292,-0.0010361554612828496,0.8435828877005348,748,-0.1040060703609683
PGR,LAMB3,0,0,real,-0.00026850536853280865,-0.0003565224469224327,-0.0001842546297582563,0.5949197860962567,748,0.10724194940913782
PGR,ANLN,0,0,real,-0.0008030362051219385,-0.0008792263561023034,-0.0007328936524204449,0.8101604278074866,748,-0.28027659843417285
PGR,OLR1,0,0,real,-0.00046530933361732817,-0.0005244728813193557,-0.0004071435791817154,0.7152406417112299,748,0.09400209562907443
PGR,BBC3,0,0,real,-0.0006860498544376557,-0.0007738909587689882,-0.0005863015335335417,0.7125668449197861,748,0.18850881081606274
PGR,CPA3,0,0,real,0.0018070311442435903,0.0017346355570872433,0.0018759838808697293,0.053475935828877004,748,0.42897868836826214
PGR,VIM,0,0,real,-0.00021089165962887222,-0.00027351788676148036,-0.00014852234866277497,0.5748663101604278,748,-0.05051856220490235
PGR,ADAMTS2,0,0,real,-0.0023970646875430693,-0.002477446699522455,-0.002318858002890824,0.9759358288770054,748,0.16958647185883663
PGR,TM4SF18,0,0,real,0.004779255933272727,0.004677816193645036,0.004884753808508454,0.0,748,0.10823049066993237
PGR,ATP6V1B2,0,0,real,-0.0009433508632329435,-0.001035290923805447,-0.0008598159782373907,0.8021390374331551,748,0.16585192282457079
PGR,S100A9,0,0,real,-0.0013355519911838743,-0.0013998595430016008,-0.0012667470945874567,0.9491978609625669,748,-0.32278724440565326
PGR,JUP,0,0,real,-0.0013347486810345345,-0.001436540085177287,-0.0012391548703867478,0.839572192513369,748,0.20658343614075042
PGR,CACNG4,0,0,real,0.0020698425654278735,0.0019819296585259372,0.0021629925194647116,0.05481283422459893,748,0.35706510803160363
PGR,C1orf115,0,0,real,0.008099978194537168,0.00792489042132408,0.008301768650418252,0.0,748,0.15857184973058208
PITX2,CHEK2,1,1,real,-0.00017881674560055936,-0.0002389608467806644,-0.0001230375337550995,0.6042780748663101,748,-0.014228770485436311
PITX2,GSTP1,1,1,real,0.0009784625128489272,0.0009031420063055977,0.0010565864502623706,0.18181818181818182,748,0.18690478620025233
PITX2,IGF1R,1,1,real,-0.0005847659987960274,-0.0006283643685039331,-0.0005380352672885476,0.8275401069518716,748,-0.006002177348398537
PITX2,MAP2K4,1,1,real,-0.0009040969859521493,-0.0009542930412766959,-0.0008504506858827736,0.9037433155080213,748,0.015854487815000685
PITX2,RGS2,1,1,real,0.0005969459805205967,0.0005426260580805939,0.0006547610187336952,0.20053475935828877,748,0.24940153671138643
PITX2,PLOD2,1,1,real,0.0018283652548002566,0.001747232215416141,0.001908311096930822,0.053475935828877004,748,0.2098779171378037
PITX2,CHI3L1,1,1,real,-0.0008772118472778065,-0.0009491041139014735,-0.0008004268934247173,0.8248663101604278,748,0.1185241212771047
PITX2,CD9,1,1,real,-0.0006456180692296778,-0.0006936929473958912,-0.0005985252662132713,0.8676470588235294,748,0.04987907439131001
PITX2,INHBA,1,1,real,0.002791837245473262,0.0026959028132950854,0.002882359060458838,0.0106951871657754,748,0.3571750449460942
PITX2,CCND2,1,1,real,0.026882149434462526,0.026337099128011396,0.02741365872518784,0.0,748,0.3512499700005954
PITX2,CMTM3,0,0,real,0.012681067849877964,0.012401397598685518,0.01294839927811178,0.0,748,0.4623942464085232
PITX2,TPD52,0,0,real,-0.0007034966180934418,-0.0007555659395499813,-0.0006504942537592506,0.9144385026737968,748,-0.16966307084402873
PITX2,ERBB3,0,0,real,-0.0013959808301250327,-0.0014471641814271037,-0.001346219544950125,0.9772727272727273,748,-0.020469437622176293
PITX2,EIF3K,0,0,real,0.000962289951745015,0.0008823752890242618,0.0010455584592850345,0.14572192513368984,748,0.08216395281614529
PITX2,CST1,0,0,real,0.0015971164844528426,0.0015302117453965263,0.0016634662483402554,0.017379679144385027,748,0.07257423100279939
PITX2,MAGEF1,0,0,real,-0.0006787012097527022,-0.0007393118127211006,-0.0006170389447649676,0.8061497326203209,748,-0.068455702892482
PITX2,METRN,0,0,real,-0.0008294829091060495,-0.0008755077497345539,-0.0007831491444974963,0.9157754010695187,748,-0.12181773473661119
PITX2,BIRC5,0,0,real,-0.00021086520189170495,-0.00025248042820768635,-0.0001686716723129671,0.7005347593582888,748,-0.12586481116911832
PITX2,FGF4,0,0,real,0.0019458297597129835,0.001885021286437607,0.0020080358762408815,0.0,748,-0.025062522514789617
PITX2,FGFR4,0,0,real,0.0015655256947668512,0.0015066616871326158,0.0016286574937799563,0.014705882352941176,748,0.04824257605092691
RB1,BIRC5,1,1,real,-0.0022528479831565476,-0.002318367351575109,-0.002190196808153029,0.9986631016042781,748,-0.24325040710488663
RB1,BRCA1,-1,1,real,0.00879714843620332,0.00860812897863777,0.008968555689375365,0.0,748,0.29143716132610875
RB1,CDH1,1,1,real,0.011021095603943506,0.010803012205961197,0.011239163703905621,0.0,748,0.29612999451451666
RB1,DNMT3A,-1,1,real,0.006040954323561859,0.005899197188563563,0.006193151440403556,0.001336898395721925,748,0.021927926623552436
RB1,E2F1,-1,1,real,-0.002973536417965649,-0.003061783508801877,-0.002887882791372819,1.0,748,-0.35477563495738446
RB1,FGFR1,-1,1,real,0.0009364514755261076,0.0008792478690301964,0.0009949865856416656,0.09491978609625669,748,0.243748230680015
RB1,MYC,-1,1,real,0.00023668025570063234,0.0001641152999525702,0.00031384562426176114,0.40641711229946526,748,-0.008643413963429594
RB1,VEGFA,1,1,real,0.001626152006050973,0.001545473353756938,0.0017040116472014943,0.06283422459893048,748,0.0353886075419819
RB1,NEK2,0,0,real,0.0006234959048449786,0.0005560489720395152,0.000687618376560585,0.23663101604278075,748,-0.00608955754892452
RB1,RAD51,0,0,real,0.0005117708729553481,0.00045815122699981067,0.0005671234772940706,0.22058823529411764,748,-0.11525892113980322
RB1,TWIST1,0,0,real,-0.001842603709012496,-0.001896712579289219,-0.0017856793697245271,0.9919786096256684,748,0.06255053843097055
RB1,NDUFS6,0,0,real,-0.003505298638850808,-0.00361810142194077,-0.0033990276341410376,0.9933155080213903,748,-0.4424583808198531
RB1,SDCBP,0,0,real,0.0048572161672354635,0.004755166412441974,0.004961018363357714,0.0,748,0.34356553320369
RB1,ASAP1,0,0,real,0.006094072233933671,0.0059473580379072665,0.006246486780175162,0.001336898395721925,748,0.4214601708060977
RB1,FXYD5,0,0,real,-0.002243612307155383,-0.0023276710362970915,-0.0021592684989388787,0.9772727272727273,748,-0.11095144878436373
RB1,SELL,0,0,real,-0.0007510230020302857,-0.0008220356731846167,-0.0006714774195261316,0.7807486631016043,748,0.14194269593845343
RBBP8,ATM,1,1,real,0.006754995665493056,0.006617681588034424,0.00689122422515608,0.0,748,0.34036378036601517
RBBP8,DNMT3A,0,0,real,0.0019395555726479936,0.0018673223371871925,0.00201097010670947,0.0213903743315508,748,0.07842896455651874
RUNX1,BCL2,1,1,real,0.007517909581786263,0.00732734471035448,0.007715082695598111,0.0,748,0.33837187449792655
RUNX1,BIRC5,1,1,real,-0.0007909133945261373,-0.0008570137954495078,-0.0007247652437864946,0.8328877005347594,748,-0.3237633162879581
RUNX1,CD44,1,1,real,0.010349794797833392,0.010110772733515171,0.010570400412871548,0.0,748,0.30328810440350606
RUNX1,CDH1,1,1,real,-0.00034849609496526797,-0.00039823341313475666,-0.000299645131584606,0.696524064171123,748,0.09186035532432665
RUNX1,CDK4,1,1,real,-0.00010919239950563746,-0.00018748703613999967,-3.235064229243794e-05,0.5454545454545454,748,0.1409339979453308
RUNX1,CDK6,1,1,real,0.009172225373016036,0.008978533483424339,0.009368255361789608,0.0,748,0.20507200625283747
RUNX1,CDKN1B,-1,1,real,0.011436454167277446,0.011074020179396755,0.01178693311278681,0.0,748,0.3151081152895999
RUNX1,CDKN2A,1,1,real,0.001551540296503181,0.0014714450838673868,0.0016327381080826614,0.053475935828877004,748,-0.15695463084289396
RUNX1,FGFR1,1,1,real,0.002701543851792082,0.0026316680535771624,0.0027730456204029088,0.001336898395721925,748,0.28352103859631494
RUNX1,GATA3,1,1,real,0.007160486281208643,0.006997145772306704,0.0073416178472767175,0.0,748,0.20463849213923727
RUNX1,IGFBP3,-1,1,real,-0.0008182700683151931,-0.0008729812310651222,-0.0007659351110071141,0.8609625668449198,748,0.26927503965728333
RUNX1,MYC,-1,1,real,0.002781516066964038,0.0026963374879348766,0.0028752269764155238,0.012032085561497326,748,0.06829023898511304
RUNX1,NF1,-1,1,real,0.007946665637459068,0.0077762638303760885,0.00811406606240754,0.0,748,0.49175567494914146
RUNX1,PTEN,1,1,real,0.005496416437653774,0.005381740753686448,0.005607672771124572,0.0,748,0.5152006611367971
RUNX1,SFRP1,1,1,real,0.0007101529819057474,0.0006297132292465228,0.0007886907769327251,0.24197860962566844,748,0.21601528904671166
RUNX1,TP53,1,1,real,0.006479655421893452,0.006284534001783942,0.006665779526437568,0.0,748,0.1350207103807067
RUNX1,VEGFA,-1,1,real,-0.00010201853045068133,-0.00016308159003185202,-4.1691238743730444e-05,0.5788770053475936,748,0.1656650376521615
RUNX1,AQP1,1,1,real,0.0033223401359987973,0.003217429571257739,0.0034358503722239997,0.00267379679144385,748,0.2844566474059708
RUNX1,CCND2,1,1,real,0.018573038921684836,0.018202853394302276,0.018971504379892243,0.0,748,0.353410130339584
RUNX1,CD4,-1,1,real,0.002194512953131779,0.0021241214977840445,0.00226782572527504,0.00267379679144385,748,0.06994936092548773
RUNX1,HOXB2,0,0,real,0.0018818841675635088,0.0018031592693259952,0.0019639303308565887,0.02807486631016043,748,0.2000404178418048
RUNX1,HOXB13,0,0,real,-0.001512208961053302,-0.0015834537550253774,-0.0014412965187244697,0.9411764705882353,748,-0.22809222141517224
RUNX1,RSF1,0,0,real,0.0018612335807081054,0.0017852706257577608,0.0019424271840646143,0.04679144385026738,748,0.4403679448692147
RUNX1,ECH1,0,0,real,0.0010878149251936664,0.0010016585238360495,0.0011770789145882966,0.17647058823529413,748,-0.14992461653873657
RUNX1,SFRP2,0,0,real,-4.244506140795655e-05,-0.00010701184460346136,1.5084445608302207e-05,0.5481283422459893,748,0.4999116433175926
RUNX1,FSCN1,0,0,real,-0.0008347646391796178,-0.0009080791994881604,-0.0007552030785791606,0.7807486631016043,748,0.07643921107561263
RUNX1,ESR1,0,0,real,0.0067073215349077705,0.006543168852026054,0.006903535647669713,0.0,748,0.18883711165316971
RUNX1,MMP9,0,0,real,-0.0015236888193307903,-0.0015869537868048117,-0.001460269075021922,0.9491978609625669,748,-0.019482512272804835
RUNX1,TBC1D20,0,0,real,0.0030226982237253203,0.0029284501908778226,0.0031100742088704665,0.0066844919786096255,748,0.44602137873298375
RUNX1,ARID1A,0,0,real,0.021322737978198593,0.02089374594903678,0.021741635423319024,0.0,748,0.5221202667634905
RUNX1,ID4,0,0,real,0.0017174991542878507,0.0016097687339315147,0.0018042749620051882,0.08689839572192513,748,0.27175599436937253
RUNX1,ADAMTS12,0,0,real,-0.0006910235533049187,-0.00074202070300303,-0.0006321619120424397,0.8155080213903744,748,0.5325172805914905
RUNX1,CD40,0,0,real,-9.392222485865283e-05,-0.0001680471191561231,-2.298743714729429e-05,0.5655080213903744,748,0.05949134506642615
RUNX1,CST1,0,0,real,0.0018366099653579623,0.0017731565365631309,0.0019051944297303004,0.022727272727272728,748,0.10892004030748156
RUNX1,TUBB2A,0,0,real,0.00244402869993824,0.002342827605966971,0.002538863088798238,0.026737967914438502,748,0.10394266928705949
RUNX1,RUNDC1,0,0,real,0.0014437198715696166,0.001359509721459777,0.0015250388852676717,0.10695187165775401,748,0.35253469238136226
RUNX1,CCNE2,0,0,real,-0.00028976332338164927,-0.000357537532302862,-0.00022457860215669114,0.6216577540106952,748,0.06309890129331218
RUNX1,RIN2,0,0,real,0.0016013227434291016,0.0015235764655320285,0.001688256083816248,0.0748663101604278,748,0.5486959726413417
RUNX1,RSL1D1,0,0,real,0.001946389983423094,0.0018648931823362501,0.0020304575790711316,0.03877005347593583,748,0.230752013573238
RUNX1,GSTP1,0,0,real,-0.0005438214166707461,-0.0006161504990666931,-0.0004746492664037536,0.7245989304812834,748,-0.04308348105085356
SMAD3,AR,1,1,real,0.015774146210752533,0.015502030388786206,0.01605190445133298,0.0,748,0.37513859135691435
SMAD3,BBC3,1,1,real,0.0004710791685656645,0.00035328145559965224,0.0005746843199419537,0.40641711229946526,748,0.0354034462131416
SMAD3,BCL2,-1,1,real,0.018923855601368327,0.01842769261753376,0.01944094973121693,0.0,748,0.5306426116469234
SMAD3,BIRC5,1,1,real,-0.0009843607736940681,-0.0010590990114724256,-0.0009047083525628711,0.8168449197860963,748,-0.18507366023408847
SMAD3,CCND1,1,1,real,0.0221778643114987,0.021728505463647133,0.022592035263200718,0.0,748,0.5007452326315464
SMAD3,CDH1,-1,1,real,0.010557726220042675,0.010365644503774854,0.01077430657453247,0.0,748,0.1745148131418888
SMAD3,CDKN1B,1,1,real,0.030552850286526118,0.02970571921074306,0.03153941934939815,0.0,748,0.38205658859135877
SMAD3,CDKN2A,1,1,real,0.00023248615311940245,0.0001366450105336844,0.0003256485420370517,0.4144385026737968,748,-0.2388470690032152
SMAD3,ESR1,-1,1,real,0.010580275236768398,0.01032262721201575,0.010834114350361496,0.0,748,0.43335043120440897
SMAD3,F12,1,1,real,-0.0009574354556098643,-0.001055912683669556,-0.0008525934392918802,0.7767379679144385,748,-0.1941303980621228
SMAD3,MDM2,1,1,real,0.004120537279084086,0.004011218362859716,0.004221412489590576,0.0,748,0.4926169805100684
SMAD3,MMP2,1,1,real,0.0008364325014495824,0.0007595815666842913,0.0009082442956707659,0.20454545454545456,748,0.20990574321876437
SMAD3,MMP9,1,1,real,-8.118393181021286e-05,-0.00017444731155804495,6.06802196504278e-06,0.5334224598930482,748,-0.0710460269929593
SMAD3,MYC,-1,1,real,0.005252040815440052,0.0051104338249522005,0.00538997135417384,0.0,748,0.07815071857939315
SMAD3,NOTCH3,1,1,real,0.022297315441201476,0.021931043411912182,0.0227114928620635,0.0,748,0.27290711343483437
SMAD3,PLAU,1,1,real,-0.0020506187263251998,-0.002123077673482279,-0.0019736162802765195,0.9598930481283422,748,0.018567204138516324
SMAD3,SERPINB5,1,1,real,-0.0013729654437631578,-0.0014640331085542658,-0.0012722663111362613,0.8689839572192514,748,0.005932027407607662
SMAD3,SERPINE1,1,1,real,0.008424284603694078,0.008222527584523161,0.008624075956768382,0.0,748,0.24516841775762005
SMAD3,TGFB1,1,1,real,0.003921425423199734,0.003749485351778186,0.00407819573900811,0.009358288770053475,748,0.20526609415081984
SMAD3,VEGFA,1,1,real,0.0024195956320247863,0.0023183772970802757,0.002523647801896205,0.026737967914438502,748,0.06530191075519172
SMAD3,COL1A2,1,1,real,0.0016015601593423337,0.001519362373150339,0.0016847819889710504,0.07887700534759358,748,0.24798568125697423
SMAD3,ELN,1,1,real,0.005688607031662091,0.005550231500683349,0.005846836802974235,0.00267379679144385,748,0.16945022473679155
SMAD3,COL1A1,1,1,real,0.0015972388521045997,0.0015060225874849603,0.0016860566841070703,0.08155080213903744,748,0.1929311385321241
SMAD3,CLDN3,-1,1,real,-0.0016397547269399373,-0.0017356125328340337,-0.0015446432362550856,0.9171122994652406,748,-0.1769537901862693
SMAD3,ID1,1,1,real,0.00377401195266475,0.0036394483203470132,0.003923245791436932,0.020053475935828877,748,0.08293634473781118
SMAD3,CCND2,1,1,real,-2.0630226085384267e-05,-7.867777287219556e-05,4.579706358538198e-05,0.5280748663101604,748,0.23497022607017193
SMAD3,SFRP4,0,0,real,-0.0009792283487401621,-0.001048481767907293,-0.0009116007676746524,0.8676470588235294,748,0.23493325188786426
SMAD3,MKI67,0,0,real,0.0003137442435647596,0.00023125703105103082,0.000402139257268197,0.4117647058823529,748,0.02327693215046918
SMAD3,TSPYL5,0,0,real,-0.0014102544750081985,-0.001487543518209263,-0.0013395482708128082,0.9157754010695187,748,-0.02924500117549657
SMAD3,PTN,0,0,real,0.0003911068458392311,0.0003120014600583589,0.00047898358555528215,0.34759358288770054,748,0.23827436172278388
SMAD3,HOXB2,0,0,real,0.003243701060388881,0.0031287641136918663,0.0033510234260297864,0.004010695187165776,748,0.11910758919243655
SMAD3,CALD1,0,0,real,-0.0016666770343703634,-0.001760474791242527,-0.0015811107128079576,0.9197860962566845,748,0.27178937005599346
SMAD3,ENPP2,0,0,real,-5.7287810456651946e-05,-0.00012434423099721837,2.059083234716944e-05,0.56951871657754,748,0.27158924885966046
SMAD3,SCUBE2,0,0,real,0.0040116469001434014,0.0039010267272608615,0.0041170215650526785,0.0,748,0.4009932764908688
SMAD3,CLEC2B,0,0,real,-0.00037741147109544805,-0.0004495989139741301,-0.0003076988247986011,0.6885026737967914,748,0.07947811895433055
SMAD3,CHI3L1,0,0,real,-0.0021169381777286105,-0.002224685267170513,-0.002013074836695571,0.9278074866310161,748,-0.08488234224604665
SMAD3,MAP3K1,0,0,real,0.004523519811709371,0.004426045616585041,0.004614129476119523,0.0,748,0.4534281751455403
SMAD3,RIN2,0,0,real,0.0015807568708205608,0.0014664834451252845,0.0016724826813206072,0.10828877005347594,748,0.3044511782663951
SMAD3,SFRP1,0,0,real,-0.0008057719161700777,-0.00090174811757431,-0.0007130784980416098,0.7847593582887701,748,0.06419116653087245
SMAD3,RSL1D1,0,0,real,0.004230189997887109,0.004118130135518223,0.0043481959240212675,0.0,748,0.1447598437272361
SMAD3,RHOD,0,0,real,0.0005752466946471734,0.0004828113945395674,0.0006711716887861931,0.32620320855614976,748,0.019147551129243705
SMAD3,RRM2,0,0,real,0.0007961768300045099,0.0007125477415261348,0.0008885371681697489,0.26336898395721925,748,-0.10191997078079064
SMAD3,SLC2A4RG,0,0,real,-0.00039786150112064276,-0.0004955468461348686,-0.00030259356244758686,0.6470588235294118,748,-0.01958232392669426
SMAD3,TOP2A,0,0,real,0.00029748317917540024,0.00022098189781053856,0.00037978584180069886,0.3783422459893048,748,0.08221093967267225
SMAD3,FPR3,0,0,real,-0.0014456168980853984,-0.0015187603416943955,-0.0013661393277146232,0.9264705882352942,748,0.03565237295540587
SMAD3,OLR1,0,0,real,0.0003540810401785494,0.0002822880043545244,0.0004332542788476381,0.36764705882352944,748,0.08281986076460458
SMAD3,DNMT3A,0,0,real,0.001581662778249559,0.00149117501741321,0.0016812888942986778,0.11229946524064172,748,0.13835413577913272
SMAD3,RAD51,0,0,real,-0.00044833302776762466,-0.0005346072288825628,-0.00035774783719701836,0.6644385026737968,748,-0.1376024096328541
SMAD3,INHBA,0,0,real,0.005228619278514834,0.0050894520270850655,0.005384024929678783,0.001336898395721925,748,0.20623629726803877
SMAD3,AKT1,0,0,real,0.011229224551017537,0.011010836627988647,0.011436985003872552,0.0,748,0.24003125730541164
SMAD3,NDRG1,0,0,real,-0.0016790596434162564,-0.0017519145301547747,-0.0016055917895150854,0.9598930481283422,748,-0.017690805632015222
SMAD3,RASSF1,0,0,real,0.0007781035431167659,0.0006559921857347271,0.0008996694725369539,0.34358288770053474,748,0.08022887119040838
SMAD4,AGR2,1,1,real,-0.0009850120501851743,-0.0010504763924314214,-0.0009160114818951122,0.8649732620320856,748,0.0903599697574414
SMAD4,AR,-1,1,real,0.000631739242116916,0.0005441080861147614,0.0007224634968467755,0.2727272727272727,748,0.24354552848730304
SMAD4,BBC3,1,1,real,-0.003534335048816128,-0.0036292519460912817,-0.003435840016572716,0.9973262032085561,748,-0.14499559743433296
SMAD4,BCL2,1,1,real,0.02004110678119847,0.019625752139508675,0.02045931061435949,0.0,748,0.5668923535024896
SMAD4,CCND1,1,1,real,0.01200648064915184,0.011760282164146757,0.012294901309286095,0.0,748,0.3385493477056764
SMAD4,CDH1,-1,1,real,0.005370414391311081,0.0052460415140433495,0.005496306588477745,0.0,748,0.16038881298875068
SMAD4,CDH3,1,1,real,0.0005183828521499972,0.00045474986640160476,0.0005796643812769655,0.2700534759358289,748,0.06735508943060455
SMAD4,EGFR,-1,1,real,0.002096980393747176,0.002013632269068716,0.002182875300003065,0.017379679144385027,748,0.2876682728524928
SMAD4,ESR1,1,1,real,0.003449138727183529,0.003334662829548181,0.0035586263684656734,0.012032085561497326,748,0.24246865905801843
SMAD4,MDM2,1,1,real,0.022539057968758755,0.02209812022322592,0.022971932907202185,0.0,748,0.47197399254062
SMAD4,MMP2,1,1,real,-0.0013347228038176197,-0.0013966196428867354,-0.0012691935282984964,0.9411764705882353,748,0.08324666180229412
SMAD4,MYC,-1,1,real,0.02456744650670173,0.024041130113734575,0.025098291503781383,0.0,748,0.2976667835795377
SMAD4,PAK1,1,1,real,0.004837556706522318,0.004703302376754391,0.004980714663308291,0.004010695187165776,748,0.2928280544898517
SMAD4,PTEN,1,1,real,0.005775237280905326,0.005640947505936097,0.005920045929197255,0.0,748,0.556686743953508
SMAD4,SERPINE1,1,1,real,0.0008755089458635943,0.0008143288590310308,0.0009409958681097068,0.1537433155080214,748,0.05497792814072687
SMAD4,TGFB1,1,1,real,-0.0011599512908561241,-0.0012352300552674533,-0.0010793957773553718,0.8596256684491979,748,-0.0698696640709854
SMAD4,VEGFA,-1,1,real,0.002847845537991408,0.002761712225010651,0.0029363293012152985,0.00267379679144385,748,0.11149854991744357
SMAD4,COL1A2,1,1,real,-0.0003915027977978407,-0.0004574112702647079,-0.0003228652563704362,0.679144385026738,748,0.12325013212822253
SMAD4,FSCN1,1,1,real,-0.0016080515524339244,-0.0016776481431634137,-0.0015420923859087254,0.9719251336898396,748,-0.0829087903193763
SMAD4,LAMB3,1,1,real,0.0009557122572984226,0.0008685404129173608,0.0010569734373478518,0.1925133689839572,748,0.25451298284838064
SMAD4,COL1A1,1,1,real,-0.0017059362827552861,-0.0017753667731857793,-0.0016310135340959304,0.9612299465240641,748,0.02977475418458964
SMAD4,CLDN3,-1,1,real,-0.0029746373596563004,-0.003059109617667952,-0.0028882248831363796,0.9959893048128342,748,-0.23775503144751697
SMAD4,ID1,1,1,real,-0.00011063318441450868,-0.00021196041460694304,-2.229520609148255e-05,0.5561497326203209,748,-0.028104005722553983
SMAD4,SCNN1A,1,1,real,-0.0006328937110745085,-0.00070074909040974,-0.0005652929812040141,0.7433155080213903,748,0.13251661632154096
SMAD4,SOX9,1,1,real,0.006077599583555564,0.005921094828857393,0.006243449638110217,0.0,748,0.26399613478579026
SMAD4,RTP4,0,0,real,-0.001033346160894356,-0.0010972632772792228,-0.0009784325467129598,0.8997326203208557,748,-0.05051711275620974
SMAD4,E2F1,0,0,real,-0.001988907445906104,-0.0020618184640891117,-0.0019125138132373488,0.9732620320855615,748,-0.18002134395245997
SMAD4,LGALS3BP,0,0,real,-0.0020070825280113667,-0.002087386864240186,-0.0019357974401657742,0.9759358288770054,748,-0.14188251074367733
SMAD4,AEBP1,0,0,real,-0.0014595399448422309,-0.00153865647016142,-0.0013859224086793375,0.9224598930481284,748,0.01784526866700338
SMAD4,PLTP,0,0,real,-0.002536274101991877,-0.002600743390804233,-0.002471373259948372,0.9973262032085561,748,-0.01785997805476906
SMAD4,GMFG,0,0,real,-0.0026844245002317826,-0.00276615854250512,-0.0026079297585847806,0.9906417112299465,748,-0.15969850514627149
SMAD4,ALDH1A3,0,0,real,0.0007450899275670533,0.0006734562155144433,0.0008214552865254515,0.20454545454545456,748,0.17331309019537153
SMAD4,RPRD2,0,0,real,0.01492618649576271,0.014604401723388333,0.015269354190394147,0.0,748,0.540503922836731
SMAD4,GIMAP7,0,0,real,-0.0009693792251680788,-0.001030051245987242,-0.0009126465313602246,0.9224598930481284,748,0.08492063661599894
SMAD4,SLPI,0,0,real,-0.00012026888429587296,-0.00018908004030446736,-5.0480329725640784e-05,0.5641711229946524,748,-0.07779660480661793
SMAD4,ASAP1,0,0,real,0.0010490669610324088,0.000962334534650544,0.0011416602491140908,0.196524064171123,748,0.37614483677514965
SMAD4,C1orf116,0,0,real,0.0011819183472842783,0.0011104518640973182,0.0012555122261355626,0.10026737967914438,748,0.0976956826355232
SMAD4,FGF3,0,0,real,0.0025163912477051426,0.002428544045074422,0.002604768655951626,0.013368983957219251,748,0.09616640878526991
SMAD4,CALD1,0,0,real,-0.00018596244040451518,-0.00025893438933251127,-0.00011225315762012157,0.5735294117647058,748,0.3675944245026229
SMAD4,TOP2A,0,0,real,0.00039698686749539897,0.0003312884572081589,0.00046686797325188966,0.3422459893048128,748,0.16854045175182106
SMAD4,NRN1,0,0,real,-0.0008111001873876964,-0.0008728545775905556,-0.000753409716641197,0.8502673796791443,748,0.17230728797046554
SMAD4,SELL,0,0,real,-0.0006294283291255256,-0.0006924035563050655,-0.000562099090026344,0.7647058823529411,748,-0.02810012069583204
SMAD4,IGFBP3,0,0,real,-0.0009669209209581221,-0.0010228369551648123,-0.0009115125075260294,0.8943850267379679,748,0.11342061959539765
SMAD4,PTN,0,0,real,-0.00016557356282909168,-0.0002413724294329065,-8.283617820568916e-05,0.5320855614973262,748,0.2654866306359303
SMAD4,HOXB7,0,0,real,-0.003522887756324202,-0.0036120895711695116,-0.0034304620180886612,1.0,748,-0.11371591208677714
SMAD4,SELENBP1,0,0,real,-0.000730619642139809,-0.0008049441506852066,-0.000649662955785285,0.7580213903743316,748,0.024011326457965734
SMAD4,CLEC2B,0,0,real,-0.0018397909960146737,-0.0019051802908477105,-0.0017736118408171102,0.9812834224598931,748,0.028367412721987475
SMAD4,CD40,0,0,real,-0.0020793933665409765,-0.00215144684713802,-0.0020062017018795545,0.9812834224598931,748,-0.04928703015843882
SMAD4,S100A4,0,0,real,-0.0005694110864531008,-0.0006431256907592798,-0.0004901500689608677,0.7259358288770054,748,-0.10857936725790783
SMAD4,AKT1,0,0,real,0.0030968852884031553,0.002978445017493891,0.003217679385434912,0.0066844919786096255,748,0.07976710308077302
SNAI2,BRCA1,-1,1,real,0.00051888412677263,0.0004605516463129263,0.0005771667291042974,0.26737967914438504,748,-0.0682648502723011
SNAI2,BRCA2,-1,1,real,-0.00036010674413446467,-0.0004162785282761943,-0.0003009109686518109,0.713903743315508,748,0.07302610320641213
SNAI2,CCND1,-1,1,real,0.0002600491800596173,0.00020997882381981577,0.0003032152777817444,0.339572192513369,748,-0.024918161468761888
SNAI2,CD44,1,1,real,0.004598978531435663,0.004475222593256391,0.00472150188329013,0.001336898395721925,748,0.19863780747888923
SNAI2,CDH1,-1,1,real,0.0009460612522677223,0.0008869604900526624,0.0010074138322699005,0.08957219251336898,748,0.052366222922002936
SNAI2,CDH3,-1,1,real,0.022237683278583192,0.021750195946736568,0.022731350974450403,0.0,748,0.37011070204867935
SNAI2,ESR1,-1,1,real,-0.0009799225764671165,-0.0010284865720049385,-0.0009330792606668386,0.9358288770053476,748,-0.15690693060756047
SNAI2,FOXA1,-1,1,real,-0.00038583965983686604,-0.00043626256463692145,-0.0003319197664213295,0.7272727272727273,748,-0.12008465955093585
SNAI2,JUP,-1,1,real,-0.001355690557348628,-0.0014124709701320332,-0.0013030095850744175,0.9705882352941176,748,-0.06543825215543424
SNAI2,MMP9,1,1,real,0.0032242768684837063,0.0030605772582448045,0.0033879392936673447,0.0066844919786096255,748,0.13947103034844874
SNAI2,VIM,1,1,real,0.0266938593206635,0.025987722705705207,0.027429522504838506,0.0,748,0.5751550930021823
SNAI2,TRPS1,-1,1,real,0.000510926810823673,0.0004299774958935537,0.0005814857964583228,0.25668449197860965,748,0.03887048877345413
SNAI2,KRT19,-1,1,real,-0.001087884526324596,-0.0011389964574274776,-0.001035456942707099,0.9532085561497327,748,-0.2098402821426858
SNAI2,SOX9,-1,1,real,0.0010124613817303102,0.000939613711587967,0.001081827215278861,0.14037433155080214,748,0.1711453598032348
SNAI2,ALDH1A3,0,0,real,0.01117176425358141,0.010935398506628058,0.011394710061856281,0.0,748,0.4806787066350744
SNAI2,THRSP,0,0,real,0.0017123631208739959,0.001614804902204658,0.0018023113237244433,0.06417112299465241,748,0.09087484717495566
SNAI2,PITX2,0,0,real,0.00549650544905786,0.005359499670945709,0.005637400186169933,0.0,748,0.470378707842889
SNAI2,ELMO3,0,0,real,-0.002170110222926686,-0.0022301262095026893,-0.0021031950219501556,0.9959893048128342,748,-0.21630799702956388
SNAI2,CDK4,0,0,real,0.0072455292389148745,0.007041896355279048,0.007439782308250019,0.0,748,0.15445975300787623
SNAI2,CRABP2,0,0,real,-0.0028066387332796577,-0.0028693435202178813,-0.002739554495628925,0.9959893048128342,748,-0.14147219522872767
SNAI2,SLC7A2,0,0,real,-0.0004259845833318989,-0.0004731797977380104,-0.0003712385355562554,0.733957219251337,748,0.15377856212552884
SNAI2,FGFR4,0,0,real,-0.0004998645637103026,-0.0005445026111084116,-0.000453743150929522,0.8088235294117647,748,0.06481463766444685
SNAI2,PIK3R1,0,0,real,0.0019854172560388027,0.0018903294924265616,0.002090974678849858,0.045454545454545456,748,0.48482087248919287
SNAI2,C1S,0,0,real,0.002566805603679888,0.0024278481563923854,0.0026963469498853484,0.08422459893048129,748,0.6032435719474143
SNAI2,NUSAP1,0,0,real,-0.0012142930007597794,-0.0012734931781070403,-0.0011601805836267323,0.9532085561497327,748,-0.15695697343032652
SNAI2,E2F1,0,0,real,-0.002088489056666133,-0.002144416477315379,-0.0020274215486085732,0.9879679144385026,748,-0.30551005346503995
SNAI2,CREG1,0,0,real,0.0004031587250567241,0.0003225677420599739,0.0004861725715122645,0.3729946524064171,748,0.2116657945691507
SNAI2,SIAH2,0,0,real,-0.002546062309887598,-0.0026217512903498877,-0.0024737497260609344,0.9919786096256684,748,-0.1166522397107188
TBX3,CDH1,-1,1,real,0.0003352651448086986,0.0002793088870985447,0.00039509467173404097,0.36363636363636365,748,0.11939076640984878
TBX3,CDKN2A,-1,1,real,0.0011382505332730689,0.0010630256435869142,0.0012073616096254988,0.1323529411764706,748,-0.25844312770732125
TBX3,PTEN,-1,1,real,0.001235033130711492,0.001171383699356559,0.0013026501892232907,0.09759358288770054,748,0.24759890751399388
TBX3,TP53,-1,1,real,0.007628583662758073,0.007448251912713346,0.007821518817860277,0.0,748,0.0839218886492608
TBX3,PDK4,0,0,real,-0.0008409421324460976,-0.0008975515229021128,-0.0007782501829885612,0.8542780748663101,748,0.22781182776413836
TBX3,KRT10,0,0,real,0.0017945746711908498,0.0017166918695139838,0.0018730653553504705,0.05213903743315508,748,0.12384376918398604
TBX3,SDCBP,0,0,real,-0.00046411565128952976,-0.0005132653873389729,-0.00042030925124364265,0.8088235294117647,748,-0.07499172704468875
TBX3,SYCP2,0,0,real,0.004660381431236478,0.00455120356405364,0.0047801719267674975,0.001336898395721925,748,0.2898245724150507
TP53,AKT1,-1,1,real,0.005381292879619634,0.0052505571899313895,0.005504806973012089,0.001336898395721925,748,0.09265031892167688
TP53,AKT2,1,1,real,0.01983386351006461,0.01949022321978318,0.020192835580465453,0.0,748,0.1294987287131786
TP53,APC,1,1,real,0.003949424417427147,0.00382009605721881,0.0040941345483067135,0.014705882352941176,748,0.14786399869244152
TP53,AR,-1,1,real,0.0006004917885238264,0.0005213676037498448,0.0006810944908850141,0.2446524064171123,748,0.07866553393866527
TP53,AURKA,-1,1,real,0.000460961366980379,0.00038615265955157564,0.0005362680149779285,0.3342245989304813,748,0.055934655221768895
TP53,BAG1,-1,1,real,0.022466859165180653,0.0219873074642752,0.02292740601857206,0.0,748,0.09857232487738989
TP53,BBC3,1,1,real,0.013103305205450447,0.012749625803514072,0.013470022979096148,0.0,748,0.10279327404780979
TP53,BCL2,-1,1,real,0.003643456951726672,0.003527104284937215,0.0037616571582056516,0.0053475935828877,748,0.061854925780457405
TP53,BIRC5,-1,1,real,0.0007879648815405532,0.0006944413393766594,0.0008844805035159917,0.2727272727272727,748,0.03064451505492229
TP53,BRCA1,-1,1,real,0.004313598912991186,0.004203274082005441,0.004426196331504623,0.001336898395721925,748,0.12907561158796993
TP53,BRCA2,-1,1,real,0.0012519119101960003,0.0011694206700700966,0.0013335543476524928,0.13903743315508021,748,0.20864812223839665
TP53,BUB1B,1,1,real,0.003982217158913055,0.0038633195765245118,0.004104222538720181,0.0066844919786096255,748,0.14662398009983274
TP53,CCNB1,-1,1,real,0.0025976683609951266,0.002513994083255481,0.0026795248746232414,0.0106951871657754,748,0.12505002500058296
TP53,CCNB2,-1,1,real,0.000962177285162563,0.0008923107240624634,0.0010311517482183533,0.1804812834224599,748,0.09072787649120631
TP53,CCND1,-1,1,real,0.0037088253977750037,0.0036152152989102045,0.0038172699445238145,0.0,748,0.044496786862555475
TP53,CD44,-1,1,real,0.005429856457378975,0.005291634483677718,0.005582289416140649,0.0,748,0.043321512514732055
TP53,CDC20,-1,1,real,0.00047081202295992344,0.00038304896597541265,0.0005532733154414257,0.3302139037433155,748,0.06075256711611565
TP53,CDH1,1,1,real,0.004653956793139086,0.004513700378745581,0.004809437188931613,0.0,748,0.08901652667814493
TP53,CDH3,1,1,real,0.009311121898045872,0.009099310416430058,0.009513810710863617,0.0,748,0.15602244735725526
TP53,CDK4,-1,1,real,0.009911268427403587,0.009689940244725984,0.010138293786683872,0.0,748,0.26814395274954694
TP53,CDK6,1,1,real,0.0017457176393326289,0.0016413613460194774,0.001850276498961116,0.08021390374331551,748,0.12814943533906806
TP53,CDKN1B,1,1,real,0.018251640205487356,0.017825064887287495,0.01869484673436804,0.0,748,0.10861831989587992
TP53,CDKN2A,1,1,real,0.00532007502651742,0.005207474822336817,0.005423543371869012,0.0,748,-4.468729271241221e-05
TP53,CEP55,-1,1,real,0.0014770977330641447,0.0013967700984221902,0.0015592093666824097,0.10294117647058823,748,0.09553936665877531
TP53,CHEK1,-1,1,real,0.004239852380367749,0.004105734221481406,0.004375878231929459,0.004010695187165776,748,0.17186180570336726
TP53,CHEK2,-1,1,real,0.0038347056504910056,0.0037318850117245826,0.0039331445309369615,0.004010695187165776,748,0.14589499296232486
TP53,DNMT1,-1,1,real,0.012536053965075702,0.012312265498395147,0.01276442737990817,0.0,748,0.24084756181679434
TP53,E2F1,-1,1,real,-0.0010063559640325116,-0.0010844843098451757,-0.0009251701247665872,0.820855614973262,748,0.0025914185044685896
TP53,EGFR,1,1,real,0.0010114353101986098,0.0009415552724437539,0.0010811921682436232,0.12433155080213903,748,0.11132877628086262
TP53,ERBB2,1,1,real,0.006672599572653478,0.006497619048327683,0.006840910774714988,0.0,748,-0.004536383788915641
TP53,ESR1,1,1,real,0.0013866169610577041,0.0013208295205552395,0.0014548560777747973,0.06149732620320856,748,0.03529643756764159
TP53,EZH2,-1,1,real,0.0031866435635147642,0.003094227537879042,0.0032811477933311008,0.012032085561497326,748,0.06943704126485767
TP53,FGFR1,1,1,real,-0.00033985435947736,-0.0003957432239468296,-0.000284916005417316,0.6764705882352942,748,0.15621348302195082
TP53,FLT1,1,1,real,0.0009804433846676897,0.0008944711973434135,0.0010653717595672586,0.18181818181818182,748,0.05730308665534737
TP53,FOXM1,-1,1,real,-0.0008203065018260884,-0.000882038402947167,-0.0007643404980866601,0.856951871657754,748,0.11652939075478845
TP53,GMPS,-1,1,real,0.0069021357599821824,0.0067067495730023675,0.0071103058122117145,0.0053475935828877,748,0.22942954829003873
TP53,GSTP1,1,1,real,0.007113466002736008,0.0068812544006614,0.007332724937733342,0.0,748,0.11120222600347793
TP53,IGF1R,-1,1,real,0.004286759201235532,0.004162844065916596,0.004408350839139418,0.001336898395721925,748,0.10045589998310213
TP53,IGFBP3,1,1,real,0.0035942677078509636,0.003433085283623101,0.0037567040577627148,0.012032085561497326,748,0.10622890458207251
TP53,JUP,1,1,real,0.0013806063631207498,0.00130068283725124,0.0014536473397812983,0.08689839572192513,748,0.1261938304340344
TP53,KIF23,-1,1,real,-0.0009634196740009032,-0.0010287090880331886,-0.0008991038035416684,0.8783422459893048,748,0.1314280938957288
TP53,KIF2C,-1,1,real,-0.0012486826059443354,-0.0013218697198696112,-0.0011708333277589294,0.8836898395721925,748,0.07869766177435919
TP53,LOX,1,1,real,0.0011628918600419733,0.0010541800290193427,0.001271874187832719,0.1657754010695187,748,0.06052392689101619
TP53,MAP3K1,1,1,real,0.011532371609103193,0.011316905056202987,0.011738189901027095,0.0,748,0.1825360627668218
TP53,MDM2,1,1,real,0.006021760153225598,0.005885924612973575,0.0061654278070088185,0.0,748,0.10805579411318543
TP53,MDM4,1,1,real,0.02013086673493187,0.01977257924144233,0.020492956966658517,0.0,748,0.15063943006999614
TP53,MKI67,-1,1,real,0.0010162214207365026,0.0009473594106856671,0.0010867304187048054,0.13502673796791445,748,0.1334385336512406
TP53,MMP2,1,1,real,-8.89946897920894e-05,-0.0001605849146843793,-2.2154909582666292e-05,0.56951871657754,748,0.05763262855318541
TP53,MMP9,-1,1,real,-0.00012377008298534788,-0.00020253354847454298,-4.7290647039672e-05,0.5614973262032086,748,0.04160809822619479
TP53,MYC,-1,1,real,0.004878975654190237,0.004748949883355254,0.005013320284738719,0.0053475935828877,748,0.248523693945611
TP53,NDRG1,1,1,real,0.007955662206681894,0.00767883033215574,0.008214983910013202,0.0,748,0.014594422287612731
TP53,NEK2,-1,1,real,0.003116475052196937,0.002994515525928113,0.003243571864726367,0.022727272727272728,748,0.14094608675979817
TP53,NF1,1,1,real,0.004225266309838523,0.004104689126687976,0.004360167321307234,0.00267379679144385,748,0.15735229930633554
TP53,PIK3CA,-1,1,real,0.001293669648031884,0.0012110991190343668,0.0013755387195021587,0.13636363636363635,748,0.13050332263349626
TP53,PIK3R1,1,1,real,0.007199557921384361,0.0069954724781870516,0.007426278201413696,0.0,748,0.14778097523771344
TP53,PLAT,-1,1,real,-0.0009082821064998876,-0.0009777675197296242,-0.0008369500613648961,0.8262032085561497,748,0.11988661413240846
TP53,PLAU,-1,1,real,3.9214367808943534e-05,-6.773124344783049e-05,0.0001645831427104862,0.5334224598930482,748,0.08898524414003116
TP53,PLK1,-1,1,real,0.004806671725044859,0.004666138928836592,0.0049303245998007185,0.001336898395721925,748,0.10482685333787728
TP53,PPM1D,1,1,real,0.01412350894736355,0.013856373280822174,0.01439288568204753,0.0,748,0.19078513199456926
TP53,PRC1,-1,1,real,0.0012685943704925202,0.001193892701644967,0.0013444571619230423,0.10962566844919786,748,0.05795060617660145
TP53,PTEN,1,1,real,-0.00020647558336745552,-0.00026555330527833454,-0.00015015879518582046,0.6176470588235294,748,0.1372344589028057
TP53,PTTG1,-1,1,real,0.001953309011245528,0.001857742949943191,0.002057304906751379,0.06818181818181818,748,0.028154456341995905
TP53,RAD51,1,1,real,0.0020735478488090927,0.0019971991791232187,0.0021522904510228825,0.029411764705882353,748,0.09538643845323617
TP53,RASSF1,-1,1,real,0.013923282446397832,0.013616932214913415,0.014221385247783764,0.0,748,0.07878350954623137
TP53,RB1,-1,1,real,0.0005207647593134141,0.0004423614635104024,0.0006036676188852835,0.28609625668449196,748,0.17168008885158367
TP53,RUNX1,1,1,real,0.006715247630135035,0.006557705216906606,0.006873277343852975,0.0,748,0.1350207103807067
TP53,SERPINB5,1,1,real,0.01274707061927533,0.012445198764470273,0.013079020258568603,0.0,748,0.16908965635553416
TP53,SERPINE1,1,1,real,0.002015486093853898,0.0019189301369254815,0.002116728752137432,0.06417112299465241,748,0.03475079956669241
TP53,SMAD3,1,1,real,0.008316657013830907,0.00814069722644315,0.008498733442089124,0.0,748,0.09098164927175233
TP53,TBX3,1,1,real,0.01592860248984865,0.01559781598236512,0.016293200650652904,0.0,748,0.0839218886492608
TP53,TGFB1,1,1,real,0.0031985227130652285,0.0030646002922593524,0.003324937984086292,0.02807486631016043,748,0.08752070013016089
TP53,TWIST1,1,1,real,0.00022687110149279932,0.00016405537455141766,0.0002887409715373705,0.410427807486631,748,0.0074455451404121815
TP53,TYMS,-1,1,real,0.00478812781222324,0.004653058863221503,0.00492809527739654,0.0213903743315508,748,0.16650132702766052
TP53,VEGFA,-1,1,real,0.0009118510872115672,0.0008483941016868985,0.000973887190200121,0.12834224598930483,748,0.03851296204224566
TP53,COL1A2,1,1,real,-0.0013407943215812167,-0.001389916808014062,-0.0012885980416959184,0.9625668449197861,748,0.08150574984734889
TP53,APOD,1,1,real,-0.00038658183918014203,-0.00045422950885491096,-0.0003272439814066855,0.6550802139037433,748,-0.027771381448137365
TP53,PRRX1,1,1,real,-0.001977976260137364,-0.0020512437247664963,-0.0019041478724221813,0.9799465240641712,748,0.1094564826024537
TP53,IFI16,1,1,real,0.0003450214930473037,0.00027115615678153534,0.0004133847742015672,0.3729946524064171,748,0.14888882438995985
TP53,KRT19,-1,1,real,0.006653317596735151,0.006479173129629478,0.006830400064418054,0.0,748,-0.06345138135523597
TP53,CX3CL1,1,1,real,0.0012653051641455962,0.001136752723491257,0.001401346995314308,0.2339572192513369,748,0.20642370724372697
TP53,PYCARD,1,1,real,0.0005531245319225866,0.00047155560673681104,0.0006427194583731908,0.32486631016042783,748,0.10666799270984967
TP53,PTN,1,1,real,0.00024380053313857408,0.0001621895721045263,0.00032656679963551837,0.39572192513368987,748,0.13718769378202778
TP53,S100A9,1,1,real,-5.342847009400234e-05,-0.00011309622627464674,5.9568328382832785e-06,0.5213903743315508,748,0.04059088528199377
TP53,ID4,1,1,real,0.010166896336526012,0.009863580204177078,0.010473471141677418,0.0,748,0.08668065869699325
TP53,KRT10,-1,1,real,0.00030154476167199186,0.00021357497622245626,0.0003797538725990442,0.3516042780748663,748,-0.07306167292219468
TP53,RPL37,1,1,real,0.0026610278320679717,0.0025358725250213044,0.0027851861418260577,0.053475935828877004,748,0.09434642889146837
TP53,POLD2,1,1,real,0.0010826226803615242,0.0010007577584178644,0.00116269191365138,0.14037433155080214,748,0.09744942155153404
TP53,KRT15,1,1,real,0.002289245256186263,0.0021324779875520478,0.002452777880609182,0.1537433155080214,748,0.04247709903518961
TP53,AQP1,1,1,real,-0.00030421249073749144,-0.00037487954293595905,-0.0002332960507947017,0.6323529411764706,748,0.029770668243543623
TP53,KRT14,1,1,real,0.006735025733583167,0.006575848715617025,0.006908649364384656,0.0,748,0.053862826967679474
TP53,TFAP2C,1,1,real,0.017250121711610538,0.01690676427091872,0.017613880924847097,0.0,748,0.18493384936713828
TP53,INHBA,1,1,real,-0.0022899508232635973,-0.002353813422589818,-0.0022188613808331197,0.9906417112299465,748,0.051233357083881347
TP53,ID1,1,1,real,0.005604799246040311,0.005403893001279221,0.0058172637951896915,0.0,748,0.004743978267324012
TP53,MDFIC,1,1,real,-0.0015933874441284195,-0.0016484957996510132,-0.001539300067457967,0.9973262032085561,748,0.07110575392468796
TP53,MAPK3,1,1,real,0.0094692216392145,0.00925587230987549,0.009703689631508996,0.0,748,0.09382731366573019
TP53,TUBB2A,1,1,real,0.012948630900232624,0.01264095583680765,0.013293045234027356,0.0,748,0.05541681555561053
TP53,BNIP3L,1,1,real,0.01400577658422145,0.013697018651472262,0.014329474094639649,0.0,748,0.10274035679025016
TP53,CCND2,1,1,real,-0.00016197115739013842,-0.00021767063154867931,-0.00010164256678493917,0.6042780748663101,748,0.1339799289685667
TP53,SHC1,1,1,real,0.011946906892287274,0.011659694365408346,0.012234665910629747,0.0,748,0.22162726459879148
TP53,MUC1,1,1,real,0.0006714916487146382,0.0006036152172414108,0.0007435556264127707,0.21524064171122995,748,0.04703451466801582
TP53,CALD1,1,1,real,0.0016631237065183806,0.0015569134596249636,0.0017739867463910446,0.10427807486631016,748,0.14024030652242284
TP53,STC1,1,1,real,0.0020439662529427873,0.0019639671261280412,0.002126026697520751,0.029411764705882353,748,0.04407154792442905
TP53,CD40,1,1,real,0.001895722950088215,0.0017904025117689056,0.0020015721401100495,0.06951871657754011,748,0.04266101000378164
TP53,S100A6,1,1,real,0.005676635200034913,0.005476344817308892,0.005872891285084642,0.0,748,-0.025017084430602646
TP53,LIN9,0,0,real,3.929084437482611e-05,-4.399268224307605e-05,0.0001144521790313818,0.47192513368983957,748,0.23075984468434765
TP53,SELL,0,0,real,-0.0010780597455075768,-0.0011343731065897049,-0.0010146361655545709,0.9077540106951871,748,0.0384370354974948
TP53,GABRP,0,0,real,0.000904356947321438,0.0008356570017232711,0.0009788735952706012,0.2018716577540107,748,0.14091560606269357
TP53,PPP1R2,0,0,real,0.0016960649336928923,0.0015900476610878583,0.0017996194473156074,0.12834224598930483,748,0.1637640595261114
TP53,CFH,0,0,real,-0.002479009034731318,-0.002538091828077518,-0.0024157178999960702,1.0,748,0.0645951007688759
TP53,RSL1D1,0,0,real,0.039404521742109344,0.03871080825266236,0.04006965965870881,0.0,748,0.30478912361489197
TP53,QSOX1,0,0,real,0.0023278614628558683,0.0022334987476645305,0.002418650892433884,0.03877005347593583,748,0.08500923641310089
TP53,MT1E,0,0,real,0.0010691756170505319,0.0009796959583312625,0.0011477349110106635,0.15240641711229946,748,0.05467457927548911
TP53,SYCP2,0,0,real,0.0019043843150670099,0.0018187404800911564,0.0019990139199827965,0.05213903743315508,748,0.03998020225350977
TP53,KRT23,0,0,real,0.004915366764616141,0.004656558923206748,0.005150669109549498,0.022727272727272728,748,0.055850226375829
TP53,RFC4,0,0,real,0.008006112624180575,0.007825362691699336,0.0081861767519756,0.009358288770053475,748,0.15699424296637143
TP53,PPP2R5A,0,0,real,0.013162488588331177,0.012875788647620467,0.013426411466579843,0.0,748,0.0851339077932279
TP53,TMEM45B,0,0,real,-0.001567528721479675,-0.0016276615609600797,-0.0015066750860526492,0.9745989304812834,748,0.07597156491835964
TP53,SDCBP,0,0,real,-0.0013275309518326595,-0.0013845573077461849,-0.0012740351209578223,0.9732620320855615,748,0.1543479140235138
TP53,ADAMTS2,0,0,real,-0.0010952708790113624,-0.0011644103928042063,-0.0010277127331382537,0.8850267379679144,748,0.08088352554089849
TP53,RGS5,0,0,real,-0.0013574569173980626,-0.00141444315801212,-0.0012980107746855642,0.9665775401069518,748,0.05331996795733348
TP53,ZNF880,0,0,real,0.0005420472660083694,0.00046160164582912495,0.0006192749829127818,0.30614973262032086,748,0.10370339233322333
TP53,SIAH2,0,0,real,0.0022715954850851135,0.0021694410280289245,0.0023756539132906737,0.03208556149732621,748,0.09895134179687516
TP53,SNHG9,0,0,real,0.00026484538386816673,0.00020269041375565097,0.00033400517817086176,0.3917112299465241,748,-0.06399964296043575
TP53,SQLE,0,0,real,-0.00039487191373830977,-0.0004694875976616105,-0.0003200285670311402,0.6711229946524064,748,0.04418761732340654
TP53,RUNDC1,0,0,real,0.0003302010314525798,0.0002484552409537651,0.000401329272676719,0.3729946524064171,748,0.1250115176944259
TP53,CDKN3,0,0,real,0.0007090231612467497,0.0006451034381713425,0.0007702536895776125,0.2232620320855615,748,0.05611581294607635
TP53,EPHX2,0,0,real,0.003474517019736164,0.003276966375086303,0.0036800915163947095,0.053475935828877004,748,0.09974215059722086
TP53,MT2A,0,0,real,0.017297106965215886,0.016882073396533387,0.017708400247874633,0.0,748,-0.010486875932271069
TP53,RACGAP1,0,0,real,-0.0008111137216960524,-0.000863212553604545,-0.0007544795763768071,0.8502673796791443,748,0.14307361273681587
TP53,STAC2,0,0,real,-0.00015759067489547993,-0.00023723168586631239,-8.37715271681474e-05,0.5735294117647058,748,0.11505347848863305
TP53,SEC14L2,0,0,real,0.0015897208039105958,0.00148555188228122,0.0016900571311067422,0.13368983957219252,748,0.051473122604531935
TP53,NID1,0,0,real,-0.0017007542808528547,-0.0017764112688138272,-0.0016298013803212532,0.9719251336898396,748,0.1050631640966898
TP53,GPR160,0,0,real,-0.0007543742873352329,-0.0008042131134482369,-0.0007083910473090336,0.8970588235294118,748,0.04705589059117237
TP53,CTHRC1,0,0,real,-0.0016104326252252828,-0.0016811544048735197,-0.0015453963955190308,0.9518716577540107,748,0.043163651824003155
TP53,MRC2,0,0,real,0.00021737035000348105,0.00013251384287332063,0.00030309615996433777,0.43716577540106955,748,0.07797359001109849
TP53,NUSAP1,0,0,real,0.0018539254781466353,0.001774732593145866,0.0019363669266570648,0.03609625668449198,748,0.0604753149690044
TP53,CREG1,0,0,real,0.00026963539193292996,0.00020399226943290818,0.0003446379813576047,0.39705882352941174,748,0.1722707868971211
TP53,IL25,0,0,real,0.0022492913538822486,0.002185778999472876,0.002310533751096533,0.0066844919786096255,748,-0.015053487312903591
TP53,CYB5R1,0,0,real,0.00254403528900163,0.0024278903897742136,0.0026547373456833976,0.040106951871657755,748,0.012770085543692453
TP53,SEZ6L2,0,0,real,0.001336723081593247,0.0012501921801045099,0.0014236164542876682,0.11096256684491979,748,0.05873016966468768
TP53,NME4,0,0,real,0.000420338609015135,0.00035166315471673866,0.00048228662801365314,0.33288770053475936,748,0.011848153785817566
TP53,C1orf115,0,0,real,0.00010568710420041595,3.222360052504539e-05,0.00018802723576835174,0.42914438502673796,748,0.05390567685380417
TP53,ZEB1,0,0,real,-0.0009523828970450986,-0.0010038079291896712,-0.0009037850848494552,0.93048128342246,748,0.08548783630762483
TP53,TM4SF18,0,0,real,-0.0006341596482215373,-0.0006911618268391652,-0.0005769175816932854,0.7794117647058824,748,0.06449395719413234
TP53,S100A14,0,0,real,0.005016235716901586,0.0048010386453425586,0.005236951284910097,0.009358288770053475,748,0.053207912816225764
TP53,AEBP1,0,0,real,-0.000586663817807553,-0.0006562572014588621,-0.0005232566944541364,0.7433155080213903,748,0.0522674438805137
TP53,CRABP2,0,0,real,0.0018200191125479553,0.0017242819435335029,0.0019267342388478424,0.08155080213903744,748,-0.014423873674688283
TP53,CAPN8,0,0,real,8.138122515166353e-06,-7.958490261123161e-05,0.00010844298320077105,0.5307486631016043,748,0.05964096262048464
TP53,ETV3,0,0,real,0.0013097604674846594,0.001212297836165051,0.0014103631977622328,0.16844919786096257,748,0.21900899198780652
TP53,ASPM,0,0,real,0.0017541225527292013,0.0016564541728565346,0.0018486371485341288,0.0962566844919786,748,0.13771313146767736
TP53,GIT1,0,0,real,0.002609722475677317,0.002520756454326531,0.002708693097440781,0.01871657754010695,748,0.19277859811606438
TP53,ECH1,0,0,real,0.0021309230254992918,0.002029766030531789,0.002233909218554026,0.06818181818181818,748,0.004519050796899362
TP53,BRD4,0,0,real,0.019344877823689245,0.019008897508564278,0.019689892467903848,0.001336898395721925,748,0.24376129484935016
TP53,PABPC1,0,0,real,0.008123928198753566,0.007901483159956361,0.00834081980037053,0.0,748,0.17538889037073943
TP53,ALDH3B2,0,0,real,0.00039910051773290716,0.00031732823542521054,0.0004798364695508137,0.3716577540106952,748,-0.01619414775513265
TP53,ECM1,0,0,real,-0.0012744290379013816,-0.0013344739878499547,-0.001218600396371742,0.9598930481283422,748,-0.03861825029151577
TP53,LMO1,0,0,real,0.0014957296374833314,0.0014247077105763166,0.0015673132368642345,0.0374331550802139,748,0.0068496560211493114
TP53,TMEM97,0,0,real,6.126089647425554e-05,-1.9327734136139483e-05,0.00013699140547548014,0.43315508021390375,748,0.10955943398017819
TP53,AP2B1,0,0,real,-0.00021067687609928657,-0.00029056245063821014,-0.00013678710721869077,0.553475935828877,748,0.1694052089167821
TP53,KDELR2,0,0,real,-0.0008073593071062589,-0.0008664616361076147,-0.0007419060078960454,0.8288770053475936,748,-0.0581600881175486
TP53,CENPF,0,0,real,-0.0013569029578075823,-0.0014250095048369397,-0.0012907305821424021,0.9358288770053476,748,0.1423670029952887
TP53,PLOD2,0,0,real,-0.0009652762448850104,-0.0010336331570182332,-0.0008902046648509886,0.8556149732620321,748,0.09157378098081466
TP53,CMTM3,0,0,real,-0.0011726803704515214,-0.0012264714042837504,-0.0011142622587823436,0.9545454545454546,748,0.142526670102059
TP53,AGR2,0,0,real,-0.0014423453375620769,-0.0014952969255534693,-0.001394145410741785,0.982620320855615,748,-0.005736431842449669
TP53,ATP6V1C1,0,0,real,-0.0010616550594734259,-0.0011321556605487883,-0.00098495401749379,0.8622994652406417,748,0.09398240738585599
TP53,MFAP5,0,0,real,-0.00173900870140642,-0.0018008575087567582,-0.0016790109800520138,0.9719251336898396,748,0.025959245089274118
TP53,MARCKS,0,0,real,-0.0012372854653390632,-0.0012844138895078444,-0.0011848350188677467,0.9705882352941176,748,0.08557358372305028
TP53,RAB34,0,0,real,0.001525390731277021,0.00143688149713399,0.0016181718425170735,0.09759358288770054,748,0.13378667016499682
TP53,RAB4A,0,0,real,0.003431503301479732,0.0033246054320499457,0.003545668195779958,0.0066844919786096255,748,0.20342968586847973
TP53,NDC80,0,0,real,-0.000731887939550422,-0.0007892355472216764,-0.0006781577621213111,0.8502673796791443,748,0.10317692314943337
TP53,CHAD,0,0,real,0.00014069952006798796,7.006237845193045e-05,0.0002071573551571568,0.4358288770053476,748,0.04345133105838648
TP53,CACNG4,0,0,real,0.00022758269863478722,0.0001467463956899291,0.00029964053178905024,0.39438502673796794,748,0.07984644202024208
TP53,SLC30A1,0,0,real,0.00032243641838763427,0.00023734560920715805,0.0004089717440072234,0.4157754010695187,748,0.1329104150185659
TP53,CLEC11A,0,0,real,-0.0007401178737873218,-0.0008066504861231498,-0.000677646500861137,0.7994652406417112,748,0.017161110096276456
TP53,EXO1,0,0,real,0.0020768256473675385,0.0019749530487624943,0.0021760061638572514,0.06684491978609626,748,0.12159238873758361
TP53,CHCHD2,0,0,real,0.001498418023109225,0.0014207729103965885,0.0015783464166073487,0.07887700534759358,748,0.060256304486964694
TP53,RIN2,0,0,real,-0.0009666916541174141,-0.0010485862939387765,-0.000881759522997593,0.8048128342245989,748,0.18009136407901705
TP53,ABCC11,0,0,real,-0.0009242578533705513,-0.0009780001687747133,-0.0008684187912626634,0.8783422459893048,748,0.04056079297535835
TP53,LXN,0,0,real,0.0010794174593479879,0.0009935033566921489,0.0011633252184773727,0.14304812834224598,748,0.22976261535552417
TP53,IGFBP4,0,0,real,4.2377795638938134e-05,-2.784070158344088e-05,0.00011719141697092771,0.4852941176470588,748,0.03466928145866547
TP53,GRHL2,0,0,real,-0.0003752021256372749,-0.0004507817495647485,-0.0003037090300042409,0.6483957219251337,748,0.1732826236031037
TP53,NOTCH3,0,0,real,0.012937128434659922,0.012619188112046353,0.013263782371411811,0.0,748,0.15521816323242843
TP53,RARRES2,0,0,real,-0.00035673724931503713,-0.00042156894633392104,-0.00028869379528340756,0.6671122994652406,748,-0.03505737417486123
TP53,MAP2K4,0,0,real,0.014317451550504075,0.014030147666364132,0.014600630500713911,0.0,748,0.3124374747975393
TP53,COX7A1,0,0,real,-0.001163633272704235,-0.0012198773713794047,-0.0011058959096938666,0.9331550802139037,748,0.0027879164671634244
TP53,CDC6,0,0,real,0.003416310701603916,0.0032781502420471567,0.003546599542063039,0.012032085561497326,748,0.03963797271516055
TP53,SYNGR2,0,0,real,0.0006555179655701322,0.0005851968611001628,0.0007194304879023921,0.2192513368983957,748,0.04436596506590655
TP53,YWHAZ,0,0,real,0.002319050047740858,0.0022270814974183458,0.0024149019053131557,0.03609625668449198,748,0.09683003589886299
TP53,SLAMF7,0,0,real,-0.001051642467332556,-0.0011065799500384426,-0.000996188374600205,0.9211229946524064,748,0.051858620761486666
TP53,FPR3,0,0,real,-0.0014022927854953873,-0.0014779032564098628,-0.0013296713735746403,0.9077540106951871,748,-0.0024001964635148006
TP53,CDCA7,0,0,real,-0.000562879105875477,-0.0006121268254723856,-0.000513126939158918,0.7927807486631016,748,0.0997192564203665
TP53,GRB7,0,0,real,0.0005901852672431546,0.0004964065920696821,0.000677993806909499,0.35427807486631013,748,0.07974288850383714
TP53,LAMB3,0,0,real,0.0006242595978227316,0.0005258556661258729,0.0007234786214836516,0.32486631016042783,748,0.17100212493308198
TP53,UBE2C,0,0,real,0.0010773606370941939,0.000993325091397709,0.0011637707137101808,0.15106951871657753,748,0.021671415545673804
TP53,CLDN4,0,0,real,0.00020322301358635254,0.00013501204021935665,0.00027347157197363475,0.3850267379679144,748,0.0695428312963615
TP53,PLEKHF2,0,0,real,-0.0010714626382976608,-0.0011310032368735156,-0.0010173111072672549,0.9331550802139037,748,0.050681711665505766
TP53,SCGB3A1,0,0,real,0.0030878185246425312,0.002917665119939477,0.003251261432608882,0.05748663101604278,748,0.16039361409710645
TP53,FGF3,0,0,real,0.003546739528420483,0.003448782571223722,0.0036428367535829777,0.0,748,0.024632826283783375
TP53,SNAI2,0,0,real,8.697926229506849e-05,2.352717455286508e-05,0.00015363261191719675,0.446524064171123,748,0.12778541199622398
TP53,KCTD3,0,0,real,-6.502633665336829e-07,-6.934287458153563e-05,7.183105244887224e-05,0.4585561497326203,748,0.14865548131464396
TP53,DSP,0,0,real,0.018348969441113094,0.01805247643628094,0.018660675899972085,0.0,748,0.18926511891554365
TP53,IGFBP5,0,0,real,-0.0015046601778032414,-0.0015603416367996747,-0.0014492657174582063,0.9852941176470589,748,0.0409928988710165
TP53,LY96,0,0,real,-0.00018791799983856438,-0.00024855101966455326,-0.00012784236072460698,0.6082887700534759,748,-0.007299569572630492
TP53,SFRP2,0,0,real,-0.0015645462255543113,-0.001620293254239828,-0.0015046864949932912,0.9852941176470589,748,0.08560763323176711
TP53,PPP1R1B,0,0,real,0.0016372425754765407,0.0015053746201709724,0.0017700866485874085,0.13636363636363635,748,0.09001039958016024
TP53,SCUBE2,0,0,real,-0.0005179621356019808,-0.0005854417004221203,-0.00045153693962861216,0.713903743315508,748,0.040174104958664365
TP53,COL1A1,0,0,real,-0.0001004360824966156,-0.0001742129988155739,-2.6680821557646185e-05,0.5735294117647058,748,0.06959032856894208
TP53,NCOR1,0,0,real,0.007242857250750212,0.007068973280786812,0.007425787057846899,0.0,748,0.3081141190717915
TWIST1,AKT2,1,1,real,0.0019400114317236988,0.0018217507352562346,0.002059192133827944,0.08021390374331551,748,0.007381646862934491
TWIST1,AR,1,1,real,0.0077255701206694226,0.007528948347735195,0.007933104911393905,0.0,748,-0.03379018765845521
TWIST1,ATM,1,1,real,-0.0027427775958808616,-0.0028406489083745534,-0.002650827669882822,0.982620320855615,748,0.11729306031008165
TWIST1,BCL2,1,1,real,-0.0015148635743038132,-0.0016077393229839974,-0.0014218861953304116,0.8449197860962567,748,-0.021403779238841802
TWIST1,CD44,1,1,real,0.0002953169691424532,0.00022290238868524016,0.0003707009398969015,0.38636363636363635,748,0.03704365737655576
TWIST1,CDH1,-1,1,real,-0.0011841248498014345,-0.0012401478533440478,-0.0011291866761924012,0.946524064171123,748,-0.13429398537726298
TWIST1,CDKN2A,-1,1,real,0.000873560980609792,0.0007902780100213497,0.0009576592296530012,0.18983957219251338,748,-0.0006685746530036047
TWIST1,ERBB3,-1,1,real,-0.0030089518338783845,-0.0030840851526108544,-0.00292836079968587,0.9973262032085561,748,-0.16711074394032724
TWIST1,ESR1,-1,1,real,-0.002137749352361242,-0.002200938593924091,-0.0020740135709996655,0.9879679144385026,748,-0.19028224447592962
TWIST1,FGFR2,1,1,real,0.0006422509606545825,0.0005565259725111931,0.0007285415675842232,0.3088235294117647,748,-0.019194575292523986
TWIST1,FOXM1,1,1,real,-0.0014488469817179293,-0.0015170738537936556,-0.0013770712975052805,0.93048128342246,748,-0.14787711671369452
TWIST1,MMP2,1,1,real,0.04562386533207262,0.044681229291513025,0.04656736793361128,0.0,748,0.6069662513028059
TWIST1,NF1,-1,1,real,-0.0021471915483547784,-0.002242074555521516,-0.0020518761339021357,0.9385026737967914,748,-0.011674608732438732
TWIST1,SNAI2,1,1,real,0.04552895838910226,0.04478514937440112,0.046255464016131176,0.0,748,0.48806657199326275
TWIST1,TP53,-1,1,real,-0.0009446879423434272,-0.001010693162206541,-0.0008804995912573774,0.8529411764705882,748,0.0074455451404121815
TWIST1,VEGFA,1,1,real,-0.001754174006973358,-0.001835029050697441,-0.0016823418853649243,0.9732620320855615,748,-0.08214995162675934
TWIST1,ZEB1,1,1,real,0.0357593715258122,0.03497710865993242,0.036541323561523086,0.0,748,0.4611280058798555
TWIST1,COL1A2,1,1,real,0.012873151554242972,0.012513754173728128,0.013205403677375037,0.0,748,0.4772887771357736
TWIST1,MAPK3,1,1,real,0.00037630121642806693,0.00027312894682972696,0.00048147726164252537,0.4385026737967914,748,0.07019351332061215
TWIST1,CLDN4,-1,1,real,-0.001339826286843448,-0.0014138193331742245,-0.0012735228161178133,0.9264705882352942,748,-0.09490175777756006
TWIST1,RFC4,0,0,real,-0.0010317501921203402,-0.0011119106417630186,-0.0009439234380992529,0.8128342245989305,748,-0.156491484716068
TWIST1,VANGL2,0,0,real,-0.0013898142603924906,-0.0015107194795354172,-0.00127941424606049,0.8221925133689839,748,-0.003386743320640537
TWIST1,CCNB2,0,0,real,-0.0007469266301947301,-0.0008144250913932343,-0.0006820187544194475,0.7941176470588235,748,-0.14057308749215464
TWIST1,SYNGR2,0,0,real,-0.0013841202011109467,-0.0014456872446634754,-0.0013194569510531435,0.9545454545454546,748,-0.16349171845704427
TWIST1,EFR3A,0,0,real,-0.0018797345080955776,-0.001946380330914127,-0.001805684631753675,0.983957219251337,748,-0.0272793192575676
TWIST1,GIT1,0,0,real,-0.00116581332188352,-0.00125503264060875,-0.0010837740568685268,0.8368983957219251,748,-0.05328009739277681
TWIST1,GRAMD1A,0,0,real,-0.001297981657856435,-0.001375051906974423,-0.0012181664859046404,0.8689839572192514,748,-0.06208760937221982
TWIST1,PHGDH,0,0,real,-0.00010462662220871096,-0.0001777962647414134,-3.484811512118457e-05,0.56951871657754,748,-0.00013254219287882555
TWIST1,SCNN1A,0,0,real,-0.0008546293200177928,-0.0009362633570110644,-0.0007728762666503059,0.8008021390374331,748,-0.18006911233031767
TWIST1,MDFIC,0,0,real,0.0030781709421185337,0.0029583028061262507,0.0032090472706752114,0.02406417112299465,748,0.39466534379666846
TWIST1,GMFG,0,0,real,0.005037237703924709,0.004870379693432022,0.0052254795996719595,0.022727272727272728,748,0.3892926495562127
TWIST1,IFI16,0,0,real,0.0026216920976545295,0.0025070833934241906,0.0027405760485932898,0.040106951871657755,748,0.38586396878719553
TWIST1,KCTD3,0,0,real,-0.0037225248163014844,-0.0038327932136484845,-0.0036049384056785995,0.9973262032085561,748,-0.10772888860942006
TWIST1,ANLN,0,0,real,-0.0011527041448097589,-0.0012314250029095582,-0.001076333489881806,0.8716577540106952,748,-0.09176306757600981
TWIST1,FPR3,0,0,real,-0.0015550406664234728,-0.001620740395352873,-0.0014950832900034645,0.9665775401069518,748,0.22930903124575008
TWIST1,C1orf116,0,0,real,-0.0019156165699492776,-0.0019996514085928434,-0.0018201600514348578,0.9385026737967914,748,-0.03205138318889161
TWIST1,RB1,0,0,real,-0.0022550178335235854,-0.0023315313121730573,-0.0021780150917166947,0.9786096256684492,748,0.06255053843097055
TWIST1,RPL37,0,0,real,-0.0005253279786689778,-0.000602504225438852,-0.00045223914197320083,0.7446524064171123,748,0.10603143100808307
TWIST1,RHOD,0,0,real,-0.0004548936282531925,-0.0005339562244661031,-0.0003734061121878375,0.7259358288770054,748,-0.13018149291224
TWIST1,ELOVL2,0,0,real,-0.002597658267682966,-0.002666887436725104,-0.002524576976836399,0.9946524064171123,748,0.06138304888445638
ZEB1,AR,-1,1,real,0.04440724772152967,0.043488111000832004,0.0453145974872328,0.0,748,0.4015336558211288
ZEB1,CDH1,-1,1,real,0.0015765682392821724,0.0014973803189528745,0.001658035429818563,0.053475935828877004,748,0.041852365517559546
ZEB1,CDK4,1,1,real,0.0030960636134566514,0.002930396034291183,0.003246734392725067,0.02807486631016043,748,-0.006362828064146808
ZEB1,CDKN2A,-1,1,real,-0.0019268023136110052,-0.001991771998477614,-0.0018584853344305989,0.983957219251337,748,-0.2586313964027633
ZEB1,ESR1,-1,1,real,0.0015492545527533849,0.0014626240127633993,0.0016374515668769578,0.06283422459893048,748,0.17484446973044573
ZEB1,GATA3,-1,1,real,0.0007769345573968052,0.0006780509592862739,0.0008714615405826042,0.32486631016042783,748,0.11042162409589235
ZEB1,PLAU,1,1,real,0.0005140805356959877,0.00039811932933012697,0.000634936251418285,0.41711229946524064,748,0.3028477403183484
ZEB1,SERPINB5,1,1,real,-5.718074376244929e-05,-0.00016820426670391858,5.3613278404735026e-05,0.5521390374331551,748,0.09573285259147765
ZEB1,SERPINE1,-1,1,real,0.023540756218641695,0.02305385179107045,0.024013905563079852,0.0,748,0.4842645536989708
ZEB1,SLC2A3,1,1,real,0.009359067407023303,0.009163154380596466,0.009563431731027213,0.0,748,0.45443723054428453
ZEB1,TGFB1,1,1,real,0.0015952250633451846,0.0013875076462692745,0.001804499181492567,0.3088235294117647,748,0.3435795425591153
ZEB1,COL1A2,-1,1,real,0.018969089223516842,0.018497274273875965,0.019455786071648842,0.0,748,0.6876668551360723
ZEB1,VIM,1,1,real,0.04035490041083213,0.039497867451161864,0.0411880782444641,0.0,748,0.39638112361772254
ZEB1,RAB25,-1,1,real,-0.0012724881943600814,-0.0013542947224748074,-0.0011908129378835758,0.8756684491978609,748,-0.30145224308737084
ZEB1,GRHL2,-1,1,real,0.0023149841235545524,0.0022157261280302265,0.0024093970275472004,0.04679144385026738,748,0.06466398783771628
ZEB1,COL1A1,-1,1,real,-6.887009832177971e-06,-9.271814970551762e-05,8.604275288247869e-05,0.5240641711229946,748,0.5915574365603177
ZEB1,MUC1,-1,1,real,-0.0018562888684674251,-0.0019368927430271458,-0.0017808211531331138,0.9732620320855615,748,0.1587029955854346
ZEB1,CD4,-1,1,real,-0.0021965657621489266,-0.0022867035561173962,-0.0021141219970140564,0.963903743315508,748,0.30016372365771404
ZEB1,CHEK1,0,0,real,0.0014807470884911202,0.0014047088152897057,0.0015556390306836836,0.06684491978609626,748,-0.19166575844083011
ZEB1,SERPINB9,0,0,real,0.0027901758392525713,0.0026800292826991436,0.002889357218807296,0.022727272727272728,748,0.4397663939907936
ZEB1,CYB5R1,0,0,real,-0.0023942525351649136,-0.002473914686501408,-0.002316858453763053,0.9759358288770054,748,0.10987756391635788
ZEB1,KIF23,0,0,real,-2.3453628001883278e-05,-7.470074075285657e-05,2.7015603604184957e-05,0.5,748,-0.1091308832793092
ZEB1,CCDC3,0,0,real,0.02059745076481824,0.020167451244058856,0.021072457754975574,0.0,748,0.47140084253251907
ZEB1,AEBP1,0,0,real,0.0098845515143269,0.009658471293412912,0.010145687024810876,0.0,748,0.5755720883720512
ZEB1,CST1,0,0,real,0.0010617644660948459,0.0009599961584609054,0.0011563310902478563,0.1804812834224599,748,0.17340634938088365
ZEB1,KAT2A,0,0,real,-0.0036043052998190475,-0.0036909886624478553,-0.003520474481047133,0.9973262032085561,748,-0.3029389786644203
ZEB1,RPL37,0,0,real,-0.0033266031548526945,-0.0033956145906541588,-0.0032484707883152454,0.9986631016042781,748,-0.1845401927136231
ZEB1,TBX3,0,0,real,-0.0009066969156680278,-0.000967601960728902,-0.0008506386633931253,0.8582887700534759,748,0.24522977855604677
ZEB1,CCND1,0,0,real,0.001019422145171917,0.0009491722796760978,0.0010870767509784307,0.12834224598930483,748,0.23100101225246114
ZEB1,BUB1,0,0,real,-0.000520761335374864,-0.0005726683818433852,-0.0004645085921751786,0.7540106951871658,748,-0.15019761689852326
ZEB1,SCNN1A,0,0,real,0.001651629011616537,0.0015430645598814591,0.001753983978057987,0.09491978609625669,748,0.18383267976914688
ZEB1,ENPP2,0,0,real,0.008915889866064083,0.008700373949176539,0.009133657862245745,0.0,748,0.5279771051961945
ZEB1,MAP3K1,0,0,real,0.005009314652080788,0.00490595775622681,0.0051191294424199705,0.0,748,0.5400041190586735
ZEB1,FSCN1,0,0,real,-0.0021469738194552944,-0.002238296896461838,-0.0020658417692891043,0.9572192513368984,748,0.05190693447845199
ZEB1,CD9,0,0,real,-0.0012787536850345188,-0.0013443358232053044,-0.0012130332133735225,0.93048128342246,748,0.01796692922493541
ZEB1,AKT1,0,0,real,0.0002629597820324993,0.00016542240846138503,0.000374546656240843,0.42112299465240643,748,0.11513046323646613
ZEB2,CCND1,-1,1,real,-0.0007677062739553375,-0.0008264285148672991,-0.0007045990407747858,0.8141711229946524,748,0.03852444596323573
ZEB2,CDH1,-1,1,real,0.0021732619824967017,0.002086118872695787,0.0022599918577125306,0.0213903743315508,748,-0.04269064352324649
ZEB2,ESR1,1,1,real,-1.786908316600393e-05,-8.95115244212723e-05,6.084853597421004e-05,0.5735294117647058,748,-0.038473866313713995
ZEB2,MMP2,1,1,real,0.012441214969433153,0.012117479892348813,0.012762484907097082,0.0,748,0.5785761235122927
ZEB2,SFRP1,-1,1,real,-0.000909922392574037,-0.0009896685436547271,-0.0008252113741289634,0.8168449197860963,748,0.3300051933028643
ZEB2,ZEB1,-1,1,real,0.14534226096817915,0.14223653908517545,0.14821422642178744,0.0,748,0.8380150595745263
ZEB2,COL1A2,-1,1,real,0.005323543914538972,0.005145209395468199,0.005501247744642259,0.0053475935828877,748,0.5436254423264184
ZEB2,VIM,1,1,real,0.039285774650251404,0.038512677515248075,0.04012694097513959,0.0,748,0.5092054747080033
ZEB2,CLDN4,-1,1,real,-0.0011837863612342329,-0.0012707327806223574,-0.001101352302033832,0.8475935828877005,748,-0.2940488640990623
ZEB2,ATP6V1B2,0,0,real,0.013711061748076701,0.013493374565477424,0.013925247266894846,0.0,748,0.542394258980352
ZEB2,LAMB3,0,0,real,-0.001061841460740039,-0.0011538005895944203,-0.0009678649414187968,0.8275401069518716,748,0.23807332249985474
ZEB2,CMTM3,0,0,real,-0.0008874821017202445,-0.0009842077551113677,-0.0007800501179285821,0.7553475935828877,748,0.4275852175698391
ZEB2,NRN1,0,0,real,0.0113672528336233,0.011099151118704964,0.01164807727248196,0.0,748,0.5849214609725316
ZEB2,ADAMTS12,0,0,real,0.016048958517798622,0.01582589344102736,0.01627940096580627,0.0,748,0.6129285799148354
ZEB2,NDUFS6,0,0,real,-0.004857122510880788,-0.004974971531981429,-0.004742091350532764,1.0,748,-0.46759671669832215
ZEB2,LY96,0,0,real,0.012493149068624896,0.01217969591422326,0.012795910467404073,0.0,748,0.5732837300083234
ZEB2,GSTM1,0,0,real,0.00038951571757694345,0.00029617391709415154,0.0004919049408983633,0.35962566844919786,748,0.02413012511514361
ZEB2,PPP2R5A,0,0,real,0.00036426245636653665,0.0002830516683301301,0.0004423696176006175,0.3716577540106952,748,0.12046386527760537
HOXB2,MMP9,1,1,real,-9.913726563693456e-06,-7.730042680586674e-05,5.724271241539853e-05,0.5775401069518716,748,-0.17918302225845756
HOXB2,PLAT,1,1,real,0.005125702287895529,0.004951855578591987,0.005301772846167768,0.004010695187165776,748,0.29958492287191363
HOXB2,KRT14,1,1,real,0.0007391344849269262,0.0006394298198909319,0.0008473589390295481,0.3181818181818182,748,-0.017281208709144957
HOXB2,PRRX1,0,0,real,-0.00043741611430982575,-0.0005313514790830988,-0.00034777921629358406,0.6176470588235294,748,0.08620105462008532
HOXB2,FSCN1,0,0,real,0.0005020522873154747,0.00043778467284571115,0.0005715771034181884,0.2807486631016043,748,-0.22225856081344003
HOXB2,STC1,0,0,real,0.002366923462826121,0.0022909193207403355,0.002456659675591251,0.01871657754010695,748,0.1678253105092955
TRPS1,BCL2,1,1,real,0.0030392547966015936,0.0029166968112501013,0.003163179977540278,0.020053475935828877,748,0.44042620895486745
TRPS1,CCND1,1,1,real,0.003144218921561771,0.0030285675919632595,0.003258237909637067,0.0053475935828877,748,0.4234502391307733
TRPS1,ERBB2,1,1,real,0.0009245374316761343,0.0008486813108445899,0.0010067992464113426,0.1697860962566845,748,0.1651830973250792
TRPS1,EXT1,1,1,real,0.059322129503065146,0.05785708328558663,0.06097789182317311,0.0,748,0.15498954902307732
TRPS1,RUNX1,-1,1,real,0.00037481490586537295,0.00030167498025061916,0.00044541011162582727,0.3516042780748663,748,0.2731951918251818
TRPS1,VEGFA,1,1,real,0.0029214116653805983,0.0028255042308265406,0.0030382775318200422,0.00267379679144385,748,0.1341055733181686
TRPS1,ZEB2,-1,1,real,0.0030967340431111378,0.002985963300211851,0.0032084940572695915,0.004010695187165776,748,0.10708196382026773
TRPS1,SOX9,-1,1,real,0.0003909123951482876,0.00031264007504474965,0.00046324996104934595,0.3342245989304813,748,0.05709779996591895
TRPS1,MFAP5,0,0,real,0.00013109262635908095,5.7053305235658076e-05,0.00020460468120005456,0.4786096256684492,748,0.07345320538058504
TRPS1,CRABP2,0,0,real,-0.0008880236050373008,-0.0009565352457614912,-0.0008216790321526652,0.8529411764705882,748,0.14647467733037056
TRPS1,MCM2,0,0,real,0.0005030971924390864,0.00043622465617560336,0.0005733614037503995,0.2967914438502674,748,0.25493871991682915
TRPS1,PRR15L,0,0,real,0.0016009972455667295,0.0015020193673021599,0.0017069546203886407,0.07219251336898395,748,0.18455520449357174
TRPS1,AURKB,0,0,real,-0.0017623905006982053,-0.0018179665626617697,-0.0017076327075960557,0.9946524064171123,748,-0.15611491753553125
TRPS1,EZH2,0,0,real,-0.000610889218716073,-0.0006768328711668965,-0.0005488205089382382,0.7620320855614974,748,0.01811617359680972
TRPS1,RARRES1,0,0,real,-0.0008606433306045416,-0.0009150390131125122,-0.0007997193241906109,0.8703208556149733,748,-0.1709015223126644
TRPS1,SSH3,0,0,real,0.00042037024522123946,0.0003597660626979135,0.00048336482493214306,0.3302139037433155,748,0.24937128837060615
PRRX1,VEGFA,1,1,real,-0.0007748555030537616,-0.0008451568988268463,-0.0007103567408234279,0.8008021390374331,748,-0.012096621924608968
PRRX1,SOX9,1,1,real,-0.0014401442972269184,-0.0015252666545933465,-0.0013591890547097931,0.9037433155080213,748,-0.019631871337760315
PRRX1,CRNKL1,0,0,real,0.0021477563945417185,0.002059076964960404,0.002230792347874671,0.03342245989304813,748,0.16852404943306204
PRRX1,CHI3L1,0,0,real,-0.0006823349405418753,-0.0007996832927520477,-0.0005706822805363137,0.6737967914438503,748,0.09709047451882453
GRHL2,CDH1,1,1,real,0.029777393025410846,0.02899915937290825,0.030572546493022792,0.0,748,0.411233160797664
GRHL2,ERBB3,1,1,real,0.0035223157806637405,0.003397876215824125,0.0036432795703368356,0.016042780748663103,748,0.4206714551601521
GRHL2,ZEB1,-1,1,real,0.002130990510942571,0.002034467853552416,0.002239316195345431,0.03208556149732621,748,0.06466398783771628
GRHL2,RAB25,1,1,real,0.011398635411663261,0.011082723974027178,0.011705278977932268,0.001336898395721925,748,0.16746371309806538
GRHL2,CLDN3,1,1,real,-0.0007828522755377616,-0.000880340740307518,-0.0006861116500478416,0.732620320855615,748,0.08206209672658205
GRHL2,CDC42SE1,1,1,real,0.00806614707399213,0.007908615964723614,0.008246657922315085,0.0,748,0.4447098346765183
GRHL2,CLDN4,1,1,real,0.01595626550211128,0.015567384194389713,0.016386114267914375,0.001336898395721925,748,0.12560285909206606
GRHL2,NID1,0,0,real,-0.00011094727071164817,-0.0001701111127971058,-5.084578680794238e-05,0.5668449197860963,748,0.1171137359960823
GRHL2,TWIST1,0,0,real,-0.00023925642382499642,-0.0003029996425516446,-0.00016934902736034962,0.6109625668449198,748,-0.20791226277492394
GRHL2,RAD51,0,0,real,-7.948623223100777e-05,-0.0001435604028384249,-1.4374421543395759e-05,0.5735294117647058,748,0.3167020669256217
GRHL2,SLC2A4RG,0,0,real,-0.001977652552622286,-0.002046098376817482,-0.001908888928225942,0.9759358288770054,748,0.010156789169486468
GRHL2,KRT23,0,0,real,-0.000711448007195179,-0.0007846676419906605,-0.0006303428392265901,0.7754010695187166,748,-0.042829177816626235
GRHL2,S100A6,0,0,real,-0.001795784255768607,-0.0018732164667534558,-0.0017182588767436285,0.9679144385026738,748,-0.3245747388431373
GRHL2,ABCC11,0,0,real,0.00012328052285680237,4.00957943418819e-05,0.000205606274910019,0.45588235294117646,748,0.12993410086756213
ID4,BRCA1,-1,1,real,-0.0003803966131556026,-0.00044314662303668507,-0.00031742453487770925,0.6951871657754011,748,-0.16374661301467583
ID4,IGF1R,1,1,real,-0.0002939359865976432,-0.0003647994625825384,-0.00021979672184343514,0.6403743315508021,748,-0.02276729344428398
ID4,IGFBP3,1,1,real,0.005009829875458623,0.004854296309038841,0.0051570801256229076,0.009358288770053475,748,0.3951615920856268
ID4,TP53,1,1,real,0.0067828794536861445,0.00662341889797317,0.006939928494679157,0.0,748,0.08668065869699326
ID4,COPZ2,0,0,real,0.0022036460466075313,0.0020661282152540936,0.002338200259560291,0.11764705882352941,748,0.2310540578025029
ID4,RAD51,0,0,real,-0.000288717610987298,-0.0003588328283315833,-0.00022747679639988465,0.6510695187165776,748,-0.15632122395640874
ID4,SMAD4,0,0,real,0.0023895630443222997,0.002302723334464717,0.0024700305960265643,0.014705882352941176,748,0.3009967825221392
ID4,E2F1,0,0,real,-0.001359872452859931,-0.0014309416965950018,-0.0012876441991780498,0.9184491978609626,748,-0.22557078230458943
KDM2A,CD44,1,1,real,0.0024643613364208833,0.002382186139993321,0.002540989548214645,0.012032085561497326,748,0.26999832290042053
KDM2A,CDK6,1,1,real,0.0019220907657378993,0.0018250869101076486,0.0020196100674291944,0.0481283422459893,748,0.22045125907414037
KDM2A,CDKN1B,1,1,real,0.0023911690305828807,0.002302541446163602,0.0024896737006079956,0.040106951871657755,748,0.3466757228323559
KDM2A,FGFR1,1,1,real,0.0029768882513979255,0.0028904490033185375,0.0030560060138758137,0.00267379679144385,748,0.30191465475647833
KDM2A,CDC42SE1,0,0,real,0.005754504066646273,0.005621230127176799,0.005891093559297128,0.001336898395721925,748,0.522148509934729
KDM2A,CDH3,0,0,real,0.0027377069059098657,0.0026240254324682824,0.002840639268740788,0.012032085561497326,748,0.18737385732358477
KDM2A,TUBB2A,0,0,real,0.0010449535325053353,0.0009592221097498988,0.001126894213721146,0.17379679144385027,748,-0.00023248287553446616
KDM2A,LRP5,0,0,real,0.005892552807678118,0.00577024894900771,0.006017673079881266,0.0,748,0.4262612231839332
SND1,IGFBP3,1,1,real,0.0025235137028151488,0.0024418099170593027,0.002604682360736964,0.0106951871657754,748,-0.01304470360684221
SND1,ATP6V1B2,0,0,real,0.005112279568875204,0.0049890390941103304,0.00523753902439315,0.001336898395721925,748,0.2165446964280926
ETV3,MYC,-1,1,real,0.0049558644410000316,0.004852014169083043,0.005061316888526442,0.00267379679144385,748,0.27547162010027215
ETV3,NCOA3,0,0,real,0.006784164814158956,0.0066365708841891625,0.0069175324318893165,0.0,748,0.500856800326256
TFAP2C,EGFR,1,1,real,0.008959980092821528,0.008728840607985209,0.009185589482938688,0.0,748,0.33001285630597654
TFAP2C,ERBB2,1,1,real,0.007170460974953656,0.0070186637463236935,0.00732348760519195,0.0,748,0.06197308744054275
TFAP2C,ERBB3,1,1,real,-0.0006137449659968253,-0.0006654060613905595,-0.0005624960837972892,0.8114973262032086,748,0.10666998473750494
TFAP2C,ESR1,1,1,real,-0.0005712620126674488,-0.0006238080706711313,-0.0005181182022241756,0.8008021390374331,748,-0.13202139932039186
TFAP2C,FOXA1,1,1,real,9.666625543127295e-05,2.478700212523362e-05,0.00017043555162036942,0.43983957219251335,748,-0.11588600390868284
TFAP2C,FOXC1,1,1,real,0.006735174970098717,0.006552059154448294,0.006911303157382356,0.0,748,0.3433579772452362
TFAP2C,GREB1,1,1,real,0.0033935315086906386,0.003288632279510753,0.0035055678958652615,0.0,748,0.054904266115245265
TFAP2C,MMP2,1,1,real,-0.0004968836376071619,-0.0005436104965496226,-0.00045077870954566494,0.7954545454545454,748,0.06693605777572209
TFAP2C,SFRP1,1,1,real,0.004887731718613291,0.00474773475727122,0.005026365258615156,0.0,748,0.4214932658028107
TFAP2C,ECM1,1,1,real,-0.0017879964521905134,-0.0018394540716761573,-0.001729220978837045,0.9732620320855615,748,-0.1252551670164949
TFAP2C,KRT14,1,1,real,0.001807165922100678,0.0017078265605161137,0.0019058152773386836,0.05080213903743316,748,0.3005069821494981
TFAP2C,CRABP2,1,1,real,0.00046310684554039895,0.0003796876774587861,0.0005507192664761885,0.3729946524064171,748,-0.012993579165910051
TFAP2C,AR,0,0,real,-0.002292881668097077,-0.002364473816401861,-0.0022228173028371427,0.9879679144385026,748,-0.07610830774536648
TFAP2C,DNMT3B,0,0,real,0.0014603904001879618,0.0013997114218019019,0.001521261581474976,0.01871657754010695,748,0.344439989334977
TFAP2C,AEBP1,0,0,real,-0.0006433297266167674,-0.0006900118911471203,-0.0005889972479604742,0.803475935828877,748,0.034080045505626884
TFAP2C,CAPN8,0,0,real,-0.0009637707166221006,-0.0010300457551205902,-0.0008911202936690589,0.8582887700534759,748,-0.06460109394549123
TFAP2C,CDH3,0,0,real,0.008306483924637901,0.008139622975213437,0.00845809826286221,0.0,748,0.4779531081351888
TFAP2C,SMAD4,0,0,real,0.0022929083338462204,0.00221623596445713,0.002376643307228969,0.020053475935828877,748,0.24782842448256595
TFAP2C,PTPRC,0,0,real,-0.00100398606607448,-0.0010581440541969189,-0.000943682985682223,0.9037433155080213,748,0.09070942524164058
TFAP2C,SERPINB9,0,0,real,-6.22615769319559e-05,-0.00012048973250655073,-3.6266271293446333e-06,0.5374331550802139,748,0.18016135553230359
TFAP2C,PLEKHF2,0,0,real,-0.0015913688146082575,-0.0016510740635001858,-0.0015330325980644187,0.9852941176470589,748,0.04755946456337906
TFAP2C,SND1,0,0,real,0.004187534691611513,0.004054307883774277,0.00431704936163714,0.0,748,0.07810249013876056
TFAP2C,GCC1,0,0,real,0.0017300960773422827,0.0016663723834375276,0.0017963227823936114,0.026737967914438502,748,0.18152260601379133
TFAP2C,ARID1A,0,0,real,0.0007338920641780136,0.0006714881890733135,0.0007925945199086401,0.18850267379679145,748,0.17832227935753636
ID1,AURKA,1,1,real,-0.0010011075637278409,-0.0010709190604595714,-0.0009341927268915895,0.8917112299465241,748,-0.2706515879576192
ID1,BRCA1,1,1,real,-0.002779374364265464,-0.002856109820448655,-0.0027099499810616097,0.9946524064171123,748,-0.365123496315431
ID1,CCND1,1,1,real,-0.0005670282460579814,-0.0006323821962841763,-0.0005017594334579337,0.7820855614973262,748,-0.13112578972279454
ID1,CD44,1,1,real,0.0006985172403996242,0.0006063328889022639,0.0007840030289426486,0.25935828877005346,748,-0.027531787402496188
ID1,CDH1,-1,1,real,-0.002769453210840018,-0.0028513332338684734,-0.0026868626392038074,0.9986631016042781,748,-0.21342633336513198
ID1,CDK6,1,1,real,0.0006003945839712525,0.0005229599104879635,0.0006833369796535372,0.2540106951871658,748,0.09853347259558604
ID1,CDKN1B,1,1,real,0.00032403806602970787,0.00022869501372989388,0.0004302194740724086,0.43983957219251335,748,-0.06039525472286754
ID1,CDKN2A,-1,1,real,0.0058312882391201365,0.005695694295099919,0.00596001506259822,0.0,748,0.10228088270033052
ID1,EGFR,1,1,real,0.007710863158825632,0.007538168892479558,0.007895709069750982,0.001336898395721925,748,0.29219176594422186
ID1,FGFR1,1,1,real,0.00431138126792987,0.004204455048127852,0.004414082851426702,0.00267379679144385,748,0.17846254899580904
ID1,MMP2,1,1,real,0.0011881907586732132,0.0010924598022775808,0.0012957607359735833,0.16711229946524064,748,0.3293878626677662
ID1,MMP9,1,1,real,0.0006260454842286217,0.0005385767295551967,0.0007150313384432953,0.2887700534759358,748,0.05324038491342121
ID1,MYC,1,1,real,0.0030598706902799973,0.0029662656555491376,0.0031579611387629633,0.0053475935828877,748,0.029316354398982877
ID1,PIK3R1,1,1,real,-6.574560458972738e-05,-0.00017063903614858542,3.2281961641483496e-05,0.5280748663101604,748,0.13949359621216925
ID1,PTEN,1,1,real,-0.0012447163758138712,-0.0013482113323218404,-0.0011390877347976997,0.8409090909090909,748,-0.04245504898584506
ID1,SERPINE1,1,1,real,0.011151339355424552,0.01095661287013887,0.011344610141816841,0.0,748,0.1504548139797217
ID1,TGFB1,-1,1,real,0.03007278903242227,0.02953567764741836,0.030641257016618243,0.0,748,0.37741499097505227
ID1,TP53,1,1,real,0.0031623242464856155,0.0030511628466074335,0.003269211778063626,0.012032085561497326,748,0.004743978267324012
ID1,VEGFA,1,1,real,-0.0007408253307771364,-0.0008235741744024182,-0.0006655416402846667,0.7874331550802139,748,-0.07740699129453708
ID1,INHBA,1,1,real,0.0016132843021615514,0.0014779434604703069,0.0017489167086534364,0.1804812834224599,748,-0.10477716256010357
ID1,TFAP2C,0,0,real,0.004036363450529754,0.00392707645932732,0.0041680964622918424,0.0053475935828877,748,0.0021744087793883456
ID1,CREG1,0,0,real,-0.0014713410295565982,-0.0016116905986605747,-0.0013385658659773043,0.8262032085561497,748,-0.06622223671178147
ID1,MCM2,0,0,real,-0.0002447632324023565,-0.00033247286748409215,-0.00015722783388438604,0.5922459893048129,748,-0.20520625156430608
ID1,CCNB1,0,0,real,-0.00031381061316406415,-0.0003958662660313533,-0.00022718665996025015,0.7165775401069518,748,-0.27589133943081895
ID1,EFNA4,0,0,real,0.004464650700539485,0.004334299291554407,0.0045910071749097,0.00267379679144385,748,0.07758164018389084
ID1,IL17RB,0,0,real,-0.0007797849213923601,-0.0008655777968526042,-0.0006862556936940245,0.7540106951871658,748,-0.1067528791619216
ID1,FXYD5,0,0,real,0.008464293706449954,0.008250399460704164,0.008657039767301372,0.0,748,0.25924857050127786
ID1,DLGAP5,0,0,real,-0.000626039284334557,-0.0006926076221109644,-0.0005545094937599519,0.8088235294117647,748,-0.2706306258569186
ID1,GCC1,0,0,real,-0.0012352095204679404,-0.0013183765218584057,-0.0011463289368873184,0.8917112299465241,748,-0.06987534137858475
ID1,SFRP2,0,0,real,0.00289523678353644,0.0027892979797919625,0.003000355330670423,0.0106951871657754,748,0.2623861144298032
ID1,ETV3,0,0,real,-0.002536377322581164,-0.0026824271387782504,-0.0023994057157640095,0.9050802139037433,748,-0.12882083154376284
ID1,SCGB3A1,0,0,real,0.00766001627286614,0.007464984383089792,0.007856319453304762,0.0,748,0.3350327888334617
ID1,ZHX1,0,0,real,-0.0025661584388700425,-0.0026640864213442585,-0.0024688007363509183,0.9906417112299465,748,-0.23701546008254976
ID1,GPR160,0,0,real,-0.002436402192423969,-0.0025411813710569287,-0.0023374510293871307,0.9772727272727273,748,-0.14152429456084978
ID1,RAB4A,0,0,real,0.00048313026707420186,0.00038508278242006935,0.0005827574836662522,0.3449197860962567,748,-0.037444939794304265
ID1,LAMB3,0,0,real,0.007711001347008355,0.00749994361528993,0.007932966705296501,0.00267379679144385,748,0.3754554740058273
ID1,DNMT3B,0,0,real,0.0002062893868133483,0.00013477920556964794,0.0002757278815442669,0.393048128342246,748,-0.13671510191430286
ID1,FOXM1,0,0,real,-0.0008482214754012393,-0.0009225747647920197,-0.0007721959524188243,0.8368983957219251,748,-0.26240756391700304
ID1,FLT1,0,0,real,-0.0023851484944089345,-0.002465876084013629,-0.0023135153834074906,0.9973262032085561,748,0.13746989414144015
ID1,FGFR4,0,0,real,0.004866428385570034,0.004756608808407129,0.004978967491264867,0.0,748,0.0538364452421858
HOXB7,CCND1,1,1,real,-0.0008737836578452509,-0.0009245210412039749,-0.0008244371111027475,0.929144385026738,748,-0.10720522944254281
HOXB7,CDKN1B,-1,1,real,-0.00023078874845901016,-0.00030547138670921785,-0.00015170326875294497,0.5989304812834224,748,-0.02141810153745575
HOXB7,EGFR,1,1,real,-0.0007898025651696455,-0.0008653436514182491,-0.0007115290328962395,0.7981283422459893,748,0.044001442093476784
HOXB7,MMP2,1,1,real,0.0031239103663666255,0.003022239269742056,0.003231771737154503,0.00267379679144385,748,0.29365249703649204
HOXB7,VEGFA,1,1,real,0.0004421396368994983,0.00036779863898079543,0.000522502506897392,0.28475935828877,748,0.018165061652871968
HOXB7,PPP1R1B,1,1,real,0.004026495851161301,0.003875519021640618,0.0041771387520427574,0.02540106951871658,748,0.07800346755895782
HOXB7,CLDN4,0,0,real,-0.0004358681262870885,-0.0005199595427739501,-0.0003552622670028048,0.6911764705882353,748,-0.0022133470963120174
HOXB7,ATP6V1C1,0,0,real,-0.0001933356307516675,-0.00025527032470304016,-0.0001315181635410662,0.589572192513369,748,-0.14331203098101
HOXB7,C1orf116,0,0,real,-0.0012500378470071025,-0.0013526782287716784,-0.001146947835274697,0.8021390374331551,748,0.050954767585721934
HOXB7,PTN,0,0,real,-0.001082574400997683,-0.0011665071784282108,-0.0009930417814913296,0.8502673796791443,748,0.1269303616432038
HOXB7,METRN,0,0,real,-0.00023904801292408021,-0.00030022213854926657,-0.00017876142792199614,0.6778074866310161,748,0.10453752570191326
HOXB7,DHX9,0,0,real,-0.0008538179861135945,-0.0009363922688069557,-0.0007728015848476118,0.7620320855614974,748,-0.08092048538657093
ELF3,AR,1,1,real,0.007499708434560216,0.007284233720558935,0.007716255728133584,0.0,748,0.02633880750749661
ELF3,ERBB2,1,1,real,0.012423800528937627,0.012010118487356818,0.01283462103098401,0.0,748,0.21220505276354842
ELF3,MMP9,-1,1,real,-0.000899058471495243,-0.0009632795615932693,-0.0008333137456056669,0.8689839572192514,748,-0.0578054276034763
ELF3,NOTCH3,1,1,real,0.0392882789223274,0.03853072264056185,0.04002623984175974,0.0,748,0.2244300035181386
ELF3,TGFB1,1,1,real,0.0005423693696896877,0.0004513046548856647,0.0006336202294899427,0.3502673796791444,748,0.04343935965648045
ELF3,CFH,0,0,real,-0.0002081729169543201,-0.0002902726321514367,-0.00012736048367631571,0.5601604278074866,748,-0.07889186526992284
ELF3,PPP2R5A,0,0,real,0.005306655044938022,0.005186019559882029,0.005435006229845856,0.001336898395721925,748,0.24211124500572562
ELF3,RARRES1,0,0,real,0.00200883435249767,0.0019230719503115304,0.002100681027093715,0.04946524064171123,748,0.1465756932616123
ELF3,CCND2,0,0,real,-0.0018690201567167206,-0.001926761242361207,-0.0018076825627914778,0.9893048128342246,748,-0.11981784129311807
ELF3,KIF2C,0,0,real,0.0005500706480052369,0.0004745361000893366,0.0006243387179211819,0.30080213903743314,748,0.020512398795183587
AEBP1,FABP4,-1,1,real,-0.003981842135690126,-0.004122096702221775,-0.003829782182514065,0.9946524064171123,748,0.14213219758317733
AEBP1,ESM1,0,0,real,0.006141957938886928,0.005980257819628314,0.006299127329323722,0.0053475935828877,748,0.17023244832757628
RARA,AKT1,1,1,real,0.03697055108017668,0.03622625820372758,0.037640653028421206,0.0,748,0.39769086125815956
RARA,BCL2,-1,1,real,0.01616292624948497,0.015679625379812486,0.01663662376476484,0.0,748,0.4001955603067802
RARA,CDKN2A,1,1,real,-0.0009535586541940239,-0.0010887388881867014,-0.0008143907124805401,0.7486631016042781,748,-0.19557709638203108
RARA,CHEK2,1,1,real,0.0014707746225742907,0.0013130538824841123,0.0016329794524765856,0.2553475935828877,748,-0.15702588392059322
RARA,EGFR,-1,1,real,-0.00374582241191371,-0.0038705046574021513,-0.003623324048279166,0.9799465240641712,748,-0.4256087372960477
RARA,ESR1,1,1,real,0.01652632524851218,0.01611372540306998,0.01692701399223086,0.0,748,0.5738522082733452
RARA,FGFR1,1,1,real,0.0013967958679040914,0.0012636430608513288,0.001527299865961587,0.19385026737967914,748,0.19483231971889184
RARA,FOXC1,1,1,real,0.0008663780841587931,0.0007177343095217813,0.0010199577201860449,0.3114973262032086,748,-0.4621141932519981
RARA,GREB1,1,1,real,0.028134148165981202,0.027545356754209008,0.028774921092415997,0.0,748,0.520099546712872
RARA,IGFBP3,1,1,real,-0.00029576982042807214,-0.00046285755649697286,-0.00011974874738941932,0.6310160427807486,748,-0.17677509836580424
RARA,MMP2,1,1,real,0.0008007849189378132,0.0006988486929596603,0.0009061625705112225,0.2713903743315508,748,0.11967833063761582
RARA,MYC,1,1,real,0.004142130026303286,0.003954267085032038,0.004310625925107732,0.026737967914438502,748,-0.09313496820865491
RARA,PLAT,1,1,real,0.003915558427774784,0.0037407196451056555,0.004111387393263636,0.013368983957219251,748,0.3437694001554722
RARA,PLAU,1,1,real,-0.0007176675605081334,-0.0008307429392639061,-0.0006098340517862465,0.7205882352941176,748,-0.005664547912704916
RARA,RB1,1,1,real,-0.0017481166254745611,-0.0018846620784073447,-0.0016227496965911137,0.8729946524064172,748,0.19776132295257726
RARA,SMAD3,1,1,real,0.01781565454836649,0.017385453733752745,0.018271751759793578,0.0,748,0.3307367679954233
RARA,TGFB1,1,1,real,0.01330775764655428,0.012892484310159456,0.013721247519009104,0.0,748,0.28047298595489306
RARA,VEGFA,-1,1,real,0.00207650067310435,0.0019370291604871705,0.002225675887902186,0.12165775401069519,748,-0.0021370761814670488
RARA,NES,1,1,real,-9.240207088855493e-05,-0.00022871711414324761,3.3934897816418674e-05,0.5601604278074866,748,-0.06119099532003484
RARA,KRT14,1,1,real,0.0003510189228550046,0.00022538621420909783,0.0004859483852354174,0.4358288770053476,748,-0.07004541889219645
RARA,CRABP2,1,1,real,0.06426083941772952,0.06292076696527092,0.06568272808391548,0.0,748,0.3644655372666924
RARA,SOX9,1,1,real,-0.0007402778467837448,-0.0008719334302494169,-0.0006118986789361653,0.6818181818181818,748,-0.23755847447535583
RARA,ETV3,0,0,real,-0.00211299475616113,-0.0023050436694648127,-0.0019141438018346725,0.7874331550802139,748,-0.08963840626279276
RARA,MNDA,0,0,real,-0.0001767338386366592,-0.0002972186490619016,-5.5028863948246455e-05,0.5775401069518716,748,-0.1383339928066076
RARA,OLR1,0,0,real,0.0008939893564305633,0.00078266675935962,0.0009979066910320122,0.2887700534759358,748,0.05211675188099882
RARA,THRSP,0,0,real,-0.0004699896352030268,-0.0005877136856478545,-0.0003399971813447413,0.6417112299465241,748,0.11242773146901436
RARA,S100A4,0,0,real,0.00011491627754467632,-1.952263482521684e-05,0.00024008762769761293,0.49866310160427807,748,-0.2638344873321062
RARA,LPL,0,0,real,-0.005543154564689439,-0.005669440853296581,-0.00543586931047785,0.9973262032085561,748,-0.1589564409004537
RARA,ID4,0,0,real,-0.0014376780971529452,-0.0015630582048235626,-0.0013036500048572949,0.7981283422459893,748,-0.24972525989237143
RARA,DNMT3B,0,0,real,-0.0005974694172172756,-0.0007219889215843198,-0.00046720706944481755,0.6684491978609626,748,-0.09736346048244429
RARA,SND1,0,0,real,0.004992897463829626,0.0048284562813305275,0.005174338080132349,0.016042780748663103,748,0.013962678355267955
RARA,CHCHD2,0,0,real,0.009155810871925171,0.008896419403754147,0.009409522884223425,0.001336898395721925,748,0.1576451526245203
RARA,SLC2A3,0,0,real,-5.674127949179298e-05,-0.00015423030670318986,4.780667062862147e-05,0.5641711229946524,748,-0.12914187274032676
RARA,BAG1,0,0,real,0.011237326374239291,0.010978985294627455,0.011532645278150438,0.0,748,0.3516862933172205
RARA,OXCT1,0,0,real,-0.005398387973360326,-0.005584276992126879,-0.005215971878411848,0.9933155080213903,748,-0.27683503608713883
RARA,GATA3,0,0,real,0.050715196752545565,0.049592953839637306,0.05189654166067937,0.0,748,0.6549395571763217
RARA,CA12,0,0,real,0.01231264911891657,0.011988738560539659,0.012620945188235337,0.0,748,0.6086686693799036
RARA,S100A14,0,0,real,0.0037616694275100517,0.0036148951691170684,0.003917370317678121,0.017379679144385027,748,0.24889244475671546
RARA,MDM2,0,0,real,0.014854747772821907,0.014448351320961996,0.015232595805378706,0.0,748,0.2878204541735655
RARA,HTATIP2,0,0,real,-0.0028055073534438988,-0.0029339154112798535,-0.0026837548981128103,0.9478609625668449,748,-0.20895413472428515
RARA,C1orf116,0,0,real,-0.004701210845862772,-0.004887732253912105,-0.004523726364765972,0.9812834224598931,748,-0.23086091630869465
RARA,IGFBP4,0,0,real,0.16415293895043498,0.16127116148800522,0.16687947883357007,0.0,748,0.6049446137075378
RARA,FGF4,0,0,real,-0.00018904900735280665,-0.00026865108585883254,-0.00010498119302035047,0.6029411764705882,748,-0.04000362798524175
RARA,STC2,0,0,real,0.012113214215203961,0.01174702668874736,0.012485200831752292,0.00267379679144385,748,0.4597206533861301
SOX9,AR,1,1,real,-0.0032079506040436218,-0.003308275274228082,-0.003121804861590904,0.9959893048128342,748,-0.15001807813863335
SOX9,BAG1,1,1,real,0.00025833458901148914,0.00019772224048145994,0.00032322864074122186,0.3649732620320856,748,-0.01957766466061059
SOX9,BCL2,1,1,real,-0.0009900868406316763,-0.001057813940002208,-0.0009168802270580263,0.8716577540106952,748,-0.1514885868161435
SOX9,CCND1,1,1,real,-0.001300917357271089,-0.0013497796174462087,-0.0012539201617197745,0.9772727272727273,748,-0.19982903849320588
SOX9,CDK4,1,1,real,0.0021617088301701614,0.0020872594493689467,0.002232287112942402,0.0213903743315508,748,0.13011413940032207
SOX9,MIA,1,1,real,0.009346079183476788,0.009074997609054152,0.009606837862718653,0.0,748,0.35587336484640864
SOX9,PIK3CA,1,1,real,0.0013099850849339774,0.0012479294309051818,0.0013783295669768459,0.06283422459893048,748,0.15743471949384105
SOX9,PITX2,1,1,real,0.0009467030786153813,0.000874195915307359,0.0010181652155431713,0.15641711229946523,748,0.08769069853690424
SOX9,SNAI2,1,1,real,0.0012024681944210825,0.0011366397328571051,0.0012700415499933375,0.10427807486631016,748,0.1711453598032348
SOX9,TWIST1,1,1,real,0.0002098275356844678,0.00014448350001377094,0.00027373878115749854,0.3983957219251337,748,-0.07514122947599569
SOX9,VEGFA,-1,1,real,0.004967642937448214,0.004833103418280702,0.005102708027010193,0.0,748,0.16559742608081096
SOX9,COL1A2,1,1,real,-0.0009572053002774611,-0.0010201316454726715,-0.0008962845343991853,0.8676470588235294,748,-0.07889241006205842
SOX9,IGFBP4,1,1,real,-0.000610691961855586,-0.0006945645653890898,-0.0005325858338417259,0.6938502673796791,748,-0.19604327794316997
SOX9,LXN,1,1,real,0.002271550384087823,0.0021973076271801706,0.002344193446889658,0.0106951871657754,748,0.1845226446722039
SOX9,NES,1,1,real,0.002594923433505742,0.0024924766143637417,0.0026972699111245343,0.014705882352941176,748,0.1391566566129579
SOX9,COL10A1,-1,1,real,-0.002744176002416873,-0.0028091855722092722,-0.002679396149774587,1.0,748,-0.10469861138506031
SOX9,MAPK3,1,1,real,-0.0005606975471567671,-0.0006102423938005774,-0.000509545414842607,0.7727272727272727,748,-0.18746523903600806
SOX9,CTF1,0,0,real,0.004747724188234385,0.004605855191178967,0.004892905122931896,0.00267379679144385,748,0.21026506381268606
SOX9,TRPS1,0,0,real,0.0005793198468761253,0.0005191306302889623,0.0006413496492609862,0.232620320855615,748,0.05709779996591895
SOX9,DHX9,0,0,real,0.0011319916338847417,0.0010438099567047544,0.001224315283425134,0.1590909090909091,748,0.1871263783276871
SOX9,CACNG4,0,0,real,-0.0011886598827871833,-0.0012723248884780756,-0.0010918825208912934,0.8168449197860963,748,-0.30520261866096
SOX9,FGFR1,0,0,real,0.003975591597681841,0.0038569876471444718,0.004092142407831349,0.00267379679144385,748,-0.020031576725642708
SOX9,SMAD3,0,0,real,0.0009900330130505552,0.0009313658552786738,0.001048967798659453,0.10962566844919786,748,-0.06362707636411577
SOX9,CDC6,0,0,real,-0.0004871219829880297,-0.0005322720018736753,-0.00044475324449018183,0.820855614973262,748,0.0054576846824219505
SOX9,CD163,0,0,real,-0.0016672121995890685,-0.0017183837171356779,-0.001607283674120951,0.983957219251337,748,-0.035938346331906616
SOX9,CEP55,0,0,real,3.0467181371893797e-05,-1.5509728530716433e-05,7.72744760065858e-05,0.48663101604278075,748,0.11030005022051646
SOX9,PI4KB,0,0,real,0.00497181838836501,0.004835873995275723,0.005106600725630284,0.004010695187165776,748,0.3352713596724273
SOX9,E2F1,0,0,real,9.374286146890966e-05,3.5065106451785724e-05,0.00015023421849341738,0.5,748,-0.00814125898079083
SOX9,FGF3,0,0,real,0.0007835132521436069,0.0007371148144151457,0.0008350102755584738,0.1163101604278075,748,-0.04833419956743122
SOX9,S100A4,0,0,real,-0.00023205897537576192,-0.00029616959506015506,-0.0001631402293082772,0.5922459893048129,748,0.011574911771630477
SOX9,FMOD,0,0,real,0.0013086123196922766,0.0012344344265309917,0.0013731650490568566,0.0748663101604278,748,0.10371477413477188
SOX9,FABP4,0,0,real,-0.0001929549194470626,-0.0002622716350482145,-0.0001237175891668919,0.5601604278074866,748,-0.01094563392361012
SOX9,SCNN1A,0,0,real,-0.0004082567694326347,-0.0004936147394752773,-0.0003232204660095953,0.6189839572192514,748,-0.06689468224668951
SOX9,DLGAP5,0,0,real,-7.794812859539187e-05,-0.00012649176489361048,-2.8905260113921306e-05,0.5294117647058824,748,0.0855735400997262
AR,AKT1,1,1,permute_graph,0.0013117590980976169,0.0012005823827971223,0.0014182339294586562,0.17245989304812834,748,0.29868313632562377
AR,ALDH1A3,1,1,permute_graph,-0.0011865322766559934,-0.0012392314096363656,-0.0011294543330066663,0.9358288770053476,748,-0.06143826014722319
AR,AZGP1,1,1,permute_graph,0.008837918360608028,0.008626723078234328,0.009039755237219048,0.0,748,0.3943911011300731
AR,BCL2,1,1,permute_graph,0.0031051229922110855,0.0030119051915114504,0.0031952619049930523,0.013368983957219251,748,0.463074210739909
AR,CCNB1,-1,1,permute_graph,0.0002673029793350021,0.0001960186933025334,0.0003315045184986214,0.3502673796791444,748,-0.20520665446107667
AR,CCND1,1,1,permute_graph,0.0021120900764261207,0.00204854752396216,0.0021775502536703997,0.0053475935828877,748,0.3520133263038899
AR,CDC6,1,1,permute_graph,8.549872798672514e-05,3.0859883639333936e-05,0.00013730819506193857,0.4679144385026738,748,-0.19985122156556848
AR,CDH1,-1,1,permute_graph,0.0012211054219464221,0.0011643378351557305,0.0012764144695671885,0.04411764705882353,748,0.21376073691222724
AR,CDK6,1,1,permute_graph,-0.0013527248779796545,-0.001425902559938667,-0.0012723014013932654,0.8903743315508021,748,-0.21406457629202924
AR,CDKN1B,1,1,permute_graph,0.0012896061667827172,0.0011994370805178875,0.0013804403998660343,0.1483957219251337,748,0.28570786494978484
AR,EGFR,-1,1,permute_graph,-0.002613183785787718,-0.00268337164438577,-0.002549318073824987,1.0,748,-0.14463223541133738
AR,ERBB2,1,1,permute_graph,-0.000643994995856029,-0.0006972639147858767,-0.0005890521615492119,0.8409090909090909,748,0.38448610621266116
AR,ERBB3,1,1,permute_graph,-0.0001129573570073001,-0.00017554912345634253,-5.0175186821861576e-05,0.5521390374331551,748,0.5696327829300738
AR,ESR1,-1,1,permute_graph,0.015033783036435221,0.014650473199281951,0.015387083699260822,0.0,748,0.5801898653651602
AR,FOXA1,1,1,permute_graph,0.005645452935826333,0.005539350527135942,0.005764896567094757,0.0,748,0.6733789120295961
AR,GREB1,1,1,permute_graph,0.004184698613664324,0.0040564995587956156,0.00430320918928054,0.0053475935828877,748,0.48962111118858476
AR,GSTP1,1,1,permute_graph,-0.0019341921110084656,-0.002005841073878076,-0.001862385491790736,0.9745989304812834,748,-0.3117696456543612
AR,IGF1R,1,1,permute_graph,0.002454869395268021,0.0023783984714654156,0.002533258418373077,0.0066844919786096255,748,0.4585296804227088
AR,IGFBP3,1,1,permute_graph,-0.0018221615783375505,-0.001879297042561865,-0.0017622617682317141,0.9732620320855615,748,-0.0365825627792118
AR,MDM2,1,1,permute_graph,0.0021969838311718098,0.002129399379610633,0.002265495704729757,0.009358288770053475,748,0.3808665243048334
AR,MMP2,1,1,permute_graph,0.004284623217579714,0.004168549922664084,0.004400582532014501,0.0,748,0.2209703440463434
AR,MMP9,1,1,permute_graph,-0.0011356405206207258,-0.0012022905974024688,-0.0010663282902674326,0.9090909090909091,748,-0.21333876672693766
AR,MYC,1,1,permute_graph,-0.0010312507442014418,-0.0010992061437452927,-0.0009589148788792189,0.8596256684491979,748,-0.23110853867271877
AR,NCOA3,1,1,permute_graph,0.0022281967540505655,0.002156859532306999,0.002304770338085294,0.022727272727272728,748,0.30658180515972205
AR,NCOR1,1,1,permute_graph,0.0003925440720084951,0.00029974753785701734,0.00048050679798933564,0.3235294117647059,748,0.38216797264931285
AR,NDRG1,1,1,permute_graph,-0.0020418486122536655,-0.0020945465761689633,-0.0019874693992754785,0.9946524064171123,748,-0.254955753666987
AR,NF1,1,1,permute_graph,0.002993105001060322,0.0028976836569819743,0.003075552965412057,0.016042780748663103,748,0.43772143067548336
AR,PIK3R1,1,1,permute_graph,-5.853688510370123e-06,-8.491267772111614e-05,6.615543051136548e-05,0.5280748663101604,748,0.40919258744058995
AR,PLAU,-1,1,permute_graph,-0.00041053189419595085,-0.00048145575476988693,-0.0003371075027827299,0.6951871657754011,748,0.04526161767982963
AR,PTEN,1,1,permute_graph,0.0038065431417719717,0.0037142834412269153,0.0038978526042369663,0.00267379679144385,748,0.47953784021184903
AR,SERPINB5,-1,1,permute_graph,-0.0015141758460588013,-0.0015995635076809034,-0.0014310943840694912,0.9251336898395722,748,-0.2809013208817181
AR,SERPINE1,1,1,permute_graph,0.008251961375422338,0.008115423876339189,0.008399813847562155,0.0,748,0.1222493202947466
AR,SLC39A6,1,1,permute_graph,0.003983571125757208,0.00387954340901441,0.0040807698864249895,0.00267379679144385,748,0.49139368195662625
AR,SMAD3,-1,1,permute_graph,0.008327652373867452,0.008103920677716224,0.008568693525424524,0.0,748,0.3751385913569143
AR,SNAI2,1,1,permute_graph,0.00015538085925221866,8.931289797913762e-05,0.0002159687338586584,0.4451871657754011,748,0.1177132662484417
AR,TFF3,1,1,permute_graph,0.0041016782317708994,0.0039706104874043125,0.004236419114020466,0.00267379679144385,748,0.38783161739460226
AR,TGFB1,1,1,permute_graph,0.0020807492778737776,0.0019651884915690638,0.002197255109734178,0.08288770053475936,748,0.07807586812663889
AR,TP53,1,1,permute_graph,0.0006306430847017146,0.0005496798534041314,0.0007046435489441697,0.25935828877005346,748,0.07866553393866527
AR,UBE2C,1,1,permute_graph,-0.00103912418467489,-0.001115863692422552,-0.0009610684356032135,0.8596256684491979,748,-0.40076651680557945
AR,VEGFA,1,1,permute_graph,-0.0005754629964317706,-0.0006519318887973846,-0.0005051579776675718,0.7352941176470589,748,-0.006322728540965578
AR,AGR3,1,1,permute_graph,0.024071360333057356,0.023485831313670255,0.02460667314731272,0.0,748,0.4893926970369381
AR,VIM,-1,1,permute_graph,-0.0012845505060920237,-0.0013438959508979063,-0.001224506074182296,0.9344919786096256,748,-0.15762384951459057
AR,PIP,1,1,permute_graph,0.01350806589105952,0.013186976147604754,0.013853835266507016,0.0,748,0.4865283008111185
AR,TRPS1,1,1,permute_graph,0.001953068587666713,0.001875335515791977,0.0020355767271833815,0.04144385026737968,748,0.34672829775889646
AR,IFI16,1,1,permute_graph,0.0020017643065279797,0.001912729578680376,0.0020947018292732126,0.053475935828877004,748,-0.09346944257663974
AR,AKR1B1,1,1,permute_graph,-0.0015022766677606288,-0.001566885868996321,-0.0014308189540578919,0.9505347593582888,748,-0.178409261001864
AR,QSOX1,1,1,permute_graph,0.00011399029069306138,1.986900592677541e-05,0.0002202947259602116,0.4799465240641711,748,0.15397043041740247
AR,MT2A,1,1,permute_graph,-0.0005380529529330409,-0.000612314747367968,-0.0004683339083172985,0.7486631016042781,748,-0.14847889697827957
AR,GAPDH,1,1,permute_graph,-0.0014288715724775193,-0.001491941496488719,-0.00136640079529066,0.9478609625668449,748,-0.23540350786067316
AR,INHBA,1,1,permute_graph,0.0031541100084788273,0.003073840359879121,0.0032378840678804767,0.008021390374331552,748,0.25801930809304646
AR,SCNN1A,1,1,permute_graph,0.014292000513025784,0.013893084375534511,0.01468288631695252,0.0,748,0.4981915087306489
AR,NPEPPS,1,1,permute_graph,5.43287974315703e-06,-6.941425337235361e-05,6.995696993731396e-05,0.4572192513368984,748,0.42366312989996624
AR,MUC1,-1,1,permute_graph,0.008544254563948049,0.008378556320854004,0.008704502989387356,0.0,748,0.4151123705112416
AR,SDCBP,1,1,permute_graph,1.2166258910548794e-05,-3.632024043644687e-05,6.24814716938874e-05,0.47192513368983957,748,0.007088061140473456
AR,RARA,1,1,permute_graph,0.00028133085312956015,0.00022582303992856175,0.0003338711511625118,0.35427807486631013,748,0.40453421322233896
AR,PLK1,0,0,permute_graph,-0.0013510736286118895,-0.0014268091832067224,-0.0012824220242042678,0.9344919786096256,748,-0.35592381560773134
AR,FGF3,0,0,permute_graph,-0.0011536056228951552,-0.0012020419055271028,-0.0011057288233124786,0.9625668449197861,748,0.04385377852113228
AR,FPR3,0,0,permute_graph,-0.0005854402003484434,-0.0006521541525664999,-0.0005225251596184439,0.7606951871657754,748,-0.08043187852064305
AR,MTOR,0,0,permute_graph,0.0006221438941932585,0.0005364073855076524,0.0007104157653629748,0.25,748,0.2750646643185074
AR,SLC7A2,0,0,permute_graph,0.005469112324365705,0.005336529836896972,0.005602478033044573,0.0066844919786096255,748,0.4464597102163157
AR,CCNE2,0,0,permute_graph,-0.0004644841879586333,-0.0005118771109571474,-0.00041351604304976227,0.7713903743315508,748,0.026678614818654647
AR,TRAM1,0,0,permute_graph,-0.0006860291000966918,-0.0007406275672184415,-0.0006326688865791908,0.8475935828877005,748,0.05509819817383239
AR,SQLE,0,0,permute_graph,-0.0006980270333671139,-0.0007529069638241238,-0.0006450858643675268,0.856951871657754,748,-0.10184868976092634
AR,S100A10,0,0,permute_graph,-0.0014751420316283063,-0.0015521306362703028,-0.0014018037862043968,0.9505347593582888,748,-0.2836717043285176
AR,SNRPE,0,0,permute_graph,-0.0007812249806664775,-0.0008601529575193754,-0.000706325230723432,0.786096256684492,748,-0.023106942833175895
AR,IGFBP5,0,0,permute_graph,0.0054687327875070114,0.005351048783539651,0.0055973866500768485,0.0,748,0.34172752168098885
AR,IGFBP4,0,0,permute_graph,0.000964347222042163,0.0009052856366494346,0.0010261384383328106,0.10695187165775401,748,0.30311562251888846
AR,ETV3,0,0,permute_graph,0.0006198495141697009,0.0005153448129369124,0.0007286796321996539,0.29411764705882354,748,0.16057139003864923
AR,RSAD1,0,0,permute_graph,-0.0006471542101154203,-0.0007203122290783466,-0.0005763270392498916,0.7593582887700535,748,0.18991875478982503
AR,CTSS,0,0,permute_graph,0.0006583544123941057,0.0005751782941016484,0.0007374367498690609,0.2700534759358289,748,-0.07498334065063249
AR,RASSF7,0,0,permute_graph,-0.0007144044479189192,-0.0008100420847840586,-0.000622848332074134,0.75,748,-0.06495884987841852
AR,S100A16,0,0,permute_graph,0.0027517406387360848,0.00262921996174983,0.0028658615378880843,0.0374331550802139,748,-0.09444269939716671
AR,SLAMF7,0,0,permute_graph,-0.001393568759544216,-0.0014600143232398404,-0.0013234020187623235,0.9425133689839572,748,-0.12793167526609117
AR,CACNG4,0,0,permute_graph,0.0025038186901077996,0.0024188726045354806,0.0025974634582948347,0.022727272727272728,748,0.35191970807571266
AR,MGP,0,0,permute_graph,-0.0002657700918528537,-0.00032627335230885404,-0.00020596924166937095,0.6550802139037433,748,0.12983986616406917
AR,MCM2,0,0,permute_graph,0.0006725491815181891,0.0005775522392881442,0.0007617453308199109,0.2713903743315508,748,-0.11938867411693334
AR,NME4,0,0,permute_graph,-0.0006663337040073346,-0.0007432050413281717,-0.0005828744802429349,0.7272727272727273,748,0.17182365591696913
AR,ADAMTS2,0,0,permute_graph,0.0010070817841386253,0.0009425644920669884,0.0010733758126997264,0.12299465240641712,748,0.21680590992233295
AR,EZH2,0,0,permute_graph,0.0007424548562572945,0.0006795982315716355,0.0008096230332148237,0.20989304812834225,748,-0.27811283171362927
AR,MLPH,0,0,permute_graph,0.006306158338213561,0.006155888667401119,0.006465614901178262,0.0,748,0.48380941201107674
AR,SELENBP1,0,0,permute_graph,0.003465996461600039,0.0033707595927559455,0.0035649049426908336,0.0053475935828877,748,0.38442731167150423
AR,KRT10,0,0,permute_graph,-0.00039308701588734024,-0.0004557688066575251,-0.0003274939931246807,0.6978609625668449,748,0.03008211752333535
AR,EIF3K,0,0,permute_graph,-0.0020218547631583026,-0.00209948776153899,-0.0019309248356034463,0.9812834224598931,748,-0.1774372514686037
AR,KIF2C,0,0,permute_graph,-0.00016780125202176067,-0.00022690256814133735,-0.00010322101180127794,0.6056149732620321,748,-0.3734436856644837
AR,MNDA,0,0,permute_graph,0.005118589426985147,0.005015349746828049,0.005207111497617987,0.0,748,0.03757159016783799
AR,ATP6V1C1,0,0,permute_graph,0.0003034038712816724,0.000255707687156278,0.00035601483342742417,0.3181818181818182,748,0.17989245760156966
AR,TFAP2C,0,0,permute_graph,-0.0017328095782146444,-0.0017936379658062436,-0.0016733892750231147,0.9893048128342246,748,-0.07610830774536648
AR,BUB1B,0,0,permute_graph,0.0011144864921575934,0.0010411496686451589,0.0011786942586403191,0.11898395721925134,748,-0.1464154394034979
AR,EFR3A,0,0,permute_graph,0.004803311552000756,0.004694785405158516,0.004915308649881011,0.0,748,0.3546622633889783
AR,VEZF1,0,0,permute_graph,0.0011063306825235492,0.0010342534450393285,0.0011769094755912522,0.11898395721925134,748,0.47157206158814924
AR,ASAP1,0,0,permute_graph,0.0007188896385043082,0.0006573599681505957,0.0007728224410561326,0.16443850267379678,748,0.10147532076913153
AR,BNIP3L,0,0,permute_graph,0.005779886047178199,0.005633893878583684,0.005909928433762478,0.0,748,0.4976349892235456
AR,BUB1,0,0,permute_graph,-0.0002010534770634037,-0.0002574296960891055,-0.00014682637988058645,0.6323529411764706,748,-0.2525973807898906
AR,FGFR2,0,0,permute_graph,0.0009988693523746974,0.0009160332452217796,0.0010720429206281523,0.18315508021390375,748,0.25890852170817824
AR,MAGEF1,0,0,permute_graph,-0.000656895231955258,-0.0007241470715941586,-0.000584349788077102,0.7540106951871658,748,-0.00223133957354976
AR,SELL,0,0,permute_graph,0.0009354140580035806,0.0008546810715692519,0.0010138170663468657,0.1858288770053476,748,-0.054052039950525425
AR,MRPL36,0,0,permute_graph,-0.0010360560854714288,-0.0011227222377021013,-0.0009552954605611618,0.8328877005347594,748,-0.21232756083290608
AR,LPL,0,0,permute_graph,0.0008698990794708844,0.0007915533733543406,0.0009462523851033198,0.21122994652406418,748,0.004747376117939472
AR,GMFG,0,0,permute_graph,-0.0006463599136039449,-0.000723022592293203,-0.0005770020843267696,0.7366310160427807,748,-0.16749331945050028
AR,F12,0,0,permute_graph,-0.0007475322003911276,-0.0008357651088031514,-0.0006634263883725828,0.7486631016042781,748,-0.11029004324911251
AR,AURKA,0,0,permute_graph,-0.00020226219977350268,-0.0002731391023011321,-0.00013131072378257707,0.5922459893048129,748,-0.30508417375526076
AR,KDELR2,0,0,permute_graph,0.001985617834367455,0.001914868926083246,0.0020567210359040667,0.02540106951871658,748,0.02074290351245129
AR,S100A4,0,0,permute_graph,-0.0006908804027167765,-0.000763398088007848,-0.0006252863360344755,0.7847593582887701,748,-0.26669787369850145
AR,MDFIC,0,0,permute_graph,0.0012081045007877674,0.0011396855812639316,0.001277939578716032,0.0962566844919786,748,0.06763931322441988
AR,CYB5R1,0,0,permute_graph,0.0036834684248313095,0.003590735209293982,0.003774782216136756,0.001336898395721925,748,0.41536709248719733
AR,TMEM204,0,0,permute_graph,0.002018357180855809,0.0019273947075425615,0.00210365966873915,0.05614973262032086,748,0.1821763279125703
AR,FGF19,0,0,permute_graph,-0.0006745682077635074,-0.0007147460421304505,-0.0006376058571999347,0.9010695187165776,748,0.11448182723006446
AR,CLSTN2,0,0,permute_graph,0.013350389263121189,0.013042810505297353,0.01365807278008211,0.0,748,0.5703903307366414
AR,PRR14,0,0,permute_graph,-0.001437497936121111,-0.0015163328984755214,-0.0013596922645431246,0.9117647058823529,748,0.05980997678712361
AR,TP53INP1,0,0,permute_graph,0.0072740521460834635,0.007108337395211702,0.007438155981635678,0.00267379679144385,748,0.6025633932682587
ARID1A,AR,1,1,permute_graph,0.00021563667169840006,0.00013352848417183563,0.000300307310827128,0.39438502673796794,748,0.41992060557775257
ARID1A,CDH1,1,1,permute_graph,0.002063759960401836,0.0019888501793458237,0.002139863601710178,0.02406417112299465,748,0.2907229038957713
ARID1A,SMAD3,1,1,permute_graph,0.00398710502723295,0.0039017078556006684,0.004063494194602159,0.0,748,0.5445218899917298
ARID1A,LOX,0,0,permute_graph,0.004342148468187227,0.004244546283995392,0.0044415323341156585,0.001336898395721925,748,0.24836657875991502
ARID1A,GABRP,0,0,permute_graph,0.0029532558371440734,0.0028553237749976237,0.0030571364714417916,0.0066844919786096255,748,0.02967752312432959
ARID1A,AKT1,0,0,permute_graph,0.0023359029509422645,0.0022515851679468066,0.002417703882024131,0.014705882352941176,748,0.41254708473556373
BRCA1,ASPM,1,1,permute_graph,0.0015532520674783315,0.0014869577663653053,0.0016158338087420413,0.034759358288770054,748,0.6128193865491278
BRCA1,ATM,1,1,permute_graph,0.0018086842823617562,0.001739828647442207,0.0018757946448007992,0.03074866310160428,748,0.25481693216598617
BRCA1,BRCA2,1,1,permute_graph,0.0017667462187279648,0.001717027463671525,0.001817467316810611,0.0106951871657754,748,0.5807184409218504
BRCA1,CCNB1,1,1,permute_graph,0.001947177046704075,0.001891707172850769,0.002004723573116413,0.008021390374331552,748,0.5298721254553093
BRCA1,CCND1,1,1,permute_graph,0.003827284124460729,0.003717828345566585,0.003939852772638328,0.0,748,0.3572145910103777
BRCA1,CDH3,-1,1,permute_graph,-0.0013344815616793092,-0.001407433469893301,-0.0012604602678129467,0.9144385026737968,748,-0.03688872215381856
BRCA1,CDKN1B,1,1,permute_graph,0.001661017561686655,0.0015713340450053744,0.0017498172140390136,0.06149732620320856,748,0.24220248856035062
BRCA1,EGFR,-1,1,permute_graph,-0.0008961685992521695,-0.0009595908748731764,-0.0008355253821173716,0.8716577540106952,748,-0.07766863711297323
BRCA1,ESR1,1,1,permute_graph,0.0013328229771502004,0.0012610565330250093,0.0014043791165659224,0.0481283422459893,748,0.2598655818564718
BRCA1,FOXC1,-1,1,permute_graph,-0.0010346726252931497,-0.0011056026710619014,-0.0009648440720047818,0.8676470588235294,748,-0.13476477856445845
BRCA1,IGF1R,1,1,permute_graph,0.001059712347891612,0.000987699682135988,0.0011236940149278829,0.08957219251336898,748,0.25473266493788355
BRCA1,KRT5,1,1,permute_graph,-0.0021695289409299394,-0.002261959573250047,-0.002083369239789364,0.983957219251337,748,-0.17130111669128809
BRCA1,MDM2,1,1,permute_graph,0.0029581223282076534,0.0028598525978962234,0.003052254801515636,0.00267379679144385,748,0.39917584703566844
BRCA1,MYC,1,1,permute_graph,0.0003134024553598569,0.00022422235429414865,0.00038874687042806137,0.41711229946524064,748,0.1759185885553722
BRCA1,VEGFA,1,1,permute_graph,0.0013611277644630393,0.0013049423327342042,0.0014171161099649139,0.03877005347593583,748,0.1296340226136769
BRCA1,KCNK1,0,0,permute_graph,0.0009758818804563656,0.0009191577237772987,0.001027789711052636,0.09491978609625669,748,0.1301876748016679
BRCA1,C1S,0,0,permute_graph,0.0015051615069605374,0.0014289722842190907,0.0015876383889715966,0.0481283422459893,748,-0.12042402463119994
BRCA1,CST7,0,0,permute_graph,-0.0015069224590721166,-0.0015795272805052777,-0.0014302321805833682,0.9478609625668449,748,-0.18904373530427665
BRCA1,PTTG1,0,0,permute_graph,-0.0013518128725874407,-0.0014087903373912092,-0.0012976055795112268,0.9772727272727273,748,0.326259759261368
BRCA1,PLOD2,0,0,permute_graph,0.0017471298158298273,0.0016865843999663986,0.0018098790745446772,0.01871657754010695,748,0.29756051036845194
BRCA1,CDKN2A,0,0,permute_graph,-0.0004838219944241583,-0.0005480535479064093,-0.00042590715565802586,0.713903743315508,748,-0.053811142623912414
BRCA1,MTDH,0,0,permute_graph,0.0019562921657371424,0.0018883950565443612,0.0020235280065926758,0.02807486631016043,748,0.5264064158737523
BRCA1,CCND2,0,0,permute_graph,-0.0011053077097975528,-0.0011603880898996696,-0.0010492860890790876,0.9438502673796791,748,-0.09602757347912813
BRCA1,CD55,0,0,permute_graph,0.0021778960552468305,0.0021130392508296575,0.002238905217175648,0.0053475935828877,748,0.11857402604209709
BRCA1,RGS1,0,0,permute_graph,6.969595006741874e-05,1.1714124144637116e-05,0.0001241761462112607,0.4679144385026738,748,-0.023588166670125386
BRCA1,FAM107B,0,0,permute_graph,9.669068409711089e-05,4.141587899738982e-05,0.00014745051510123232,0.40641711229946526,748,0.1431071625149742
BRCA1,ACLY,0,0,permute_graph,0.004638491509193406,0.004513063973831444,0.004758136543483057,0.004010695187165776,748,0.5693029337881489
BRCA1,ELN,0,0,permute_graph,-0.0018261311498575193,-0.001914507032180315,-0.0017530465686584641,0.963903743315508,748,-0.2167761358387608
BRCA1,CEP55,0,0,permute_graph,0.0009747382597881576,0.0009311360874889354,0.0010194287849799783,0.04946524064171123,748,0.5223007799760556
BRCA1,S100A6,0,0,permute_graph,-0.001548517067416998,-0.0016188341026174048,-0.0014741706635805882,0.9598930481283422,748,-0.18548311719600935
BRD4,BCL2,1,1,permute_graph,0.0030449849503187873,0.0029095660781018025,0.003179478312536673,0.04144385026737968,748,0.16915195346763998
BRD4,STC2,1,1,permute_graph,0.0031229003913594323,0.0030066234368101305,0.0032497790910968874,0.012032085561497326,748,0.09880344577589893
BRD4,FAM107B,0,0,permute_graph,-0.0007053892563948816,-0.0007744801810979109,-0.0006400630413585729,0.7887700534759359,748,0.16948818936160448
BRD4,CDC20,0,0,permute_graph,0.0004886048881224163,0.0004119678542904855,0.0005577057324972013,0.2914438502673797,748,0.14961962003515242
CBFB,RUNX1,1,1,permute_graph,-0.0002921855793485618,-0.00037973383681246133,-0.00019835217835015428,0.5628342245989305,748,0.20068515209954968
CBFB,BRD4,0,0,permute_graph,0.001270595497415201,0.0011791475434568017,0.0013683353676288452,0.1657754010695187,748,0.2877127881052607
DNMT1,APC,1,1,permute_graph,0.0004106446276808999,0.00035206409992667747,0.0004736049743697113,0.3048128342245989,748,0.24044262182480622
DNMT1,AR,1,1,permute_graph,-0.0012143098656254108,-0.0012934130306916762,-0.0011417320640504495,0.8850267379679144,748,0.021467032781326275
DNMT1,BAG1,1,1,permute_graph,0.006888483841895207,0.0067433256085600145,0.007038806070410313,0.0,748,0.02074353447310302
DNMT1,BBC3,1,1,permute_graph,-0.001100751646103774,-0.0011574038131062514,-0.0010392290097754704,0.9157754010695187,748,0.08748338249544839
DNMT1,BCL2,1,1,permute_graph,0.000984299770944856,0.0009158950942836577,0.0010606118922386186,0.1711229946524064,748,0.05181754667264791
DNMT1,BIRC5,-1,1,permute_graph,0.002217640604163103,0.002151162367232756,0.002282878470911318,0.004010695187165776,748,0.41793398402303844
DNMT1,BRCA1,1,1,permute_graph,0.0063680661410182955,0.0062550721463391235,0.006483256668938739,0.0,748,0.47428595006192814
DNMT1,CCNB2,1,1,permute_graph,0.003318183500869216,0.0032465764115595236,0.003389147775513934,0.00267379679144385,748,0.4574333898775011
DNMT1,CD44,1,1,permute_graph,0.0030056712250416157,0.002923914080918576,0.0030897056628450244,0.0,748,0.19657078291491123
DNMT1,CDH1,-1,1,permute_graph,0.0014223848844740587,0.0013538732590560954,0.001498674279813026,0.05080213903743316,748,0.10848020152950967
DNMT1,CDH3,1,1,permute_graph,0.0021665607257820873,0.002082571627341009,0.002255120906500941,0.03074866310160428,748,0.1896598078434958
DNMT1,CDKN2A,1,1,permute_graph,0.002634672582093062,0.002554484598842656,0.002714393478861816,0.0,748,0.17432712291308045
DNMT1,DNMT3A,1,1,permute_graph,0.006574315368405373,0.006438991721845465,0.0067150206708348455,0.001336898395721925,748,0.5332568473831824
DNMT1,DNMT3B,1,1,permute_graph,0.0027637898104361626,0.0027015597855903836,0.0028258141864808332,0.00267379679144385,748,0.5067436989393105
DNMT1,EGFR,1,1,permute_graph,-0.0005568487568029639,-0.0006097305286561568,-0.0005071296147402844,0.8008021390374331,748,0.1311940922739549
DNMT1,ESR1,-1,1,permute_graph,-0.00023799855822328808,-0.00032569646781062324,-0.0001588706147316237,0.5855614973262032,748,-0.02884436411022332
DNMT1,FGFR1,1,1,permute_graph,-0.0013519892130178237,-0.0014074674475124218,-0.0012941819210299176,0.9572192513368984,748,0.09953857109020636
DNMT1,GSTP1,1,1,permute_graph,-0.0012455502763613002,-0.0013094327128697733,-0.0011747691559502796,0.9157754010695187,748,0.03926648153578281
DNMT1,JUP,1,1,permute_graph,0.004973285234493407,0.004829683148827356,0.00511157174435122,0.004010695187165776,748,0.178359069720391
DNMT1,LOX,1,1,permute_graph,0.0012375263368989775,0.0011653867335054185,0.0013036928111021184,0.08155080213903744,748,0.1339027988302309
DNMT1,MDM2,1,1,permute_graph,0.00265362926807799,0.0025789934942671462,0.002731654042118261,0.0066844919786096255,748,0.1296575490324581
DNMT1,MMP2,1,1,permute_graph,-0.0009253235040780365,-0.0009704063262470025,-0.0008831093033589755,0.9264705882352942,748,0.039091488564676716
DNMT1,PLAT,1,1,permute_graph,-0.0005184373607088717,-0.0006052937821539878,-0.0004309347430698528,0.660427807486631,748,-0.13769728948561344
DNMT1,PRC1,1,1,permute_graph,0.005965695075139588,0.005789693360813104,0.006144790460669756,0.001336898395721925,748,0.4561115621419993
DNMT1,PTEN,1,1,permute_graph,0.0006548282218044509,0.0006006937036749365,0.000712452354920204,0.1858288770053476,748,0.03325297983740048
DNMT1,RASSF1,1,1,permute_graph,0.00039642020423337194,0.0003350600042009355,0.0004587041282816334,0.32754010695187163,748,0.2177786521850975
DNMT1,RB1,-1,1,permute_graph,0.00015414828922659388,9.166407251959761e-05,0.00021734807476689417,0.41711229946524064,748,0.08222127756538929
DNMT1,RUNX1,1,1,permute_graph,0.00021618510925986274,0.00015909108370227207,0.0002689779492034109,0.3917112299465241,748,0.17179706269007777
DNMT1,SFRP1,1,1,permute_graph,0.0009331315015434382,0.0008550193267299624,0.0010179530886050055,0.19117647058823528,748,0.1176831331719181
DNMT1,TP53,1,1,permute_graph,0.008450425282882696,0.008285297285548558,0.008612414703690098,0.0,748,0.24084756181679437
DNMT1,VEGFA,1,1,permute_graph,0.003318479578359361,0.00322508682032222,0.0034068670154724728,0.001336898395721925,748,0.24570789452416947
DNMT1,WIF1,1,1,permute_graph,-0.0007899216574213328,-0.0008385666046825308,-0.0007380727589223383,0.8796791443850267,748,-0.0052411792060132805
DNMT1,RBP1,1,1,permute_graph,0.0012310319465590038,0.0011283022330469189,0.001329954851617117,0.1711229946524064,748,0.09925765905711992
DNMT1,SCNN1A,1,1,permute_graph,4.6855526720630136e-05,-2.2243847179229316e-05,0.00012339803092941196,0.4585561497326203,748,-0.024719441723390877
DNMT1,CD55,1,1,permute_graph,0.00239686691198073,0.002323897010490087,0.0024673686232951136,0.0,748,0.04235209851963845
DNMT1,MUC1,1,1,permute_graph,0.0013362617394596387,0.0012663922114092303,0.0014126702910102408,0.06684491978609626,748,-0.08701288216935889
DNMT1,ELMO3,1,1,permute_graph,0.0012261712107286117,0.0011211067001941689,0.0013253137709468314,0.1657754010695187,748,0.04707442819799403
DNMT1,CD4,1,1,permute_graph,0.0005455089323787074,0.0004796931036472422,0.000611059094301704,0.26336898395721925,748,0.23575386993281025
DNMT1,ETV3,0,0,permute_graph,0.005794803351213665,0.0056916586601601996,0.005905932362497253,0.001336898395721925,748,0.3704354321455436
DNMT1,ID1,0,0,permute_graph,-0.001176020768371454,-0.0012319293431481166,-0.0011205100100246737,0.9385026737967914,748,-0.12063223472317885
DNMT1,KIF23,0,0,permute_graph,0.007156821102470012,0.00701554216324653,0.007287771693420879,0.00267379679144385,748,0.5615090082994425
DNMT1,RUNDC1,0,0,permute_graph,0.0021883352010539092,0.00209448647304146,0.0022875327441767494,0.0427807486631016,748,0.05220073626508209
DNMT1,DSTN,0,0,permute_graph,0.00027266588969298796,0.0001794760725328123,0.00035938155763378163,0.410427807486631,748,-0.06746354655986485
DNMT1,SLC7A2,0,0,permute_graph,4.116622058744355e-05,-4.789829763182126e-05,0.00012227242645050488,0.49331550802139035,748,-0.0027763037725436605
DNMT1,CPXM1,0,0,permute_graph,-0.00027245207442346025,-0.0003354648552766933,-0.00021126386309217135,0.6296791443850267,748,0.05190442631143619
DNMT1,FXYD5,0,0,permute_graph,-0.0009501414608837846,-0.001024661612438176,-0.0008728323857652335,0.8435828877005348,748,-0.006728942812351522
DNMT1,MAP3K1,0,0,permute_graph,0.001211136794913022,0.0011405205257164726,0.001279983233790985,0.0962566844919786,748,0.19434886388794717
DNMT1,CTHRC1,0,0,permute_graph,-0.00014249278284748695,-0.00019691716491451362,-8.156928451277053e-05,0.6122994652406417,748,0.15066163643832503
DNMT1,ECM1,0,0,permute_graph,-0.00038784365476824583,-0.0004451801430777627,-0.0003278247389358043,0.6991978609625669,748,-0.09671180236122379
DNMT1,CHAD,0,0,permute_graph,-0.0012787274176706423,-0.0013490112116960834,-0.001208813443341884,0.910427807486631,748,-0.12600777138829777
DNMT1,KRT23,0,0,permute_graph,0.0004965624821400544,0.000423019555969653,0.0005694291690707289,0.2994652406417112,748,0.09910364058353376
DNMT1,GREB1,0,0,permute_graph,-0.0005069414304765259,-0.0005834253409353654,-0.000429233483831754,0.6818181818181818,748,0.11292116070604087
DNMT1,SFRP4,0,0,permute_graph,-0.001376279027104949,-0.0014276634857540793,-0.0013269893145477138,0.983957219251337,748,-0.029492021823656588
DNMT1,AP2B1,0,0,permute_graph,0.001937521770745914,0.0018683016469024382,0.002006510527106832,0.0213903743315508,748,0.2169361884819099
DNMT1,ADAMTS2,0,0,permute_graph,-0.0006328127919671372,-0.0006788648054735822,-0.0005832860792498141,0.8235294117647058,748,0.158601222086338
DNMT1,SCUBE2,0,0,permute_graph,-0.0011770250433026665,-0.0012416202843128247,-0.0011106604500217194,0.9144385026737968,748,-0.10222393758471249
DNMT1,ECH1,0,0,permute_graph,0.0004826367686630461,0.0003981976162927784,0.0005763325247170276,0.34759358288770054,748,-0.11648388627418131
DNMT1,S100A10,0,0,permute_graph,-0.00022933106627082852,-0.0002783822537019668,-0.00018303278944128805,0.643048128342246,748,0.0028880721817475907
DNMT1,RPL37,0,0,permute_graph,0.00021867120813631497,0.00014592874654815313,0.0002957274707720275,0.3997326203208556,748,-0.09825915541476153
DNMT1,IL6ST,0,0,permute_graph,0.0011223705978931295,0.0010258651290737575,0.0012126357563266626,0.18181818181818182,748,0.03954445455862209
DNMT1,RSAD1,0,0,permute_graph,0.0006900536993754207,0.0006054012073534284,0.0007781002644691012,0.26737967914438504,748,0.11863525611173274
DNMT1,RAD51,0,0,permute_graph,0.00442099067375874,0.004322597977693679,0.004514848676381704,0.001336898395721925,748,0.463227017240607
DNMT1,BRD4,0,0,permute_graph,0.00494200011836481,0.004837082781673927,0.00504964913560618,0.0,748,0.6293493651325641
DNMT1,PIK3CA,0,0,permute_graph,0.000700456929416353,0.0006539040301113388,0.0007463388925191235,0.1163101604278075,748,0.29643323293435386
DNMT1,TP53INP1,0,0,permute_graph,-0.00013756835032188022,-0.0002099442401033054,-6.536146881637456e-05,0.5828877005347594,748,0.07906822191921743
DNMT1,ABCC11,0,0,permute_graph,-0.0012408910102149526,-0.0013167335051300735,-0.0011695986840506262,0.9157754010695187,748,-0.045931597976799673
DNMT1,DSP,0,0,permute_graph,0.003279882908338903,0.0032059192434745975,0.003358490438053821,0.00267379679144385,748,0.3870350337046412
DNMT1,MAP2K4,0,0,permute_graph,0.0005323905789138977,0.0004715427847926946,0.0005931480104911355,0.2339572192513369,748,0.10131916686428523
DNMT1,CDC20,0,0,permute_graph,0.003525912084736248,0.0034324457697267764,0.0036264730323055825,0.00267379679144385,748,0.45443445249457665
DNMT1,GRB7,0,0,permute_graph,0.003261936202383004,0.0031199796361402153,0.0034095791257077878,0.03342245989304813,748,0.16908806942051163
DNMT1,IGFBP5,0,0,permute_graph,-0.0005700130070810359,-0.0006258001547888227,-0.0005156331397709233,0.7553475935828877,748,0.13728922583359038
DNMT1,RARA,0,0,permute_graph,-0.0008877802254223731,-0.0009654188116638037,-0.0008083467607705159,0.8248663101604278,748,0.06032461898635314
DNMT1,ADAMTS12,0,0,permute_graph,-0.00048456742102861094,-0.000534157718293352,-0.0004367339164130676,0.7981283422459893,748,0.16214432080068159
DNMT1,NID1,0,0,permute_graph,0.0008574279582579499,0.0007976304737472536,0.0009162785415693312,0.13903743315508021,748,0.15891668541062265
DNMT1,KDELR2,0,0,permute_graph,0.002153987799349461,0.0020647046361946535,0.0022462821655442737,0.040106951871657755,748,0.09749656180600604
DNMT1,FSCN1,0,0,permute_graph,0.0008642133138990855,0.0007793931242042433,0.0009542443749916951,0.23796791443850268,748,0.18130116234414484
DNMT3A,BRCA1,1,1,permute_graph,0.0030368945563424535,0.0029575130102368237,0.003112160037112929,0.00267379679144385,748,0.29062608259519257
DNMT3A,CCND1,-1,1,permute_graph,-0.001074301130130038,-0.0011219314879836572,-0.0010258262947630452,0.9558823529411765,748,0.05060287450827043
DNMT3A,CDH1,-1,1,permute_graph,-0.0004297689527668277,-0.00047658279764448396,-0.0003857982212624881,0.7874331550802139,748,0.09561741461621542
DNMT3A,CDKN2A,-1,1,permute_graph,0.0035661349826328023,0.0034738125825068814,0.003656063954548832,0.00267379679144385,748,0.2071178456022496
DNMT3A,DNMT3B,1,1,permute_graph,0.0029268359681989815,0.0028602255136957436,0.002989307220518064,0.004010695187165776,748,0.5429100663424944
DNMT3A,ESR1,1,1,permute_graph,-0.001627029370518198,-0.0016774247874082062,-0.0015716843374221673,0.9919786096256684,748,-0.1730925771662403
DNMT3A,IGFBP3,-1,1,permute_graph,-0.0010545991962931636,-0.0010978899100100629,-0.0010135288118366503,0.9772727272727273,748,-0.0241967134883731
DNMT3A,JUP,1,1,permute_graph,0.0022678980023605137,0.002180093725046114,0.0023617421642569206,0.016042780748663103,748,0.10001904837042384
DNMT3A,RASSF1,1,1,permute_graph,0.0012238847702715063,0.00115464778010565,0.00129312461576696,0.08422459893048129,748,0.064557596131064
DNMT3A,RB1,1,1,permute_graph,-0.001760012040341376,-0.0018179202671229197,-0.0016990944051626595,0.9866310160427807,748,0.021927926623552436
DNMT3A,SFRP1,1,1,permute_graph,-0.0003806668161887703,-0.0004430916299213419,-0.00031486252646099763,0.6991978609625669,748,0.13796400923867128
DNMT3A,VEGFA,1,1,permute_graph,0.0020487292368403243,0.001967678535329144,0.002133883839105205,0.02406417112299465,748,0.2373254915188158
DNMT3A,WIF1,1,1,permute_graph,-0.0012473297740769392,-0.0012877065498558648,-0.0012065250066245134,0.9919786096256684,748,0.06393923870641646
DNMT3A,TIMP2,-1,1,permute_graph,-0.000827602898360042,-0.00086040045047671,-0.0007937312110212213,0.963903743315508,748,0.08158290961826008
DNMT3A,CREG1,0,0,permute_graph,0.0005743190796411652,0.0005121806859799923,0.0006376673655381908,0.2232620320855615,748,-0.009790860964193057
DNMT3A,CEP55,0,0,permute_graph,0.0023331058303345796,0.002264954978204831,0.0024073545254778153,0.009358288770053475,748,0.4145758392454871
DNMT3A,MAGEF1,0,0,permute_graph,0.004698250370860471,0.004548240642310469,0.004846394260143346,0.0053475935828877,748,0.24314941984619132
DNMT3A,PRRX1,0,0,permute_graph,-0.0008525182163498892,-0.0008978417516833777,-0.0008047107106747858,0.9278074866310161,748,0.07850846119897553
DNMT3A,CMTM3,0,0,permute_graph,-5.471916726513272e-05,-9.842820366165746e-05,-1.1407423161849536e-05,0.5521390374331551,748,0.09218479403850019
DNMT3A,GPR160,0,0,permute_graph,-0.0009047483064777117,-0.0009521186888505754,-0.0008590731995092883,0.946524064171123,748,-0.05296041948191888
DNMT3A,AP2B1,0,0,permute_graph,0.0005573415792582032,0.0004900049972708988,0.0006211185839617333,0.25,748,0.0824312800091313
DNMT3A,TBC1D20,0,0,permute_graph,0.0012362735848973452,0.0011853117857741774,0.001285659527084863,0.03877005347593583,748,0.0889872656056013
DNMT3A,NET1,0,0,permute_graph,0.002627555814732709,0.0025290509753554654,0.0027301618812467536,0.022727272727272728,748,0.18063313118844893
DNMT3A,RGS1,0,0,permute_graph,-0.0007812306466686682,-0.0008286839039185291,-0.0007342222045993745,0.8903743315508021,748,0.02743455653959273
DNMT3A,STC2,0,0,permute_graph,-0.0011265877521399294,-0.0011802930493009863,-0.0010703218459282844,0.9665775401069518,748,-0.2111102099739313
DNMT3A,AKR1B1,0,0,permute_graph,-0.0007298638529115996,-0.0007772582364150305,-0.0006857245566851311,0.9171122994652406,748,0.06570772402066033
DNMT3A,FPR3,0,0,permute_graph,0.00014397846862720427,8.109826549042069e-05,0.00020475449697002535,0.4625668449197861,748,0.18376346381193484
DNMT3A,PLAU,0,0,permute_graph,0.0004827684924544333,0.00042911518777682413,0.0005425995714979494,0.2713903743315508,748,0.10547287645884135
DNMT3B,AKT1,1,1,permute_graph,-0.0008632610196749054,-0.0009328941260393942,-0.000791148658686836,0.8342245989304813,748,0.13470659663363618
DNMT3B,APC,1,1,permute_graph,-0.0010575283301741869,-0.0011263853534159663,-0.0009921372184185846,0.8756684491978609,748,0.01933871623816435
DNMT3B,BAG1,1,1,permute_graph,-0.0009601604211295207,-0.0010406319060592777,-0.0008739294125268944,0.8288770053475936,748,-0.2717350993468631
DNMT3B,BRCA1,1,1,permute_graph,0.0024186530457178724,0.002338460590429944,0.0025069702521235042,0.014705882352941176,748,0.3511097724516411
DNMT3B,CCNB2,1,1,permute_graph,0.00943371024171186,0.009220188964320574,0.009670266753445263,0.0,748,0.586260693293168
DNMT3B,CDH1,-1,1,permute_graph,6.364291847588881e-05,3.817132460418107e-06,0.00013211053437943494,0.4692513368983957,748,0.14119144393897057
DNMT3B,CDKN2A,1,1,permute_graph,0.0041339965887889,0.004002070250273923,0.004277414257143028,0.004010695187165776,748,0.20918296925530702
DNMT3B,DNMT1,1,1,permute_graph,0.00295062343002282,0.0027988735393022542,0.0031049574617567884,0.04411764705882353,748,0.5067436989393105
DNMT3B,DNMT3A,1,1,permute_graph,0.0014740236472079455,0.0013573160656421143,0.001595451450023099,0.15775401069518716,748,0.5429100663424944
DNMT3B,ESR1,1,1,permute_graph,-0.0020790998975010904,-0.002151594561776402,-0.002008656603965864,0.9946524064171123,748,-0.30445681911133726
DNMT3B,FGFR1,1,1,permute_graph,-0.0013971099415843818,-0.0014514819973682955,-0.0013445306341311155,0.9705882352941176,748,-0.003994200974324915
DNMT3B,HOXB13,-1,1,permute_graph,0.0011744969663477494,0.001116249345532667,0.0012344823382392696,0.07352941176470588,748,0.16573554528800402
DNMT3B,JUP,1,1,permute_graph,-0.0010762095172871264,-0.0011426699401737306,-0.0010052669596965812,0.8983957219251337,748,0.09296964013145406
DNMT3B,PRC1,1,1,permute_graph,-0.0010911052924565939,-0.0011698775474623742,-0.0010113798540283523,0.8409090909090909,748,0.44172133115487466
DNMT3B,RASSF1,1,1,permute_graph,-0.0018062219644586254,-0.0018839596248816607,-0.0017277990501173145,0.9532085561497327,748,-0.019010048870364525
DNMT3B,WIF1,1,1,permute_graph,-0.0012754465481133574,-0.001333399894669088,-0.0012210276553514387,0.9786096256684492,748,0.0573504981194448
DNMT3B,SCNN1A,1,1,permute_graph,-0.0016111635520835142,-0.0016750482093563978,-0.001547810551443772,0.982620320855615,748,-0.3048893697396421
DNMT3B,SFRP4,1,1,permute_graph,-0.0017567792379441748,-0.0018240771935964272,-0.0016893967712572375,0.9973262032085561,748,-0.1612171298938751
DNMT3B,CD4,1,1,permute_graph,0.0008351989403373675,0.0007485038337018419,0.0009233028299416742,0.2179144385026738,748,0.010979640658537874
DNMT3B,AURKB,0,0,permute_graph,0.01831030121584441,0.017915927745750893,0.018667152824256746,0.0,748,0.5959693481300316
DNMT3B,NEK2,0,0,permute_graph,0.002190758529328368,0.002088611878531673,0.002293302982810258,0.06016042780748663,748,0.5296800364706806
DNMT3B,CDC6,0,0,permute_graph,0.0050934894773245875,0.0049676072909158485,0.005217897430792329,0.004010695187165776,748,0.5271853615093431
DNMT3B,CX3CL1,0,0,permute_graph,-0.0015116535205188172,-0.0015755250009686524,-0.0014548428842977156,0.982620320855615,748,0.08492227220992872
DNMT3B,SLC39A6,0,0,permute_graph,-0.0018204787217326313,-0.001891695273660977,-0.0017471400920935451,0.9959893048128342,748,-0.281434435440209
DNMT3B,LYPLA1,0,0,permute_graph,-0.0010499788612565574,-0.0011180726511556649,-0.0009805011081560333,0.8796791443850267,748,0.17788484504648888
DNMT3B,BNIPL,0,0,permute_graph,-0.002221106047743729,-0.002317650728584466,-0.0021235350571255714,0.9625668449197861,748,-0.17590729128663385
DNMT3B,RHOD,0,0,permute_graph,0.001652984706968826,0.0015577684660399024,0.001756894594834912,0.07352941176470588,748,-0.07779183126468231
DNMT3B,TPX2,0,0,permute_graph,0.008344666209568247,0.008189415937287935,0.008481803956448222,0.0,748,0.670034930137038
DNMT3B,EPHX2,0,0,permute_graph,-0.0020548712710788514,-0.0021390767800584334,-0.0019736230054060106,0.9799465240641712,748,-0.32636769978970676
DNMT3B,A2M,0,0,permute_graph,-0.0011988795008809165,-0.0012514627404308022,-0.0011450157392315177,0.9625668449197861,748,-0.056836587695819195
DNMT3B,SSR3,0,0,permute_graph,0.0004090282239713783,0.000331673217453219,0.0004882172513678455,0.33689839572192515,748,0.009501175048562667
DNMT3B,PLTP,0,0,permute_graph,-0.00020928587764501564,-0.000263369599947209,-0.0001545061802167002,0.5815508021390374,748,0.11340130977351023
DNMT3B,PIK3CA,0,0,permute_graph,-0.000527353770864892,-0.0005973312429794883,-0.0004601071431876773,0.7566844919786097,748,0.14136563405974562
DNMT3B,FSCN1,0,0,permute_graph,0.0002841121271425279,0.00020761541933723485,0.0003667098333062636,0.39037433155080214,748,0.16936509743948053
DNMT3B,GRB7,0,0,permute_graph,-0.0012818926598780437,-0.0013698801256306623,-0.0012044959400775111,0.8703208556149733,748,0.1902131746583195
DNMT3B,GOLT1A,0,0,permute_graph,-0.0016549811015360444,-0.0017363089370523012,-0.00158182597836067,0.9705882352941176,748,0.01750883109862821
DNMT3B,RBBP8,0,0,permute_graph,-0.0012615453185008932,-0.0013447120506627692,-0.0011806919695691199,0.8729946524064172,748,-0.0715565417727085
DNMT3B,SERPINB5,0,0,permute_graph,-0.00012019297926489024,-0.0001885929590440959,-5.1592629977272954e-05,0.5775401069518716,748,0.13598667793755884
E2F1,AR,-1,1,permute_graph,-0.0027094919505942466,-0.0027821878367414914,-0.002640275319326634,1.0,748,-0.34349206041082475
E2F1,ATM,1,1,permute_graph,-0.0030810439525049264,-0.003163585124004868,-0.003008729728995433,0.9973262032085561,748,-0.36344484573801866
E2F1,AURKA,1,1,permute_graph,0.02278136891369341,0.02244259423453862,0.023142992793050106,0.0,748,0.7505951549470206
E2F1,AURKB,1,1,permute_graph,0.002855611921150283,0.0027393217616369643,0.002963232603496847,0.013368983957219251,748,0.8028325291484582
E2F1,BBC3,1,1,permute_graph,9.936037400335701e-05,2.6751710954845694e-05,0.0001735119574201927,0.46390374331550804,748,0.1104545704752323
E2F1,BCL2,1,1,permute_graph,-0.002446388519857139,-0.0025219054785301865,-0.002374234118871558,0.9973262032085561,748,-0.2907379737834123
E2F1,BIRC5,1,1,permute_graph,0.019591296783236727,0.01925659929154816,0.01989402548077146,0.0,748,0.798297068659157
E2F1,BRCA1,1,1,permute_graph,0.001697637681822738,0.0016126478034438508,0.0017761911774355477,0.04679144385026738,748,0.4024364538489907
E2F1,CCNB1,1,1,permute_graph,0.019702710407709705,0.019329567277353087,0.0201022775387987,0.0,748,0.7281773116039262
E2F1,CCND1,1,1,permute_graph,-0.0014269619967635732,-0.0014762179823214643,-0.001377373050477888,0.9799465240641712,748,-0.02722810879682456
E2F1,CCNE2,1,1,permute_graph,-0.0009463072460602946,-0.0010109799232243843,-0.0008806802062747266,0.8516042780748663,748,0.4562514346491789
E2F1,CDC6,1,1,permute_graph,0.013404265449111769,0.013163770066431862,0.013643548533154623,0.0,748,0.6970717838056034
E2F1,CDCA7,1,1,permute_graph,-0.0008091350412660286,-0.0008650982268343458,-0.0007565973830770839,0.8489304812834224,748,0.4459113514511034
E2F1,CDK4,1,1,permute_graph,0.004261232647213108,0.004120410778288938,0.004408749008670353,0.004010695187165776,748,0.395483535564475
E2F1,CDKN1B,1,1,permute_graph,-7.350360227619287e-05,-0.00015744284988665686,1.1336291016912731e-05,0.5441176470588235,748,-0.04999482877570268
E2F1,CDKN2A,1,1,permute_graph,0.00767094999758872,0.007454469405905176,0.007864417276057165,0.0,748,0.35814159529160805
E2F1,CHEK1,1,1,permute_graph,0.010747760467965044,0.010557376324150788,0.01094448396072801,0.0,748,0.6234971658049344
E2F1,CHEK2,1,1,permute_graph,0.006855910445012338,0.006686089315819812,0.007047773204244169,0.0,748,0.5665155723888045
E2F1,DNMT1,1,1,permute_graph,0.00461550367346163,0.004435108162089393,0.004777139084443322,0.0106951871657754,748,0.4396080059958103
E2F1,DNMT3A,-1,1,permute_graph,0.0054121260604706595,0.005235742216632219,0.005605558664874139,0.004010695187165776,748,0.3679416864816289
E2F1,EZH2,1,1,permute_graph,0.00506829216411427,0.004941635864583233,0.005209062802524401,0.001336898395721925,748,0.6851123248124116
E2F1,FGFR1,1,1,permute_graph,-0.001094687773319834,-0.0011540180723616142,-0.0010366647145146446,0.9157754010695187,748,-0.14345575472104677
E2F1,FGFR2,1,1,permute_graph,-0.0018403582077775537,-0.0019250245834897895,-0.001765871242331192,0.9732620320855615,748,-0.1614849049425177
E2F1,FLT1,1,1,permute_graph,-0.002684053829364782,-0.0027600531646250937,-0.0026027211372938925,1.0,748,-0.31925630597613747
E2F1,FOXM1,1,1,permute_graph,0.010673658847775635,0.010460113170818191,0.010878777116673637,0.0,748,0.732055935787415
E2F1,IGF1R,1,1,permute_graph,-0.001678212519540866,-0.0017326480438895429,-0.001620025226625128,0.9866310160427807,748,-0.23721978580665667
E2F1,KIF23,1,1,permute_graph,0.005251354683288531,0.005118282433464767,0.005388094371274146,0.0,748,0.6631979082103666
E2F1,KIF2C,1,1,permute_graph,0.009391194320517904,0.009202486864853908,0.009583624439621543,0.0,748,0.767609882494931
E2F1,MCM6,1,1,permute_graph,8.889092215454776e-05,1.080733318871354e-05,0.00016782560773607254,0.48663101604278075,748,0.6247108237947459
E2F1,MDM2,-1,1,permute_graph,-0.0014059466531885362,-0.0014637384185739325,-0.0013520636694022722,0.9625668449197861,748,-0.14442233169788407
E2F1,MYBL2,1,1,permute_graph,0.021430627125732057,0.0210680021448397,0.021795699758164228,0.0,748,0.8005732016199882
E2F1,MYC,1,1,permute_graph,-0.0011081377640715178,-0.0012100593604713115,-0.0010073823616682236,0.7834224598930482,748,0.15035316723653355
E2F1,NCOA3,1,1,permute_graph,-0.0019115573069605311,-0.001968258389350858,-0.00185879316222966,0.9893048128342246,748,-0.005782911172473821
E2F1,NUSAP1,1,1,permute_graph,-0.0004547775336234105,-0.0005524297843078382,-0.0003585386951153083,0.6644385026737968,748,0.3389195465936093
E2F1,PLAU,1,1,permute_graph,0.0046965957655357255,0.004606012637566556,0.004791319870477986,0.0,748,0.017330497317515205
E2F1,PLK1,1,1,permute_graph,0.007700835698435276,0.007516222684619259,0.007882460209300514,0.001336898395721925,748,0.807075628359665
E2F1,PTTG1,1,1,permute_graph,0.010573127739954865,0.010390317904182508,0.010772875316614125,0.0,748,0.7650562123693793
E2F1,RACGAP1,1,1,permute_graph,0.002229795319156027,0.00214291136960645,0.002321057525139057,0.014705882352941176,748,0.6454631273643441
E2F1,RAD51,1,1,permute_graph,0.012631028751990429,0.012379199751411437,0.012892149635127855,0.0,748,0.7714685128850438
E2F1,RASSF1,1,1,permute_graph,-0.0005236895476864672,-0.0006105898126950261,-0.0004314903198621421,0.6844919786096256,748,0.05424240101707531
E2F1,RB1,1,1,permute_graph,-0.0025460820060734654,-0.002634944680672713,-0.002463122313603953,0.9919786096256684,748,-0.35477563495738446
E2F1,RRM2,1,1,permute_graph,0.0040802578515258614,0.003971558433103271,0.004187685020538561,0.001336898395721925,748,0.6386442222629192
E2F1,SERPINB5,1,1,permute_graph,-0.0014062175088530534,-0.0014932286223946986,-0.001321517339973576,0.8609625668449198,748,-0.06183633958639459
E2F1,SERPINE1,-1,1,permute_graph,1.2239143368580426e-05,-3.735427645287355e-05,6.494065576503494e-05,0.49331550802139035,748,-0.17622253577399064
E2F1,SNAI2,1,1,permute_graph,-0.0015524216074290652,-0.001603255256073119,-0.0015052246211485528,0.9933155080213903,748,-0.30551005346503995
E2F1,TGFB1,1,1,permute_graph,0.006019477272919195,0.0058566779651172355,0.006174406780825627,0.001336898395721925,748,-0.14912023201951716
E2F1,TOP2A,1,1,permute_graph,0.0081029627974346,0.007944775980006183,0.008255682222730041,0.0,748,0.6015786298345893
E2F1,TP53,1,1,permute_graph,-6.925788294664455e-06,-9.550977266084874e-05,8.156585690744594e-05,0.4893048128342246,748,0.0025914185044685896
E2F1,TYMS,1,1,permute_graph,0.00021990955360698584,0.00013546389607926697,0.00030500669737986444,0.48262032085561496,748,0.6289482404091763
E2F1,VEGFA,-1,1,permute_graph,0.00042119694208815926,0.00033735458142499365,0.0005057987817641977,0.3622994652406417,748,0.1199368488425762
E2F1,ZEB1,1,1,permute_graph,-0.0022302342482897293,-0.002294408747946691,-0.0021598527190259315,0.9946524064171123,748,-0.4595532125288313
E2F1,TP53INP1,1,1,permute_graph,-0.0012917744082941588,-0.0013560409560727394,-0.0012326798596514457,0.9131016042780749,748,-0.28907975554058446
E2F1,ID4,1,1,permute_graph,-0.0022059265769845456,-0.0022732521864168896,-0.002140124327342945,0.9973262032085561,748,-0.22557078230458943
E2F1,PDK4,1,1,permute_graph,-0.0024451885510604573,-0.002512567710138048,-0.0023737840682874914,0.9959893048128342,748,-0.4108701571957564
E2F1,KRT10,-1,1,permute_graph,0.0013676392173049261,0.0013060840016549276,0.0014289029093125976,0.0427807486631016,748,0.12806874691865386
E2F1,COL10A1,-1,1,permute_graph,-0.0002977193761517344,-0.0003445864500396569,-0.0002497474403359642,0.6778074866310161,748,-0.2124493776997138
E2F1,SLC2A4RG,0,0,permute_graph,0.005402774754255917,0.005254891680947003,0.005543834711662611,0.001336898395721925,748,0.36412200281531365
E2F1,FCER1A,0,0,permute_graph,-0.00361309720405814,-0.003699424642418534,-0.0035229698915276073,0.9986631016042781,748,-0.4100626098114679
E2F1,ZNF703,0,0,permute_graph,-0.00037966365079310796,-0.0004400742109080543,-0.00031921523420323523,0.7232620320855615,748,-0.09261844791759945
E2F1,STAC2,0,0,permute_graph,-0.0016664535576666898,-0.001725358557936142,-0.0016050592403499494,0.9799465240641712,748,-0.10616322857858487
E2F1,AEBP1,0,0,permute_graph,0.0014016828947964516,0.0013351670697243452,0.001467833973752889,0.06684491978609626,748,-0.1779544873194899
E2F1,GPR160,0,0,permute_graph,-0.0017867177411492212,-0.001849765815492388,-0.001723878168621942,0.9612299465240641,748,-0.18656369407146015
E2F1,ERBB2,0,0,permute_graph,0.001706340258489503,0.0016162829262666388,0.001797833427457502,0.0427807486631016,748,-0.019687440135587868
E2F1,CENPF,0,0,permute_graph,0.000935930006103109,0.0008736367204825031,0.0010039107087890025,0.14304812834224598,748,0.5672040524965142
E2F1,KDM2A,0,0,permute_graph,-0.00018918193061628552,-0.0002537807135584584,-0.00012191041953547899,0.5748663101604278,748,0.04571643276876523
E2F1,ZNF880,0,0,permute_graph,-0.002178638506018342,-0.002247901513494812,-0.002115639385175035,0.9973262032085561,748,-0.14736605867696642
E2F1,C1orf115,0,0,permute_graph,-0.0014429567322805656,-0.0015074015627276898,-0.001382744001573675,0.9759358288770054,748,-0.2643275815613324
E2F1,AKT2,0,0,permute_graph,0.0035550472037717312,0.0034219740712396816,0.003699012436989511,0.013368983957219251,748,0.133665871592706
E2F1,MDM4,0,0,permute_graph,-0.0021523843386580693,-0.0022164840830077863,-0.0020830195411384415,0.9959893048128342,748,-0.15027869057143864
E2F1,RHOD,0,0,permute_graph,0.0002932163837337583,0.0002317888566129712,0.00035389666058954793,0.3315508021390374,748,0.14638685110346356
E2F1,OLR1,0,0,permute_graph,0.001529402068920713,0.0014537212768133399,0.0016008242902905416,0.03342245989304813,748,-0.02452186855160543
E2F1,HOXB2,0,0,permute_graph,-0.0018372402122616102,-0.0019134580344449367,-0.0017578992327443217,0.9732620320855615,748,-0.274051031596883
E2F1,MAL2,0,0,permute_graph,-0.00032998649054829566,-0.0003840316933840807,-0.00027814116761932747,0.7272727272727273,748,0.15525294168398748
E2F1,SLC2A10,0,0,permute_graph,-0.0015388088977734637,-0.0015864453984662274,-0.0014934383367581296,0.9786096256684492,748,-0.08829643986654657
E2F1,ELMO3,0,0,permute_graph,0.0011657197440521202,0.0010782680277737124,0.0012587317297153783,0.14572192513368984,748,0.1783515547665054
E2F1,FABP4,0,0,permute_graph,-0.0028658674510258927,-0.0029388792310785753,-0.0027845783780765516,0.9986631016042781,748,-0.30638595238558275
E2F1,ACLY,0,0,permute_graph,0.0008905512473750178,0.000803516379665666,0.0009768252474348842,0.2072192513368984,748,0.06622619362308188
E2F1,CD4,0,0,permute_graph,0.0024057411809938296,0.002305695615357508,0.002504125192077456,0.017379679144385027,748,-0.034040075210848716
E2F1,CENPA,0,0,permute_graph,0.0038011528281395373,0.0036972025114951207,0.003896982866142662,0.0,748,0.7450395457442888
E2F1,CDC20,0,0,permute_graph,0.015401975356196777,0.015076467146103622,0.015736640328516495,0.0,748,0.7616859848524274
E2F1,JUP,0,0,permute_graph,0.002502163252527635,0.0023917861683649027,0.0026130874954554567,0.02406417112299465,748,0.144153576100164
E2F1,MMP2,0,0,permute_graph,0.00012972973479678492,8.433956430839926e-05,0.0001753073259038474,0.4197860962566845,748,-0.30659115044816176
E2F1,MELK,0,0,permute_graph,0.002838374632526913,0.0027553538897107134,0.002920202004680503,0.00267379679144385,748,0.7115973135640118
E2F1,IL6ST,0,0,permute_graph,-0.0020707932488873274,-0.002140718438693093,-0.0020028053204632313,0.9893048128342246,748,-0.4055290724452252
E2F1,PPP1R1B,0,0,permute_graph,-0.0008908408224987727,-0.0009798413879879694,-0.0008123380605452192,0.8008021390374331,748,-0.17865941966963977
E2F1,CD40,0,0,permute_graph,0.00193909989282283,0.0018554076618172983,0.0020275723441307227,0.02540106951871658,748,-0.11839116055823015
E2F1,PYCARD,0,0,permute_graph,0.00189266376091091,0.0018060740090127623,0.001973995085209675,0.04411764705882353,748,-0.02718492685176352
E2F1,SNRPE,0,0,permute_graph,0.0020492963708269797,0.001948858243140388,0.0021465778437270004,0.0481283422459893,748,0.3336158223922585
E2F1,KRT14,0,0,permute_graph,-0.0017846699069053226,-0.0018484096143238237,-0.001722281955940185,0.9933155080213903,748,-0.18164559088021387
E2F1,RBP1,0,0,permute_graph,0.0019489642096527336,0.0018413862890112357,0.002053566227928294,0.08288770053475936,748,0.18968440679032356
E2F1,ESM1,0,0,permute_graph,0.0022427721426750862,0.002162855841802954,0.002315564432535022,0.014705882352941176,748,0.055869151134845765
E2F1,ECH1,0,0,permute_graph,0.0009367993664670457,0.0008487505042977768,0.0010302428085240318,0.19385026737967914,748,0.026939913757111078
E2F1,AP2B1,0,0,permute_graph,-0.0006626949368340239,-0.0007178048507417119,-0.0006092120799565542,0.8489304812834224,748,-0.12089602708041279
E2F1,GOLPH3L,0,0,permute_graph,-0.0011486247453320639,-0.0012172854365604588,-0.0010844065017225036,0.8796791443850267,748,-0.14895141707172677
E2F1,NDUFS2,0,0,permute_graph,0.0016365886350044468,0.0015391048019458913,0.0017491405587359101,0.10160427807486631,748,0.20478656090702957
E2F1,CD93,0,0,permute_graph,-0.0022228113529164447,-0.0022852583385083846,-0.0021588996810188634,0.9986631016042781,748,-0.39946083356006723
E2F1,COL1A1,0,0,permute_graph,0.002360798236490649,0.0022834632143288185,0.002448833245848787,0.012032085561497326,748,-0.21914960413539664
E2F1,KRT15,0,0,permute_graph,-0.0016421893457574989,-0.0016970342158488506,-0.0015902382251682054,0.9946524064171123,748,-0.10969108651537099
E2F1,CHAD,0,0,permute_graph,-0.0017241984177895433,-0.0017857980153574424,-0.0016638440196692884,0.9893048128342246,748,-0.3626172608629707
E2F1,PGR,0,0,permute_graph,-0.00287186665918658,-0.002948790160391674,-0.002795290025937828,0.9959893048128342,748,-0.39226748394474253
E2F1,TMEM147,0,0,permute_graph,0.006946040119945923,0.006778429777059727,0.007137276611711918,0.0,748,0.35980882613151094
E2F1,S100A14,0,0,permute_graph,0.00526391856771613,0.0050968157575273145,0.00541434727424055,0.008021390374331552,748,0.12862413290955388
E2F1,SMAD4,0,0,permute_graph,-0.0014877180521975732,-0.0015864541970739973,-0.0013847555505894552,0.8382352941176471,748,-0.18002134395245994
E2F1,BNIPL,0,0,permute_graph,-0.001924188059311421,-0.0020022927029427714,-0.001847006694558775,0.9598930481283422,748,-0.25056263407800394
E2F1,SNHG9,0,0,permute_graph,0.005116485653124724,0.005000391894708258,0.005239958076975632,0.0,748,0.14992994976701104
E2F1,PIK3R1,0,0,permute_graph,-0.002730919495175149,-0.0028078366581615346,-0.002653070340395171,1.0,748,-0.39237174023267263
E2F1,ADAMTS2,0,0,permute_graph,0.0002411292424697742,0.00019475164397104308,0.0002855613502333914,0.34759358288770054,748,-0.20564050824289137
E2F1,GAPDH,0,0,permute_graph,0.006017750788126439,0.005861683316594578,0.0061867976556063105,0.001336898395721925,748,0.4264234565472502
E2F1,A2M,0,0,permute_graph,-0.00272406137921082,-0.0027872468958755722,-0.0026609163338315554,0.9933155080213903,748,-0.3341767575789977
E2F1,TMEM45B,0,0,permute_graph,-0.0007026880695658888,-0.0007508913033377082,-0.0006533169093269537,0.8663101604278075,748,-0.2280894423671138
E2F1,SHC1,0,0,permute_graph,0.00239202674397777,0.0022700156814397148,0.002514231860838537,0.03208556149732621,748,-0.12079178627213699
E2F1,SIAH2,0,0,permute_graph,-0.0004940204671791586,-0.0005722887574304096,-0.0004095542839265133,0.7366310160427807,748,-0.0226111101409988
ESR1,AKT1,1,1,permute_graph,0.0010695940520657548,0.0009943749108021831,0.0011393776915572362,0.12967914438502673,748,0.22786579085882952
ESR1,AKT2,1,1,permute_graph,0.0012537837945715041,0.0011783677143027747,0.0013323875274380524,0.12299465240641712,748,0.22774198457528566
ESR1,AR,1,1,permute_graph,0.01190511792912289,0.011673310988712573,0.012132828565787129,0.0,748,0.5801898653651603
ESR1,AURKA,1,1,permute_graph,0.0002142246132351307,0.00014772423116905998,0.0002761923788049394,0.40240641711229946,748,-0.24208307525299128
ESR1,BCL2,1,1,permute_graph,0.011579185647810285,0.011317459531124256,0.011853630842613812,0.0,748,0.642442689676928
ESR1,BIRC5,1,1,permute_graph,0.0001952999303824599,0.0001447084619248199,0.0002471324524019613,0.39037433155080214,748,-0.29343921091388975
ESR1,BRCA1,1,1,permute_graph,0.002927170733135996,0.0028714985965239363,0.0029864387902217024,0.0,748,0.2598655818564718
ESR1,BRCA2,1,1,permute_graph,0.0007738124380392857,0.0007306557596738352,0.0008158263813188798,0.08957219251336898,748,-0.0621100170880506
ESR1,CA12,1,1,permute_graph,0.011444001508596124,0.01121676822500088,0.011674961203117002,0.0,748,0.7304219412222618
ESR1,CBFB,1,1,permute_graph,-6.856796578230192e-05,-0.00012487874233741567,-1.8200402161764053e-05,0.5120320855614974,748,-0.20182015483895813
ESR1,CCND1,1,1,permute_graph,0.007834429940982405,0.007675878744901935,0.007992959931469356,0.0,748,0.5838760681617541
ESR1,CD44,1,1,permute_graph,0.0015972860277432834,0.0015316138734761712,0.0016709249810518603,0.03609625668449198,748,0.15769203342144916
ESR1,CDH1,1,1,permute_graph,0.00319067936371132,0.003114679868163087,0.0032623736105536387,0.0,748,0.20405897667334838
ESR1,CDH3,1,1,permute_graph,-0.0015450704844465972,-0.0016176481979028384,-0.0014789924343872342,0.9612299465240641,748,-0.48649880359346037
ESR1,CDK4,1,1,permute_graph,-0.0013634659383950647,-0.0014568246517176011,-0.0012780400592974442,0.8743315508021391,748,-0.07534007860547665
ESR1,CDKN1B,-1,1,permute_graph,0.005075130278639722,0.004945660457423842,0.005213048037288066,0.001336898395721925,748,0.3492719727642928
ESR1,CDKN2A,1,1,permute_graph,-0.0014119221474859142,-0.0014814029699324255,-0.0013449833005819882,0.9478609625668449,748,-0.32317997525296027
ESR1,DNMT1,1,1,permute_graph,0.0014590770474538774,0.0013764270915153447,0.0015411439079956474,0.10828877005347594,748,-0.02884436411022332
ESR1,E2F1,1,1,permute_graph,-0.00033972089850375296,-0.0004116318036385841,-0.0002700008083207111,0.6229946524064172,748,-0.20918957094665974
ESR1,EGFR,1,1,permute_graph,-0.0022304636122469595,-0.0022886744458099698,-0.0021748462868414475,0.9986631016042781,748,-0.4365136121656444
ESR1,ERBB2,1,1,permute_graph,0.0007853532677728846,0.000723808198330349,0.0008474537064854657,0.16176470588235295,748,0.21114454318849687
ESR1,F12,1,1,permute_graph,-0.00015366949060510252,-0.0002270428039616651,-8.073439193144985e-05,0.5494652406417112,748,-0.022372347819270198
ESR1,FLT1,-1,1,permute_graph,0.00026890296508091536,0.0002161582369689763,0.0003210132101493834,0.3877005347593583,748,0.0886048495618165
ESR1,FOXC1,1,1,permute_graph,-0.002814600819227105,-0.002895454980900725,-0.0027311967869427015,1.0,748,-0.539159860540091
ESR1,FOXM1,1,1,permute_graph,-0.00031828106536219543,-0.0003674017458779786,-0.0002704006376410238,0.6831550802139037,748,-0.2113250859497412
ESR1,GREB1,1,1,permute_graph,0.00663219954533778,0.006468535722131673,0.006781641536404931,0.0,748,0.5472806600196866
ESR1,GSTP1,1,1,permute_graph,-0.0020660056639628713,-0.002138182473669423,-0.0019873451095828933,0.982620320855615,748,-0.5042120890693852
ESR1,IGF1R,1,1,permute_graph,0.00817841280126403,0.008003089556700024,0.00834987490549775,0.0,748,0.6305088413025383
ESR1,IGFBP3,1,1,permute_graph,-0.0021388172471660076,-0.0021902760155764595,-0.0020846699556091356,0.9973262032085561,748,-0.25057180952449765
ESR1,JUP,1,1,permute_graph,0.0009707963264276683,0.0008907206618407997,0.0010496138471656822,0.16176470588235295,748,0.23680743550657513
ESR1,KRT5,1,1,permute_graph,-0.0018756932324568815,-0.0019449953976742585,-0.0018005671176145092,0.9852941176470589,748,-0.32996109868746093
ESR1,MDM2,1,1,permute_graph,0.00676669382019991,0.006636633869795312,0.00690768721758991,0.0,748,0.5396705055564247
ESR1,MGP,1,1,permute_graph,0.0010739972867626114,0.0010028860010109176,0.0011459905303130259,0.10427807486631016,748,0.20309652968269842
ESR1,MMP2,1,1,permute_graph,0.00018966856280610656,0.0001453698017734494,0.0002359597288798818,0.37967914438502676,748,-0.06931344463551356
ESR1,MMP9,1,1,permute_graph,-0.0005590903417517745,-0.0006168655970145457,-0.0005076904585798745,0.7927807486631016,748,-0.26777688995775195
ESR1,MYC,1,1,permute_graph,0.0005034693045111675,0.00043026098287261773,0.0005772586844391695,0.2820855614973262,748,-0.19321752715580914
ESR1,NCOA3,1,1,permute_graph,0.0013712615200107572,0.0013257891281809645,0.001420537550208815,0.0213903743315508,748,0.25285397245364655
ESR1,NCOR1,1,1,permute_graph,0.0022256443877546727,0.0021472895260358222,0.0023147665519879885,0.01871657754010695,748,0.3710656366425126
ESR1,PGR,1,1,permute_graph,0.008401057401085986,0.008238742722603228,0.00855888055614237,0.0,748,0.5699559757043634
ESR1,PIK3R1,1,1,permute_graph,-0.001740293728591086,-0.0018173649931017722,-0.0016612262744913051,0.9545454545454546,748,0.11735031914926866
ESR1,PPM1D,1,1,permute_graph,0.0010398343981139078,0.000977738901187122,0.0010983250086459718,0.10962566844919786,748,0.18010931225526827
ESR1,SERPINB5,1,1,permute_graph,-0.0016221661025611765,-0.0016866096005903287,-0.0015547455559150982,0.9625668449197861,748,-0.3671594892908479
ESR1,SERPINE1,1,1,permute_graph,0.0008004784003006363,0.0007525888055410654,0.0008456173392075791,0.07887700534759358,748,-0.031070126303175044
ESR1,SIAH2,1,1,permute_graph,0.016434073891845962,0.016089501194661085,0.016779499025788177,0.0,748,0.5574088619386909
ESR1,SNAI2,-1,1,permute_graph,-0.0006665614222337415,-0.0007137817576645459,-0.0006189613042892353,0.856951871657754,748,-0.15690693060756047
ESR1,STC2,1,1,permute_graph,0.002943308771390356,0.0028517773458927157,0.003034301077037694,0.0053475935828877,748,0.5232814806148584
ESR1,TP53,-1,1,permute_graph,0.0016826429042829047,0.00158583517704506,0.0017720785525093294,0.06149732620320856,748,0.03529643756764159
ESR1,TYMS,1,1,permute_graph,0.0011891918713824565,0.0011292248573260045,0.0012470761589644106,0.058823529411764705,748,-0.09621251538813809
ESR1,VEGFA,1,1,permute_graph,0.0008143373604850601,0.0007570425350652305,0.0008758076056344159,0.15641711229946523,748,-0.08652666827753099
ESR1,WIF1,1,1,permute_graph,-0.0014277067305204752,-0.0014743483092684838,-0.0013812682569247327,0.982620320855615,748,-0.2889730323792193
ESR1,ZEB1,1,1,permute_graph,0.0010507649185099422,0.0009912951550622416,0.0011071014977844643,0.08689839572192513,748,0.17484446973044573
ESR1,VIM,1,1,permute_graph,-0.001047114175769256,-0.0010951884505554785,-0.001000102949808076,0.9612299465240641,748,-0.3236996019605291
ESR1,ECM1,1,1,permute_graph,0.0013728277220302746,0.0013058620448477,0.0014373479213245183,0.06016042780748663,748,0.28756795529217816
ESR1,APOD,-1,1,permute_graph,0.00046115632230372885,0.00040337428620330977,0.0005242788520726316,0.26737967914438504,748,0.019860282608913194
ESR1,TRPS1,1,1,permute_graph,0.005781419522671856,0.00565479136038067,0.005914590157928078,0.0,748,0.48565423241698435
ESR1,TSPYL5,1,1,permute_graph,-0.0009942212605221384,-0.0010524531293543366,-0.0009347319516567873,0.9037433155080213,748,-0.2250859906006009
ESR1,IFI16,1,1,permute_graph,-0.0005415887547799669,-0.0006010642385756875,-0.0004821851575865825,0.7366310160427807,748,-0.29703113805328046
ESR1,IGFBP4,1,1,permute_graph,0.0007718403929505833,0.0007212729866528453,0.0008241276439217484,0.10962566844919786,748,0.3392672952937099
ESR1,KRT19,1,1,permute_graph,0.0014382040985559447,0.0013746939794577113,0.0015039162310772052,0.04679144385026738,748,0.256049293021812
ESR1,KAT2A,1,1,permute_graph,-0.0010590915030711822,-0.0011553137620660733,-0.0009605885163690815,0.7914438502673797,748,0.1421374150995219
ESR1,KRT15,1,1,permute_graph,-0.0012908566207749492,-0.001357930642857721,-0.0012244724310953644,0.9398395721925134,748,-0.21250987830003176
ESR1,AQP1,1,1,permute_graph,0.0001179662043786532,6.154039208449193e-05,0.0001794546117386467,0.4625668449197861,748,0.004157108073598665
ESR1,KRT14,1,1,permute_graph,-0.000507522085615154,-0.0005789480833807774,-0.0004378185117085615,0.6871657754010695,748,-0.210626540946414
ESR1,CRABP2,1,1,permute_graph,0.0034841270968334575,0.003379839565847716,0.0035935145851281507,0.0,748,0.25595429847733175
ESR1,GAPDH,1,1,permute_graph,-0.0009476990591312976,-0.0010056170376954408,-0.0008881980283449368,0.9197860962566845,748,-0.25667422694784475
ESR1,TFAP2C,1,1,permute_graph,-0.0017676705696019082,-0.001830610672332892,-0.001713713954888456,0.9906417112299465,748,-0.13202139932039186
ESR1,INHBA,1,1,permute_graph,-4.70510058092549e-08,-5.380261614823292e-05,5.247454288242979e-05,0.47192513368983957,748,0.02624976266596385
ESR1,LPL,1,1,permute_graph,-0.0007297418079440243,-0.0007810909726715902,-0.0006759108802338533,0.8489304812834224,748,-0.09724665921629959
ESR1,CCND2,1,1,permute_graph,0.00019300553002253576,0.00015431912489726794,0.00023404895337530862,0.3609625668449198,748,-0.08215329265164936
ESR1,CLDN4,1,1,permute_graph,0.00036903597533191536,0.00030782490902611024,0.00043000623829593846,0.3382352941176471,748,-0.06735182019496849
ESR1,MUC1,1,1,permute_graph,0.00673235363850732,0.006627110938066177,0.006829724419940265,0.0,748,0.31859575984840094
ESR1,SERPINB9,1,1,permute_graph,-0.00023772419013627413,-0.00029932999827171874,-0.00018056132817813325,0.5748663101604278,748,-0.16341683938309834
ESR1,RARA,1,1,permute_graph,0.0020550076935669393,0.0019835553255738146,0.0021279341648515393,0.013368983957219251,748,0.5738522082733452
ESR1,BRD4,0,0,permute_graph,0.0005437615838021367,0.00045897157477325495,0.0006244726177016958,0.29411764705882354,748,0.03035693626878903
ESR1,RGS5,0,0,permute_graph,0.004219633962422835,0.004132072660555721,0.0043015232997109755,0.0,748,0.39183205193922055
ESR1,FKBP10,0,0,permute_graph,-0.0005180475850292418,-0.0005805803127759096,-0.00045610172481383264,0.7606951871657754,748,0.15388832340420994
ESR1,RHOD,0,0,permute_graph,0.00016924143086541172,0.0001024986108878734,0.00024155633706465028,0.37967914438502676,748,0.16130483680507857
ESR1,SEMA3C,0,0,permute_graph,0.006696888210987356,0.006576795543438368,0.006824515487156424,0.0,748,0.3912673032075325
ESR1,NID1,0,0,permute_graph,0.0005300959277111168,0.0004675123956456597,0.0005903097372280052,0.25668449197860965,748,0.05555729984616503
ESR1,CLEC2B,0,0,permute_graph,-0.00024980171430032496,-0.000295427738361637,-0.00020942974286656193,0.68048128342246,748,-0.16667278840987418
ESR1,PLTP,0,0,permute_graph,-0.0022754692499494305,-0.0023348935175433487,-0.0022171032454006293,0.9919786096256684,748,-0.3787510192989173
ESR1,ADAMTS12,0,0,permute_graph,-0.00035495290270410473,-0.00040553664551622783,-0.000305630628840495,0.7058823529411765,748,0.0792636715658103
ESR1,RASSF7,0,0,permute_graph,0.00022811875018704419,0.00015178027803928115,0.0003064569436960355,0.42513368983957217,748,-0.003097229310493582
ESR1,BLVRA,0,0,permute_graph,0.004133374505940289,0.004048431659843227,0.004215896584466267,0.0,748,0.40553277129709303
ESR1,CHEK2,0,0,permute_graph,0.0011217623834503209,0.0010666942118240422,0.001174867325362794,0.07887700534759358,748,-0.24824433205063937
ESR1,ETV3,0,0,permute_graph,0.0025068603846561603,0.0024039674299140747,0.0026093430429377064,0.0427807486631016,748,0.091627069597224
ESR1,SDCBP,0,0,permute_graph,-0.00018913113373479525,-0.00023288665910533007,-0.00014453615194332702,0.6082887700534759,748,-0.15365632797427045
ESR1,TWIST1,0,0,permute_graph,-0.0011542378982060894,-0.0011984077421927578,-0.0011069511524212767,0.9705882352941176,748,-0.19028224447592962
ESR1,CDC42SE1,0,0,permute_graph,0.002392130989229402,0.0023002333080891185,0.002482888430479205,0.04679144385026738,748,0.06384261333690716
ESR1,LAPTM4B,0,0,permute_graph,-0.0015446668101471324,-0.0016012050310351487,-0.0014823042417686748,0.9812834224598931,748,-0.21738264252686976
ESR1,SMAD4,0,0,permute_graph,0.0028988539761284266,0.0027829673540259252,0.003011930205275299,0.05614973262032086,748,0.24246865905801843
ESR1,LAMB3,0,0,permute_graph,-0.001102645048803572,-0.0011880970208776151,-0.001017835396439511,0.8328877005347594,748,-0.2537835616957421
ESR1,COL1A2,0,0,permute_graph,0.00046368490467960343,0.000417655489701943,0.0005150623477201864,0.232620320855615,748,0.04997226291198221
ESR1,CST7,0,0,permute_graph,0.0005472078189376656,0.0004907231778145059,0.0006042642980783276,0.22727272727272727,748,-0.3021307365214053
ESR1,HTATIP2,0,0,permute_graph,-0.0008572783172562216,-0.0009055932025020892,-0.0008077337982395753,0.9171122994652406,748,-0.17125406017091505
ESR1,LMO1,0,0,permute_graph,-0.0016917562328026682,-0.001740280930791216,-0.0016433707447187165,0.9906417112299465,748,-0.26259702839871557
ESR1,ATP6V1C1,0,0,permute_graph,0.0018303525656936503,0.0017765432457193086,0.0018917727566435403,0.01871657754010695,748,0.32043030435500813
ESR1,ELF3,0,0,permute_graph,-0.00047981283463929467,-0.0005827905389969205,-0.00037954038829868925,0.5855614973262032,748,0.04808088798365462
ESR1,EFNA4,0,0,permute_graph,-0.0005036807152128872,-0.0005846534420828691,-0.0004254789550885403,0.6657754010695187,748,-0.26400477788437543
ESR1,CAPN8,0,0,permute_graph,0.0046027640416992435,0.0044605117587137345,0.004744651787469219,0.001336898395721925,748,0.5294280013670841
ESR1,PPP2R5A,0,0,permute_graph,0.013165251985350011,0.012931463575826288,0.013422853228511163,0.0,748,0.4899093744017142
ESR1,CEP55,0,0,permute_graph,-5.586697651926622e-05,-0.00010611377806388614,-5.694168676670193e-06,0.47058823529411764,748,-0.2733847097648909
ESR1,THRSP,0,0,permute_graph,0.0016694648551161984,0.0015942167651803439,0.0017402381673202072,0.040106951871657755,748,0.16654100595157675
ESR1,FSCN1,0,0,permute_graph,-0.0025793023722050393,-0.0026784240013852123,-0.002477084832703204,0.9893048128342246,748,-0.5153892739087834
ESR1,FGF19,0,0,permute_graph,-0.0005745639127252521,-0.0006104300329303986,-0.0005368638135523512,0.8903743315508021,748,0.10680397360880588
ESR1,SNHG9,0,0,permute_graph,0.00033304053838090756,0.00026833906307826335,0.00040338315705653704,0.36764705882352944,748,0.024929516083797863
ESR1,TRAM1,0,0,permute_graph,-0.0002519211079427275,-0.00030462080050519704,-0.0001992448900194202,0.6390374331550802,748,0.09147272138323755
ESR1,ISM1,0,0,permute_graph,-0.0017640683899173718,-0.001822952140631474,-0.0017037726266628348,0.9812834224598931,748,-0.061171898922019796
ESR1,ZHX1,0,0,permute_graph,0.00044582864782588707,0.0003870368108608641,0.0004999466775605254,0.2700534759358289,748,0.16021703027670822
ESR1,EXO1,0,0,permute_graph,0.0011842459882236021,0.001119131159313137,0.001256092270991247,0.0855614973262032,748,-0.24752417418363937
ESR1,RAB4A,0,0,permute_graph,0.0012192201274804065,0.0011169316673629763,0.001312238619499507,0.16310160427807488,748,0.11906297358386088
ESR1,SEC14L2,0,0,permute_graph,0.0067794246140057335,0.006646306212397362,0.0069253642131388085,0.001336898395721925,748,0.34071529544349904
ESR1,COPZ2,0,0,permute_graph,-0.001021066611738951,-0.0010678548663167736,-0.0009742474023913845,0.9398395721925134,748,-0.0036512255658218288
ESR1,GOLPH3L,0,0,permute_graph,0.008066263418759214,0.007873061130381746,0.008256058361815618,0.0,748,0.4249994559246962
ESR1,CDC6,0,0,permute_graph,0.0004511498325668718,0.0004031145177991591,0.0004966013667998769,0.20588235294117646,748,-0.1451942745270405
ESR1,PTTG1,0,0,permute_graph,-0.0005363618800210733,-0.0006067957883076535,-0.00047194091693947255,0.7366310160427807,748,-0.30132877382458445
ESR1,ZNF880,0,0,permute_graph,-0.00013539483007076822,-0.00019716449706514767,-7.150808333273133e-05,0.6109625668449198,748,0.10650353716690612
ESR1,YWHAZ,0,0,permute_graph,-0.00021730797757924092,-0.0002764433688360029,-0.00016143465153071882,0.5949197860962567,748,-0.017575940511222042
ESR1,GIMAP4,0,0,permute_graph,3.950168219280381e-05,-5.381827746101371e-06,8.679321275213727e-05,0.44385026737967914,748,-0.07288352536885886
ESR1,VWF,0,0,permute_graph,0.0002996636762112763,0.0002514036039026197,0.0003481847204489186,0.3088235294117647,748,0.09432849376077161
ESR1,FMOD,0,0,permute_graph,0.0029702404886235117,0.0028399007665445763,0.003100166138043251,0.03208556149732621,748,0.21124223302038464
ESR1,DLGAP5,0,0,permute_graph,-9.664662988315191e-05,-0.00015064505322333278,-4.5413771642574647e-05,0.5347593582887701,748,-0.23428258201766747
ESR1,CHAD,0,0,permute_graph,0.0056859460963540566,0.005552201489993676,0.005830603644327358,0.0,748,0.4722447221774064
ESR1,FGF3,0,0,permute_graph,-0.0010685395500863403,-0.0011116660110797288,-0.001022584716141565,0.9745989304812834,748,0.0587871108414167
ESR1,SSR3,0,0,permute_graph,0.00286173187959906,0.00278672349419791,0.0029363194028489996,0.001336898395721925,748,0.13098334091597966
ESR1,SCGB3A1,0,0,permute_graph,-0.0010241836235973041,-0.0011108587697374918,-0.0009331205251121164,0.8141711229946524,748,-0.06449909060794058
ESR1,S100A16,0,0,permute_graph,0.0009484042191907837,0.0008896358017730829,0.0010147216586178617,0.10561497326203209,748,-0.10499219699958885
ESR1,WFDC2,0,0,permute_graph,0.0013476504652500277,0.0012717861877851852,0.0014277915337700692,0.06550802139037433,748,0.23064724309694057
ESR1,AZGP1,0,0,permute_graph,0.005799852268780299,0.0056731690749868,0.005940522327110231,0.0,748,0.34498706792499884
ESR1,MNDA,0,0,permute_graph,0.0016647654251442843,0.0016039412741739392,0.0017203549942609296,0.0213903743315508,748,-0.0689903690570337
ESR1,PRRX1,0,0,permute_graph,-0.0006040615939789188,-0.0006648846811705387,-0.0005485803408952056,0.7780748663101604,748,-0.049811635251801635
ESR1,MCM6,0,0,permute_graph,0.0004510052200845059,0.00039178617745069274,0.0005161949493721004,0.2874331550802139,748,-0.19455774587721922
ESR1,CRNKL1,0,0,permute_graph,0.0053208406272538524,0.005231430263849102,0.005414801904767314,0.0,748,0.5437829798162828
ESR1,KRT23,0,0,permute_graph,-0.0019800987197567633,-0.002058311048592149,-0.0019028984410472457,0.9893048128342246,748,-0.2511461638017338
ESR1,TPD52,0,0,permute_graph,0.0026260571814525637,0.0025701969574297282,0.002680816573579339,0.0053475935828877,748,0.3227629609131427
ESR1,TOP2A,0,0,permute_graph,0.0010214762866568418,0.0009632478114412564,0.0010759368526701363,0.0748663101604278,748,-0.011336980974740368
ESR1,COL14A1,0,0,permute_graph,-0.00011099846597840763,-0.00015470154007395508,-6.248365413773769e-05,0.5721925133689839,748,0.11056410157597754
ESR1,AURKB,0,0,permute_graph,-0.0005599397040800639,-0.0006258461951405143,-0.000500571504410617,0.7379679144385026,748,-0.3967657181921606
ESR1,GCC1,0,0,permute_graph,0.0016972664354365722,0.0016289459985094452,0.0017722088826920696,0.04411764705882353,748,0.27811515624215744
ESR1,LRP5,0,0,permute_graph,-0.0006910087589719025,-0.0007509047474055139,-0.0006301393099728914,0.8168449197860963,748,0.07602723352804491
ESR1,CPXM1,0,0,permute_graph,-0.0009440494537745305,-0.0010050566573766336,-0.0008831015007403133,0.8850267379679144,748,-0.18557076739448888
ESR1,TSPAN14,0,0,permute_graph,-0.000609138922984986,-0.0006848290684730909,-0.0005328890031696278,0.6644385026737968,748,-0.028232676821534724
ESR1,MRPL36,0,0,permute_graph,0.00015175898630776318,7.376757714670777e-05,0.00023206839764593673,0.4197860962566845,748,-0.09740625324455973
ESR1,SELENBP1,0,0,permute_graph,0.00407981678259139,0.003989386795545801,0.004179091182988305,0.0,748,0.4358825963772412
ESR1,CST1,0,0,permute_graph,0.0018694362812302016,0.0018205968434810342,0.001916967174462657,0.0,748,0.1253964182045288
ESR1,SLC30A1,0,0,permute_graph,0.0032255058907679625,0.003115480898868264,0.0033327285568497548,0.0213903743315508,748,0.4036653098761897
EZH2,AKT1,1,1,permute_graph,-3.376182371255766e-06,-8.387394069732172e-05,6.756987199004623e-05,0.5280748663101604,748,0.10316915047436914
EZH2,APC,-1,1,permute_graph,-0.0015601494828066432,-0.0016224820860223708,-0.0014976364262009865,0.9745989304812834,748,-0.08093916544210297
EZH2,AR,1,1,permute_graph,-0.0008706079228198478,-0.0009397015309956515,-0.0008052326466700603,0.8810160427807486,748,-0.27811283171362927
EZH2,BCL2,1,1,permute_graph,-0.0008724716101871049,-0.0009264417525456407,-0.000812398552174106,0.9050802139037433,748,-0.28474220654593996
EZH2,BRCA1,1,1,permute_graph,0.0009724865184014479,0.0009068003525646623,0.0010353587304232415,0.12433155080213903,748,0.4192282811352566
EZH2,CCND1,1,1,permute_graph,-0.0009895697987261567,-0.0010739997239267106,-0.0009078341995888022,0.8355614973262032,748,-0.05069996183874456
EZH2,CCNE2,1,1,permute_graph,-0.000666610091018246,-0.0007550122448500089,-0.0005828179925945364,0.732620320855615,748,0.5632939297123226
EZH2,CDH1,-1,1,permute_graph,0.0002941092674632072,0.00024157593963163832,0.00034632127710768323,0.31684491978609625,748,0.049130587735805746
EZH2,CDK4,1,1,permute_graph,-0.0005552365674111018,-0.0006197786213734256,-0.0004898278699268948,0.732620320855615,748,0.3814873955027753
EZH2,CDKN1B,1,1,permute_graph,0.000899814690650838,0.0008001910771015845,0.0009995361103895396,0.2446524064171123,748,0.016380064427117952
EZH2,CDKN2A,-1,1,permute_graph,0.0058876391440885615,0.005752595802326023,0.006023515326529368,0.0,748,0.2881828433685456
EZH2,CHEK1,1,1,permute_graph,0.0021980394765737997,0.0021177535870634577,0.0022856270948548615,0.017379679144385027,748,0.7245596624376173
EZH2,FGFR1,1,1,permute_graph,-0.001246629816350492,-0.001301297979176612,-0.0011952382522984193,0.9719251336898396,748,-0.14137920781316796
EZH2,FOXC1,-1,1,permute_graph,-0.0011909201781476276,-0.0012498455855083598,-0.0011365013575144434,0.9532085561497327,748,0.11119986285000964
EZH2,GATA3,-1,1,permute_graph,1.0436463191335632e-05,-5.308576404663291e-05,6.549162205404984e-05,0.4572192513368984,748,-0.1891416504569501
EZH2,GSTP1,1,1,permute_graph,-0.001184480896206331,-0.0012531740350369448,-0.0011144794656639037,0.9184491978609626,748,0.05293424040650439
EZH2,HOXB13,-1,1,permute_graph,-0.0011723099974500358,-0.0012210348458133093,-0.0011179973527356661,0.9572192513368984,748,0.17974635420838553
EZH2,MMP2,1,1,permute_graph,-0.001187015978831951,-0.0012399963527548906,-0.0011324652863907985,0.9518716577540107,748,-0.23309312874610896
EZH2,MYC,-1,1,permute_graph,0.005349692706692692,0.005113716320802479,0.005582058213533104,0.00267379679144385,748,0.1096842909503116
EZH2,PTEN,1,1,permute_graph,-0.0009403496520401186,-0.0010007779526973715,-0.0008850707972186498,0.9131016042780749,748,-0.19080558900531477
EZH2,RASSF1,1,1,permute_graph,-0.00027865300738582987,-0.0003528716169387334,-0.00020348396258089898,0.6644385026737968,748,0.08146552066486891
EZH2,SFRP1,1,1,permute_graph,0.0001284548587791639,3.3905215463029446e-05,0.00021586777377166608,0.4786096256684492,748,-0.01682156134761677
EZH2,SNAI2,-1,1,permute_graph,-0.0022889394860518765,-0.0023529995412973734,-0.002231285836739148,0.9959893048128342,748,-0.15599537867168037
EZH2,TP53,-1,1,permute_graph,0.0027948546801476273,0.002701742688077503,0.0028963815822623386,0.0066844919786096255,748,0.06943704126485767
EZH2,TWIST1,-1,1,permute_graph,-0.0014016148478619476,-0.0014589364830103226,-0.0013445952481147374,0.9786096256684492,748,-0.18109180186185295
EZH2,VIM,1,1,permute_graph,-0.00166166705023763,-0.0017160189159141038,-0.0016115184650690435,0.9933155080213903,748,-0.14769200102065372
EZH2,KAT2A,1,1,permute_graph,2.2069847256064205e-05,-5.436953351627087e-05,0.00010697843665784074,0.5628342245989305,748,0.16843648126558766
EZH2,CD4,1,1,permute_graph,0.0007160608614371582,0.0006239821033296224,0.0008106310364982003,0.32219251336898397,748,0.022853772191310327
EZH2,CLEC2B,0,0,permute_graph,-0.0010020002616078021,-0.001060085356001637,-0.0009450924326427075,0.9211229946524064,748,-0.20532042852661225
EZH2,TRPS1,0,0,permute_graph,-0.000979849462830687,-0.001054776140825688,-0.0008991834770870673,0.8302139037433155,748,0.01811617359680972
EZH2,CYB5R1,0,0,permute_graph,-0.000493713492135819,-0.0005523063559796902,-0.0004345811003063351,0.7486631016042781,748,-0.22896146984116378
EZH2,PTPRC,0,0,permute_graph,-0.00019940062668406908,-0.00027368801450456504,-0.00011917990868713635,0.5922459893048129,748,0.07248969799856343
EZH2,S100A10,0,0,permute_graph,-0.0007677297632470593,-0.0008307040214910862,-0.0007000527942398352,0.820855614973262,748,0.14377408536783806
EZH2,ERBB2,0,0,permute_graph,-0.0013814760390303898,-0.0014641344834668184,-0.0012952739307472215,0.9090909090909091,748,-0.09498321853846205
EZH2,BAG1,0,0,permute_graph,0.005280537770831969,0.005056737867960501,0.005505626536583083,0.001336898395721925,748,-0.09012788830602743
EZH2,CTHRC1,0,0,permute_graph,-0.002674268588088388,-0.002745110346982798,-0.0025996690995502736,0.9959893048128342,748,0.005381284675481804
EZH2,NRN1,0,0,permute_graph,-0.0011412915260300249,-0.0011958733183336345,-0.0010811431529461075,0.9411764705882353,748,-0.19552733111752033
EZH2,ESR1,0,0,permute_graph,-0.0006019403830124163,-0.0006676605294534125,-0.0005399086483407278,0.732620320855615,748,-0.2559931220853083
EZH2,FGF19,0,0,permute_graph,-0.000951427221132207,-0.0009939131524236196,-0.0009061181022550698,0.9745989304812834,748,-0.1607358016915436
EZH2,POLD2,0,0,permute_graph,0.0002891972508288101,0.00022771999949411614,0.00034929753224109743,0.3409090909090909,748,0.37213517829770637
EZH2,LPL,0,0,permute_graph,-0.0009579474491161854,-0.0010144015842278391,-0.0009048985239490206,0.9224598930481284,748,-0.15587761978534817
EZH2,ZNF880,0,0,permute_graph,-0.0007329349853878654,-0.0007909999985049482,-0.0006789658815307806,0.8622994652406417,748,-0.006773113937319099
EZH2,PLAU,0,0,permute_graph,-0.0014526238994931877,-0.0015100574768447184,-0.0013986349765179405,0.983957219251337,748,0.09243568449275279
EZH2,LRP5,0,0,permute_graph,-0.0008793793224817577,-0.0009431288277997193,-0.0008115678322935175,0.8689839572192514,748,-0.03955755767621151
EZH2,LXN,0,0,permute_graph,0.0001553801661556499,6.731433384269856e-05,0.00024991911902787916,0.5213903743315508,748,-0.11246648704009758
EZH2,NDC80,0,0,permute_graph,0.01057858611237085,0.010320055952563148,0.010834140117267113,0.0,748,0.7652955734649122
EZH2,RAB34,0,0,permute_graph,-0.0017824894867118598,-0.0018628251311652902,-0.001697031578657909,0.9652406417112299,748,-0.07291262821575385
EZH2,EGLN1,0,0,permute_graph,0.0036649563293339633,0.003552903245886333,0.00378015121795032,0.004010695187165776,748,0.12220770367068912
EZH2,EIF3K,0,0,permute_graph,-6.020899551610225e-05,-0.00013117707793998545,1.0099185115214033e-05,0.5401069518716578,748,2.1189546746419646e-05
EZH2,MAGEF1,0,0,permute_graph,0.0004694842563696377,0.0003620921744846318,0.000568372408460798,0.35427807486631013,748,0.13462195024287263
EZH2,STAC2,0,0,permute_graph,-0.0012556627095608906,-0.0013213762650477975,-0.0011933042298555852,0.9518716577540107,748,-0.024928716806169093
EZH2,PYCARD,0,0,permute_graph,0.00022110646265208694,0.00015336145613668013,0.0002874268093225247,0.3770053475935829,748,-0.08504486234206654
EZH2,ALDH3B2,0,0,permute_graph,-0.0007204313041582547,-0.0008009389162797369,-0.0006525953354147135,0.7820855614973262,748,-0.12167372308710617
EZH2,MAPK3,0,0,permute_graph,-0.001197643819453491,-0.0012538271672313396,-0.0011423866119397207,0.9665775401069518,748,-0.18277604108558493
EZH2,CAPN8,0,0,permute_graph,-0.0009627363406729321,-0.0010144821615410715,-0.0009093989731892084,0.9318181818181818,748,-0.3350224231428391
EZH2,SCUBE2,0,0,permute_graph,-0.0009679973023360903,-0.0010189980505646077,-0.000921391329858593,0.9438502673796791,748,-0.39438810194620677
FOXA1,AGR2,1,1,permute_graph,0.045711474936644736,0.044857191449511,0.04658254823882656,0.0,748,0.6488364229212172
FOXA1,AR,-1,1,permute_graph,0.012866633704036751,0.01265073911968055,0.013081752367814878,0.0,748,0.6733789120295962
FOXA1,BCL2,-1,1,permute_graph,0.004840638702436485,0.004694577655908544,0.004990824719879746,0.004010695187165776,748,0.5998065973568248
FOXA1,BRCA1,1,1,permute_graph,0.004354503322990342,0.004247236165029011,0.004460623704118833,0.004010695187165776,748,0.280507383564388
FOXA1,CCND1,1,1,permute_graph,0.00910495677842541,0.0088920336846825,0.009318016903816702,0.0,748,0.5834502414246349
FOXA1,CDKN1B,1,1,permute_graph,0.004296664273534003,0.0041286089346935445,0.004481715148282876,0.008021390374331552,748,0.4075351404547242
FOXA1,CDKN2A,1,1,permute_graph,-0.0029001205671311367,-0.0030273217846626607,-0.002777858891337821,0.9719251336898396,748,-0.3324392768583925
FOXA1,ESR1,1,1,permute_graph,0.015936996612478705,0.015568707798850024,0.016257892329113618,0.0,748,0.7823056216785063
FOXA1,FOXC1,1,1,permute_graph,-0.005288696970745802,-0.005440474186050492,-0.0051385112157122225,1.0,748,-0.5967001767363086
FOXA1,GREB1,1,1,permute_graph,0.04307750002182223,0.04225840605953924,0.04403808477904201,0.0,748,0.5771854759448896
FOXA1,HOXB13,1,1,permute_graph,-0.0022475496933458505,-0.002332960121468898,-0.0021650218892933417,0.9625668449197861,748,-0.19164541214091704
FOXA1,MYC,1,1,permute_graph,-0.001568793970717984,-0.0016613476416529795,-0.0014735916576818478,0.8957219251336899,748,-0.263768481463892
FOXA1,NF1,1,1,permute_graph,0.005306886803523144,0.005188926165604318,0.005428800160384242,0.004010695187165776,748,0.44622639261557767
FOXA1,SNAI2,-1,1,permute_graph,-0.0016668637956736621,-0.0017370118859386698,-0.0015955881055451932,0.9371657754010695,748,-0.12008465955093585
FOXA1,UBE2C,1,1,permute_graph,0.0002549224577133621,0.00015304803771901487,0.00035437841298110084,0.45989304812834225,748,-0.2675014258500485
FOXA1,NES,1,1,permute_graph,-0.002581412325540155,-0.00270210275177594,-0.002477541983667338,0.9545454545454546,748,-0.29078394928822476
FOXA1,ELF3,-1,1,permute_graph,0.00588232031081257,0.0056903595227786345,0.006061034797438265,0.00267379679144385,748,0.08064059067854348
FOXA1,STAC2,0,0,permute_graph,-0.005033914577680741,-0.00515657636011289,-0.004912816179999685,1.0,748,-0.4023842458478703
FOXA1,CDC6,0,0,permute_graph,0.001154746994361241,0.0010718450153695987,0.0012349946723268124,0.13101604278074866,748,-0.06622119108680485
FOXA1,TMEM97,0,0,permute_graph,0.0006142648637507255,0.0005336518342247294,0.0006991727197857785,0.25,748,0.1256159054300493
FOXA1,EGFR,0,0,permute_graph,-0.004981136850351982,-0.005080519693113205,-0.004874278599693714,1.0,748,-0.4486575880831938
FOXA1,LAMB3,0,0,permute_graph,-0.0025614842937664926,-0.002692845196810963,-0.0024194428279170842,0.9371657754010695,748,-0.2580853121121694
FOXA1,AEBP1,0,0,permute_graph,0.002195235399642227,0.0020818245601966923,0.0023042441026179823,0.07620320855614973,748,0.10415619913093038
FOXA1,CHI3L1,0,0,permute_graph,-0.0039386205851646575,-0.004050426413738808,-0.0038230775866552494,0.9959893048128342,748,-0.4707492930533526
FOXA1,HTATIP2,0,0,permute_graph,-0.001412992511416077,-0.0014993302205960576,-0.0013291797060392884,0.9184491978609626,748,-0.14975633311538783
FOXA1,PLTP,0,0,permute_graph,-0.0020618845251307496,-0.002160692624614944,-0.001964354674686072,0.9171122994652406,748,-0.4649382534027215
FOXA1,RFC4,0,0,permute_graph,-0.0009156740124880228,-0.0010512850548114975,-0.0007889416301249461,0.6991978609625669,748,-0.13013403958274744
FOXA1,ETV3,0,0,permute_graph,0.00019759108331519217,8.618476740960139e-05,0.00031202517995513565,0.4425133689839572,748,0.14842216584866127
FOXA1,SLC2A3,0,0,permute_graph,-0.001584552738893571,-0.0016563816006737804,-0.0015101628198471821,0.9278074866310161,748,-0.24887284836046994
FOXA1,SERPINE1,0,0,permute_graph,0.004393006080583919,0.004270015067629243,0.004511435119388085,0.0,748,0.028243314604813375
FOXA1,RAB4A,0,0,permute_graph,1.8793260786557592e-05,-0.00010857808116782763,0.0001531059438517957,0.4358288770053476,748,0.1710917121145169
FOXA1,MDFIC,0,0,permute_graph,-0.0018193899233843762,-0.0018931172466641808,-0.0017427725683123274,0.9518716577540107,748,-0.13980960432406678
FOXA1,CLEC2B,0,0,permute_graph,-0.0010287030810845518,-0.0011112802641141707,-0.0009491655308661535,0.839572192513369,748,-0.2020456543264653
FOXA1,ZNF880,0,0,permute_graph,-0.0018532649073550566,-0.00194407372237511,-0.001758159699670492,0.9251336898395722,748,0.16460835713865907
FOXC1,CDH1,-1,1,permute_graph,-0.002437371266640576,-0.0025090724768830086,-0.0023690246919783426,0.9959893048128342,748,-0.1685979882947679
FOXC1,FGF19,1,1,permute_graph,0.007218156258638702,0.007081276200404193,0.0073483395616630994,0.0,748,0.11832642098609837
FOXC1,TGFB1,1,1,permute_graph,-0.00043809402604552477,-0.0005221061697109389,-0.00036239885784429933,0.6443850267379679,748,0.0241813883186512
FOXC1,CD55,0,0,permute_graph,0.001593208149799317,0.0014949838967764353,0.0016868105418743557,0.08957219251336898,748,0.17016879732608559
FOXC1,ARID1A,0,0,permute_graph,0.002958874059334704,0.0028151926233614976,0.003095808326661606,0.017379679144385027,748,-0.036831490569103086
FOXC1,NPEPPS,0,0,permute_graph,-4.347764991502767e-05,-0.0001334184765641002,4.086776488687208e-05,0.5053475935828877,748,-0.29052330533744425
FOXM1,AR,1,1,permute_graph,-0.002493778386056994,-0.0025986915871163948,-0.002394715054056138,0.9866310160427807,748,-0.2707746699122324
FOXM1,AURKB,1,1,permute_graph,0.0023911831969372034,0.0022704792063917346,0.0025112153337409284,0.05080213903743316,748,0.7826360437189097
FOXM1,BIRC5,-1,1,permute_graph,0.012777111761864616,0.0125596544346768,0.013003834295477726,0.0,748,0.8429298445494401
FOXM1,BRCA2,1,1,permute_graph,0.005567737993927017,0.005422515936224696,0.005726723442083008,0.00267379679144385,748,0.6285652470238831
FOXM1,BUB1B,1,1,permute_graph,0.010750343071076016,0.010424751327557777,0.011062634862927634,0.0066844919786096255,748,0.869590317099634
FOXM1,CCNB1,1,1,permute_graph,0.027773952664003943,0.02721307117343069,0.02833225674146671,0.0,748,0.8205078284229056
FOXM1,CCND1,1,1,permute_graph,0.002781947097473788,0.002651286009452578,0.0029052429366358767,0.0427807486631016,748,0.06872379366121013
FOXM1,CCNE2,1,1,permute_graph,0.005019864735256634,0.00485434455976887,0.005189361003337097,0.004010695187165776,748,0.6609221918894858
FOXM1,CDC6,1,1,permute_graph,0.01353592217273997,0.013286160893500461,0.013782659232393971,0.0,748,0.786432539374046
FOXM1,CDH1,1,1,permute_graph,0.0012325780889942389,0.0011552610812765177,0.001310577000911122,0.12165775401069519,748,0.19085229913071178
FOXM1,CDKN1B,-1,1,permute_graph,-0.0022002079718747903,-0.0023171263579484618,-0.002072122332268748,0.9171122994652406,748,0.02542322697057715
FOXM1,CDKN2A,-1,1,permute_graph,0.00275538795961336,0.0026250323965851265,0.002879457113107064,0.05213903743315508,748,0.25887351535627484
FOXM1,CHEK1,1,1,permute_graph,0.010764728674421057,0.010579957305793001,0.010962618551801792,0.0,748,0.7993576212517164
FOXM1,ERBB2,1,1,permute_graph,-0.0020607058529504667,-0.002137190445800231,-0.001990173890958034,0.9719251336898396,748,-0.13538569244088075
FOXM1,ESR1,1,1,permute_graph,-0.002341302420318113,-0.0024337755124478506,-0.002254706409375089,0.9946524064171123,748,-0.21132508594974123
FOXM1,MMP2,1,1,permute_graph,-0.0018712576223062537,-0.0019434272939544309,-0.0017987195390794166,0.9572192513368984,748,-0.24662923662714684
FOXM1,MMP9,1,1,permute_graph,0.0057890242746734,0.005547374070807959,0.00605717203523918,0.00267379679144385,748,0.2080923467406703
FOXM1,MYC,1,1,permute_graph,-0.001799393861339579,-0.0019411689122445068,-0.001661282290590727,0.8181818181818182,748,0.24516302894021147
FOXM1,PLAU,1,1,permute_graph,0.001169699702350466,0.0010608669764346922,0.0012623282097711241,0.15240641711229946,748,0.08368519080129655
FOXM1,PLK1,1,1,permute_graph,0.003640432244767692,0.0035182321640845867,0.003769802272544117,0.017379679144385027,748,0.8752642125391266
FOXM1,SNAI2,1,1,permute_graph,-0.002748259993514075,-0.002835236590323676,-0.0026649667155151146,0.9812834224598931,748,-0.1175456996556491
FOXM1,TP53,-1,1,permute_graph,-0.0013166282744331156,-0.0014156583856254627,-0.001225952088218406,0.8556149732620321,748,0.11652939075478845
FOXM1,VEGFA,1,1,permute_graph,0.0011646339410016188,0.001041811889912369,0.0012830873935223174,0.20989304812834225,748,0.19375294452087027
FOXM1,KRT15,1,1,permute_graph,-0.0027717383611206878,-0.0028627202158429395,-0.0026814943234520867,0.9946524064171123,748,-0.12412787828471937
FOXM1,ALDOC,1,1,permute_graph,-0.0005703325680525118,-0.0006672214745641833,-0.00047609561838876907,0.679144385026738,748,0.0774146338309355
FOXM1,COL1A2,0,0,permute_graph,-0.00179316558897555,-0.0018701175172562553,-0.0017106991200950634,0.9478609625668449,748,-0.1790914267802913
FOXM1,AQP1,0,0,permute_graph,-0.002952131261981015,-0.003049525128591991,-0.002848532967223356,0.9852941176470589,748,-0.3494841574696733
FOXM1,EZH2,0,0,permute_graph,0.009875371558932046,0.009633820197623225,0.010098084655900381,0.0,748,0.7687230703779618
FOXM1,KDM2A,0,0,permute_graph,-0.0007925676719581048,-0.0009278276917695218,-0.0006636240464649094,0.6711229946524064,748,0.2639466160476396
FOXM1,FLT1,0,0,permute_graph,-0.0017650964785676038,-0.0018727934638790716,-0.001665518935869404,0.9278074866310161,748,-0.05487033169318164
FOXM1,HOXB2,0,0,permute_graph,-0.002498408584604821,-0.002589146502628516,-0.002397002597725842,0.9906417112299465,748,-0.27127493052161905
FOXM1,CLEC2B,0,0,permute_graph,-0.002266318226812504,-0.0023508368985006955,-0.002182234319369142,0.9665775401069518,748,-0.24169432305157404
FOXM1,SFRP1,0,0,permute_graph,-0.0025048726414697185,-0.002619253566408522,-0.002381749038378884,0.9411764705882353,748,0.031132892761357493
FOXM1,EXT1,0,0,permute_graph,-0.0006082011270544313,-0.0006922698435568647,-0.000525410473534509,0.7125668449197861,748,0.2902245932117738
FOXM1,FGFR1,0,0,permute_graph,-0.0024306812482170507,-0.002499648936223795,-0.002358096344834327,0.9946524064171123,748,-0.08023790384572141
FOXM1,GABRP,0,0,permute_graph,-0.002445157181343758,-0.0025721471421613564,-0.0023255156915592953,0.9545454545454546,748,0.13095277708726968
FOXM1,CD93,0,0,permute_graph,-0.0029731052194526104,-0.003064743301180836,-0.0028745249210343883,0.9852941176470589,748,-0.20257615428891876
FOXM1,TMEM45B,0,0,permute_graph,-0.001663110398441725,-0.0017448944041022771,-0.0015809686200148735,0.9558823529411765,748,-0.30193512963583435
FOXM1,RSPO2,0,0,permute_graph,-0.002500304912628669,-0.0025828623964655453,-0.002421414581823258,0.9919786096256684,748,0.12184818130869851
FOXM1,TMEM147,0,0,permute_graph,0.0009849144973411957,0.0008923638939063528,0.0010861581824057921,0.22058823529411764,748,0.17824983761789295
FOXM1,SCUBE2,0,0,permute_graph,-0.0025584577753353,-0.0026363371196815094,-0.002481607581876215,0.9959893048128342,748,-0.3772862336538792
FOXM1,CA12,0,0,permute_graph,-0.0019497493708609166,-0.002024935879772606,-0.0018765723962629786,0.9893048128342246,748,-0.23406816498029248
FOXM1,CHAD,0,0,permute_graph,-0.002922361678071984,-0.003010004400772643,-0.002836426012818752,0.9959893048128342,748,-0.39854201866391936
FOXM1,ERBB3,0,0,permute_graph,0.002422563055506949,0.002303572131047746,0.0025376006298920115,0.06951871657754011,748,-0.1153717639696371
FOXM1,ASPM,0,0,permute_graph,0.005589550416443477,0.0053757452341462696,0.005797433843733469,0.022727272727272728,748,0.8522983052964421
FOXM1,PTMS,0,0,permute_graph,-0.0017683881463204077,-0.0018459996571926214,-0.001691237079158489,0.9518716577540107,748,0.12047424413800253
FOXM1,IGFBP3,0,0,permute_graph,-0.0018756538770226306,-0.0019608524731584893,-0.0017883821226519062,0.9598930481283422,748,-0.05270101240371991
FOXM1,MT1E,0,0,permute_graph,-0.002666531314591109,-0.002772493052592879,-0.0025616527141284354,0.9745989304812834,748,-0.051227880121959175
FOXM1,SEZ6L2,0,0,permute_graph,-0.0009072769336973497,-0.0009798140306093808,-0.0008385132352600321,0.8155080213903744,748,-0.05855868917047203
FOXM1,CDKN3,0,0,permute_graph,0.01836847963895642,0.017943687342626496,0.018788398968812438,0.0,748,0.7757706790947329
GATA3,AURKA,1,1,permute_graph,-0.00021258669721922185,-0.00027590515716320986,-0.00014792958487911672,0.5882352941176471,748,-0.20055374250085556
GATA3,BIRC5,1,1,permute_graph,-0.0008519207179270776,-0.0009118294136730687,-0.0007897472915006381,0.8556149732620321,748,-0.22181349590198393
GATA3,CCND1,1,1,permute_graph,0.014427753316766441,0.014122512136913262,0.014742762279953458,0.0,748,0.6020585056862106
GATA3,CDH1,1,1,permute_graph,0.005372704788644046,0.005253059432198337,0.005498162692889186,0.0,748,0.1883977511324723
GATA3,CDH3,-1,1,permute_graph,-0.0035837814670036192,-0.0036916381433706185,-0.0034822448441721816,0.9973262032085561,748,-0.4863453155775827
GATA3,CDKN2A,1,1,permute_graph,-0.0021708351920181205,-0.002263577491418109,-0.0020846616798462325,0.9812834224598931,748,-0.2582498841994121
GATA3,EGFR,1,1,permute_graph,-0.0016526264292910128,-0.0017287191593419388,-0.0015699283698753818,0.946524064171123,748,-0.5422788843003931
GATA3,ERBB2,1,1,permute_graph,0.0004459702882105602,0.0003467043336798765,0.0005473371150587154,0.32887700534759357,748,0.34949912241155273
GATA3,ESR1,1,1,permute_graph,0.01876804390509236,0.01836163437590144,0.01921187537694327,0.0,748,0.7445501503669303
GATA3,FGF4,1,1,permute_graph,-0.0025428409772840412,-0.0026078490893968256,-0.0024783897654604954,0.9986631016042781,748,-0.045011649252341975
GATA3,FGFR1,1,1,permute_graph,-0.001615919828383374,-0.0017014528360164258,-0.001538104587558278,0.9344919786096256,748,0.1607568619365118
GATA3,FOXA1,1,1,permute_graph,0.008601682492965126,0.008415201522376507,0.008787086561711092,0.0,748,0.816018878710547
GATA3,FOXC1,-1,1,permute_graph,-0.003873622760428996,-0.003975336815476661,-0.0037779218456483786,0.9986631016042781,748,-0.5772809601508628
GATA3,GREB1,1,1,permute_graph,0.005532931533510134,0.005374791483658759,0.005684457400485514,0.00267379679144385,748,0.5923864668242951
GATA3,LMO1,1,1,permute_graph,-0.0024933894654178123,-0.0025707886408190216,-0.002419167688007901,0.9959893048128342,748,-0.2398889126194813
GATA3,LOX,-1,1,permute_graph,-0.0020733532304883858,-0.0021516937139811777,-0.001992410322411173,0.9652406417112299,748,-0.15828750669691113
GATA3,MYC,1,1,permute_graph,-0.0017136474100560772,-0.0017923876702166687,-0.00163898225230208,0.9732620320855615,748,-0.12882994964371597
GATA3,NCOA3,1,1,permute_graph,0.0011828837788426404,0.001122077974096959,0.0012445984678473656,0.06951871657754011,748,0.17765625663517393
GATA3,ZEB1,1,1,permute_graph,-0.001114341350307161,-0.001167566095095557,-0.0010539432273411543,0.93048128342246,748,0.11042162409589235
GATA3,MUC1,1,1,permute_graph,0.005949751078524691,0.005826759647041368,0.006073571405488266,0.0,748,0.3583125115212784
GATA3,CD4,1,1,permute_graph,-0.00020112552345562755,-0.00028150089862553245,-0.00012556739004039211,0.5788770053475936,748,-0.21792454022428678
GATA3,GMFG,0,0,permute_graph,-0.00026021658844661545,-0.0003407199665698196,-0.00017659477507712146,0.5414438502673797,748,-0.2700972332824385
GATA3,KCTD3,0,0,permute_graph,0.009455406663021316,0.009235719452869835,0.009696019767571298,0.0,748,0.6188191217566552
GATA3,MAL2,0,0,permute_graph,0.0018552564328151242,0.0017889804031034594,0.0019221072622061057,0.017379679144385027,748,0.17932137078762062
GATA3,MCM2,0,0,permute_graph,0.0019192970836777467,0.001826366074031522,0.0020109095067105793,0.06016042780748663,748,-0.04467355725494382
GATA3,SYCP2,0,0,permute_graph,0.005399819768868957,0.005264358144392941,0.00553041622163429,0.0,748,0.2964263922344125
GATA3,C6orf62,0,0,permute_graph,0.0033543148003319376,0.0032647200185828822,0.0034438069961824406,0.001336898395721925,748,0.08469811709155807
GATA3,CD40,0,0,permute_graph,-0.0027240986993898268,-0.002832812608793252,-0.0026216187019558104,0.983957219251337,748,-0.3665091725147834
GATA3,TMEM45B,0,0,permute_graph,0.0013065851813949209,0.001228019282553402,0.0013881040011906542,0.09224598930481283,748,0.24518794425468948
GATA3,ELMO3,0,0,permute_graph,0.003990805129032523,0.003851010339836169,0.00413925629828284,0.014705882352941176,748,0.3515349819488861
GATA3,MRPL36,0,0,permute_graph,-0.0008381942560175782,-0.0009285142844639966,-0.0007376474750661094,0.7219251336898396,748,-0.017700497197374203
GATA3,TSPYL5,0,0,permute_graph,-0.0029229577947839595,-0.0030178965300939166,-0.0028322325513694844,0.9933155080213903,748,-0.29357685694891733
GATA3,CDKN1B,0,0,permute_graph,0.009003514029108877,0.008750125465867087,0.009256114062671376,0.0,748,0.4381175057569475
GATA3,PI4KB,0,0,permute_graph,0.0014283757284117627,0.001321066863893584,0.0015318604878101364,0.15106951871657753,748,0.2099326100730288
GATA3,S100A6,0,0,permute_graph,0.003364749718747979,0.003199899007211215,0.0035464503374610596,0.03208556149732621,748,-0.33592565502724003
GATA3,SCNN1A,0,0,permute_graph,0.0063284278257937565,0.0061323756398633114,0.006521186389327014,0.001336898395721925,748,0.49631096872729696
GATA3,LGALS3BP,0,0,permute_graph,0.00283430164427548,0.0027328844011295173,0.0029347797961276423,0.009358288770053475,748,0.1228698663341026
GATA3,FGFR4,0,0,permute_graph,0.00044155996722383423,0.00034739031765502955,0.0005341407857947767,0.36764705882352944,748,-0.12405073285044345
GATA3,NMU,0,0,permute_graph,-0.0032636699697323177,-0.0033767214563972807,-0.003132021247638898,0.9946524064171123,748,-0.252359080322628
GATA3,CENPF,0,0,permute_graph,0.001635952726373393,0.0015533130207966844,0.001716569568148405,0.0481283422459893,748,-0.0985520944720028
GATA3,ELOVL2,0,0,permute_graph,0.010134908892446714,0.009909387657155511,0.010340640872671043,0.0,748,0.47965231480601367
GATA3,AKR1B1,0,0,permute_graph,-0.0023680659586235004,-0.0024614768571393827,-0.002271372359833281,0.9745989304812834,748,-0.39222051740514813
HOXB13,AR,-1,1,permute_graph,-0.0020159595875889583,-0.002065797418852108,-0.0019687038993088566,1.0,748,-0.1670350502821396
HOXB13,CCND1,-1,1,permute_graph,0.005718757315503962,0.005476450369794607,0.005963760200251268,0.0066844919786096255,748,-0.24138145303727576
HOXB13,DNMT3B,1,1,permute_graph,0.0013913121020069437,0.0013252791629771315,0.0014571623147538754,0.02406417112299465,748,0.16573554528800402
HOXB13,ESR1,1,1,permute_graph,-0.00205720786429417,-0.002110771425796752,-0.0020073603381860977,0.9973262032085561,748,-0.20532300112203083
HOXB13,MYC,-1,1,permute_graph,0.001383830675375507,0.0013197996198590239,0.0014511665094265331,0.03208556149732621,748,-0.05911058814573052
HOXB13,PRKAR1A,0,0,permute_graph,-9.961459543323657e-05,-0.0001581213965226779,-4.899712256197403e-05,0.5882352941176471,748,-0.1444850781668523
HOXB13,EXO1,0,0,permute_graph,-0.001510680515199582,-0.0015574449549315829,-0.0014627836523783025,0.9879679144385026,748,0.18194960134579374
HOXB13,HTATIP2,0,0,permute_graph,0.0004840863114903536,0.0004463545376548657,0.0005230352037678419,0.1657754010695187,748,0.14450001943449692
HOXB13,PPP1R1B,0,0,permute_graph,0.0028160798782565746,0.002691961240408105,0.0029481891916374597,0.02540106951871658,748,0.043440637479085796
HOXB13,C1orf115,0,0,permute_graph,-0.0015184165604425835,-0.0015677112138808538,-0.0014703835943363506,0.9879679144385026,748,0.00047502827132394113
HTATIP2,CCND1,-1,1,permute_graph,-0.00038977838250013066,-0.00043379316589219546,-0.00034721372314145977,0.7620320855614974,748,0.02047334580104472
HTATIP2,CDH1,1,1,permute_graph,0.015422035371527781,0.015127112072848494,0.015722346280072897,0.0,748,0.271005270806565
HTATIP2,ESR1,1,1,permute_graph,-0.0014679864268507567,-0.0015145186090189452,-0.001425350811516113,0.9959893048128342,748,-0.17125406017091505
HTATIP2,MMP2,-1,1,permute_graph,-0.0010806069669517923,-0.0011215009543473656,-0.0010394252311673236,0.9692513368983957,748,-0.23564226849495465
HTATIP2,MYC,1,1,permute_graph,-0.0002126353440072499,-0.00028773714660118143,-0.00014321402207397938,0.6283422459893048,748,0.15372551657548708
HTATIP2,TGFB1,1,1,permute_graph,-0.0008054644634296407,-0.0008587021771826703,-0.0007494441797183197,0.8622994652406417,748,-0.12976557372020783
HTATIP2,VEGFA,-1,1,permute_graph,0.0016597819163874064,0.0015783956960877474,0.0017479192356121642,0.06550802139037433,748,0.11319708196715951
HTATIP2,KDM2A,0,0,permute_graph,0.0006632849774962555,0.0005934822692736286,0.0007318066928594647,0.2286096256684492,748,0.08867940006457795
HTATIP2,SDCBP,0,0,permute_graph,0.0018972979858102612,0.0017986500777610037,0.001996572853390578,0.03074866310160428,748,0.25033511167823014
HTATIP2,PPP1R1B,0,0,permute_graph,-0.0012421495345489202,-0.0013103797881525363,-0.0011792094720263582,0.9251336898395722,748,-0.1487398083369655
HTATIP2,KAT2A,0,0,permute_graph,-0.0007626073271427938,-0.0008287708661182817,-0.0007010101849161778,0.8435828877005348,748,-0.014213884876303654
HTATIP2,CYB5R1,0,0,permute_graph,-0.0011790611376112686,-0.001232257844492587,-0.0011261589282317622,0.9451871657754011,748,-0.10807843088566564
HTATIP2,TSPAN14,0,0,permute_graph,0.001835143912970396,0.001739036777285433,0.00192520124816901,0.07219251336898395,748,0.029815584708051773
HTATIP2,THRSP,0,0,permute_graph,-0.0010323785486964776,-0.0010908643776756754,-0.000973509016821125,0.9144385026737968,748,-0.2529202532300184
MYBL2,AR,1,1,permute_graph,-0.0029585939410363407,-0.0030387827392904954,-0.002880367281522568,1.0,748,-0.3878426048175611
MYBL2,BCL2,1,1,permute_graph,-0.0030976204779712955,-0.003177986233773245,-0.003023864515956846,1.0,748,-0.41891462422477777
MYBL2,BIRC5,1,1,permute_graph,0.009854435951136878,0.009650185978701657,0.010037324823208366,0.0,748,0.8644739427887242
MYBL2,CCNB1,1,1,permute_graph,0.004526260800086088,0.004411610396558781,0.00465736105694191,0.001336898395721925,748,0.7715076949094608
MYBL2,CCNB2,-1,1,permute_graph,0.004815894486208292,0.004703549152610986,0.004926977736500646,0.00267379679144385,748,0.8326203700678407
MYBL2,CCND1,1,1,permute_graph,-0.0017171724134999683,-0.0017739653080509241,-0.001667966369656537,0.9959893048128342,748,-0.13404128976787308
MYBL2,CDKN2A,1,1,permute_graph,0.005266061015908544,0.005118984240117615,0.0054180856344539915,0.0,748,0.3194535442256246
MYBL2,E2F1,-1,1,permute_graph,0.011020048935905948,0.010777933674849114,0.011266049136366793,0.0,748,0.8005732016199882
MYBL2,ERBB2,-1,1,permute_graph,0.0005421751358923164,0.0004728617660415736,0.0006106910825640197,0.22058823529411764,748,-0.1373672744764465
MYBL2,FGF4,1,1,permute_graph,0.0018608850018999507,0.0018048981872180552,0.001921306134454961,0.0053475935828877,748,0.030203430859560808
MYBL2,IGFBP5,1,1,permute_graph,-0.00044212236281637,-0.0005110417637449422,-0.0003724565464327171,0.6751336898395722,748,-0.08901401840505706
MYBL2,LMO1,1,1,permute_graph,0.0033828845590024316,0.003289158901457223,0.003484553091168659,0.001336898395721925,748,0.21124414883643947
MYBL2,LOX,1,1,permute_graph,0.0020892429588040516,0.002009973640457366,0.0021620714862676553,0.02540106951871658,748,-0.06510676187769639
MYBL2,MYC,1,1,permute_graph,0.0002419601016098534,0.00016641065853198757,0.00031680213661101496,0.37967914438502676,748,0.15483040025606376
MYBL2,PLK1,1,1,permute_graph,0.004586052161030497,0.004455582083647187,0.004726872076556408,0.001336898395721925,748,0.869701661643277
MYBL2,RB1,1,1,permute_graph,-0.0026964720293344954,-0.0027697078186006796,-0.0026250795022490707,1.0,748,-0.2494898702567475
MYBL2,TP53,1,1,permute_graph,-0.00017638286432905347,-0.0002483312638788582,-0.00010257807052063282,0.5735294117647058,748,0.02746715844193603
MYBL2,ELN,-1,1,permute_graph,-0.0006511204461392792,-0.0007206611991623392,-0.000579055208555521,0.7272727272727273,748,-0.28519709569014506
MYBL2,COL1A1,-1,1,permute_graph,0.0015771947039536955,0.001491087193347872,0.0016679505394035438,0.05481283422459893,748,-0.15318102770536143
MYBL2,CCND2,1,1,permute_graph,-0.002089372752466755,-0.002167119147821906,-0.0020169678032825695,0.9919786096256684,748,-0.23338978025127752
MYBL2,MTOR,0,0,permute_graph,-0.0017370971091134788,-0.001797306416456633,-0.0016785090345419924,0.9866310160427807,748,0.019423445753701838
MYBL2,ISM1,0,0,permute_graph,-0.0011897453265895467,-0.0012627351371048074,-0.001119067992768316,0.910427807486631,748,-0.24211704047746843
MYBL2,AZGP1,0,0,permute_graph,-0.003273602443790386,-0.003360808801899728,-0.003180497745617456,0.9946524064171123,748,-0.39168616795543226
MYBL2,ALDOC,0,0,permute_graph,0.002286216780151541,0.0021760401215830515,0.0023957238115852536,0.03609625668449198,748,0.09675717850569893
MYBL2,PLTP,0,0,permute_graph,0.004038958541331763,0.003907810895285177,0.004158727678044081,0.0053475935828877,748,0.13251881077667102
MYBL2,TMEM204,0,0,permute_graph,0.00044046392906689627,0.0003681929431801306,0.0005218248927574382,0.3689839572192513,748,-0.2882925206955605
MYBL2,MLPH,0,0,permute_graph,-0.0022668369290785796,-0.0023455625080074805,-0.0021928937487041057,0.9946524064171123,748,-0.44094638825245774
MYBL2,ALDH1A3,0,0,permute_graph,-0.00045307957166357596,-0.000507600635482927,-0.0003989172969909904,0.7393048128342246,748,-0.0593423878505043
MYBL2,RBP1,0,0,permute_graph,0.001658109271294585,0.0015648053618014747,0.0017524362224041708,0.09358288770053476,748,0.15374940361389014
MYBL2,AGR3,0,0,permute_graph,-0.0024744921711268505,-0.002558496226856456,-0.002397839680881408,0.9919786096256684,748,-0.3587938440830807
MYBL2,CDH1,0,0,permute_graph,-0.0014424417347609069,-0.0014965040764035556,-0.001388563068744223,0.9893048128342246,748,0.14678549768475527
MYBL2,PLEKHF2,0,0,permute_graph,-0.002653531887429084,-0.0027399098569732285,-0.0025700268797825875,0.9893048128342246,748,-0.1363619896055666
MYBL2,SNRPE,0,0,permute_graph,0.0007730882580818713,0.0006921468901389032,0.00086340846616481,0.25,748,0.28590327533767684
MYBL2,ACLY,0,0,permute_graph,-0.0004446526121517474,-0.0005263188641676897,-0.00037640454833509407,0.6818181818181818,748,0.028631393392069857
MYBL2,RAD51,0,0,permute_graph,0.003044237255379425,0.0029352773374955905,0.0031568773585884643,0.009358288770053475,748,0.8172954504751532
MYBL2,GATA3,0,0,permute_graph,-0.0028266597639623223,-0.0028961807879127077,-0.0027584189806602903,0.9973262032085561,748,-0.33311218117527236
MYBL2,MMP2,0,0,permute_graph,0.0006530675375933729,0.0005909824885661198,0.0007131866462798068,0.2018716577540107,748,-0.19802655354182058
MYBL2,PABPC1,0,0,permute_graph,0.00014667629966522136,6.913530216456634e-05,0.0002278913870460465,0.446524064171123,748,0.3027226575167201
MYBL2,MARCKS,0,0,permute_graph,0.0004394133264404751,0.00038368900072862126,0.0004918922240133668,0.29812834224598933,748,0.1528449052895346
MYBL2,PIK3R1,0,0,permute_graph,-0.002065365601608234,-0.0021461637723678806,-0.001981217656761853,0.9959893048128342,748,-0.28425330064828974
MYC,AKT1,1,1,permute_graph,-0.0008468616286495208,-0.0009005828251314751,-0.0007899831115880752,0.8582887700534759,748,-0.07289702995671454
MYC,APC,1,1,permute_graph,-0.0004955579122485278,-0.0005446539663957904,-0.00044705767252560557,0.7901069518716578,748,0.04706751726496456
MYC,AR,1,1,permute_graph,-0.0012257740171310778,-0.0012819795841276435,-0.0011698269655923022,0.9478609625668449,748,-0.23110853867271877
MYC,ATM,1,1,permute_graph,0.00021203779503404217,0.0001604280281579946,0.00026342268905572505,0.39572192513368987,748,0.10721598268753792
MYC,AURKA,1,1,permute_graph,0.0003581500145707959,0.00029755709316094207,0.00041685700852551663,0.34893048128342247,748,0.14177178890964778
MYC,BBC3,1,1,permute_graph,-0.0020542082160963627,-0.0021202465483575145,-0.0019913213255281057,0.982620320855615,748,-0.06455527359615364
MYC,BCL2,1,1,permute_graph,-1.2082591281005878e-05,-6.0763389578525866e-05,3.95705657363687e-05,0.5187165775401069,748,0.08380900198330862
MYC,BIRC5,1,1,permute_graph,0.0014448149218564308,0.0013786234523395055,0.0015109066905878376,0.02540106951871658,748,0.1822698731516735
MYC,BRCA1,1,1,permute_graph,0.0004978082449060862,0.0004318817527086914,0.0005583931899458541,0.31283422459893045,748,0.17591858855537218
MYC,BRCA2,1,1,permute_graph,0.00019095308764102272,0.00014038147589373682,0.0002456817547190988,0.41310160427807485,748,0.09727753963153142
MYC,BRD4,1,1,permute_graph,0.0017147557512373918,0.0016382598753399318,0.0017907663053250223,0.03877005347593583,748,0.30606861096434185
MYC,BUB1B,1,1,permute_graph,-6.050344115810494e-05,-0.000115144443404597,-7.446116493697918e-06,0.5080213903743316,748,0.1906094351632414
MYC,CBFB,1,1,permute_graph,1.6537550986219576e-06,-5.061602047495074e-05,5.465136137259844e-05,0.516042780748663,748,0.18317881582647258
MYC,CCNB1,1,1,permute_graph,0.0009116683836774026,0.0008421290049444783,0.0009859616248135891,0.1323529411764706,748,0.12572193918359229
MYC,CCNB2,1,1,permute_graph,0.00047767993706857796,0.00042161347025257445,0.0005322613291991884,0.25133689839572193,748,0.17379935770154148
MYC,CCND1,1,1,permute_graph,0.0002640324403198163,0.0002123609784913353,0.00031554631689238065,0.32486631016042783,748,0.008707584742345004
MYC,CD44,1,1,permute_graph,0.006593082149790304,0.006399015084580551,0.0067876439527830516,0.0,748,0.15512193351201942
MYC,CDC20,1,1,permute_graph,0.0011545787763378448,0.0010937551353817794,0.0012104661841912088,0.06016042780748663,748,0.15863650227162548
MYC,CDCA7,1,1,permute_graph,7.207540001673675e-05,3.851172473794496e-05,0.00011084139995349948,0.47058823529411764,748,0.3621055459367087
MYC,CDH1,1,1,permute_graph,-0.00022532488252642146,-0.0002608160662193786,-0.00018929988170418528,0.7085561497326203,748,-0.050182810735742635
MYC,CDH3,1,1,permute_graph,0.005715539389366279,0.00557006377832314,0.005885016842140962,0.0,748,0.3250754888355317
MYC,CDK4,1,1,permute_graph,0.00018268653657287513,0.00010416281002523273,0.00025984519696877655,0.49732620320855614,748,0.2901112170206138
MYC,CDK6,1,1,permute_graph,0.00016519152019803677,0.00012243459993515037,0.0002101295501153085,0.3997326203208556,748,0.27299750787701343
MYC,CDKN1B,-1,1,permute_graph,0.0013624184638960709,0.001281272880786449,0.001443993651493118,0.0855614973262032,748,0.13820134926661087
MYC,CDKN2A,1,1,permute_graph,0.001653430228903491,0.0015899161178906682,0.0017202867056702138,0.009358288770053475,748,0.07250505305465456
MYC,CHEK1,1,1,permute_graph,0.0037497768961324784,0.003634711454240415,0.0038729147291318928,0.004010695187165776,748,0.234471108769843
MYC,CHEK2,1,1,permute_graph,0.006420760971299786,0.0062683599182654,0.006602673498595527,0.0,748,0.24754772927552265
MYC,E2F1,1,1,permute_graph,0.0005030684303010867,0.0004276960022637942,0.0005830745349724069,0.32219251336898397,748,0.15035316723653355
MYC,EGFR,1,1,permute_graph,0.0005160167296176342,0.000467217601132256,0.0005664045462368639,0.20855614973262032,748,0.3461159513941328
MYC,ERBB2,-1,1,permute_graph,0.003973136142140285,0.0038455681582597804,0.0041119113697777486,0.0053475935828877,748,-0.10599372565764796
MYC,ESR1,1,1,permute_graph,-0.0006840048416778312,-0.0007434361569609158,-0.0006218893910113247,0.7981283422459893,748,-0.19321752715580914
MYC,EZH2,1,1,permute_graph,0.0017923127894278166,0.0017202886276145469,0.0018642536833809282,0.02540106951871658,748,0.1096842909503116
MYC,FGF3,1,1,permute_graph,0.0005436584341826182,0.000501636142056824,0.0005867432910625687,0.16176470588235295,748,0.059552675992511586
MYC,FGFR1,1,1,permute_graph,0.001310802225825342,0.0012391291094699846,0.001383698062544586,0.08823529411764706,748,0.22731861884183097
MYC,FGFR4,1,1,permute_graph,-0.00060524941553194,-0.0006391766603244213,-0.0005715328171797787,0.8890374331550802,748,0.06864570200900776
MYC,FLT1,1,1,permute_graph,2.162263698796263e-05,-2.4327757826850134e-05,6.661934773529036e-05,0.5213903743315508,748,0.0956575565092094
MYC,FOXM1,1,1,permute_graph,0.000510704492753348,0.00046018258030065655,0.0005578416832127157,0.17914438502673796,748,0.24516302894021147
MYC,GSTP1,1,1,permute_graph,0.0001723674043378856,0.00010635686688330225,0.00023538957755334588,0.45187165775401067,748,0.2536761498060239
MYC,IGF1R,1,1,permute_graph,0.0005956292994081338,0.0005384016779845718,0.0006555422579574125,0.2286096256684492,748,0.06473764946909863
MYC,JUP,1,1,permute_graph,-0.000449018301931997,-0.0005144133673490666,-0.00038781614531306115,0.7085561497326203,748,0.10701951190237485
MYC,MAP3K1,-1,1,permute_graph,-0.00038056447649616995,-0.0004373599090080113,-0.000322661107639888,0.6925133689839572,748,-0.05024407153788879
MYC,MDM2,1,1,permute_graph,0.0015191816854325528,0.0014603198937048272,0.0015741990775016434,0.014705882352941176,748,-0.034476382031387524
MYC,MTDH,1,1,permute_graph,0.0016566848835149214,0.0015884566423711472,0.0017271448628748249,0.05481283422459893,748,0.3020085883899577
MYC,MYBL2,1,1,permute_graph,-3.425866778800472e-05,-8.657007235282444e-05,2.0265569062713963e-05,0.5601604278074866,748,0.1548304002560638
MYC,NDRG1,-1,1,permute_graph,0.003673378279417713,0.0035855174709537676,0.0037704744768568012,0.0,748,0.33633834940656504
MYC,PIK3R1,1,1,permute_graph,-0.00014981759999299412,-0.00021575688024851752,-8.264787780052969e-05,0.5842245989304813,748,0.009810559430700246
MYC,PLAU,1,1,permute_graph,-0.0019170954326705573,-0.001976805970399788,-0.0018601192620399428,0.9986631016042781,748,-0.11955893514011638
MYC,PTEN,1,1,permute_graph,0.0006061051823215398,0.0005642690555003289,0.0006496707635534065,0.16310160427807488,748,0.025425448966783077
MYC,RAD51,1,1,permute_graph,0.0009846525859426372,0.0009192476720705217,0.0010502246169310319,0.11096256684491979,748,0.169751869973943
MYC,RASSF1,1,1,permute_graph,-0.0009227345336922529,-0.0009822002609159526,-0.0008570727673085292,0.8582887700534759,748,0.19185141786597637
MYC,SERPINE1,1,1,permute_graph,-0.0007522177998700351,-0.0008001402580140261,-0.0007019892870427782,0.8716577540106952,748,0.18688707121382295
MYC,SFRP1,-1,1,permute_graph,0.004130582090628246,0.0040227785571148355,0.0042482980464314535,0.0,748,0.46224723060290157
MYC,SFRP2,1,1,permute_graph,-0.0014131919317754284,-0.0014569339044010292,-0.0013679376841531485,0.9852941176470589,748,-0.10299713952588231
MYC,TBX3,1,1,permute_graph,-0.0004854684371049659,-0.0005295254235901269,-0.0004448661929741016,0.7941176470588235,748,0.12454398389342122
MYC,TGFB1,1,1,permute_graph,-0.001689872582220602,-0.0017536526315541723,-0.0016274779615456838,0.9786096256684492,748,-0.011715195830516514
MYC,TP53,1,1,permute_graph,0.0027033689008102674,0.0025877197634305476,0.0028279679890694217,0.016042780748663103,748,0.24852369394561097
MYC,TYMS,1,1,permute_graph,0.002423860784454035,0.0023291389263793653,0.0025202817107266916,0.016042780748663103,748,0.25674402320900575
MYC,UBE2C,1,1,permute_graph,-0.00023074245952740423,-0.0002816857346642745,-0.00017922451824228726,0.6216577540106952,748,0.12994078080813146
MYC,VEGFA,1,1,permute_graph,0.003424550112048015,0.003296124418663507,0.0035618678658495954,0.0,748,0.10459392527522109
MYC,WIF1,1,1,permute_graph,0.0016765524316147483,0.0016152374937577563,0.0017373189522590959,0.012032085561497326,748,0.3533135356568864
MYC,XRCC4,1,1,permute_graph,-0.0006573224016473548,-0.0007168937296639394,-0.0005965249982416376,0.8141711229946524,748,0.007762083654438119
MYC,NID1,1,1,permute_graph,-0.0006140632630423782,-0.0006609945707846962,-0.0005711092346546251,0.8542780748663101,748,0.03343478223095648
MYC,TP53INP1,-1,1,permute_graph,-0.00038921057280657834,-0.0004558970636172308,-0.000327228826644778,0.6925133689839572,748,-0.22898928291354723
MYC,SYNGR2,1,1,permute_graph,-0.0019632927359558255,-0.0020262848895662364,-0.0019031665085098132,0.9933155080213903,748,-0.1096281200138079
MYC,PRRX1,1,1,permute_graph,-0.0010675978311462026,-0.0011154687068708994,-0.0010188789546046464,0.9518716577540107,748,-0.01727911481715041
MYC,TPD52,-1,1,permute_graph,0.00019026045640183547,0.00013001526162130465,0.0002506320148377737,0.42112299465240643,748,0.030427271583209244
MYC,RGS2,1,1,permute_graph,-0.00025310273375196143,-0.00030127361262218824,-0.00020273068467397437,0.6403743315508021,748,0.3876568797053373
MYC,CHI3L1,1,1,permute_graph,0.0017334688738330458,0.0016637209989763411,0.001805150201739228,0.02406417112299465,748,0.34654313763052175
MYC,TIMP2,1,1,permute_graph,-0.0009219651307193516,-0.0009693888337245543,-0.0008767128785957596,0.9358288770053476,748,0.05248255037958105
MYC,NES,1,1,permute_graph,0.000730708337624668,0.0006341169038407732,0.0008159359236782816,0.30080213903743314,748,0.39707865826413685
MYC,POLD2,1,1,permute_graph,-1.3683799118030394e-05,-7.291995971911846e-05,5.2304934320551454e-05,0.5508021390374331,748,0.21996722243779743
MYC,RBP1,1,1,permute_graph,0.0025025122124558963,0.0023860933904580888,0.002622529281885985,0.014705882352941176,748,0.1255878056251623
MYC,GAPDH,1,1,permute_graph,0.0006676139211225688,0.000615068186976558,0.0007201605283772672,0.1590909090909091,748,0.2356232867900208
MYC,ID1,1,1,permute_graph,-0.0007244281728092891,-0.00076891031473275,-0.0006822957737917495,0.8863636363636364,748,0.029316354398982877
MYC,MAPK3,-1,1,permute_graph,-0.0014822466261170258,-0.0015375018643680963,-0.0014279305904256186,0.9598930481283422,748,-0.03406857619750975
MYC,CCND2,1,1,permute_graph,-0.0003255254968771719,-0.0003741000158848818,-0.00027785192679222783,0.6991978609625669,748,0.054002377458560014
MYC,MUC1,1,1,permute_graph,-0.0014808886054464997,-0.0015500050874027705,-0.0014129008081992319,0.9318181818181818,748,-0.2596644762868757
MYC,RARA,1,1,permute_graph,-0.0018818604422454295,-0.0019391719283299094,-0.0018286805186912914,0.9906417112299465,748,-0.09313496820865491
MYC,SOX9,1,1,permute_graph,0.011566700021704781,0.01126218857844721,0.011882262957527647,0.0,748,0.22668310447906015
MYC,CD4,1,1,permute_graph,0.003297721916343187,0.003123576548927896,0.003482873656061924,0.03208556149732621,748,0.05373864071651579
MYC,CD40,1,1,permute_graph,-0.00025666310720032725,-0.0003137533153241672,-0.0001997710924349479,0.6644385026737968,748,0.1411948693827145
MYC,LAPTM4B,0,0,permute_graph,0.00590102325401928,0.005773698981782239,0.006023435949858606,0.0,748,0.33651248217705365
MYC,FGF19,0,0,permute_graph,0.0021889488344328098,0.002125834382305987,0.0022553919817027575,0.0,748,0.19003803123225965
MYC,DNMT3A,0,0,permute_graph,0.00038409462126400283,0.00030840821900888983,0.0004621666486756036,0.3729946524064171,748,0.14926136185691025
MYC,EIF3K,0,0,permute_graph,-8.589176028641402e-05,-0.00013545725777672018,-3.2978749935888307e-05,0.5922459893048129,748,0.17175891044096134
MYC,RSPO2,0,0,permute_graph,0.00024921002066503233,0.00020806897341447156,0.0002952382995069702,0.34893048128342247,748,0.07005157260245078
MYC,RARRES2,0,0,permute_graph,-0.0010705544530296171,-0.001113113957385029,-0.001022035856333848,0.9572192513368984,748,-0.04248214522627181
MYC,CENPF,0,0,permute_graph,-0.00034876407934236547,-0.0004162382378557077,-0.00028006282518825283,0.6831550802139037,748,0.14582918466953781
MYC,INHBA,0,0,permute_graph,-0.001588678121551831,-0.0016515103037283982,-0.0015299235879322813,0.9759358288770054,748,-0.06328427353477133
MYC,MLPH,0,0,permute_graph,-0.0015520026988670255,-0.001607808952076392,-0.001498359163070127,0.9786096256684492,748,-0.27303132408545816
MYC,PABPC1,0,0,permute_graph,0.004568384317830603,0.004454798988774651,0.004681968463152322,0.0,748,0.4175024566541155
MYC,TMEM97,0,0,permute_graph,0.002282964715791398,0.002187441784700499,0.002371076586315016,0.02540106951871658,748,0.2055301448255342
MYC,RPL37,0,0,permute_graph,0.0009369849305394066,0.0008766372789308815,0.0009998722055407291,0.13636363636363635,748,0.2623400078111723
MYC,ZNF83,0,0,permute_graph,-0.00013675484179607105,-0.00018062920558308812,-9.759868421291377e-05,0.6109625668449198,748,0.012058844977439764
MYC,NOTCH3,0,0,permute_graph,-0.000859329283010022,-0.0009093614558667704,-0.0008087583092871764,0.8810160427807486,748,0.19899136466466857
MYC,CST7,0,0,permute_graph,-0.001489699352325111,-0.0015400567340167366,-0.0014406949607427132,0.9786096256684492,748,0.05513623287191446
MYC,C6orf62,0,0,permute_graph,0.0007837002008319986,0.0007303704816720207,0.0008405917901989838,0.16443850267379678,748,0.05629962254435033
MYC,MAPRE1,0,0,permute_graph,0.00018656802141238794,0.00012362495238528342,0.00024254233571999574,0.42780748663101603,748,0.1692209532675299
MYC,PTN,0,0,permute_graph,0.0005410861617797542,0.00047777600191722746,0.0006026378483345494,0.2700534759358289,748,0.21206380975422656
MYC,CHCHD2,0,0,permute_graph,2.3990180824823176e-05,-2.130374518773304e-05,7.217428511060218e-05,0.5053475935828877,748,-0.00283736346182944
MYC,SSH3,0,0,permute_graph,-0.0016656916930942846,-0.0017194390073568021,-0.0016113803695060192,0.9879679144385026,748,-0.13055378665372241
MYC,QSOX1,0,0,permute_graph,-0.00020872106241915566,-0.0002713323933781655,-0.0001417416308389371,0.5989304812834224,748,0.0019946560479224395
MYC,ALDOC,0,0,permute_graph,0.007893329706838198,0.0076784673690289155,0.008104593982184828,0.0,748,0.32510318954507755
MYC,NME4,0,0,permute_graph,-0.0016297072101610155,-0.0016881469391894779,-0.0015714675653155188,0.9759358288770054,748,-0.1767763313164268
MYC,ETV3,0,0,permute_graph,0.001998817230534945,0.0019190741163979776,0.0020910112710201493,0.03877005347593583,748,0.27547162010027215
MYC,TMEM204,0,0,permute_graph,-0.0009639272116018385,-0.0010102406616433518,-0.0009124654990229968,0.9024064171122995,748,-0.006303589132907899
MYC,RSL1D1,0,0,permute_graph,0.002205839854127224,0.0021115699580786735,0.002301000793094692,0.022727272727272728,748,0.360342923137256
MYC,ANLN,0,0,permute_graph,-0.0007589955129801779,-0.0008126992741043552,-0.000700488502952211,0.8556149732620321,748,0.1399146498527373
MYC,ELMO3,0,0,permute_graph,-0.0005976044156201808,-0.000656482601358178,-0.0005393408856449283,0.7954545454545454,748,0.015735804716907796
MYC,KRT5,0,0,permute_graph,-0.00032414471537186727,-0.0003731131981522888,-0.00027324164269447064,0.6671122994652406,748,0.4135860606846253
MYC,MT1E,0,0,permute_graph,0.00105314608194339,0.0009922934123588827,0.0011152793230541187,0.07219251336898395,748,0.26839970206178304
MYC,DLGAP5,0,0,permute_graph,8.433638518234458e-05,3.1281203833995344e-05,0.00014042575208431893,0.4692513368983957,748,0.14511737073451772
MYC,ADAMTS2,0,0,permute_graph,-0.001293144665128069,-0.0013288097181535896,-0.0012569506162920325,0.9933155080213903,748,-0.056343148165081305
MYC,UBE2T,0,0,permute_graph,-0.0009059190402328696,-0.0009604692798153095,-0.0008510362872168659,0.9010695187165776,748,0.08611061912558167
MYC,SFRP4,0,0,permute_graph,-0.0008714803370834733,-0.0009212689358536039,-0.0008202997830766133,0.9157754010695187,748,-0.020395182612425546
MYC,SCNN1A,0,0,permute_graph,-0.0006019106032260399,-0.0006527040042037061,-0.0005533057288743987,0.803475935828877,748,-0.13687592734732365
MYC,DHX9,0,0,permute_graph,-0.00038624538910540297,-0.00045387897405353407,-0.0003189949004901739,0.679144385026738,748,0.21888707167259527
MYC,MT2A,0,0,permute_graph,8.955566078065877e-05,2.4886747613406612e-05,0.00015132992835914549,0.4919786096256685,748,0.22042091959364124
MYC,RUNX1,0,0,permute_graph,-0.00032621550003528274,-0.0003861170574655829,-0.0002708745675921828,0.6470588235294118,748,0.06829023898511304
MYC,WASL,0,0,permute_graph,0.00011528110552459599,6.597231905251679e-05,0.00016610370286629847,0.4625668449197861,748,0.07277086756742598
MYC,CPA3,0,0,permute_graph,-0.0007940539301235271,-0.0008371673556274623,-0.0007482583342645473,0.893048128342246,748,-0.016904470352210425
MYC,RFC4,0,0,permute_graph,0.004521970666485129,0.004391489908348814,0.004645662793273116,0.0,748,0.16124780682634154
MYC,PHGDH,0,0,permute_graph,0.005570302636042212,0.005417479430154131,0.00572687761965598,0.0,748,0.20827511016682704
MYC,RIN2,0,0,permute_graph,-0.0008632036349935373,-0.0009274268327499819,-0.0008023092987431093,0.8516042780748663,748,-0.03896341884247327
MYC,BNIPL,0,0,permute_graph,-0.0010220782028232272,-0.0010922461090656747,-0.0009547816369126001,0.8529411764705882,748,-0.10491936689304499
MYC,SELL,0,0,permute_graph,-0.0003354551293430678,-0.0004035034402706891,-0.0002702664189852473,0.6550802139037433,748,0.05084337156457571
MYC,CALD1,0,0,permute_graph,-0.0005606492641821847,-0.0006154146301238449,-0.0005033518187037653,0.7647058823529411,748,0.15716043099021962
MYC,FOXC1,0,0,permute_graph,0.0014149087172419944,0.0013584978946209866,0.0014702542633809722,0.022727272727272728,748,0.4714475437128321
MYC,FPR3,0,0,permute_graph,-0.0015632336472830132,-0.0016117915267406142,-0.0015154897472179948,0.9893048128342246,748,0.08161278658109301
MYC,PYCARD,0,0,permute_graph,-0.001886638324938502,-0.0019571285744941816,-0.0018195381337061261,0.9665775401069518,748,-0.28359495828712994
MYC,MMP2,0,0,permute_graph,-0.0012923047485646796,-0.0013555606275785668,-0.0012286622400554113,0.9224598930481284,748,-0.04018366720632628
MYC,KCNK1,0,0,permute_graph,-0.0001828154538211922,-0.00023129200406888,-0.0001318684150703473,0.6457219251336899,748,0.07840519385324222
MYC,COPZ2,0,0,permute_graph,-0.0011186942229472407,-0.0011608847797600918,-0.001079950888610881,0.9759358288770054,748,-0.12829069144931823
MYC,RARRES1,0,0,permute_graph,0.00017256907053763204,0.00013095581359537017,0.000217682348901269,0.3983957219251337,748,0.29642882733750875
MYC,C17orf58,0,0,permute_graph,-0.0005758871085304301,-0.0006372399192735874,-0.0005082843231357663,0.803475935828877,748,-0.04187149058884489
MYC,KCTD3,0,0,permute_graph,-0.0008692118254574875,-0.0009256255802940829,-0.0008045958118275012,0.8262032085561497,748,-0.008203365284245152
MYC,CFH,0,0,permute_graph,-0.001057855341560249,-0.0011089738666054216,-0.0010065449717510215,0.929144385026738,748,0.04970935769666702
MYC,IL17RB,0,0,permute_graph,0.001836566242502268,0.001754777905819256,0.0019221840699434885,0.02406417112299465,748,0.21101981446272294
MYC,CLEC2B,0,0,permute_graph,-0.0013665782748812827,-0.0014097398127491006,-0.0013198418401311573,0.9852941176470589,748,-0.033900665526674784
MYC,PLOD2,0,0,permute_graph,6.19705905058744e-05,7.922951833040278e-06,0.00011875422140201545,0.5026737967914439,748,0.18868485658791467
MYC,SLC39A6,0,0,permute_graph,-0.00037884955591590137,-0.00042648146907199667,-0.00033345733265809064,0.7259358288770054,748,-0.08506486255786777
MYC,S100A14,0,0,permute_graph,-0.0017538886652170367,-0.0018267938127393018,-0.0016869775782905382,0.963903743315508,748,-0.07462006411515276
MYC,KRT15,0,0,permute_graph,0.0009371439463155165,0.0008698197392447579,0.0009981783939240797,0.14304812834224598,748,0.2825462907727093
MYC,MNDA,0,0,permute_graph,-0.00181870639694393,-0.0018780342855234666,-0.001760875065473766,0.9786096256684492,748,0.00813305848378742
MYC,SLC2A4RG,0,0,permute_graph,-0.0014628751230394588,-0.001517979581846562,-0.001401225647069605,0.9598930481283422,748,-0.15986219855683417
MYC,CDC6,0,0,permute_graph,0.002475117951209877,0.0023822130720430323,0.0025641883710520045,0.0213903743315508,748,0.14382197179115028
MYC,S100A10,0,0,permute_graph,-0.0012511459910501716,-0.0012970235551426883,-0.0012059005535786237,0.9786096256684492,748,0.09800991160403522
MYC,PAK1,0,0,permute_graph,0.001111656608045061,0.0010604531882729613,0.0011743346935261783,0.053475935828877004,748,0.05733091365339986
MYC,PXMP4,0,0,permute_graph,-0.0006968437015442521,-0.0007366547927000165,-0.0006584006675538548,0.9037433155080213,748,-0.05818629506987414
MYC,PRR15L,0,0,permute_graph,-0.0015590057653124291,-0.0016240030653241842,-0.0015058553896291561,0.9812834224598931,748,-0.222418960681828
MYC,TWIST1,0,0,permute_graph,-0.0005841787555047468,-0.0006196882128391785,-0.0005484375808846154,0.8957219251336899,748,0.12890148945309662
MYC,FGF4,0,0,permute_graph,0.0004404019939160361,0.0004063024623877716,0.00047854978187277815,0.17379679144385027,748,0.015378388227721447
MYC,SND1,0,0,permute_graph,0.0007431157662926665,0.0006663002184431984,0.000814457443008845,0.2446524064171123,748,0.268259002324456
MYC,AZGP1,0,0,permute_graph,-0.0012285835764980115,-0.0012895544129911448,-0.0011708937067565067,0.9264705882352942,748,-0.183333449460078
MYC,RSF1,0,0,permute_graph,0.003091647054497053,0.0029853173055378527,0.003201850293686243,0.008021390374331552,748,0.12858235687645636
MYC,COL10A1,0,0,permute_graph,-0.0016148553857390563,-0.0016643877304117589,-0.0015660477942021792,0.9879679144385026,748,-0.1912315304355151
MYC,PRR14,0,0,permute_graph,-0.0014366671731844932,-0.0014926978151399864,-0.0013817274671690384,0.9652406417112299,748,0.02082789093751681
MYC,CEP55,0,0,permute_graph,-0.0008349116966742585,-0.0008828531221155432,-0.0007887377577023286,0.8997326203208557,748,0.16564893879831627
MYC,NECAB3,0,0,permute_graph,-0.0016981344322678949,-0.0017518429651170793,-0.0016482291289627202,0.982620320855615,748,-0.1467726499552539
MYC,ACTR3B,0,0,permute_graph,0.008704668917251608,0.008456643230350043,0.008982397593941113,0.0,748,0.369770235637222
MYC,ELF3,0,0,permute_graph,-0.0008338134800567031,-0.0008970465657142293,-0.0007698623536379988,0.8475935828877005,748,0.20445005140687264
MYC,CACNG4,0,0,permute_graph,-0.0009860676359684064,-0.0010436402571988553,-0.0009285728909355807,0.9211229946524064,748,-0.049397105783177825
NCOA3,AKT1,1,1,permute_graph,-0.002308176589943801,-0.0023895209978742177,-0.0022334062610493487,0.9866310160427807,748,0.1820088877388996
NCOA3,AR,1,1,permute_graph,0.001039129704836285,0.0009447005387821437,0.0011352807056370865,0.196524064171123,748,0.30658180515972205
NCOA3,BCL2,1,1,permute_graph,0.00020624652779669414,0.00013100108745073643,0.00028396686362770784,0.41310160427807485,748,0.30272860505033644
NCOA3,BRCA1,1,1,permute_graph,0.00893182004204289,0.00875896837186411,0.00909717423811164,0.0,748,0.4837576923665553
NCOA3,CCND1,1,1,permute_graph,-0.000626444160845296,-0.0006860163362263891,-0.0005691949036393598,0.7633689839572193,748,0.3309620825533845
NCOA3,ERBB2,1,1,permute_graph,-0.003292532429910879,-0.0033761714710847804,-0.0032047087316923843,0.9919786096256684,748,0.17577328297504216
NCOA3,ESR1,1,1,permute_graph,0.00038756978031540126,0.0003056142343311536,0.00046774477180473,0.32085561497326204,748,0.25285397245364655
NCOA3,IGF1R,1,1,permute_graph,0.0008430533175424757,0.0007536054557623476,0.0009344868232243341,0.23128342245989306,748,0.36023095401676236
NCOA3,IGFBP3,-1,1,permute_graph,-0.0017948191767971822,-0.001875872800126464,-0.0017143912877463745,0.9679144385026738,748,0.061534300385251185
NCOA3,MMP2,1,1,permute_graph,-0.003296747007332543,-0.0033831950581886534,-0.003208455897005667,0.9986631016042781,748,0.16593924013597208
NCOA3,TP53,1,1,permute_graph,-0.0006448515233502409,-0.000729465207727062,-0.0005624847189351452,0.732620320855615,748,0.07889393031092068
NCOA3,UBE2C,1,1,permute_graph,-0.003183751892146559,-0.0032690655225896185,-0.0031013841891312445,0.9986631016042781,748,0.028065655022078844
NCOA3,S100A6,0,0,permute_graph,-0.004411238609271957,-0.00451930511481155,-0.004302140472167538,1.0,748,-0.29119331756819583
NCOA3,NEK2,0,0,permute_graph,0.002570736244463639,0.0024685379691430707,0.0026758949157392616,0.029411764705882353,748,0.20196740786736914
NCOA3,ECM1,0,0,permute_graph,-4.466542311729851e-05,-0.0001310777389851119,4.1858518810331947e-05,0.49064171122994654,748,0.08101170881594388
NCOA3,FOXC1,0,0,permute_graph,-0.0031285777434859417,-0.003228982631156534,-0.0030294447337732115,0.9946524064171123,748,-0.07718676845524991
NCOA3,ZEB2,0,0,permute_graph,0.009553629636752905,0.009263301213632367,0.009843586137580126,0.0,748,0.48627812674024345
NCOA3,LAPTM4B,0,0,permute_graph,0.000647366945233377,0.0005541830929297112,0.0007418713519947766,0.2967914438502674,748,0.24523860992329696
NCOA3,SELENBP1,0,0,permute_graph,-0.0022335842785088473,-0.002320557306148152,-0.002147819632677812,0.982620320855615,748,-0.03230299090595692
NCOA3,VEZF1,0,0,permute_graph,0.006631082867491331,0.006408095965510541,0.006873682227312317,0.004010695187165776,748,0.6175741283605395
NCOA3,LOX,0,0,permute_graph,0.008722483881466164,0.008512390549943651,0.00891843248685571,0.001336898395721925,748,0.3648234826515639
NCOA3,ELOVL2,0,0,permute_graph,-0.0013862168024179528,-0.0014654073176229843,-0.0013068656663258046,0.8903743315508021,748,0.22945612512235244
NCOA3,NUSAP1,0,0,permute_graph,-0.00281240018943753,-0.0029085602604320476,-0.0027168553661745557,0.9866310160427807,748,-0.007072247244226533
NCOA3,RAB25,0,0,permute_graph,-0.002326001092266962,-0.002406958647750056,-0.0022458433582316323,0.9893048128342246,748,-0.20644047962725784
NCOR1,AR,1,1,permute_graph,-0.000408848494776056,-0.0005045115645790555,-0.0003247727260347121,0.6336898395721925,748,0.38216797264931285
NCOR1,CCND1,1,1,permute_graph,0.0058417056728679,0.005687324319442789,0.005991850887824086,0.0,748,0.3863155441210377
NCOR1,CD44,1,1,permute_graph,0.009785473509816164,0.009527474921091903,0.010052758110942377,0.0,748,0.300755767191052
NCOR1,ESR1,-1,1,permute_graph,0.0017961344209378456,0.0017140896273893091,0.001870060006070236,0.02807486631016043,748,0.3710656366425126
NCOR1,IGFBP3,-1,1,permute_graph,-0.000498581370056578,-0.0005672984719768223,-0.0004343731138087819,0.7245989304812834,748,0.0008097904996108034
NCOR1,MMP2,1,1,permute_graph,-0.002060491633609789,-0.00213606544678372,-0.0019807000495198753,0.9893048128342246,748,0.08787178873350938
NCOR1,MYBL2,1,1,permute_graph,-0.0023055122202385136,-0.0023993122562913,-0.0022020826206918987,0.9799465240641712,748,-0.216013511303928
NCOR1,NCOA3,1,1,permute_graph,0.008655089484494503,0.008447310770557796,0.008864809204312745,0.0,748,0.5921374968183422
NCOR1,PGR,1,1,permute_graph,0.003364588558149265,0.0032273464134554833,0.0034974426400778014,0.017379679144385027,748,0.38630288438127725
NCOR1,RB1,1,1,permute_graph,0.014175110223326239,0.013805768954431273,0.014554189356208285,0.0,748,0.5369471001388446
NCOR1,SIAH2,1,1,permute_graph,0.002332256849458418,0.0022267975800294264,0.0024419942467318635,0.03342245989304813,748,0.27356315590285
NCOR1,SNAI2,-1,1,permute_graph,0.003870190250763666,0.003729239445920108,0.004013507290585165,0.020053475935828877,748,0.21904130519350054
NCOR1,PDK4,-1,1,permute_graph,0.0002453636418722578,0.000163455876780536,0.0003329297997306028,0.44385026737967914,748,0.2774674230790063
NCOR1,RGS5,0,0,permute_graph,0.02064859740076663,0.02029736558578862,0.021024051905088183,0.0,748,0.36282640109713105
NCOR1,GCC1,0,0,permute_graph,0.011156823824876967,0.010891557165452467,0.011452181977450217,0.0,748,0.48461539244539314
NCOR1,SQLE,0,0,permute_graph,0.002393098895972572,0.0023051278941811004,0.002478306975880548,0.02540106951871658,748,0.10505438932285405
NCOR1,KIF2C,0,0,permute_graph,-0.000991303288027539,-0.00105694836885324,-0.0009259458716036175,0.8649732620320856,748,-0.12333351311473807
NCOR1,FZD6,0,0,permute_graph,0.0049318772665957085,0.004801751940246379,0.005062202293549894,0.00267379679144385,748,0.3235158062979519
NCOR1,S100A14,0,0,permute_graph,-0.002799486239986916,-0.0028830688056084067,-0.0027096251100231193,0.9959893048128342,748,-0.06848269397531867
NCOR1,RAD51,0,0,permute_graph,-0.00013394900211655914,-0.00020646953027394062,-6.219930899409881e-05,0.570855614973262,748,-0.07788225186621058
NCOR1,MGP,0,0,permute_graph,-0.0007478498902301337,-0.0008335911467050511,-0.0006585441527042758,0.7245989304812834,748,0.04163373183157654
NCOR1,LY96,0,0,permute_graph,-0.0032612311816898804,-0.003353371176703288,-0.0031775688297785948,0.9986631016042781,748,-0.09562187330977792
NCOR1,PLK1,0,0,permute_graph,-0.0006963887241952878,-0.0007691468408926012,-0.0006201342949390568,0.7794117647058824,748,-0.12887221404412763
NCOR1,SEC62,0,0,permute_graph,0.0100789349929159,0.009855029951925673,0.010298610715670328,0.0,748,0.4889727225228045
NCOR1,HTATIP2,0,0,permute_graph,0.00591060952686019,0.005769873384579081,0.006041324849464805,0.0,748,-0.05806807475935885
NCOR1,SLC7A2,0,0,permute_graph,0.004189332683965789,0.004080772889504516,0.004302426963303124,0.001336898395721925,748,0.3723337406944843
PGR,BCL2,1,1,permute_graph,0.012955203150488676,0.012549578106645478,0.013340715250546534,0.0,748,0.5939232076169517
PGR,CCND1,1,1,permute_graph,0.00479830234695837,0.0046855051427479475,0.004908202481054562,0.0,748,0.4448937753145115
PGR,CDKN1B,1,1,permute_graph,0.006468625138920471,0.006298757296208285,0.006653725052833035,0.0,748,0.3608173639997891
PGR,E2F1,1,1,permute_graph,-0.0014022283546988484,-0.0014887049731953288,-0.0013256301188211874,0.9224598930481284,748,-0.3922674839447425
PGR,EGFR,1,1,permute_graph,-0.0013652401674147056,-0.001412268718945297,-0.0013175435757723938,0.9759358288770054,748,-0.12152766144195222
PGR,ERBB2,-1,1,permute_graph,-0.00043023189831917024,-0.0005102090779862103,-0.00035848819695532836,0.6229946524064172,748,0.19187723068642468
PGR,ESR1,1,1,permute_graph,0.015400092420209722,0.015036707175718146,0.015773222139644737,0.0,748,0.5699559757043635
PGR,IGF1R,1,1,permute_graph,0.017361792375137713,0.016943401762199467,0.01776627927798709,0.0,748,0.5515329114352974
PGR,IGFBP5,1,1,permute_graph,0.0013392066695924966,0.001275725829725879,0.0013969496300611276,0.029411764705882353,748,0.23942495524980484
PGR,MMP2,-1,1,permute_graph,-0.000573447066917019,-0.0006206038291026533,-0.0005262136279249234,0.8235294117647058,748,0.22786139767875405
PGR,MYC,-1,1,permute_graph,0.0011766633669615004,0.001099151583864069,0.0012635935921918805,0.12165775401069519,748,-0.015431295139479813
PGR,RB1,1,1,permute_graph,0.004971785434860397,0.004855765456139937,0.005079121198955468,0.001336898395721925,748,0.40266938693814813
PGR,SERPINB5,1,1,permute_graph,-0.0008548900717454373,-0.0009134232449953717,-0.0008024848479575862,0.8716577540106952,748,-0.09306543853674831
PGR,SERPINE1,1,1,permute_graph,-0.0005321785861148151,-0.0005755500733784313,-0.0004896758318631341,0.8409090909090909,748,0.12462150654629071
PGR,VEGFA,-1,1,permute_graph,0.0012267464195808095,0.0011636447826891794,0.0012869256513783416,0.05614973262032086,748,-0.10273327743813619
PGR,ZEB1,1,1,permute_graph,0.0005929467699087084,0.0005436489363088904,0.0006474091919261876,0.23128342245989306,748,0.37540304135811897
PGR,SLPI,1,1,permute_graph,-0.000637641197457286,-0.0006976356244012684,-0.0005812793311645551,0.7994652406417112,748,-0.2813473730860432
PGR,IGFBP4,1,1,permute_graph,0.013293815938649624,0.013049782958406078,0.013552839251190722,0.0,748,0.5429949861272624
PGR,ID4,1,1,permute_graph,0.0008316629694910861,0.0007627884096485926,0.0008977071472124876,0.1711229946524064,748,-0.008701893410081556
PGR,CRABP2,1,1,permute_graph,0.0004809903053553531,0.0004088763313095292,0.0005470134164490975,0.29411764705882354,748,-0.0009403829428644288
PGR,GAPDH,-1,1,permute_graph,-0.0013187687141810837,-0.0013874294409877423,-0.0012512029014947403,0.9425133689839572,748,-0.21749206752156852
PGR,MUC1,1,1,permute_graph,0.004762834595863289,0.004678348084179595,0.004851176999139961,0.0,748,0.36252712249536223
PGR,STC1,1,1,permute_graph,0.010953655074402,0.010749536862506808,0.011149864529484447,0.0,748,0.32973374580885506
PGR,LY96,0,0,permute_graph,-0.0005598148866432075,-0.0006114245774000291,-0.0005122567064945572,0.7967914438502673,748,-0.036853712882575475
PGR,WASL,0,0,permute_graph,0.008337663660081577,0.008155379371907238,0.00853277250117213,0.001336898395721925,748,0.4169050783467393
PGR,AR,0,0,permute_graph,0.005339516705041503,0.005222045987856505,0.005469486684574324,0.0,748,0.5347321990273141
PGR,NME4,0,0,permute_graph,0.0008177912195583339,0.0007347249497425845,0.0008970210752317106,0.20989304812834225,748,0.12294000555960403
PGR,DNMT3B,0,0,permute_graph,0.0018195456143305926,0.0017527322703899833,0.0018837177051024172,0.022727272727272728,748,-0.3270122866403915
PGR,CTHRC1,0,0,permute_graph,-0.001921611997413444,-0.0019745898522177644,-0.0018635682010738441,0.9946524064171123,748,0.08508677137624461
PGR,RAB4A,0,0,permute_graph,0.002242321026745565,0.002156451828505947,0.002330015333088814,0.02807486631016043,748,0.11168328066495445
PGR,LGALS3BP,0,0,permute_graph,5.406695409759251e-05,8.864487054859042e-06,0.00010416327256550725,0.46524064171123,748,-0.022316292375699036
PGR,CA12,0,0,permute_graph,0.006250525714701735,0.006100108803090319,0.006392928760709597,0.0,748,0.6262274570472071
PGR,ALDOC,0,0,permute_graph,-0.0009654621136708463,-0.0010185348073075788,-0.0009051366095221978,0.8957219251336899,748,-0.1040060703609683
PGR,LAMB3,0,0,permute_graph,-0.0002402615799434131,-0.0003138651530814092,-0.00017102709353703107,0.5855614973262032,748,0.10724194940913782
PGR,ANLN,0,0,permute_graph,-0.0006709923097405584,-0.0007283598502569539,-0.0006192087812140417,0.8302139037433155,748,-0.28027659843417285
PGR,OLR1,0,0,permute_graph,4.366760593698622e-06,-4.860917012370603e-05,5.398110837784458e-05,0.46524064171123,748,0.09400209562907443
PGR,BBC3,0,0,permute_graph,0.0030343757506954665,0.0029141005497021555,0.003162541465326204,0.02807486631016043,748,0.18850881081606274
PGR,CPA3,0,0,permute_graph,0.008794445466414532,0.008631576182841159,0.008954336415079202,0.0,748,0.42897868836826214
PGR,VIM,0,0,permute_graph,-0.0015141388459077984,-0.0015658252992251807,-0.0014626179714131017,0.983957219251337,748,-0.05051856220490235
PGR,ADAMTS2,0,0,permute_graph,-0.002239929388962859,-0.002295261101676658,-0.0021901604671462046,0.9973262032085561,748,0.16958647185883663
PGR,TM4SF18,0,0,permute_graph,0.004733687628404222,0.004636289734004684,0.004830696513701384,0.0,748,0.10823049066993237
PGR,ATP6V1B2,0,0,permute_graph,-0.0007672314257352692,-0.0008276630013111605,-0.0007091877598617618,0.8382352941176471,748,0.16585192282457079
PGR,S100A9,0,0,permute_graph,-0.0008371995092135533,-0.0008915234426625389,-0.0007799969630931378,0.8823529411764706,748,-0.32278724440565326
PGR,JUP,0,0,permute_graph,-0.0009128299586594428,-0.0009836225208839664,-0.0008422507021954661,0.8275401069518716,748,0.20658343614075042
PGR,CACNG4,0,0,permute_graph,0.0005157302556652408,0.00046199116057761173,0.0005706982310270351,0.22593582887700533,748,0.35706510803160363
PGR,C1orf115,0,0,permute_graph,0.007352899203870491,0.007186034813414555,0.00753347219058969,0.0,748,0.15857184973058208
PITX2,CHEK2,1,1,permute_graph,0.0006196959238041205,0.0005543210286302182,0.0006771707822871255,0.22727272727272727,748,-0.014228770485436311
PITX2,GSTP1,1,1,permute_graph,0.0004327742113945956,0.0003656001208157489,0.0004996310115157694,0.3155080213903743,748,0.18690478620025233
PITX2,IGF1R,1,1,permute_graph,-0.0005153062130422505,-0.000560516396648653,-0.00046804865005213803,0.7954545454545454,748,-0.006002177348398537
PITX2,MAP2K4,1,1,permute_graph,-0.0011309974463307917,-0.0011836013636085303,-0.0010767458634936202,0.9545454545454546,748,0.015854487815000685
PITX2,RGS2,1,1,permute_graph,0.00031831779632611104,0.0002659189203378873,0.0003757102234968028,0.3302139037433155,748,0.24940153671138643
PITX2,PLOD2,1,1,permute_graph,0.001872479792687636,0.001787379231586564,0.001968407284469656,0.06684491978609626,748,0.2098779171378037
PITX2,CHI3L1,1,1,permute_graph,-0.00013322971691501843,-0.0002171183264782764,-4.518648542699368e-05,0.5334224598930482,748,0.1185241212771047
PITX2,CD9,1,1,permute_graph,-0.000248178070678365,-0.0003094423650108179,-0.00018863336402991844,0.6457219251336899,748,0.04987907439131001
PITX2,INHBA,1,1,permute_graph,0.0016042180478476563,0.0015307967505088253,0.0016792535625861748,0.06149732620320856,748,0.3571750449460942
PITX2,CCND2,1,1,permute_graph,0.002867829473689198,0.002774657628771021,0.0029581669776182888,0.00267379679144385,748,0.3512499700005954
PITX2,CMTM3,0,0,permute_graph,0.01277203517322679,0.012469882366503546,0.013072824369881088,0.0,748,0.4623942464085232
PITX2,TPD52,0,0,permute_graph,-6.590592284784808e-05,-0.000122682695275376,-1.100561798196605e-05,0.5187165775401069,748,-0.16966307084402873
PITX2,ERBB3,0,0,permute_graph,-0.0018995034478525115,-0.0019470975885062718,-0.001854185847433345,0.9986631016042781,748,-0.020469437622176293
PITX2,EIF3K,0,0,permute_graph,-0.00041518162798182874,-0.0004699095799149803,-0.00035470906047834307,0.7566844919786097,748,0.08216395281614529
PITX2,CST1,0,0,permute_graph,0.0012826983175703635,0.0012206728117824354,0.0013410610444488924,0.034759358288770054,748,0.07257423100279939
PITX2,MAGEF1,0,0,permute_graph,-0.0010052759131439915,-0.0010660291428772357,-0.0009406109627335424,0.8863636363636364,748,-0.068455702892482
PITX2,METRN,0,0,permute_graph,-0.0010968809875571677,-0.001142723750306043,-0.0010500906146780579,0.9679144385026738,748,-0.12181773473661119
PITX2,BIRC5,0,0,permute_graph,0.0008379558887359231,0.0007839902472230328,0.0008942012827234992,0.11497326203208556,748,-0.12586481116911832
PITX2,FGF4,0,0,permute_graph,0.0008865185469594817,0.0008416835721598777,0.0009313981452958459,0.02807486631016043,748,-0.025062522514789617
PITX2,FGFR4,0,0,permute_graph,-0.00017581859610994713,-0.00021486107558082635,-0.00013110482851508217,0.6991978609625669,748,0.04824257605092691
RB1,BIRC5,1,1,permute_graph,-0.0018859057712954678,-0.001946613313696627,-0.001827798441796167,1.0,748,-0.24325040710488663
RB1,BRCA1,-1,1,permute_graph,0.0034493398582048167,0.003378146018233414,0.003518167169646978,0.0,748,0.29143716132610875
RB1,CDH1,1,1,permute_graph,0.001411537542306684,0.0013650255660180325,0.0014611064704984208,0.022727272727272728,748,0.29612999451451666
RB1,DNMT3A,-1,1,permute_graph,9.572492740590154e-05,3.166913561736271e-05,0.00015122337033557002,0.44786096256684493,748,0.021927926623552436
RB1,E2F1,-1,1,permute_graph,-0.00207224101365217,-0.00214788234593229,-0.0019999926749956374,0.9919786096256684,748,-0.35477563495738446
RB1,FGFR1,-1,1,permute_graph,0.002039573225524748,0.0019702754740604515,0.0021067062332257532,0.0106951871657754,748,0.243748230680015
RB1,MYC,-1,1,permute_graph,-0.0005267994815347561,-0.0005876574304721404,-0.00046376060242698315,0.7299465240641712,748,-0.008643413963429594
RB1,VEGFA,1,1,permute_graph,0.0011663787292711671,0.0011062459208877645,0.0012238003972346308,0.0855614973262032,748,0.0353886075419819
RB1,NEK2,0,0,permute_graph,0.0006181876270976998,0.0005556040750777025,0.000678613332250451,0.20855614973262032,748,-0.00608955754892452
RB1,RAD51,0,0,permute_graph,-0.0007349631664012816,-0.0007783672471878113,-0.0006884965776296079,0.8850267379679144,748,-0.11525892113980322
RB1,TWIST1,0,0,permute_graph,-0.001369490246695205,-0.0014176872398597618,-0.0013186421276505118,0.9879679144385026,748,0.06255053843097055
RB1,NDUFS6,0,0,permute_graph,-0.003512708217016822,-0.003621113147240452,-0.0034081546895317204,0.9986631016042781,748,-0.4424583808198531
RB1,SDCBP,0,0,permute_graph,0.006162451167172569,0.006010049019649471,0.006312272668732728,0.0,748,0.34356553320369
RB1,ASAP1,0,0,permute_graph,0.003738770500006429,0.003660533821453887,0.0038177272996588385,0.001336898395721925,748,0.4214601708060977
RB1,FXYD5,0,0,permute_graph,-0.0017875242015054694,-0.0018622195013267941,-0.0017123907540033355,0.9585561497326203,748,-0.11095144878436373
RB1,SELL,0,0,permute_graph,-0.0003264009113358776,-0.00039290327019325417,-0.0002585659493949953,0.6390374331550802,748,0.14194269593845343
RBBP8,ATM,1,1,permute_graph,0.0021068190859876395,0.0020417546354248323,0.002178332280768528,0.00267379679144385,748,0.34036378036601517
RBBP8,DNMT3A,0,0,permute_graph,0.0036264822098265492,0.0035390166619407863,0.0037144305770025624,0.0053475935828877,748,0.07842896455651874
RUNX1,BCL2,1,1,permute_graph,0.0022273150833785095,0.0021385999235350285,0.002315664531554322,0.01871657754010695,748,0.33837187449792655
RUNX1,BIRC5,1,1,permute_graph,-0.0009264421128002193,-0.0009912060385170668,-0.0008668537546238083,0.8957219251336899,748,-0.3237633162879581
RUNX1,CD44,1,1,permute_graph,0.0018618207092026718,0.0017979702369912587,0.0019264973252023944,0.0066844919786096255,748,0.30328810440350606
RUNX1,CDH1,1,1,permute_graph,0.0007314087286817306,0.0006794413215038327,0.0007823499121538027,0.14705882352941177,748,0.09186035532432665
RUNX1,CDK4,1,1,permute_graph,0.0004968582071885201,0.00041278155878831144,0.0005814298268767824,0.32887700534759357,748,0.1409339979453308
RUNX1,CDK6,1,1,permute_graph,0.0001372739436924974,8.292952506577221e-05,0.00018994521092662375,0.4585561497326203,748,0.20507200625283747
RUNX1,CDKN1B,-1,1,permute_graph,0.002229024855786879,0.0021205677531641776,0.0023303008925988555,0.05213903743315508,748,0.3151081152895999
RUNX1,CDKN2A,1,1,permute_graph,-0.0004109136207832713,-0.00046752328131349443,-0.00034739854803463087,0.7473262032085561,748,-0.15695463084289396
RUNX1,FGFR1,1,1,permute_graph,0.0022801153563085873,0.002218491964659749,0.0023480517952972724,0.004010695187165776,748,0.28352103859631494
RUNX1,GATA3,1,1,permute_graph,0.0013299734082650684,0.001270020223629814,0.001398708172591357,0.058823529411764705,748,0.20463849213923727
RUNX1,IGFBP3,-1,1,permute_graph,-0.00043577718836506106,-0.000490181637344153,-0.0003800188552973384,0.7459893048128342,748,0.26927503965728333
RUNX1,MYC,-1,1,permute_graph,0.0009742620814867218,0.0009091549709629347,0.0010368177041709381,0.11229946524064172,748,0.06829023898511304
RUNX1,NF1,-1,1,permute_graph,0.0017342025450216652,0.0016681313784622847,0.0018023149472623542,0.04144385026737968,748,0.49175567494914146
RUNX1,PTEN,1,1,permute_graph,0.006160388079948339,0.006025514794445518,0.006285768307783017,0.0,748,0.5152006611367971
RUNX1,SFRP1,1,1,permute_graph,0.0005434485870362024,0.00047214277910397474,0.000610141922506454,0.26336898395721925,748,0.21601528904671166
RUNX1,TP53,1,1,permute_graph,0.002091258792032333,0.002014069706132037,0.0021689929496449176,0.016042780748663103,748,0.1350207103807067
RUNX1,VEGFA,-1,1,permute_graph,0.00038513887881960426,0.0003257522642881823,0.00044389137586930825,0.2887700534759358,748,0.1656650376521615
RUNX1,AQP1,1,1,permute_graph,0.0025002504171846747,0.0024035746483451817,0.002604532866723588,0.0106951871657754,748,0.2844566474059708
RUNX1,CCND2,1,1,permute_graph,0.0016677701565621299,0.001612342590589198,0.0017273614269705346,0.014705882352941176,748,0.353410130339584
RUNX1,CD4,-1,1,permute_graph,0.00042813512411154445,0.00037556333666888817,0.00048306532565121576,0.30213903743315507,748,0.06994936092548773
RUNX1,HOXB2,0,0,permute_graph,0.0031585665719762917,0.0030682475148258582,0.003255071581099363,0.004010695187165776,748,0.2000404178418048
RUNX1,HOXB13,0,0,permute_graph,-0.001520139306581142,-0.0015875504960126692,-0.0014511500489765208,0.9545454545454546,748,-0.22809222141517224
RUNX1,RSF1,0,0,permute_graph,0.0017834880936279923,0.0017063315890467133,0.0018649888192787002,0.04679144385026738,748,0.4403679448692147
RUNX1,ECH1,0,0,permute_graph,0.0005751599584674579,0.0004933461875267941,0.0006662921292353294,0.30080213903743314,748,-0.14992461653873657
RUNX1,SFRP2,0,0,permute_graph,-1.4092334390097902e-05,-7.155694105660771e-05,4.364035784456958e-05,0.5267379679144385,748,0.4999116433175926
RUNX1,FSCN1,0,0,permute_graph,-0.0005853352155171191,-0.0006532779678778296,-0.0005113797081659729,0.7553475935828877,748,0.07643921107561263
RUNX1,ESR1,0,0,permute_graph,0.0029484136342178904,0.0028534108837504103,0.0030518623837259475,0.008021390374331552,748,0.18883711165316971
RUNX1,MMP9,0,0,permute_graph,-0.0010123272411485397,-0.0010754018839271879,-0.0009477357442999985,0.8770053475935828,748,-0.019482512272804835
RUNX1,TBC1D20,0,0,permute_graph,0.0026448100908209493,0.002554034412748874,0.0027279689708741613,0.014705882352941176,748,0.44602137873298375
RUNX1,ARID1A,0,0,permute_graph,0.002244225345965336,0.002165291948106394,0.00232444044027632,0.026737967914438502,748,0.5221202667634905
RUNX1,ID4,0,0,permute_graph,0.0016253484578623901,0.0015312594249390096,0.0017106859144462537,0.07754010695187166,748,0.27175599436937253
RUNX1,ADAMTS12,0,0,permute_graph,0.004023778033500899,0.003925470801871543,0.00412769517863797,0.0,748,0.5325172805914905
RUNX1,CD40,0,0,permute_graph,0.000987628324217962,0.0009019896835184187,0.0010707277916608391,0.16176470588235295,748,0.05949134506642615
RUNX1,CST1,0,0,permute_graph,0.0028504935409060274,0.0027769997396202154,0.0029283517106312097,0.004010695187165776,748,0.10892004030748156
RUNX1,TUBB2A,0,0,permute_graph,0.0014592370762508001,0.0013807562781913275,0.0015369023383307021,0.0855614973262032,748,0.10394266928705949
RUNX1,RUNDC1,0,0,permute_graph,0.0016039421624601984,0.0015204783433597176,0.0016905249923707517,0.09491978609625669,748,0.35253469238136226
RUNX1,CCNE2,0,0,permute_graph,-0.00012208120337124623,-0.00018377485961251623,-6.0581739034432936e-05,0.5521390374331551,748,0.06309890129331218
RUNX1,RIN2,0,0,permute_graph,0.004145767634365968,0.004033445708945257,0.004264292046940287,0.004010695187165776,748,0.5486959726413417
RUNX1,RSL1D1,0,0,permute_graph,0.002031312477168978,0.0019528763948841378,0.002106079411143628,0.029411764705882353,748,0.230752013573238
RUNX1,GSTP1,0,0,permute_graph,-0.0007323552124740124,-0.0007948557808594735,-0.0006744612368764168,0.8128342245989305,748,-0.04308348105085356
SMAD3,AR,1,1,permute_graph,0.00397469841803751,0.0038655548120488576,0.004069668615361178,0.001336898395721925,748,0.37513859135691435
SMAD3,BBC3,1,1,permute_graph,0.00012135025123781741,4.2369784351519214e-05,0.00019559385614808356,0.5187165775401069,748,0.0354034462131416
SMAD3,BCL2,-1,1,permute_graph,0.005629794505290328,0.005476732469028327,0.005777344898522647,0.0,748,0.5306426116469234
SMAD3,BIRC5,1,1,permute_graph,-2.9512348920172636e-05,-9.303977301799856e-05,3.7579011539771316e-05,0.5334224598930482,748,-0.18507366023408847
SMAD3,CCND1,1,1,permute_graph,0.004844211003807028,0.004728796067931412,0.004947947662501347,0.0,748,0.5007452326315464
SMAD3,CDH1,-1,1,permute_graph,0.0020286170424189615,0.0019683917048530413,0.002090200380772459,0.00267379679144385,748,0.1745148131418888
SMAD3,CDKN1B,1,1,permute_graph,0.004811134217713699,0.0046773067977764595,0.004963655062533422,0.0,748,0.38205658859135877
SMAD3,CDKN2A,1,1,permute_graph,-0.0007291191027195935,-0.0008054614742940175,-0.0006515283453541371,0.7754010695187166,748,-0.2388470690032152
SMAD3,ESR1,-1,1,permute_graph,0.007471896223798594,0.007286822523324296,0.007648049686183953,0.0,748,0.43335043120440897
SMAD3,F12,1,1,permute_graph,-0.0004673704850269932,-0.0005451130822783169,-0.00038320410654173767,0.696524064171123,748,-0.1941303980621228
SMAD3,MDM2,1,1,permute_graph,0.005664877664321061,0.005537232696549775,0.005783870665921162,0.0,748,0.4926169805100684
SMAD3,MMP2,1,1,permute_graph,0.00040049846732321447,0.00034472881254794807,0.0004509785989176544,0.28609625668449196,748,0.20990574321876437
SMAD3,MMP9,1,1,permute_graph,-0.0005725644024191905,-0.0006423959909901332,-0.0005032577256920264,0.7540106951871658,748,-0.0710460269929593
SMAD3,MYC,-1,1,permute_graph,0.0036569959368247954,0.0035688599716689777,0.003746133928390347,0.001336898395721925,748,0.07815071857939315
SMAD3,NOTCH3,1,1,permute_graph,0.0006698009657213686,0.0005936642118552026,0.0007407226664445378,0.2179144385026738,748,0.27290711343483437
SMAD3,PLAU,1,1,permute_graph,-0.0009483451755807043,-0.0010116016984066001,-0.0008811725065159438,0.8770053475935828,748,0.018567204138516324
SMAD3,SERPINB5,1,1,permute_graph,-0.0001771888798584174,-0.00025109502498090375,-9.568248057834338e-05,0.5427807486631016,748,0.005932027407607662
SMAD3,SERPINE1,1,1,permute_graph,0.0007887392039219853,0.0007423456347051088,0.0008393983857697053,0.09759358288770054,748,0.24516841775762005
SMAD3,TGFB1,1,1,permute_graph,0.0005377021521900968,0.0004622241892673854,0.0006073128026708841,0.2887700534759358,748,0.20526609415081984
SMAD3,VEGFA,1,1,permute_graph,0.0021719736616092333,0.0020952159455402985,0.0022496472094593978,0.013368983957219251,748,0.06530191075519172
SMAD3,COL1A2,1,1,permute_graph,0.00011848419487190844,6.249399186293063e-05,0.0001726109287020904,0.42914438502673796,748,0.24798568125697423
SMAD3,ELN,1,1,permute_graph,-0.0002648275317341992,-0.00033034680540085714,-0.00019746865219840706,0.6377005347593583,748,0.16945022473679155
SMAD3,COL1A1,1,1,permute_graph,0.0011633564382725109,0.0010990191501010797,0.001228500787926582,0.05481283422459893,748,0.1929311385321241
SMAD3,CLDN3,-1,1,permute_graph,6.835840172640842e-06,-5.838802576549766e-05,7.498605894182136e-05,0.5200534759358288,748,-0.1769537901862693
SMAD3,ID1,1,1,permute_graph,0.0001652947085396572,9.436119434862817e-05,0.0002369568676763727,0.4411764705882353,748,0.08293634473781118
SMAD3,CCND2,1,1,permute_graph,0.0007089615599443187,0.0006583877493575066,0.0007677144265659777,0.13903743315508021,748,0.23497022607017193
SMAD3,SFRP4,0,0,permute_graph,-0.0001263416133598552,-0.00018280437694171057,-7.266194805641521e-05,0.6203208556149733,748,0.23493325188786426
SMAD3,MKI67,0,0,permute_graph,0.0011732607776524888,0.0011068534112428324,0.0012374144501933488,0.07887700534759358,748,0.02327693215046918
SMAD3,TSPYL5,0,0,permute_graph,0.00020007871729678798,0.00013904539415232782,0.00026233093242398624,0.42780748663101603,748,-0.02924500117549657
SMAD3,PTN,0,0,permute_graph,0.0016571006799488601,0.001582087326482347,0.0017341655429470115,0.034759358288770054,748,0.23827436172278388
SMAD3,HOXB2,0,0,permute_graph,0.003560508222156495,0.0034550962561885486,0.003654383832178745,0.001336898395721925,748,0.11910758919243655
SMAD3,CALD1,0,0,permute_graph,-0.00021031048122308724,-0.00028423038435811197,-0.00014169607054896255,0.5561497326203209,748,0.27178937005599346
SMAD3,ENPP2,0,0,permute_graph,0.001628901627754757,0.0015569370244600633,0.0017095561346187349,0.02540106951871658,748,0.27158924885966046
SMAD3,SCUBE2,0,0,permute_graph,0.005269350987234868,0.005149872928926076,0.005380134968888704,0.0,748,0.4009932764908688
SMAD3,CLEC2B,0,0,permute_graph,-0.0001966704347597534,-0.0002532737535995599,-0.00013954297847877263,0.6564171122994652,748,0.07947811895433055
SMAD3,CHI3L1,0,0,permute_graph,-0.0002387280521562405,-0.00032176305435422623,-0.00015506357351029995,0.5922459893048129,748,-0.08488234224604665
SMAD3,MAP3K1,0,0,permute_graph,0.004893517208247446,0.004803544574426718,0.004977204830145237,0.0,748,0.4534281751455403
SMAD3,RIN2,0,0,permute_graph,0.0017455173155405753,0.001655308145664692,0.0018301886734156314,0.07620320855614973,748,0.3044511782663951
SMAD3,SFRP1,0,0,permute_graph,0.0013363229094235866,0.0012408218239158054,0.001434423322086936,0.0962566844919786,748,0.06419116653087245
SMAD3,RSL1D1,0,0,permute_graph,0.0025521922100803503,0.0024648476211410575,0.002639034206372206,0.02540106951871658,748,0.1447598437272361
SMAD3,RHOD,0,0,permute_graph,-0.0003239078748117929,-0.00039196198760928675,-0.0002593576506281589,0.6590909090909091,748,0.019147551129243705
SMAD3,RRM2,0,0,permute_graph,0.0019766719286776614,0.0019044184519188426,0.0020505291893847914,0.0066844919786096255,748,-0.10191997078079064
SMAD3,SLC2A4RG,0,0,permute_graph,-0.0002729502355483981,-0.0003413033174017169,-0.00020584203593379777,0.6550802139037433,748,-0.01958232392669426
SMAD3,TOP2A,0,0,permute_graph,0.002270567123097518,0.0021988993765057496,0.0023418542416776657,0.008021390374331552,748,0.08221093967267225
SMAD3,FPR3,0,0,permute_graph,-0.0009034095254416253,-0.0009653823950088035,-0.0008382602363456284,0.8542780748663101,748,0.03565237295540587
SMAD3,OLR1,0,0,permute_graph,0.001128354550583318,0.0010686525193797586,0.0011908440609595776,0.07887700534759358,748,0.08281986076460458
SMAD3,DNMT3A,0,0,permute_graph,0.0018809583213233423,0.0018067952867258277,0.001955325975370843,0.03342245989304813,748,0.13835413577913272
SMAD3,RAD51,0,0,permute_graph,0.00041595221531980867,0.0003465065896243805,0.00048588497488246676,0.3382352941176471,748,-0.1376024096328541
SMAD3,INHBA,0,0,permute_graph,-0.00025306215577006793,-0.00032383703211871903,-0.0001764887910630501,0.606951871657754,748,0.20623629726803877
SMAD3,AKT1,0,0,permute_graph,0.0013169568044062096,0.0012383717772677049,0.0013950999487550857,0.11898395721925134,748,0.24003125730541164
SMAD3,NDRG1,0,0,permute_graph,-0.0006026062701036905,-0.0006573495462805759,-0.0005501716683034363,0.8342245989304813,748,-0.017690805632015222
SMAD3,RASSF1,0,0,permute_graph,0.0006372687262408233,0.0005522763131766578,0.0007206621577148951,0.3155080213903743,748,0.08022887119040838
SMAD4,AGR2,1,1,permute_graph,-0.001416454716866134,-0.0014765892990320276,-0.0013540055429722283,0.9692513368983957,748,0.0903599697574414
SMAD4,AR,-1,1,permute_graph,-0.00046185943009182507,-0.0005395309677793287,-0.0003794679643576729,0.6270053475935828,748,0.24354552848730304
SMAD4,BBC3,1,1,permute_graph,-0.0025578331891214882,-0.0026269329041981354,-0.0024838532885686367,0.9933155080213903,748,-0.14499559743433296
SMAD4,BCL2,1,1,permute_graph,0.005013595520536982,0.004898773627756198,0.005128393733503344,0.0,748,0.5668923535024896
SMAD4,CCND1,1,1,permute_graph,0.0029617262816591175,0.0028728512837063887,0.003057792149213352,0.0,748,0.3385493477056764
SMAD4,CDH1,-1,1,permute_graph,0.001126462936321681,0.0010650570257757777,0.0011874975388051618,0.05614973262032086,748,0.16038881298875068
SMAD4,CDH3,1,1,permute_graph,0.0006989324205586562,0.0006396591916423865,0.0007523832429360622,0.17780748663101603,748,0.06735508943060455
SMAD4,EGFR,-1,1,permute_graph,0.00039172249285042735,0.0003384929843429153,0.00044519770284533617,0.29812834224598933,748,0.2876682728524928
SMAD4,ESR1,1,1,permute_graph,0.0015899575582278796,0.0015124203411363399,0.0016659167749618815,0.08021390374331551,748,0.24246865905801843
SMAD4,MDM2,1,1,permute_graph,0.007492240482514622,0.007329008932451182,0.0076516175389452976,0.0,748,0.47197399254062
SMAD4,MMP2,1,1,permute_graph,-0.0017439904895821948,-0.0018126359084982553,-0.0016735042271247068,0.9919786096256684,748,0.08324666180229412
SMAD4,MYC,-1,1,permute_graph,0.02941838714614537,0.028837070245459284,0.030014506998382064,0.0,748,0.2976667835795377
SMAD4,PAK1,1,1,permute_graph,0.0018808036181434944,0.00181597897974146,0.001947628064947444,0.0213903743315508,748,0.2928280544898517
SMAD4,PTEN,1,1,permute_graph,0.004801777562702575,0.004694119377435042,0.004920826657616478,0.0,748,0.556686743953508
SMAD4,SERPINE1,1,1,permute_graph,-0.0012364704328308588,-0.001289090011035401,-0.001185353859331883,0.9745989304812834,748,0.05497792814072687
SMAD4,TGFB1,1,1,permute_graph,-0.0014006283351696654,-0.0014840934008032893,-0.0013172939597658486,0.8997326203208557,748,-0.0698696640709854
SMAD4,VEGFA,-1,1,permute_graph,0.004109205793732123,0.004013515530209515,0.004207395770088579,0.0,748,0.11149854991744357
SMAD4,COL1A2,1,1,permute_graph,-0.0014359883938330005,-0.0014821821117836727,-0.0013853357366718675,0.9893048128342246,748,0.12325013212822253
SMAD4,FSCN1,1,1,permute_graph,-0.0013826541038588634,-0.0014482733648193164,-0.0013158375128905274,0.9585561497326203,748,-0.0829087903193763
SMAD4,LAMB3,1,1,permute_graph,0.0009065513136761794,0.0008366522317598277,0.0009806592905229467,0.1751336898395722,748,0.25451298284838064
SMAD4,COL1A1,1,1,permute_graph,-0.001616813818618667,-0.0016958046177092529,-0.0015389889654095009,0.9518716577540107,748,0.02977475418458964
SMAD4,CLDN3,-1,1,permute_graph,-0.001751717058431237,-0.0018229050096715822,-0.001677025071784264,0.9665775401069518,748,-0.23775503144751697
SMAD4,ID1,1,1,permute_graph,-0.002405699894974363,-0.002481708534027878,-0.002331440278628605,1.0,748,-0.028104005722553983
SMAD4,SCNN1A,1,1,permute_graph,-0.0006389616173069494,-0.0007076023215186857,-0.0005757678296209892,0.7633689839572193,748,0.13251661632154096
SMAD4,SOX9,1,1,permute_graph,0.006939764946878433,0.006760463256198198,0.007152097865393584,0.0,748,0.26399613478579026
SMAD4,RTP4,0,0,permute_graph,-0.00113575744729841,-0.0011919352784410448,-0.001088248317383283,0.9491978609625669,748,-0.05051711275620974
SMAD4,E2F1,0,0,permute_graph,-0.0010592027451119227,-0.001123991709105205,-0.000989449429271806,0.9010695187165776,748,-0.18002134395245997
SMAD4,LGALS3BP,0,0,permute_graph,-0.001505814521961951,-0.0015815759244976308,-0.0014348436302890173,0.9318181818181818,748,-0.14188251074367733
SMAD4,AEBP1,0,0,permute_graph,-0.0016473611913880406,-0.0017050618081967434,-0.0015919081192818897,0.9879679144385026,748,0.01784526866700338
SMAD4,PLTP,0,0,permute_graph,-0.002016499926752798,-0.0020788513137550155,-0.0019584762183075728,0.9946524064171123,748,-0.01785997805476906
SMAD4,GMFG,0,0,permute_graph,-0.0019758733167477382,-0.0020500852530112444,-0.0019095160941794197,0.9852941176470589,748,-0.15969850514627149
SMAD4,ALDH1A3,0,0,permute_graph,0.00018304092112311052,0.00014510438940612316,0.00023026857772466794,0.3770053475935829,748,0.17331309019537153
SMAD4,RPRD2,0,0,permute_graph,0.012699333434354235,0.012473680820179014,0.012941229280708778,0.0,748,0.540503922836731
SMAD4,GIMAP7,0,0,permute_graph,-0.0005981459642582802,-0.0006487373015121151,-0.0005519638656337221,0.8114973262032086,748,0.08492063661599894
SMAD4,SLPI,0,0,permute_graph,-0.0007238171869762742,-0.0007774767601396074,-0.0006758803507286577,0.8422459893048129,748,-0.07779660480661793
SMAD4,ASAP1,0,0,permute_graph,0.001185982606752233,0.0011385605509854433,0.001233106433102029,0.034759358288770054,748,0.37614483677514965
SMAD4,C1orf116,0,0,permute_graph,0.002703307390066922,0.00262135629092593,0.002795222564043233,0.008021390374331552,748,0.0976956826355232
SMAD4,FGF3,0,0,permute_graph,-0.0023624384360314875,-0.0024264750716010016,-0.002299879656464638,1.0,748,0.09616640878526991
SMAD4,CALD1,0,0,permute_graph,-0.00042762159454551546,-0.00048511893607786966,-0.0003686217151485955,0.679144385026738,748,0.3675944245026229
SMAD4,TOP2A,0,0,permute_graph,0.002545433252246356,0.0024855013828166,0.002612142220515932,0.0053475935828877,748,0.16854045175182106
SMAD4,NRN1,0,0,permute_graph,-0.0005935379585795723,-0.0006493790169435732,-0.0005391867185233961,0.803475935828877,748,0.17230728797046554
SMAD4,SELL,0,0,permute_graph,0.00045877983146172855,0.00039756220413779576,0.0005220414565211249,0.31016042780748665,748,-0.02810012069583204
SMAD4,IGFBP3,0,0,permute_graph,-0.0009608413746875982,-0.0010070047650057516,-0.0009151849691470099,0.9478609625668449,748,0.11342061959539765
SMAD4,PTN,0,0,permute_graph,-3.0539597304947074e-05,-8.837561203069741e-05,3.414139248170851e-05,0.4946524064171123,748,0.2654866306359303
SMAD4,HOXB7,0,0,permute_graph,-0.00330880127213032,-0.0033830303792491447,-0.0032285052477407017,1.0,748,-0.11371591208677714
SMAD4,SELENBP1,0,0,permute_graph,-0.0007797725022639312,-0.0008437432306893359,-0.0007137571945213729,0.8355614973262032,748,0.024011326457965734
SMAD4,CLEC2B,0,0,permute_graph,-0.0017941767662770236,-0.0018491803895272886,-0.0017415734163610805,0.9933155080213903,748,0.028367412721987475
SMAD4,CD40,0,0,permute_graph,-0.0019945625302302135,-0.002061206177753768,-0.0019311584661386443,0.9933155080213903,748,-0.04928703015843882
SMAD4,S100A4,0,0,permute_graph,-0.0012517586684953456,-0.0013005684280382888,-0.0011976432766488945,0.9719251336898396,748,-0.10857936725790783
SMAD4,AKT1,0,0,permute_graph,-2.228835333676562e-05,-8.481102293243479e-05,4.167848676501295e-05,0.5454545454545454,748,0.07976710308077302
SNAI2,BRCA1,-1,1,permute_graph,-0.00036726876157012106,-0.0004112495388939418,-0.0003223097389966479,0.7393048128342246,748,-0.0682648502723011
SNAI2,BRCA2,-1,1,permute_graph,0.0004925131617668437,0.00043670591732874103,0.0005476696767288965,0.2713903743315508,748,0.07302610320641213
SNAI2,CCND1,-1,1,permute_graph,-0.0007154020695381008,-0.0007561790778161791,-0.0006783074731569144,0.929144385026738,748,-0.024918161468761888
SNAI2,CD44,1,1,permute_graph,0.0009439308046481167,0.000893664849473209,0.0009978906907701086,0.08689839572192513,748,0.19863780747888923
SNAI2,CDH1,-1,1,permute_graph,-0.0008516577665516427,-0.0008906107100314891,-0.0008115951309166099,0.9344919786096256,748,0.052366222922002936
SNAI2,CDH3,-1,1,permute_graph,0.004804672017268532,0.004678638409847044,0.004931979998849696,0.004010695187165776,748,0.37011070204867935
SNAI2,ESR1,-1,1,permute_graph,-0.0012334950246272094,-0.0012890789522449085,-0.001176247895659368,0.9425133689839572,748,-0.15690693060756047
SNAI2,FOXA1,-1,1,permute_graph,-0.0011927482590275201,-0.001244702168993291,-0.0011459117329496,0.9745989304812834,748,-0.12008465955093585
SNAI2,JUP,-1,1,permute_graph,-0.0008403766497308913,-0.0008883442203518463,-0.0007974891848247937,0.9144385026737968,748,-0.06543825215543424
SNAI2,MMP9,1,1,permute_graph,-0.0008048029639716671,-0.0008667805896505019,-0.0007411346212859518,0.8475935828877005,748,0.13947103034844874
SNAI2,VIM,1,1,permute_graph,0.048869541965328736,0.04764483772649131,0.05009736483776569,0.0,748,0.5751550930021823
SNAI2,TRPS1,-1,1,permute_graph,0.0006518891162974439,0.0005837039832140317,0.0007228301494158613,0.21122994652406418,748,0.03887048877345413
SNAI2,KRT19,-1,1,permute_graph,-0.0012449941231409305,-0.0012870326794106202,-0.001201955635902022,0.9879679144385026,748,-0.2098402821426858
SNAI2,SOX9,-1,1,permute_graph,0.0019138966374922662,0.0018361694267710245,0.0019902686631535675,0.0374331550802139,748,0.1711453598032348
SNAI2,ALDH1A3,0,0,permute_graph,0.007154054689651054,0.0070119389335300325,0.007286098396688627,0.001336898395721925,748,0.4806787066350744
SNAI2,THRSP,0,0,permute_graph,0.0030561702649246855,0.0029403625571560333,0.0031613245199757353,0.009358288770053475,748,0.09087484717495566
SNAI2,PITX2,0,0,permute_graph,0.006977257777628806,0.0067888194110750635,0.00718384037804794,0.0,748,0.470378707842889
SNAI2,ELMO3,0,0,permute_graph,-0.0017686629152413517,-0.0018259107433475298,-0.0017065278939359509,0.9812834224598931,748,-0.21630799702956388
SNAI2,CDK4,0,0,permute_graph,0.001594560307578421,0.0015140848158906035,0.0016688650468380535,0.04411764705882353,748,0.15445975300787623
SNAI2,CRABP2,0,0,permute_graph,-0.0018967352420300805,-0.0019509714419655541,-0.001829244706068153,0.9812834224598931,748,-0.14147219522872767
SNAI2,SLC7A2,0,0,permute_graph,-0.0005682873319246795,-0.0006072086840484102,-0.0005220435210856427,0.8462566844919787,748,0.15377856212552884
SNAI2,FGFR4,0,0,permute_graph,-0.0004408169932889208,-0.000483829717861725,-0.0003971066592682864,0.7967914438502673,748,0.06481463766444685
SNAI2,PIK3R1,0,0,permute_graph,0.002284133620394158,0.002169041910468985,0.0024031872631130736,0.053475935828877004,748,0.48482087248919287
SNAI2,C1S,0,0,permute_graph,0.0007890349340337916,0.0007069968530383638,0.0008639159129182161,0.21524064171122995,748,0.6032435719474143
SNAI2,NUSAP1,0,0,permute_graph,-0.0010793969932438913,-0.0011331906036024342,-0.0010301240768755503,0.9532085561497327,748,-0.15695697343032652
SNAI2,E2F1,0,0,permute_graph,-0.0013781359254875605,-0.0014314149031214281,-0.0013211629368830064,0.9612299465240641,748,-0.30551005346503995
SNAI2,CREG1,0,0,permute_graph,0.0002270939179701141,0.0001623048119117491,0.0002977013691501137,0.410427807486631,748,0.2116657945691507
SNAI2,SIAH2,0,0,permute_graph,-0.002026643714437563,-0.0020900193436883484,-0.0019655955173089722,0.9919786096256684,748,-0.1166522397107188
TBX3,CDH1,-1,1,permute_graph,0.0027710443599574582,0.0026699894430977423,0.002880508468779794,0.00267379679144385,748,0.11939076640984878
TBX3,CDKN2A,-1,1,permute_graph,-0.0006262428474607545,-0.0007027935147015267,-0.0005510591124076522,0.7700534759358288,748,-0.25844312770732125
TBX3,PTEN,-1,1,permute_graph,0.0016914916785480375,0.001617304771675216,0.001762522489856347,0.06149732620320856,748,0.24759890751399388
TBX3,TP53,-1,1,permute_graph,0.0034759244197189354,0.0033717453521663913,0.0035953412330589026,0.0,748,0.0839218886492608
TBX3,PDK4,0,0,permute_graph,-0.0011024528857048275,-0.0011622998626975721,-0.0010397009094672786,0.9090909090909091,748,0.22781182776413836
TBX3,KRT10,0,0,permute_graph,0.0028147367219342693,0.002714663509319124,0.002910475707590106,0.013368983957219251,748,0.12384376918398604
TBX3,SDCBP,0,0,permute_graph,-0.0006438135027091895,-0.0006988326498170731,-0.0005950192339637822,0.8315508021390374,748,-0.07499172704468875
TBX3,SYCP2,0,0,permute_graph,0.004783528732839779,0.004665497503533491,0.004905844115702569,0.00267379679144385,748,0.2898245724150507
TP53,AKT1,-1,1,permute_graph,0.001932294115734597,0.0018666276097791146,0.0019943672629687925,0.017379679144385027,748,0.09265031892167688
TP53,AKT2,1,1,permute_graph,0.005458248945147317,0.005339417499885397,0.005567530692982904,0.001336898395721925,748,0.1294987287131786
TP53,APC,1,1,permute_graph,-0.0003165058749719596,-0.00038134049526465245,-0.0002530134827066242,0.6243315508021391,748,0.14786399869244152
TP53,AR,-1,1,permute_graph,-0.0007894234392715623,-0.0008553024598749261,-0.0007265216417161596,0.8275401069518716,748,0.07866553393866527
TP53,AURKA,-1,1,permute_graph,0.0007694116758710552,0.0006929227915053372,0.000845271733595902,0.2232620320855615,748,0.055934655221768895
TP53,BAG1,-1,1,permute_graph,0.005414850700193429,0.005294936271755808,0.005525778546962977,0.0,748,0.09857232487738989
TP53,BBC3,1,1,permute_graph,0.00042788350826823257,0.000370837215127908,0.0004816703200829997,0.27941176470588236,748,0.10279327404780979
TP53,BCL2,-1,1,permute_graph,0.0010142067846561564,0.0009407432924936594,0.0010853221071755387,0.12967914438502673,748,0.061854925780457405
TP53,BIRC5,-1,1,permute_graph,0.0005338649834886371,0.00046926960704554206,0.0005983855189554671,0.2807486631016043,748,0.03064451505492229
TP53,BRCA1,-1,1,permute_graph,0.0015907992171820871,0.0015295648092545947,0.0016525386816686283,0.026737967914438502,748,0.12907561158796993
TP53,BRCA2,-1,1,permute_graph,0.0008915951306999729,0.000830446742574639,0.0009551996645177724,0.13636363636363635,748,0.20864812223839665
TP53,BUB1B,1,1,permute_graph,0.00013322398857563864,8.194949833071134e-05,0.00018151732195258508,0.4157754010695187,748,0.14662398009983274
TP53,CCNB1,-1,1,permute_graph,0.0020393066590074158,0.0019787423383187653,0.0020949713729266762,0.0053475935828877,748,0.12505002500058296
TP53,CCNB2,-1,1,permute_graph,0.0010031678144439868,0.000950893110455779,0.001052150615541192,0.07352941176470588,748,0.09072787649120631
TP53,CCND1,-1,1,permute_graph,0.0006598262907356126,0.0006087782795112683,0.0007110437338973789,0.17914438502673796,748,0.044496786862555475
TP53,CD44,-1,1,permute_graph,0.0018654311273359884,0.0018008246714049617,0.0019366625482971824,0.009358288770053475,748,0.043321512514732055
TP53,CDC20,-1,1,permute_graph,0.0008900849292230753,0.00083683875021475,0.0009487335872141252,0.10561497326203209,748,0.06075256711611565
TP53,CDH1,1,1,permute_graph,-0.00011448491474284814,-0.00016490401458177766,-5.9865092156859804e-05,0.589572192513369,748,0.08901652667814493
TP53,CDH3,1,1,permute_graph,0.004169356635706947,0.004077016562961147,0.004264975665207728,0.001336898395721925,748,0.15602244735725526
TP53,CDK4,-1,1,permute_graph,0.003478394314827673,0.0033944529702452405,0.00356831988593673,0.001336898395721925,748,0.26814395274954694
TP53,CDK6,1,1,permute_graph,0.0010082077276486235,0.0009400521474060363,0.0010788115664279844,0.13368983957219252,748,0.12814943533906806
TP53,CDKN1B,1,1,permute_graph,0.003836362344734105,0.0037369223381029494,0.003946155355874915,0.0,748,0.10861831989587992
TP53,CDKN2A,1,1,permute_graph,0.002140013139247529,0.0020849453877902937,0.002194371630071721,0.001336898395721925,748,-4.468729271241221e-05
TP53,CEP55,-1,1,permute_graph,0.00018565660021342567,0.00014394183776697425,0.00022647849538732058,0.3622994652406417,748,0.09553936665877531
TP53,CHEK1,-1,1,permute_graph,0.002494203213705231,0.0024160591351555637,0.002567508468617529,0.0053475935828877,748,0.17186180570336726
TP53,CHEK2,-1,1,permute_graph,0.0037098585889440644,0.003621983025519761,0.003803848250976177,0.00267379679144385,748,0.14589499296232486
TP53,DNMT1,-1,1,permute_graph,0.004601375857798082,0.004514064575015708,0.004688948496122829,0.0,748,0.24084756181679434
TP53,E2F1,-1,1,permute_graph,0.0009205595551991639,0.0008510318470192467,0.0009961211600082757,0.1497326203208556,748,0.0025914185044685896
TP53,EGFR,1,1,permute_graph,0.0004902561262429241,0.00042931407748774656,0.0005470081310503011,0.2620320855614973,748,0.11132877628086262
TP53,ERBB2,1,1,permute_graph,0.002325428094434322,0.0022467095723169,0.0023973946060282694,0.004010695187165776,748,-0.004536383788915641
TP53,ESR1,1,1,permute_graph,0.0001746482297167212,0.0001283213645369221,0.00022508686951256955,0.37967914438502676,748,0.03529643756764159
TP53,EZH2,-1,1,permute_graph,0.0027074753974585955,0.0026357641476719034,0.0027743527451828923,0.008021390374331552,748,0.06943704126485767
TP53,FGFR1,1,1,permute_graph,0.00042705837858810896,0.00037653083877750766,0.0004766450962425267,0.26336898395721925,748,0.15621348302195082
TP53,FLT1,1,1,permute_graph,-0.0006133818626237811,-0.0006751126412116748,-0.0005516864068859311,0.767379679144385,748,0.05730308665534737
TP53,FOXM1,-1,1,permute_graph,0.0005843296124551715,0.0005338414065513262,0.0006287992242997609,0.17245989304812834,748,0.11652939075478845
TP53,GMPS,-1,1,permute_graph,0.00034088286054079935,0.00028835153220359966,0.0003885681419728789,0.26871657754010697,748,0.22942954829003873
TP53,GSTP1,1,1,permute_graph,0.00078092330432565,0.0007124452127125903,0.000852498084881738,0.22994652406417113,748,0.11120222600347793
TP53,IGF1R,-1,1,permute_graph,0.0012034542109060267,0.001137878277038977,0.0012704295884222705,0.0748663101604278,748,0.10045589998310213
TP53,IGFBP3,1,1,permute_graph,0.00011589424178309775,6.405783927880707e-05,0.0001647826756523777,0.4532085561497326,748,0.10622890458207251
TP53,JUP,1,1,permute_graph,0.0024611699205213983,0.0023804860031950235,0.002536298111016794,0.0106951871657754,748,0.1261938304340344
TP53,KIF23,-1,1,permute_graph,0.0017566934105510198,0.0016996983508216295,0.0018129156015642362,0.014705882352941176,748,0.1314280938957288
TP53,KIF2C,-1,1,permute_graph,0.0010389035639441077,0.0009767673582580674,0.0010998842076260645,0.07754010695187166,748,0.07869766177435919
TP53,LOX,1,1,permute_graph,0.0010450199301605264,0.0009710700918848529,0.0011210595941795259,0.14171122994652408,748,0.06052392689101619
TP53,MAP3K1,1,1,permute_graph,0.0023197831838340246,0.0022566998444521237,0.002378969758546889,0.001336898395721925,748,0.1825360627668218
TP53,MDM2,1,1,permute_graph,0.0014144339172066627,0.0013529221526095586,0.0014801818494823596,0.06149732620320856,748,0.10805579411318543
TP53,MDM4,1,1,permute_graph,0.0014152893120482713,0.0013432193563745962,0.0014826216130914183,0.06550802139037433,748,0.15063943006999614
TP53,MKI67,-1,1,permute_graph,0.0005727391390780699,0.0005294622314567628,0.000618155828175766,0.16443850267379678,748,0.1334385336512406
TP53,MMP2,1,1,permute_graph,4.5251755463871085e-05,1.4089118110729987e-06,8.804483141429696e-05,0.45187165775401067,748,0.05763262855318541
TP53,MMP9,-1,1,permute_graph,-0.00015314676746586638,-0.00020928619024298186,-9.740891236684929e-05,0.5748663101604278,748,0.04160809822619479
TP53,MYC,-1,1,permute_graph,0.00490747720211472,0.004786370281998937,0.0050248769609549755,0.0,748,0.248523693945611
TP53,NDRG1,1,1,permute_graph,0.0007017211422885298,0.0006551557437754558,0.0007455797446860532,0.10561497326203209,748,0.014594422287612731
TP53,NEK2,-1,1,permute_graph,0.0011586777222178427,0.0010976117660429282,0.0012243442826623376,0.10026737967914438,748,0.14094608675979817
TP53,NF1,1,1,permute_graph,0.00031242232766407624,0.0002533237436056285,0.00037570541572454896,0.3582887700534759,748,0.15735229930633554
TP53,PIK3CA,-1,1,permute_graph,0.00018875556890047562,0.0001384276172460375,0.00023855888274263435,0.3582887700534759,748,0.13050332263349626
TP53,PIK3R1,1,1,permute_graph,-0.00031160223019706087,-0.0003921904835439956,-0.0002303822352609023,0.5802139037433155,748,0.14778097523771344
TP53,PLAT,-1,1,permute_graph,0.001985003121667035,0.0018974336802585084,0.002084271715216856,0.0374331550802139,748,0.11988661413240846
TP53,PLAU,-1,1,permute_graph,-0.00039643756584588076,-0.0004616817308041152,-0.00032290318490146337,0.679144385026738,748,0.08898524414003116
TP53,PLK1,-1,1,permute_graph,0.0006532885168252404,0.0005993059711529127,0.0007081321912669079,0.1751336898395722,748,0.10482685333787728
TP53,PPM1D,1,1,permute_graph,0.001691282992608142,0.00162209104011877,0.0017528916777334886,0.0213903743315508,748,0.19078513199456926
TP53,PRC1,-1,1,permute_graph,0.0027895966219780516,0.0027233987788467637,0.002854560540812447,0.001336898395721925,748,0.05795060617660145
TP53,PTEN,1,1,permute_graph,0.0006580389777958757,0.0006109485048476981,0.0007043574321792997,0.14171122994652408,748,0.1372344589028057
TP53,PTTG1,-1,1,permute_graph,-0.0001626801464138894,-0.00021985837330924514,-0.00011117909063166718,0.6082887700534759,748,0.028154456341995905
TP53,RAD51,1,1,permute_graph,0.0011527911498860417,0.0011002076637608264,0.001206761647616354,0.04679144385026738,748,0.09538643845323617
TP53,RASSF1,-1,1,permute_graph,0.0019506715568456535,0.0018835544479073331,0.002020200414739968,0.016042780748663103,748,0.07878350954623137
TP53,RB1,-1,1,permute_graph,-0.0004704337772944809,-0.0005391513138723928,-0.00040736512887356294,0.7005347593582888,748,0.17168008885158367
TP53,RUNX1,1,1,permute_graph,0.0014244234144568128,0.0013688526607123536,0.001481911118140024,0.0374331550802139,748,0.1350207103807067
TP53,SERPINB5,1,1,permute_graph,0.0019648495685548224,0.0018657616074607855,0.0020676686728448687,0.03609625668449198,748,0.16908965635553416
TP53,SERPINE1,1,1,permute_graph,5.488561540211219e-05,1.8095902141112488e-06,0.00010882204069810792,0.4358288770053476,748,0.03475079956669241
TP53,SMAD3,1,1,permute_graph,0.002471989531189522,0.002398886940923044,0.002539487151125465,0.008021390374331552,748,0.09098164927175233
TP53,TBX3,1,1,permute_graph,0.0005389185653461568,0.0004887328977161615,0.0005867833036675372,0.19786096256684493,748,0.0839218886492608
TP53,TGFB1,1,1,permute_graph,0.001655132213147579,0.0015894282056656184,0.0017254639974107993,0.04411764705882353,748,0.08752070013016089
TP53,TWIST1,1,1,permute_graph,0.00026589988385544684,0.0002141474163177987,0.0003191235008034875,0.35294117647058826,748,0.0074455451404121815
TP53,TYMS,-1,1,permute_graph,0.0016404149680748687,0.0015831685426872008,0.0016964963654526413,0.0374331550802139,748,0.16650132702766052
TP53,VEGFA,-1,1,permute_graph,0.002981105588589017,0.0028978186084753165,0.003061461844238737,0.001336898395721925,748,0.03851296204224566
TP53,COL1A2,1,1,permute_graph,-0.00022013320080411394,-0.0002691108674585414,-0.00017192963377216745,0.6109625668449198,748,0.08150574984734889
TP53,APOD,1,1,permute_graph,2.6501262138818416e-05,-3.707816868206214e-05,8.445203622513469e-05,0.45187165775401067,748,-0.027771381448137365
TP53,PRRX1,1,1,permute_graph,-0.00014958132113165632,-0.00021726630702398748,-8.860303391577848e-05,0.5441176470588235,748,0.1094564826024537
TP53,IFI16,1,1,permute_graph,0.0002635074259361343,0.00020958142040700687,0.000314625300706277,0.34893048128342247,748,0.14888882438995985
TP53,KRT19,-1,1,permute_graph,0.0014565968495061545,0.0013993469074409163,0.0015153921285433352,0.05080213903743316,748,-0.06345138135523597
TP53,CX3CL1,1,1,permute_graph,0.0039614135531024644,0.0037844967143371476,0.004146122001359488,0.009358288770053475,748,0.20642370724372697
TP53,PYCARD,1,1,permute_graph,0.0012395549241001865,0.0011775439384436148,0.0013027448460898401,0.06417112299465241,748,0.10666799270984967
TP53,PTN,1,1,permute_graph,0.0024058218749070707,0.002319709077908461,0.0024943435116220303,0.022727272727272728,748,0.13718769378202778
TP53,S100A9,1,1,permute_graph,0.001507026787121813,0.001453594108835967,0.0015630739100701602,0.0213903743315508,748,0.04059088528199377
TP53,ID4,1,1,permute_graph,0.002473503136476121,0.0023449800897173017,0.002606839665513463,0.03609625668449198,748,0.08668065869699325
TP53,KRT10,-1,1,permute_graph,0.0010353575193749848,0.0009723543746692825,0.0010961592857208797,0.12566844919786097,748,-0.07306167292219468
TP53,RPL37,1,1,permute_graph,0.0033411659596657216,0.003246074652371084,0.003439205154578813,0.0066844919786096255,748,0.09434642889146837
TP53,POLD2,1,1,permute_graph,0.001369431394288472,0.0013099292903323446,0.0014258582853013217,0.0374331550802139,748,0.09744942155153404
TP53,KRT15,1,1,permute_graph,0.0024083271243737323,0.002314654131724589,0.002507221044495465,0.026737967914438502,748,0.04247709903518961
TP53,AQP1,1,1,permute_graph,0.0010359790467502753,0.0009665947303457307,0.0011144322121680625,0.14705882352941177,748,0.029770668243543623
TP53,KRT14,1,1,permute_graph,0.0010428750795376974,0.000978633011383115,0.0011068146532879145,0.10427807486631016,748,0.053862826967679474
TP53,TFAP2C,1,1,permute_graph,0.0021055879556937493,0.002038645028265744,0.0021727429103058932,0.00267379679144385,748,0.18493384936713828
TP53,INHBA,1,1,permute_graph,-0.0011372777139485792,-0.0011916609195002114,-0.0010794297857031597,0.9278074866310161,748,0.051233357083881347
TP53,ID1,1,1,permute_graph,0.0011418860128029878,0.0010756374047878223,0.0012054012257003183,0.08021390374331551,748,0.004743978267324012
TP53,MDFIC,1,1,permute_graph,-6.888926679975853e-07,-5.067742872301072e-05,4.784853402035314e-05,0.4786096256684492,748,0.07110575392468796
TP53,MAPK3,1,1,permute_graph,6.926122122342864e-05,1.6572339981734283e-05,0.0001240123449249935,0.45588235294117646,748,0.09382731366573019
TP53,TUBB2A,1,1,permute_graph,0.0009595948181392327,0.0009108043203102138,0.001015462709852052,0.09491978609625669,748,0.05541681555561053
TP53,BNIP3L,1,1,permute_graph,0.0011628019775773632,0.0010789696351913892,0.0012522242048198333,0.15641711229946523,748,0.10274035679025016
TP53,CCND2,1,1,permute_graph,-0.0004930179342029869,-0.0005425422922170609,-0.00044098709455011226,0.7473262032085561,748,0.1339799289685667
TP53,SHC1,1,1,permute_graph,0.0029643650092400354,0.002870511476202817,0.003059150851277698,0.0106951871657754,748,0.22162726459879148
TP53,MUC1,1,1,permute_graph,0.0022139579709287266,0.0021424156820611987,0.002286924419640531,0.017379679144385027,748,0.04703451466801582
TP53,CALD1,1,1,permute_graph,0.00032662562079687873,0.00027414585208564293,0.0003836140031695985,0.303475935828877,748,0.14024030652242284
TP53,STC1,1,1,permute_graph,0.00203141294234663,0.001965500123979591,0.0020952872288913043,0.017379679144385027,748,0.04407154792442905
TP53,CD40,1,1,permute_graph,0.000839134128291139,0.0007746446694057761,0.0009080462470698806,0.18449197860962566,748,0.04266101000378164
TP53,S100A6,1,1,permute_graph,0.0021514578258831204,0.002086492053367142,0.0022221606947535996,0.0053475935828877,748,-0.025017084430602646
TP53,LIN9,0,0,permute_graph,0.0011691982597660504,0.0011086871528966072,0.0012338265575677723,0.08288770053475936,748,0.23075984468434765
TP53,SELL,0,0,permute_graph,0.0003191593623555753,0.00026601631951778923,0.0003752610126822367,0.32754010695187163,748,0.0384370354974948
TP53,GABRP,0,0,permute_graph,0.0013919319797709,0.0013157718285271621,0.0014732417375575217,0.07219251336898395,748,0.14091560606269357
TP53,PPP1R2,0,0,permute_graph,0.0007583617568912514,0.0006972638100349142,0.0008229576764253111,0.1697860962566845,748,0.1637640595261114
TP53,CFH,0,0,permute_graph,-0.0008396769439678725,-0.0008957196028368567,-0.0007826012264025762,0.8863636363636364,748,0.0645951007688759
TP53,RSL1D1,0,0,permute_graph,0.003315946866539033,0.0032170899999481514,0.003412489073823949,0.00267379679144385,748,0.30478912361489197
TP53,QSOX1,0,0,permute_graph,0.0034832470675966896,0.0033947893816632423,0.003570928825125673,0.00267379679144385,748,0.08500923641310089
TP53,MT1E,0,0,permute_graph,0.0008141290973340713,0.0007550205944256227,0.0008714585914203927,0.1497326203208556,748,0.05467457927548911
TP53,SYCP2,0,0,permute_graph,0.0022712514338576618,0.0021930771592486497,0.0023584300192233195,0.02540106951871658,748,0.03998020225350977
TP53,KRT23,0,0,permute_graph,0.0029618517271161673,0.0028450732369778107,0.0030705551727047784,0.012032085561497326,748,0.055850226375829
TP53,RFC4,0,0,permute_graph,0.003180213800819056,0.003108237821920261,0.003250227177439053,0.0053475935828877,748,0.15699424296637143
TP53,PPP2R5A,0,0,permute_graph,0.002653698130500786,0.002572065085445948,0.002739103847586278,0.0053475935828877,748,0.0851339077932279
TP53,TMEM45B,0,0,permute_graph,-0.00011201489869498493,-0.00016918084156490273,-5.3585006638782774e-05,0.5294117647058824,748,0.07597156491835964
TP53,SDCBP,0,0,permute_graph,0.00034142785038261095,0.0003024883408553033,0.0003799346487447467,0.24866310160427807,748,0.1543479140235138
TP53,ADAMTS2,0,0,permute_graph,-0.00031764416041519936,-0.0003750768720299743,-0.00026571693867855637,0.6724598930481284,748,0.08088352554089849
TP53,RGS5,0,0,permute_graph,0.0005498671184962944,0.0004862085793637578,0.0006141151124657153,0.23796791443850268,748,0.05331996795733348
TP53,ZNF880,0,0,permute_graph,0.0005594403277119738,0.0004954892013575993,0.000621107077393506,0.2553475935828877,748,0.10370339233322333
TP53,SIAH2,0,0,permute_graph,0.0024528814131915305,0.002375334308324166,0.0025360385422659596,0.00267379679144385,748,0.09895134179687516
TP53,SNHG9,0,0,permute_graph,0.0017187968410681041,0.0016518324848943864,0.001779225923180325,0.020053475935828877,748,-0.06399964296043575
TP53,SQLE,0,0,permute_graph,0.00030128674149187837,0.0002533472543874909,0.0003507680995292269,0.29411764705882354,748,0.04418761732340654
TP53,RUNDC1,0,0,permute_graph,0.0015724657382318028,0.0014957233121024713,0.0016415313465710409,0.045454545454545456,748,0.1250115176944259
TP53,CDKN3,0,0,permute_graph,0.0006850976089377493,0.0006319311414374219,0.00074002937027776,0.18181818181818182,748,0.05611581294607635
TP53,EPHX2,0,0,permute_graph,0.0022050299231002836,0.0020806912123547275,0.002338110784988198,0.04679144385026738,748,0.09974215059722086
TP53,MT2A,0,0,permute_graph,0.0017270245785624087,0.0016529803870566641,0.001801370477565124,0.04144385026737968,748,-0.010486875932271069
TP53,RACGAP1,0,0,permute_graph,0.0007360097566211129,0.0006944225738752629,0.0007815631334999843,0.10561497326203209,748,0.14307361273681587
TP53,STAC2,0,0,permute_graph,0.0009372068296598331,0.000865774076893604,0.0010111204437595466,0.16711229946524064,748,0.11505347848863305
TP53,SEC14L2,0,0,permute_graph,0.0038696193000145656,0.00373290553036164,0.0040098736993719455,0.009358288770053475,748,0.051473122604531935
TP53,NID1,0,0,permute_graph,0.0008268081778975838,0.0007432048393335816,0.0009121179506595609,0.1858288770053476,748,0.1050631640966898
TP53,GPR160,0,0,permute_graph,6.62891468142771e-05,1.6427198759033673e-05,0.00011204253796155336,0.43716577540106955,748,0.04705589059117237
TP53,CTHRC1,0,0,permute_graph,0.0006292951771401785,0.0005701102135634902,0.0006926688718910009,0.2232620320855615,748,0.043163651824003155
TP53,MRC2,0,0,permute_graph,-0.00027789292116641215,-0.0003290722382895287,-0.0002305869953586513,0.6831550802139037,748,0.07797359001109849
TP53,NUSAP1,0,0,permute_graph,0.002685781444195465,0.0026098598064881718,0.002756080347945027,0.001336898395721925,748,0.0604753149690044
TP53,CREG1,0,0,permute_graph,0.0017987537743115326,0.0017363753725507724,0.0018632519810529815,0.029411764705882353,748,0.1722707868971211
TP53,IL25,0,0,permute_graph,0.001712022467853366,0.00166617751001578,0.0017568170145594354,0.00267379679144385,748,-0.015053487312903591
TP53,CYB5R1,0,0,permute_graph,0.0016437931514200687,0.0015803654326409027,0.0017035334957423245,0.02540106951871658,748,0.012770085543692453
TP53,SEZ6L2,0,0,permute_graph,0.0026170809847865513,0.0025212986788074538,0.0027068780019481754,0.013368983957219251,748,0.05873016966468768
TP53,NME4,0,0,permute_graph,0.00020572817124884526,0.00016079138008812856,0.00024899463169276634,0.38636363636363635,748,0.011848153785817566
TP53,C1orf115,0,0,permute_graph,0.0028087011714002736,0.0027019570620554953,0.0029137868666793115,0.02406417112299465,748,0.05390567685380417
TP53,ZEB1,0,0,permute_graph,8.562942593293626e-05,1.554150005043856e-05,0.00015442316949536828,0.46390374331550804,748,0.08548783630762483
TP53,TM4SF18,0,0,permute_graph,0.0006878011903946356,0.0006235648752393532,0.0007454973557626128,0.19919786096256684,748,0.06449395719413234
TP53,S100A14,0,0,permute_graph,0.0003863912761384053,0.00032281675749004396,0.0004464792279738668,0.32486631016042783,748,0.053207912816225764
TP53,AEBP1,0,0,permute_graph,-9.629728356392881e-05,-0.00014640221300135656,-4.419729540434878e-05,0.5294117647058824,748,0.0522674438805137
TP53,CRABP2,0,0,permute_graph,0.0021291138551574797,0.002053802544115164,0.0022013073571392804,0.0106951871657754,748,-0.014423873674688283
TP53,CAPN8,0,0,permute_graph,0.0009276236457262143,0.0008435592485932935,0.0010146516795926323,0.18983957219251338,748,0.05964096262048464
TP53,ETV3,0,0,permute_graph,0.004006434132597359,0.0039040573926205934,0.004122217998331714,0.001336898395721925,748,0.21900899198780652
TP53,ASPM,0,0,permute_graph,0.0001382934086443117,8.7896750556345e-05,0.00018526548049919097,0.39705882352941174,748,0.13771313146767736
TP53,GIT1,0,0,permute_graph,0.005354016847325799,0.005208455449982454,0.005501269328022176,0.001336898395721925,748,0.19277859811606438
TP53,ECH1,0,0,permute_graph,0.0034653631350234715,0.003373827402530373,0.0035577138539795044,0.00267379679144385,748,0.004519050796899362
TP53,BRD4,0,0,permute_graph,0.0036192113185407665,0.0035279861029555836,0.0037156737508827497,0.00267379679144385,748,0.24376129484935016
TP53,PABPC1,0,0,permute_graph,0.0007655228288103814,0.0007019162300659522,0.0008249009527106649,0.16844919786096257,748,0.17538889037073943
TP53,ALDH3B2,0,0,permute_graph,-0.0010439388766476415,-0.0011021567248200184,-0.0009864838430828143,0.9278074866310161,748,-0.01619414775513265
TP53,ECM1,0,0,permute_graph,-0.0005390296869043005,-0.0005880946087017605,-0.0004916593991313373,0.8368983957219251,748,-0.03861825029151577
TP53,LMO1,0,0,permute_graph,0.0017416829391467305,0.0016823186114840898,0.0017995892628023416,0.001336898395721925,748,0.0068496560211493114
TP53,TMEM97,0,0,permute_graph,0.0012672840409668111,0.0011979512220575196,0.0013289518331506631,0.06684491978609626,748,0.10955943398017819
TP53,AP2B1,0,0,permute_graph,0.0008544071819865665,0.0007945270431016308,0.0009086764382103826,0.1443850267379679,748,0.1694052089167821
TP53,KDELR2,0,0,permute_graph,0.0004597954477769539,0.000394582363875223,0.0005247651101345252,0.2914438502673797,748,-0.0581600881175486
TP53,CENPF,0,0,permute_graph,0.0013062455582244863,0.0012439029452852894,0.0013702301875980314,0.07219251336898395,748,0.1423670029952887
TP53,PLOD2,0,0,permute_graph,0.0011062396384373886,0.0010388537034070292,0.0011776571220615806,0.10026737967914438,748,0.09157378098081466
TP53,CMTM3,0,0,permute_graph,0.0005993193965039994,0.0005492722625612157,0.0006481069499218363,0.19117647058823528,748,0.142526670102059
TP53,AGR2,0,0,permute_graph,-0.0014197168814901544,-0.0014771099326376332,-0.0013742170064266414,0.9933155080213903,748,-0.005736431842449669
TP53,ATP6V1C1,0,0,permute_graph,0.0011500569372130782,0.0010781186244802454,0.0012252453807098129,0.10828877005347594,748,0.09398240738585599
TP53,MFAP5,0,0,permute_graph,-0.0010912943280297013,-0.0011384804692134308,-0.0010419363402840386,0.9679144385026738,748,0.025959245089274118
TP53,MARCKS,0,0,permute_graph,-0.000144223580444015,-0.0001845920689606536,-0.00010090903142560948,0.6096256684491979,748,0.08557358372305028
TP53,RAB34,0,0,permute_graph,0.0013573809179482376,0.0012923887534604102,0.001424655882494755,0.05748663101604278,748,0.13378667016499682
TP53,RAB4A,0,0,permute_graph,0.0036091177689854506,0.003522143173282601,0.0036980454306130227,0.0,748,0.20342968586847973
TP53,NDC80,0,0,permute_graph,0.001572688161262681,0.0015129831833082185,0.001631849866221184,0.029411764705882353,748,0.10317692314943337
TP53,CHAD,0,0,permute_graph,0.0011436066890729733,0.001069150301046775,0.0012167257687314321,0.11363636363636363,748,0.04345133105838648
TP53,CACNG4,0,0,permute_graph,0.0001616809797703999,9.674404500531254e-05,0.00022206022058831056,0.42379679144385024,748,0.07984644202024208
TP53,SLC30A1,0,0,permute_graph,0.001040941781908897,0.0009607495945868365,0.0011185061322338797,0.16844919786096257,748,0.1329104150185659
TP53,CLEC11A,0,0,permute_graph,0.0003108325663376302,0.00025701084792503727,0.00036670253928455993,0.3409090909090909,748,0.017161110096276456
TP53,EXO1,0,0,permute_graph,0.0014685766160099669,0.0014092203611792318,0.001526752839624632,0.03208556149732621,748,0.12159238873758361
TP53,CHCHD2,0,0,permute_graph,0.0013938627032722463,0.0013431647972476882,0.0014446714031603432,0.034759358288770054,748,0.060256304486964694
TP53,RIN2,0,0,permute_graph,0.0006382854626748087,0.0005737712731337526,0.0007049790372716745,0.24197860962566844,748,0.18009136407901705
TP53,ABCC11,0,0,permute_graph,-0.00025867698730738087,-0.0003138940205088677,-0.00020596421650135872,0.6163101604278075,748,0.04056079297535835
TP53,LXN,0,0,permute_graph,0.0012294903837074646,0.001160010149406308,0.0012999316661524436,0.08288770053475936,748,0.22976261535552417
TP53,IGFBP4,0,0,permute_graph,-0.000609563748516581,-0.0006646760374410551,-0.0005537995430781992,0.7834224598930482,748,0.03466928145866547
TP53,GRHL2,0,0,permute_graph,0.0009119843931307555,0.000851224056501505,0.00096922989936758,0.16042780748663102,748,0.1732826236031037
TP53,NOTCH3,0,0,permute_graph,0.0010071439819606335,0.0009436241454679737,0.0010723176468250889,0.10160427807486631,748,0.15521816323242843
TP53,RARRES2,0,0,permute_graph,-0.00016704607645378415,-0.00021099410815423445,-0.00012158401621196042,0.5762032085561497,748,-0.03505737417486123
TP53,MAP2K4,0,0,permute_graph,0.0009695830045653079,0.0009116045479198292,0.0010294395113567623,0.11229946524064172,748,0.3124374747975393
TP53,COX7A1,0,0,permute_graph,-7.185432588874266e-05,-0.00013204928354834292,-5.174452697202959e-06,0.516042780748663,748,0.0027879164671634244
TP53,CDC6,0,0,permute_graph,0.0008670175462170991,0.0008048082597814374,0.0009305113110595443,0.12566844919786097,748,0.03963797271516055
TP53,SYNGR2,0,0,permute_graph,-0.00022297263174083647,-0.000271478108014809,-0.0001765269111398246,0.6510695187165776,748,0.04436596506590655
TP53,YWHAZ,0,0,permute_graph,0.0005152699385675036,0.00045390114214963456,0.000573165534521121,0.20989304812834225,748,0.09683003589886299
TP53,SLAMF7,0,0,permute_graph,-0.0006344081820262712,-0.0006816022277221596,-0.000592212077638395,0.8676470588235294,748,0.051858620761486666
TP53,FPR3,0,0,permute_graph,-0.0014309633986811928,-0.0014834216395069298,-0.0013822445316416987,0.9745989304812834,748,-0.0024001964635148006
TP53,CDCA7,0,0,permute_graph,0.0006718856549395145,0.0006285866929252204,0.0007163954635359081,0.10828877005347594,748,0.0997192564203665
TP53,GRB7,0,0,permute_graph,0.002195377707308733,0.002108863905637066,0.0022802107530858103,0.014705882352941176,748,0.07974288850383714
TP53,LAMB3,0,0,permute_graph,0.002395423433499381,0.0023006171183052623,0.002490851385856119,0.026737967914438502,748,0.17100212493308198
TP53,UBE2C,0,0,permute_graph,-0.00017370899502974812,-0.00023122307182023606,-0.00012383558724321148,0.6189839572192514,748,0.021671415545673804
TP53,CLDN4,0,0,permute_graph,0.0019124466337557434,0.001848412485671423,0.0019770570667262395,0.012032085561497326,748,0.0695428312963615
TP53,PLEKHF2,0,0,permute_graph,0.0003964058538141817,0.0003430790614121755,0.00044921524347920114,0.30080213903743314,748,0.050681711665505766
TP53,SCGB3A1,0,0,permute_graph,0.004315651826678367,0.004146239859525759,0.004482522516127689,0.008021390374331552,748,0.16039361409710645
TP53,FGF3,0,0,permute_graph,3.1706467586272135e-05,-3.5959990705910966e-06,6.606243058554344e-05,0.42245989304812837,748,0.024632826283783375
TP53,SNAI2,0,0,permute_graph,0.0007801774370445883,0.0007248441869668588,0.0008352722666859657,0.1483957219251337,748,0.12778541199622398
TP53,KCTD3,0,0,permute_graph,0.0008425546163832518,0.0007907674436058204,0.0009015197328805636,0.11764705882352941,748,0.14865548131464396
TP53,DSP,0,0,permute_graph,0.001589801436275202,0.0015385952985944268,0.0016426031923178009,0.02540106951871658,748,0.18926511891554365
TP53,IGFBP5,0,0,permute_graph,-8.382358411476449e-05,-0.00013466488357480539,-3.336149913324444e-05,0.5187165775401069,748,0.0409928988710165
TP53,LY96,0,0,permute_graph,-0.0004268135854297067,-0.00047209609014773945,-0.0003764911789254925,0.7553475935828877,748,-0.007299569572630492
TP53,SFRP2,0,0,permute_graph,-0.00024347415423425791,-0.0002932692307331631,-0.0001998318349077237,0.6363636363636364,748,0.08560763323176711
TP53,PPP1R1B,0,0,permute_graph,0.0011580944646883647,0.0010849919930327047,0.0012311337177318795,0.0962566844919786,748,0.09001039958016024
TP53,SCUBE2,0,0,permute_graph,0.0007774016311485151,0.0007155808388590052,0.0008422467733640791,0.19117647058823528,748,0.040174104958664365
TP53,COL1A1,0,0,permute_graph,0.0008195954897074098,0.000757054848971641,0.0008821944808467081,0.17914438502673796,748,0.06959032856894208
TP53,NCOR1,0,0,permute_graph,0.00036755500314840367,0.0003168317713773096,0.0004185691324756589,0.31283422459893045,748,0.3081141190717915
TWIST1,AKT2,1,1,permute_graph,-0.00018875677385093447,-0.000262515809787055,-0.0001225752771345216,0.6122994652406417,748,0.007381646862934491
TWIST1,AR,1,1,permute_graph,0.0002201165266852973,0.00015444004608139103,0.00028965746031811725,0.393048128342246,748,-0.03379018765845521
TWIST1,ATM,1,1,permute_graph,-0.0011265290168540648,-0.0012190764243874299,-0.001047726901077521,0.893048128342246,748,0.11729306031008165
TWIST1,BCL2,1,1,permute_graph,-0.0019138179252956749,-0.0019814279744720742,-0.001845147774949896,0.9719251336898396,748,-0.021403779238841802
TWIST1,CD44,1,1,permute_graph,-0.00092932724942986,-0.0009881034654840313,-0.0008653579737488704,0.8783422459893048,748,0.03704365737655576
TWIST1,CDH1,-1,1,permute_graph,-0.0018853885664500017,-0.0019399629755642044,-0.001827210533357334,0.9973262032085561,748,-0.13429398537726298
TWIST1,CDKN2A,-1,1,permute_graph,0.00026791284461348005,0.00019925362215736058,0.00033808298947172577,0.4090909090909091,748,-0.0006685746530036047
TWIST1,ERBB3,-1,1,permute_graph,-0.0023475198493523378,-0.002407950446002994,-0.0022870482687965764,0.9973262032085561,748,-0.16711074394032724
TWIST1,ESR1,-1,1,permute_graph,-0.002276049158162373,-0.0023363024715305947,-0.002219177135909656,0.9973262032085561,748,-0.19028224447592962
TWIST1,FGFR2,1,1,permute_graph,-0.0008437365436687436,-0.0009057930733804364,-0.0007807175325538559,0.856951871657754,748,-0.019194575292523986
TWIST1,FOXM1,1,1,permute_graph,-0.000988640677708462,-0.0010403061592496963,-0.0009307389150567878,0.9077540106951871,748,-0.14787711671369452
TWIST1,MMP2,1,1,permute_graph,0.02047021759727077,0.020075681709644796,0.020885173126117415,0.0,748,0.6069662513028059
TWIST1,NF1,-1,1,permute_graph,-0.0014043650290648235,-0.0014796181822692854,-0.0013190907109678208,0.9224598930481284,748,-0.011674608732438732
TWIST1,SNAI2,1,1,permute_graph,0.009669697304453813,0.009473335515606465,0.009854276180275633,0.0,748,0.48806657199326275
TWIST1,TP53,-1,1,permute_graph,-0.0010774984723372042,-0.0011302174043317894,-0.0010238269097040983,0.93048128342246,748,0.0074455451404121815
TWIST1,VEGFA,1,1,permute_graph,-0.0011875746370776303,-0.0012538333051622587,-0.0011254602416724392,0.9425133689839572,748,-0.08214995162675934
TWIST1,ZEB1,1,1,permute_graph,0.008123710233371193,0.007891499619838016,0.0083551863450281,0.001336898395721925,748,0.4611280058798555
TWIST1,COL1A2,1,1,permute_graph,0.0022254812419945755,0.0021121751966719387,0.0023299358234420806,0.053475935828877004,748,0.4772887771357736
TWIST1,MAPK3,1,1,permute_graph,-0.0011682338406682113,-0.0012290889784048768,-0.0011092991232660328,0.9278074866310161,748,0.07019351332061215
TWIST1,CLDN4,-1,1,permute_graph,-0.00036148302229669114,-0.0004268623673393999,-0.0002999686201880372,0.6858288770053476,748,-0.09490175777756006
TWIST1,RFC4,0,0,permute_graph,-0.0006328393660781251,-0.0007003144546046297,-0.0005662789957767189,0.7687165775401069,748,-0.156491484716068
TWIST1,VANGL2,0,0,permute_graph,-0.0007013683016835277,-0.0007968303430030684,-0.0006114214561506503,0.7152406417112299,748,-0.003386743320640537
TWIST1,CCNB2,0,0,permute_graph,-0.00023340925677229688,-0.00028644270744837156,-0.00018161234104924483,0.6417112299465241,748,-0.14057308749215464
TWIST1,SYNGR2,0,0,permute_graph,-0.0009207475272218127,-0.0009766248659404668,-0.0008633315177921151,0.9131016042780749,748,-0.16349171845704427
TWIST1,EFR3A,0,0,permute_graph,-0.0011567753368205065,-0.0012179901189664241,-0.001096398220395458,0.9625668449197861,748,-0.0272793192575676
TWIST1,GIT1,0,0,permute_graph,-0.000759659076828357,-0.0008335303036679074,-0.0006869489422622902,0.803475935828877,748,-0.05328009739277681
TWIST1,GRAMD1A,0,0,permute_graph,-0.0010417119670433537,-0.0011000732955134384,-0.000978890283464051,0.8970588235294118,748,-0.06208760937221982
TWIST1,PHGDH,0,0,permute_graph,0.0005098588905776981,0.0004499509374919436,0.0005656793349922195,0.26336898395721925,748,-0.00013254219287882555
TWIST1,SCNN1A,0,0,permute_graph,-0.0003732694318325445,-0.0004374862227884784,-0.0003064567137736995,0.7165775401069518,748,-0.18006911233031767
TWIST1,MDFIC,0,0,permute_graph,0.005389833540129419,0.005221278030020036,0.005558998569795934,0.004010695187165776,748,0.39466534379666846
TWIST1,GMFG,0,0,permute_graph,0.0050587361194558604,0.0048991765842721965,0.005239847637294815,0.020053475935828877,748,0.3892926495562127
TWIST1,IFI16,0,0,permute_graph,0.004981569527007588,0.004837516607929797,0.005130317399379756,0.0106951871657754,748,0.38586396878719553
TWIST1,KCTD3,0,0,permute_graph,-0.002944286443449145,-0.0030416013321170232,-0.002844067364601159,0.9973262032085561,748,-0.10772888860942006
TWIST1,ANLN,0,0,permute_graph,-0.0004038973516782941,-0.0004760316749677751,-0.0003255508958076488,0.6644385026737968,748,-0.09176306757600981
TWIST1,FPR3,0,0,permute_graph,-0.0005075262607956794,-0.0005691579548968259,-0.0004408532474117373,0.7192513368983957,748,0.22930903124575008
TWIST1,C1orf116,0,0,permute_graph,-0.0005112505734544559,-0.0005968242058430452,-0.00042302108118157127,0.6590909090909091,748,-0.03205138318889161
TWIST1,RB1,0,0,permute_graph,-0.0012410560348892908,-0.0013048046010697048,-0.0011776042959904766,0.9478609625668449,748,0.06255053843097055
TWIST1,RPL37,0,0,permute_graph,0.0005312760372574772,0.00045721352346795175,0.0005992856396309478,0.2713903743315508,748,0.10603143100808307
TWIST1,RHOD,0,0,permute_graph,-0.00013758103859589255,-0.00019589565330871523,-7.587279707530468e-05,0.6350267379679144,748,-0.13018149291224
TWIST1,ELOVL2,0,0,permute_graph,-0.001992017567263992,-0.0020470414454127374,-0.0019324141839793469,0.9986631016042781,748,0.06138304888445638
ZEB1,AR,-1,1,permute_graph,0.013376960242225221,0.013086822694686279,0.013671057973766314,0.0,748,0.4015336558211288
ZEB1,CDH1,-1,1,permute_graph,-0.0008831764418638439,-0.0009250155048838735,-0.0008433179854379676,0.9371657754010695,748,0.041852365517559546
ZEB1,CDK4,1,1,permute_graph,-4.418130035208285e-05,-0.0001134880966757558,2.1558536302527635e-05,0.536096256684492,748,-0.006362828064146808
ZEB1,CDKN2A,-1,1,permute_graph,-0.0018196373009214208,-0.0018755211639967162,-0.0017598256162855827,0.9893048128342246,748,-0.2586313964027633
ZEB1,ESR1,-1,1,permute_graph,0.0007729974793230388,0.0007053193815655131,0.0008400136756089413,0.20588235294117646,748,0.17484446973044573
ZEB1,GATA3,-1,1,permute_graph,-0.0014597396453869076,-0.0014978104305763617,-0.0014201122829765286,0.9986631016042781,748,0.11042162409589235
ZEB1,PLAU,1,1,permute_graph,0.0009120180388603782,0.0008101631505649342,0.0010177364878778967,0.2807486631016043,748,0.3028477403183484
ZEB1,SERPINB5,1,1,permute_graph,-0.0003455769238701336,-0.00042024300965138293,-0.0002700543478122989,0.6443850267379679,748,0.09573285259147765
ZEB1,SERPINE1,-1,1,permute_graph,0.00728642840337659,0.00708130701289719,0.007474013828267196,0.0,748,0.4842645536989708
ZEB1,SLC2A3,1,1,permute_graph,0.01273787308383879,0.01247827717178184,0.013008645018835556,0.0,748,0.45443723054428453
ZEB1,TGFB1,1,1,permute_graph,-0.0015664927848181465,-0.0016333821258543363,-0.0014975910564077734,0.9491978609625669,748,0.3435795425591153
ZEB1,COL1A2,-1,1,permute_graph,0.0029207915779445558,0.002800710316707584,0.0030447792471822274,0.02540106951871658,748,0.6876668551360723
ZEB1,VIM,1,1,permute_graph,0.004678051080139695,0.004528215899111026,0.004832150314933722,0.00267379679144385,748,0.39638112361772254
ZEB1,RAB25,-1,1,permute_graph,-0.0016980602283532095,-0.001765477498938287,-0.0016295617855634989,0.9705882352941176,748,-0.30145224308737084
ZEB1,GRHL2,-1,1,permute_graph,8.314580078869191e-05,3.399525154813548e-05,0.0001289471013844189,0.4090909090909091,748,0.06466398783771628
ZEB1,COL1A1,-1,1,permute_graph,0.007196320631249132,0.007046723730158461,0.00736108416304824,0.0,748,0.5915574365603177
ZEB1,MUC1,-1,1,permute_graph,-0.0003146582648304165,-0.000398813406222976,-0.000230501963293807,0.6189839572192514,748,0.1587029955854346
ZEB1,CD4,-1,1,permute_graph,0.0033454859669116094,0.003215488124831368,0.0034828181615296026,0.03208556149732621,748,0.30016372365771404
ZEB1,CHEK1,0,0,permute_graph,0.0003047503403980633,0.00025443910252665716,0.00035760246018452536,0.3088235294117647,748,-0.19166575844083011
ZEB1,SERPINB9,0,0,permute_graph,0.004317632134017699,0.004193791710655827,0.004419486154158851,0.0,748,0.4397663939907936
ZEB1,CYB5R1,0,0,permute_graph,-0.0016258199588825627,-0.0016792874780714715,-0.0015722177841131196,0.9799465240641712,748,0.10987756391635788
ZEB1,KIF23,0,0,permute_graph,-0.0006183921811444798,-0.0006687320962505932,-0.0005692978325439371,0.8449197860962567,748,-0.1091308832793092
ZEB1,CCDC3,0,0,permute_graph,0.02895265731992907,0.028383831101473432,0.0295619151115425,0.0,748,0.47140084253251907
ZEB1,AEBP1,0,0,permute_graph,0.008571260752871885,0.008379476023466476,0.008783443002762778,0.0,748,0.5755720883720512
ZEB1,CST1,0,0,permute_graph,0.0028694063007961065,0.0027582726501565067,0.0029770550019584626,0.0066844919786096255,748,0.17340634938088365
ZEB1,KAT2A,0,0,permute_graph,-0.0025045608609845045,-0.0025618041735198487,-0.0024454968900400253,0.9986631016042781,748,-0.3029389786644203
ZEB1,RPL37,0,0,permute_graph,-0.002352453553932926,-0.002411102739439981,-0.0022911622272986983,0.9986631016042781,748,-0.1845401927136231
ZEB1,TBX3,0,0,permute_graph,-0.0006174365183464698,-0.0006632060356439827,-0.0005755300808543548,0.8516042780748663,748,0.24522977855604677
ZEB1,CCND1,0,0,permute_graph,-0.0006208977136601579,-0.0006546321691359581,-0.000584968833743351,0.9077540106951871,748,0.23100101225246114
ZEB1,BUB1,0,0,permute_graph,-0.0010344200505279083,-0.0010846846107785307,-0.0009856144976733703,0.9371657754010695,748,-0.15019761689852326
ZEB1,SCNN1A,0,0,permute_graph,0.0013399610514611454,0.0012521342149553422,0.0014251835469746683,0.10160427807486631,748,0.18383267976914688
ZEB1,ENPP2,0,0,permute_graph,0.014176613731938955,0.013877693916051134,0.014503988479876247,0.0,748,0.5279771051961945
ZEB1,MAP3K1,0,0,permute_graph,0.00922119504657579,0.009037548786884385,0.009410084617675289,0.0,748,0.5400041190586735
ZEB1,FSCN1,0,0,permute_graph,-0.0005663170134764887,-0.0006709428987907386,-0.00045767364807575487,0.696524064171123,748,0.05190693447845199
ZEB1,CD9,0,0,permute_graph,-0.0009150800314680433,-0.0009788505888005327,-0.0008601486631833036,0.8957219251336899,748,0.01796692922493541
ZEB1,AKT1,0,0,permute_graph,-0.0013540295866997037,-0.0014069898752506024,-0.0012979545898404768,0.9612299465240641,748,0.11513046323646613
ZEB2,CCND1,-1,1,permute_graph,-0.0008948129461912199,-0.0009525753838624783,-0.0008328297773729703,0.8676470588235294,748,0.03852444596323573
ZEB2,CDH1,-1,1,permute_graph,1.1788270105865037e-05,-4.9915404006906914e-05,7.472393348121669e-05,0.4946524064171123,748,-0.04269064352324649
ZEB2,ESR1,1,1,permute_graph,-0.001290200534608687,-0.0013490746644171591,-0.0012278807749787073,0.9171122994652406,748,-0.038473866313713995
ZEB2,MMP2,1,1,permute_graph,0.002626545556593494,0.0025059609650987,0.0027446248745832125,0.06818181818181818,748,0.5785761235122927
ZEB2,SFRP1,-1,1,permute_graph,-0.00030473302282001146,-0.0003859864969351025,-0.000224399274151187,0.6350267379679144,748,0.3300051933028643
ZEB2,ZEB1,-1,1,permute_graph,0.04168325760115416,0.04062491480185656,0.04268643948746826,0.0,748,0.8380150595745263
ZEB2,COL1A2,-1,1,permute_graph,-0.000912597319966185,-0.0009984222276656304,-0.000825768504884226,0.7713903743315508,748,0.5436254423264184
ZEB2,VIM,1,1,permute_graph,0.005141174123720425,0.004965147814687895,0.0053097498404097035,0.0053475935828877,748,0.5092054747080033
ZEB2,CLDN4,-1,1,permute_graph,-0.0028612822365412516,-0.002924777352791272,-0.002793979378143838,0.9986631016042781,748,-0.2940488640990623
ZEB2,ATP6V1B2,0,0,permute_graph,0.011499222519570121,0.011321810012634093,0.011679495446051517,0.0,748,0.542394258980352
ZEB2,LAMB3,0,0,permute_graph,-0.0023958992892826477,-0.002465964670111667,-0.002324074529522887,0.9959893048128342,748,0.23807332249985474
ZEB2,CMTM3,0,0,permute_graph,0.001020255123651895,0.0008909207187055955,0.0011656261860351917,0.303475935828877,748,0.4275852175698391
ZEB2,NRN1,0,0,permute_graph,0.009136072196043137,0.008869810827880966,0.009399608588943908,0.001336898395721925,748,0.5849214609725316
ZEB2,ADAMTS12,0,0,permute_graph,0.04210334730495611,0.0415108177703384,0.04268694794184297,0.0,748,0.6129285799148354
ZEB2,NDUFS6,0,0,permute_graph,-0.005138611580318241,-0.0052446878036490775,-0.005036959656569841,1.0,748,-0.46759671669832215
ZEB2,LY96,0,0,permute_graph,0.017568753301722136,0.01721037996340827,0.017913071854857007,0.0,748,0.5732837300083234
ZEB2,GSTM1,0,0,permute_graph,0.00029727839773484283,0.00021273507012192094,0.00038833545260160405,0.38636363636363635,748,0.02413012511514361
ZEB2,PPP2R5A,0,0,permute_graph,-0.0006160581023756043,-0.000678577920467196,-0.0005587139899810088,0.766042780748663,748,0.12046386527760537
HOXB2,MMP9,1,1,permute_graph,0.0003537925045751364,0.0002831719477545573,0.00042377952093141454,0.3622994652406417,748,-0.17918302225845756
HOXB2,PLAT,1,1,permute_graph,0.008431253005391893,0.00819912123236948,0.008653134570645673,0.001336898395721925,748,0.29958492287191363
HOXB2,KRT14,1,1,permute_graph,0.0005797631860961352,0.0004906734060207645,0.0006707039125696984,0.32486631016042783,748,-0.017281208709144957
HOXB2,PRRX1,0,0,permute_graph,-0.00045138430763401173,-0.0005377948610744976,-0.0003598405561578398,0.6283422459893048,748,0.08620105462008532
HOXB2,FSCN1,0,0,permute_graph,0.002100112383858152,0.002023347946152184,0.002185941027105311,0.016042780748663103,748,-0.22225856081344003
HOXB2,STC1,0,0,permute_graph,0.0031041945020357778,0.0030169929392188026,0.003206781995922258,0.00267379679144385,748,0.1678253105092955
TRPS1,BCL2,1,1,permute_graph,0.0043452530022322095,0.004169997918270545,0.004514076118081485,0.00267379679144385,748,0.44042620895486745
TRPS1,CCND1,1,1,permute_graph,0.006124581590065744,0.0059227725739031374,0.0063275773952500974,0.0,748,0.4234502391307733
TRPS1,ERBB2,1,1,permute_graph,0.006236744079026668,0.006047454975104855,0.006425223542977481,0.0,748,0.1651830973250792
TRPS1,EXT1,1,1,permute_graph,0.004431442507341795,0.004286285347235513,0.004593090607748165,0.0,748,0.15498954902307732
TRPS1,RUNX1,-1,1,permute_graph,0.00019653211891445263,0.000127037454440273,0.00025929700027912126,0.44919786096256686,748,0.2731951918251818
TRPS1,VEGFA,1,1,permute_graph,0.0034130388804430845,0.0033082495812295962,0.003540593189190046,0.001336898395721925,748,0.1341055733181686
TRPS1,ZEB2,-1,1,permute_graph,0.00019073069100591922,0.00014165231272820754,0.00023582324328161506,0.3582887700534759,748,0.10708196382026773
TRPS1,SOX9,-1,1,permute_graph,0.0007877585030726941,0.0007145281598771265,0.0008607644169012822,0.19117647058823528,748,0.05709779996591895
TRPS1,MFAP5,0,0,permute_graph,7.043514544320339e-05,-9.425383742022425e-06,0.00015306690056935427,0.49732620320855614,748,0.07345320538058504
TRPS1,CRABP2,0,0,permute_graph,-0.00019670604577092286,-0.0002655327694869075,-0.00013107993502839044,0.6082887700534759,748,0.14647467733037056
TRPS1,MCM2,0,0,permute_graph,0.0021649058029195047,0.00206208554988415,0.0022599989206965113,0.012032085561497326,748,0.25493871991682915
TRPS1,PRR15L,0,0,permute_graph,0.0018944245513691266,0.0017968163590582748,0.001998854279338626,0.03208556149732621,748,0.18455520449357174
TRPS1,AURKB,0,0,permute_graph,-0.002085127383877263,-0.002154665841636333,-0.002017006053914667,0.9973262032085561,748,-0.15611491753553125
TRPS1,EZH2,0,0,permute_graph,-0.0004572654734390553,-0.0005234551903201984,-0.0003955443839105957,0.696524064171123,748,0.01811617359680972
TRPS1,RARRES1,0,0,permute_graph,-0.001039016956700852,-0.0010892757833225622,-0.0009861249858579874,0.929144385026738,748,-0.1709015223126644
TRPS1,SSH3,0,0,permute_graph,-2.6184102477184093e-05,-8.082217616967048e-05,3.1873634593051696e-05,0.5347593582887701,748,0.24937128837060615
PRRX1,VEGFA,1,1,permute_graph,-0.0008398790872421731,-0.0009076182550353078,-0.0007796435824963937,0.8529411764705882,748,-0.012096621924608968
PRRX1,SOX9,1,1,permute_graph,-0.001620182085619598,-0.0016973315995821962,-0.0015496518792034208,0.9585561497326203,748,-0.019631871337760315
PRRX1,CRNKL1,0,0,permute_graph,0.0019976006526958184,0.001906385892003388,0.0020824215286838832,0.05614973262032086,748,0.16852404943306204
PRRX1,CHI3L1,0,0,permute_graph,0.00032687657504423936,0.00020145076902462105,0.0004474188855566164,0.4425133689839572,748,0.09709047451882453
GRHL2,CDH1,1,1,permute_graph,0.004757960959970154,0.004607267915838774,0.004927910101820372,0.004010695187165776,748,0.411233160797664
GRHL2,ERBB3,1,1,permute_graph,8.52592943531734e-05,7.713808868583698e-07,0.00016120005648627935,0.4692513368983957,748,0.4206714551601521
GRHL2,ZEB1,-1,1,permute_graph,0.0019612072414175717,0.001825022652708724,0.002096992097042774,0.14304812834224598,748,0.06466398783771628
GRHL2,RAB25,1,1,permute_graph,0.0003966888565148451,0.00032104872390603054,0.00047410896277564,0.3582887700534759,748,0.16746371309806538
GRHL2,CLDN3,1,1,permute_graph,-0.0010611520232649352,-0.0011365440451359928,-0.000987276573914041,0.856951871657754,748,0.08206209672658205
GRHL2,CDC42SE1,1,1,permute_graph,0.00666423845710814,0.006520555212725628,0.006820462705038736,0.001336898395721925,748,0.4447098346765183
GRHL2,CLDN4,1,1,permute_graph,0.00026288175425839155,0.00017445252227983628,0.00034642371325898866,0.43716577540106955,748,0.12560285909206606
GRHL2,NID1,0,0,permute_graph,0.0023522893251990648,0.0022200994024191415,0.002479746246149301,0.06818181818181818,748,0.1171137359960823
GRHL2,TWIST1,0,0,permute_graph,-0.0011909498894543996,-0.0012481252679957416,-0.0011349566561857207,0.9411764705882353,748,-0.20791226277492394
GRHL2,RAD51,0,0,permute_graph,0.0013365438224170066,0.0012610514748072899,0.001411012856714319,0.0748663101604278,748,0.3167020669256217
GRHL2,SLC2A4RG,0,0,permute_graph,-0.0019086855353701217,-0.0019712338685906787,-0.0018465718218754585,0.9786096256684492,748,0.010156789169486468
GRHL2,KRT23,0,0,permute_graph,-0.00042534558008692255,-0.0005046963220955692,-0.0003424321345969591,0.6470588235294118,748,-0.042829177816626235
GRHL2,S100A6,0,0,permute_graph,-0.001097312807470707,-0.0011691287933998631,-0.001028073610472924,0.8823529411764706,748,-0.3245747388431373
GRHL2,ABCC11,0,0,permute_graph,0.0003098864545763444,0.00022357010404801755,0.0003945721072423283,0.39572192513368987,748,0.12993410086756213
ID4,BRCA1,-1,1,permute_graph,-0.00034756211048480196,-0.0004081379249691954,-0.0002834997586980666,0.6831550802139037,748,-0.16374661301467583
ID4,IGF1R,1,1,permute_graph,0.0007552686079327233,0.0006884026513584352,0.0008241519151374194,0.19518716577540107,748,-0.02276729344428398
ID4,IGFBP3,1,1,permute_graph,0.0026359754092841934,0.0025313659183547783,0.0027330605849449777,0.03208556149732621,748,0.3951615920856268
ID4,TP53,1,1,permute_graph,0.0030760723164507627,0.0029829967328543986,0.0031684561432519785,0.001336898395721925,748,0.08668065869699326
ID4,COPZ2,0,0,permute_graph,0.0007078081117893128,0.00062882620793329,0.0007846806170001755,0.2927807486631016,748,0.2310540578025029
ID4,RAD51,0,0,permute_graph,-0.0007376976870249375,-0.000800625570517891,-0.0006792870810779999,0.8409090909090909,748,-0.15632122395640874
ID4,SMAD4,0,0,permute_graph,0.0055822658489098,0.00545628058725454,0.005709564440045132,0.0,748,0.3009967825221392
ID4,E2F1,0,0,permute_graph,-0.0015506997373728696,-0.001617139108227308,-0.001483024268415458,0.9451871657754011,748,-0.22557078230458943
KDM2A,CD44,1,1,permute_graph,0.005246494237936158,0.005113775422391955,0.005370772979647643,0.001336898395721925,748,0.26999832290042053
KDM2A,CDK6,1,1,permute_graph,-2.586010987944798e-06,-4.785626138201042e-05,4.5223452987932914e-05,0.517379679144385,748,0.22045125907414037
KDM2A,CDKN1B,1,1,permute_graph,0.004863186486799157,0.004721855963395624,0.005020623885193895,0.016042780748663103,748,0.3466757228323559
KDM2A,FGFR1,1,1,permute_graph,0.0011448708026289753,0.0010780414569614134,0.0012127784090276423,0.09090909090909091,748,0.30191465475647833
KDM2A,CDC42SE1,0,0,permute_graph,0.008680962050232352,0.008450173436048352,0.008928984632188912,0.001336898395721925,748,0.522148509934729
KDM2A,CDH3,0,0,permute_graph,0.0010244008346249932,0.000947537210612449,0.0011006475634258268,0.12032085561497326,748,0.18737385732358477
KDM2A,TUBB2A,0,0,permute_graph,-0.0007999117102278074,-0.0008660499294528752,-0.0007312382265388766,0.7994652406417112,748,-0.00023248287553446616
KDM2A,LRP5,0,0,permute_graph,0.0029810744423648334,0.002897399757895786,0.003060271574505737,0.0066844919786096255,748,0.4262612231839332
SND1,IGFBP3,1,1,permute_graph,0.0019905143905905817,0.0019116651623052457,0.0020668510440550246,0.03208556149732621,748,-0.01304470360684221
SND1,ATP6V1B2,0,0,permute_graph,0.003909608875334915,0.0038055130038302538,0.004012616663361293,0.004010695187165776,748,0.2165446964280926
ETV3,MYC,-1,1,permute_graph,0.001524038591468624,0.001438271115449342,0.0016044717027789976,0.07887700534759358,748,0.27547162010027215
ETV3,NCOA3,0,0,permute_graph,0.00670635566956226,0.006532628258320656,0.0068665368601137375,0.0,748,0.500856800326256
TFAP2C,EGFR,1,1,permute_graph,0.002499453709859222,0.0024017883701384444,0.0025984058213821145,0.0213903743315508,748,0.33001285630597654
TFAP2C,ERBB2,1,1,permute_graph,0.0019238643744568637,0.001852203329193775,0.0019957473854181128,0.02540106951871658,748,0.06197308744054275
TFAP2C,ERBB3,1,1,permute_graph,0.002377541503228195,0.002296881339578756,0.002467712126891196,0.0066844919786096255,748,0.10666998473750494
TFAP2C,ESR1,1,1,permute_graph,-0.0016792749948699986,-0.0017319161125071527,-0.0016274575257303242,0.982620320855615,748,-0.13202139932039186
TFAP2C,FOXA1,1,1,permute_graph,-0.0023692723764554874,-0.0024319614936714265,-0.002303443015623613,0.9946524064171123,748,-0.11588600390868284
TFAP2C,FOXC1,1,1,permute_graph,0.005155258447657308,0.005007541102106948,0.005288770031409111,0.0,748,0.3433579772452362
TFAP2C,GREB1,1,1,permute_graph,-0.0009656275287619167,-0.0010218955162460638,-0.0009122881821689562,0.9050802139037433,748,0.054904266115245265
TFAP2C,MMP2,1,1,permute_graph,-0.00036532672403509687,-0.0004141313609583697,-0.00031352547827735163,0.7205882352941176,748,0.06693605777572209
TFAP2C,SFRP1,1,1,permute_graph,0.005604603640326762,0.005452585635269344,0.0057594451501819435,0.0,748,0.4214932658028107
TFAP2C,ECM1,1,1,permute_graph,-0.0018109307714045692,-0.0018749530049565516,-0.0017407305051494616,0.9598930481283422,748,-0.1252551670164949
TFAP2C,KRT14,1,1,permute_graph,0.0019192135678239022,0.0018122935577956874,0.00202403136362706,0.05748663101604278,748,0.3005069821494981
TFAP2C,CRABP2,1,1,permute_graph,-0.0008522621753962572,-0.0009117850154891862,-0.0007948067649560198,0.893048128342246,748,-0.012993579165910051
TFAP2C,AR,0,0,permute_graph,-0.002238973393976528,-0.0023086301371938274,-0.002169834761411356,0.9866310160427807,748,-0.07610830774536648
TFAP2C,DNMT3B,0,0,permute_graph,0.0014288509833176545,0.0013657105229568775,0.001496400584900666,0.0213903743315508,748,0.344439989334977
TFAP2C,AEBP1,0,0,permute_graph,-7.433704297272416e-05,-0.00012731615614263077,-1.506477235584003e-05,0.536096256684492,748,0.034080045505626884
TFAP2C,CAPN8,0,0,permute_graph,-0.0010116579294961725,-0.001082890404537928,-0.000933786316035205,0.8422459893048129,748,-0.06460109394549123
TFAP2C,CDH3,0,0,permute_graph,0.007881587859551935,0.0077302776653371055,0.008015330664362382,0.0,748,0.4779531081351888
TFAP2C,SMAD4,0,0,permute_graph,0.003948450945118533,0.003839342241807769,0.0040629196703156345,0.0066844919786096255,748,0.24782842448256595
TFAP2C,PTPRC,0,0,permute_graph,-0.0011873856646717664,-0.0012420829709437918,-0.001123968357926462,0.9197860962566845,748,0.09070942524164058
TFAP2C,SERPINB9,0,0,permute_graph,-0.00014307587316223278,-0.0001997743433483745,-8.601964172992689e-05,0.5775401069518716,748,0.18016135553230359
TFAP2C,PLEKHF2,0,0,permute_graph,-0.001421811460241767,-0.001476905249482942,-0.0013668791694537955,0.9705882352941176,748,0.04755946456337906
TFAP2C,SND1,0,0,permute_graph,0.0032303992951033156,0.0031153319246368474,0.0033439312720351306,0.00267379679144385,748,0.07810249013876056
TFAP2C,GCC1,0,0,permute_graph,0.00173671507013467,0.0016620522483962526,0.0018145983617177154,0.04144385026737968,748,0.18152260601379133
TFAP2C,ARID1A,0,0,permute_graph,0.0005667598655782709,0.0004985202393999226,0.0006308950481972867,0.26871657754010697,748,0.17832227935753636
ID1,AURKA,1,1,permute_graph,-0.0005105560468659207,-0.0005870359796611928,-0.00044216095256671516,0.7620320855614974,748,-0.2706515879576192
ID1,BRCA1,1,1,permute_graph,-0.0022559251947952656,-0.0023394117693932657,-0.0021789631257916908,0.9745989304812834,748,-0.365123496315431
ID1,CCND1,1,1,permute_graph,-0.0014332904013906356,-0.0015002012760127316,-0.0013680759167376288,0.9558823529411765,748,-0.13112578972279454
ID1,CD44,1,1,permute_graph,-0.0006982848571560309,-0.0007970300054336596,-0.000613135357728517,0.7553475935828877,748,-0.027531787402496188
ID1,CDH1,-1,1,permute_graph,-0.0022903887210115,-0.002370797875393332,-0.00220787017737659,0.9919786096256684,748,-0.21342633336513198
ID1,CDK6,1,1,permute_graph,0.002490311335488397,0.0023935706419878564,0.002592502192082797,0.03074866310160428,748,0.09853347259558604
ID1,CDKN1B,1,1,permute_graph,0.0004485222355358025,0.000348152357175177,0.0005610206168227529,0.41711229946524064,748,-0.06039525472286754
ID1,CDKN2A,-1,1,permute_graph,0.0029223897345380698,0.0028221775270702142,0.00302423324121047,0.00267379679144385,748,0.10228088270033052
ID1,EGFR,1,1,permute_graph,0.0010949199599232153,0.001002784915612479,0.0011861104027767796,0.1657754010695187,748,0.29219176594422186
ID1,FGFR1,1,1,permute_graph,0.003587259801557876,0.0034827875827678607,0.0036826139047927415,0.001336898395721925,748,0.17846254899580904
ID1,MMP2,1,1,permute_graph,0.005193881536983352,0.005063364267648689,0.0053403443755420535,0.004010695187165776,748,0.3293878626677662
ID1,MMP9,1,1,permute_graph,0.0009736025966986118,0.0008873760092012856,0.0010573570165906025,0.18181818181818182,748,0.05324038491342121
ID1,MYC,1,1,permute_graph,0.0015030754425474939,0.0014133392772122672,0.0015939510651831331,0.08155080213903744,748,0.029316354398982877
ID1,PIK3R1,1,1,permute_graph,-0.00048578314901513795,-0.0005919143453978321,-0.0003917621342461548,0.6390374331550802,748,0.13949359621216925
ID1,PTEN,1,1,permute_graph,-0.0012710754990365209,-0.0013800927946448199,-0.00116239567865919,0.8382352941176471,748,-0.04245504898584506
ID1,SERPINE1,1,1,permute_graph,0.0012015396712095519,0.001114341355572826,0.001286257169107323,0.14037433155080214,748,0.1504548139797217
ID1,TGFB1,-1,1,permute_graph,0.011644937214026572,0.011398941777217403,0.011887300765502295,0.0,748,0.37741499097505227
ID1,TP53,1,1,permute_graph,0.0006777249107306651,0.0005909457026722261,0.000765239538968525,0.2660427807486631,748,0.004743978267324012
ID1,VEGFA,1,1,permute_graph,-0.0007265199696289877,-0.0008086307082531075,-0.0006527244418306669,0.7807486631016043,748,-0.07740699129453708
ID1,INHBA,1,1,permute_graph,-0.002214472235343128,-0.0023199583982750796,-0.0021092840938628818,0.9478609625668449,748,-0.10477716256010357
ID1,TFAP2C,0,0,permute_graph,0.029478440119813522,0.028902005953406095,0.03010163507236806,0.0,748,0.0021744087793883456
ID1,CREG1,0,0,permute_graph,-0.0015298196371086937,-0.0016704614230003301,-0.0013991401302640666,0.8275401069518716,748,-0.06622223671178147
ID1,MCM2,0,0,permute_graph,5.238515357262774e-05,-3.673648004753872e-05,0.0001387796830427425,0.45989304812834225,748,-0.20520625156430608
ID1,CCNB1,0,0,permute_graph,-6.675946757814997e-05,-0.00015118565187505583,2.18125358885881e-05,0.6203208556149733,748,-0.27589133943081895
ID1,EFNA4,0,0,permute_graph,0.001411431241629449,0.0013130080716895294,0.0015132912695544826,0.12834224598930483,748,0.07758164018389084
ID1,IL17RB,0,0,permute_graph,-0.001148884174863869,-0.001226135623039937,-0.0010639092770192203,0.8890374331550802,748,-0.1067528791619216
ID1,FXYD5,0,0,permute_graph,0.012154252288004784,0.01189191386409921,0.012376039716323388,0.0,748,0.25924857050127786
ID1,DLGAP5,0,0,permute_graph,-0.00040976567087618694,-0.00047820687506708147,-0.000340215154521337,0.7259358288770054,748,-0.2706306258569186
ID1,GCC1,0,0,permute_graph,-0.0016633060268157964,-0.001752868918438462,-0.0015756312146965078,0.9532085561497327,748,-0.06987534137858475
ID1,SFRP2,0,0,permute_graph,0.0031174494528606756,0.003011795624528964,0.003215138687561377,0.009358288770053475,748,0.2623861144298032
ID1,ETV3,0,0,permute_graph,-0.0027984112208549756,-0.0029365677154967874,-0.002663650154736875,0.9358288770053476,748,-0.12882083154376284
ID1,SCGB3A1,0,0,permute_graph,0.009187353741702974,0.008967603765372659,0.00941691975001372,0.0,748,0.3350327888334617
ID1,ZHX1,0,0,permute_graph,-0.0025718471747549136,-0.002669850789627256,-0.0024767536408470867,0.9933155080213903,748,-0.23701546008254976
ID1,GPR160,0,0,permute_graph,-0.0021397461760672945,-0.002230007884460138,-0.002057555322519772,0.9812834224598931,748,-0.14152429456084978
ID1,RAB4A,0,0,permute_graph,-0.00042776455837111054,-0.0005268100076213932,-0.0003335481662286197,0.6684491978609626,748,-0.037444939794304265
ID1,LAMB3,0,0,permute_graph,0.012204556934512261,0.01192448175990989,0.01248469128264712,0.001336898395721925,748,0.3754554740058273
ID1,DNMT3B,0,0,permute_graph,-0.00032566799118171925,-0.0003942856823088797,-0.0002580144888596482,0.6564171122994652,748,-0.13671510191430286
ID1,FOXM1,0,0,permute_graph,-0.0010151860140240787,-0.0010873193741075067,-0.0009417085039502813,0.8957219251336899,748,-0.26240756391700304
ID1,FLT1,0,0,permute_graph,-0.0018551568338836743,-0.0019305985039625054,-0.0017806360198410211,0.9852941176470589,748,0.13746989414144015
ID1,FGFR4,0,0,permute_graph,0.002421500274323013,0.002344704521155904,0.0024987527957866123,0.0066844919786096255,748,0.0538364452421858
HOXB7,CCND1,1,1,permute_graph,-0.00017176008544224784,-0.00022858473301305725,-0.00011656791407742687,0.6002673796791443,748,-0.10720522944254281
HOXB7,CDKN1B,-1,1,permute_graph,0.00018110253807462665,0.00010813571611371946,0.0002544982667272377,0.42780748663101603,748,-0.02141810153745575
HOXB7,EGFR,1,1,permute_graph,-0.0009515191377314886,-0.001028058551693478,-0.0008784016596822397,0.8382352941176471,748,0.044001442093476784
HOXB7,MMP2,1,1,permute_graph,0.008838528458571889,0.008639013763795625,0.009048983879150192,0.0,748,0.29365249703649204
HOXB7,VEGFA,1,1,permute_graph,-0.00011547796565992769,-0.00017750294475879237,-5.098965407246097e-05,0.5614973262032086,748,0.018165061652871968
HOXB7,PPP1R1B,1,1,permute_graph,0.02053795988275545,0.020071736567080146,0.020995076593522514,0.0,748,0.07800346755895782
HOXB7,CLDN4,0,0,permute_graph,6.891916412196094e-05,-1.8389848691334315e-05,0.00015135931823200932,0.48128342245989303,748,-0.0022133470963120174
HOXB7,ATP6V1C1,0,0,permute_graph,-0.0003842487355192827,-0.00044466690430724874,-0.0003218905737222232,0.6991978609625669,748,-0.14331203098101
HOXB7,C1orf116,0,0,permute_graph,-0.0018970612141033124,-0.0019914453032089546,-0.001794416315055913,0.9184491978609626,748,0.050954767585721934
HOXB7,PTN,0,0,permute_graph,-0.0002969693357237809,-0.00040214550253518547,-0.00018688327031054025,0.6016042780748663,748,0.1269303616432038
HOXB7,METRN,0,0,permute_graph,0.003382836303087664,0.0032674332244741694,0.003505978484509584,0.008021390374331552,748,0.10453752570191326
HOXB7,DHX9,0,0,permute_graph,-0.0012940245448095373,-0.0013729277497892861,-0.001217787091636037,0.8997326203208557,748,-0.08092048538657093
ELF3,AR,1,1,permute_graph,-0.000641714177657177,-0.0007392822883989151,-0.0005411642353013461,0.6978609625668449,748,0.02633880750749661
ELF3,ERBB2,1,1,permute_graph,0.0036275037495027596,0.0034566197024513893,0.003797322581064599,0.022727272727272728,748,0.21220505276354842
ELF3,MMP9,-1,1,permute_graph,-0.0019930870203739583,-0.002096604068970861,-0.0018976368480820606,0.9478609625668449,748,-0.0578054276034763
ELF3,NOTCH3,1,1,permute_graph,0.02689460569867323,0.02643317397259182,0.027338519552564864,0.0,748,0.2244300035181386
ELF3,TGFB1,1,1,permute_graph,0.00013451516506247262,1.580102343561386e-05,0.00025374595881207427,0.49331550802139035,748,0.04343935965648045
ELF3,CFH,0,0,permute_graph,0.0022626739550620956,0.0020823507668475795,0.0024406884958684955,0.1590909090909091,748,-0.07889186526992284
ELF3,PPP2R5A,0,0,permute_graph,0.0033068455343587917,0.0031726473971305726,0.0034455036061090466,0.012032085561497326,748,0.24211124500572562
ELF3,RARRES1,0,0,permute_graph,0.016777468987312267,0.016406200129999247,0.017212135953860442,0.0,748,0.1465756932616123
ELF3,CCND2,0,0,permute_graph,-0.003319327544284828,-0.0034029515531964487,-0.0032367243144423388,0.9946524064171123,748,-0.11981784129311807
ELF3,KIF2C,0,0,permute_graph,0.001266681673768874,0.0011702075896238067,0.0013573181791166277,0.15508021390374332,748,0.020512398795183587
AEBP1,FABP4,-1,1,permute_graph,-0.003743501483967425,-0.0038782362975122043,-0.003604118302663699,0.9946524064171123,748,0.14213219758317733
AEBP1,ESM1,0,0,permute_graph,0.007750016815566961,0.007576245553553919,0.007923424906270004,0.004010695187165776,748,0.17023244832757628
RARA,AKT1,1,1,permute_graph,0.01321583740220616,0.012870337775884132,0.013554380068718579,0.0,748,0.39769086125815956
RARA,BCL2,-1,1,permute_graph,0.00785521116433914,0.0075811111694046186,0.008111440265144897,0.00267379679144385,748,0.4001955603067802
RARA,CDKN2A,1,1,permute_graph,-0.0005571294421124244,-0.0006782739373277155,-0.0004373749929215475,0.6844919786096256,748,-0.19557709638203108
RARA,CHEK2,1,1,permute_graph,0.0020899603122167963,0.00194926944722126,0.002240088052826447,0.13770053475935828,748,-0.15702588392059322
RARA,EGFR,-1,1,permute_graph,-0.0027852116344387052,-0.0029217987538677713,-0.0026536291781289975,0.9237967914438503,748,-0.4256087372960477
RARA,ESR1,1,1,permute_graph,0.0076855231931436405,0.00747791620079302,0.007898919738794068,0.0,748,0.5738522082733452
RARA,FGFR1,1,1,permute_graph,9.660339049344304e-05,-1.933541132299776e-05,0.0002150803260752579,0.5588235294117647,748,0.19483231971889184
RARA,FOXC1,1,1,permute_graph,-0.0035283502595127294,-0.0036486924862644326,-0.0034106945677371127,0.983957219251337,748,-0.4621141932519981
RARA,GREB1,1,1,permute_graph,0.004395880935250477,0.004263718052605977,0.004554091434698153,0.004010695187165776,748,0.520099546712872
RARA,IGFBP3,1,1,permute_graph,-0.0010607062184057614,-0.0011946298720716835,-0.000916572758852613,0.75,748,-0.17677509836580424
RARA,MMP2,1,1,permute_graph,0.0010373043477844017,0.0009381762896469362,0.00113749594672408,0.2192513368983957,748,0.11967833063761582
RARA,MYC,1,1,permute_graph,0.001724835674846196,0.0016002776575950836,0.0018440893778310583,0.12566844919786097,748,-0.09313496820865491
RARA,PLAT,1,1,permute_graph,0.003750064958894621,0.003590187999248046,0.0039277786237746715,0.012032085561497326,748,0.3437694001554722
RARA,PLAU,1,1,permute_graph,-0.000557380235577981,-0.0006610738941202258,-0.00045899661311816576,0.7045454545454546,748,-0.005664547912704916
RARA,RB1,1,1,permute_graph,-0.0013200708000909091,-0.0014492613587959258,-0.001196843024059788,0.8248663101604278,748,0.19776132295257726
RARA,SMAD3,1,1,permute_graph,0.002843998752014774,0.002683975904089076,0.0030064223277707926,0.07219251336898395,748,0.3307367679954233
RARA,TGFB1,1,1,permute_graph,0.003981882779951972,0.0038316463189404584,0.004131252052274459,0.012032085561497326,748,0.28047298595489306
RARA,VEGFA,-1,1,permute_graph,0.0038935467919978886,0.0037237918695944157,0.004072468206426502,0.014705882352941176,748,-0.0021370761814670488
RARA,NES,1,1,permute_graph,-6.52042841339569e-05,-0.0001915060371189959,5.151935420708835e-05,0.553475935828877,748,-0.06119099532003484
RARA,KRT14,1,1,permute_graph,-4.950389793099366e-05,-0.0001597413705324053,7.560065966149456e-05,0.5294117647058824,748,-0.07004541889219645
RARA,CRABP2,1,1,permute_graph,0.008383790681631687,0.008156977188152986,0.00861559177796172,0.001336898395721925,748,0.3644655372666924
RARA,SOX9,1,1,permute_graph,-0.0015224006179298498,-0.0016514283784180826,-0.0013842359512789937,0.8221925133689839,748,-0.23755847447535583
RARA,ETV3,0,0,permute_graph,-0.0022569790029310613,-0.0024470299126469557,-0.002067561463888448,0.8101604278074866,748,-0.08963840626279276
RARA,MNDA,0,0,permute_graph,-0.00010218489313342018,-0.00022074995672831504,1.8773857316745513e-05,0.5721925133689839,748,-0.1383339928066076
RARA,OLR1,0,0,permute_graph,0.0011654046245015588,0.0010587573143682216,0.0012699251961713807,0.21657754010695188,748,0.05211675188099882
RARA,THRSP,0,0,permute_graph,-0.0002664173550243075,-0.0003724092068974477,-0.0001584056477538034,0.6042780748663101,748,0.11242773146901436
RARA,S100A4,0,0,permute_graph,0.00015012246752473194,3.9536936862066585e-05,0.00026194874393241347,0.48663101604278075,748,-0.2638344873321062
RARA,LPL,0,0,permute_graph,-0.006000691489316523,-0.006127632052822116,-0.005889333520787468,1.0,748,-0.1589564409004537
RARA,ID4,0,0,permute_graph,-0.0007980052639486224,-0.0009529696280238801,-0.0006368027272463611,0.6617647058823529,748,-0.24972525989237143
RARA,DNMT3B,0,0,permute_graph,-0.0009018346730373962,-0.0010218184616386798,-0.0007790882757191701,0.7406417112299465,748,-0.09736346048244429
RARA,SND1,0,0,permute_graph,0.0037736925579534447,0.003627571447994377,0.003939552628272296,0.026737967914438502,748,0.013962678355267955
RARA,CHCHD2,0,0,permute_graph,0.007933517595244249,0.0077104348346722544,0.008150316834965024,0.001336898395721925,748,0.1576451526245203
RARA,SLC2A3,0,0,permute_graph,-2.7636810265641228e-05,-0.00011748198107812111,6.508469938424301e-05,0.5655080213903744,748,-0.12914187274032676
RARA,BAG1,0,0,permute_graph,0.011106866881053782,0.010838952733842082,0.011409873029284773,0.0,748,0.3516862933172205
RARA,OXCT1,0,0,permute_graph,-0.006718295930702995,-0.0069381219058346506,-0.006502244740554608,0.9986631016042781,748,-0.27683503608713883
RARA,GATA3,0,0,permute_graph,0.012618729571933045,0.01231611334038533,0.012927351385306644,0.0,748,0.6549395571763217
RARA,CA12,0,0,permute_graph,0.009652189224578256,0.009389417575331533,0.00991818594026426,0.0,748,0.6086686693799036
RARA,S100A14,0,0,permute_graph,0.0052789097262958135,0.005114677032197862,0.005441608903405618,0.00267379679144385,748,0.24889244475671546
RARA,MDM2,0,0,permute_graph,0.0034105833404018495,0.0032688374890592676,0.0035627082391522093,0.03074866310160428,748,0.2878204541735655
RARA,HTATIP2,0,0,permute_graph,-0.003975126150299905,-0.0041130973904998725,-0.0038371981502823525,0.9799465240641712,748,-0.20895413472428515
RARA,C1orf116,0,0,permute_graph,-0.005401507558038794,-0.005600059872839488,-0.005197612454366842,0.9893048128342246,748,-0.23086091630869465
RARA,IGFBP4,0,0,permute_graph,0.011203091972861968,0.010944026144316983,0.011447105916042036,0.0,748,0.6049446137075378
RARA,FGF4,0,0,permute_graph,-0.0006984794984900342,-0.0007680387512233725,-0.0006253788889010788,0.8021390374331551,748,-0.04000362798524175
RARA,STC2,0,0,permute_graph,0.008560110995199021,0.0082926733708999,0.0088455416261133,0.004010695187165776,748,0.4597206533861301
SOX9,AR,1,1,permute_graph,-0.003838550907131384,-0.003951082903146412,-0.0037397052534422597,0.9973262032085561,748,-0.15001807813863335
SOX9,BAG1,1,1,permute_graph,0.00013595909040434615,6.51402893719405e-05,0.0002171922224370849,0.46524064171123,748,-0.01957766466061059
SOX9,BCL2,1,1,permute_graph,-0.0016252242032033439,-0.0016954377039392534,-0.0015497306771146834,0.9692513368983957,748,-0.1514885868161435
SOX9,CCND1,1,1,permute_graph,-0.0015899172996929488,-0.001639916163658783,-0.001542671188663769,0.9906417112299465,748,-0.19982903849320588
SOX9,CDK4,1,1,permute_graph,0.003813729802961669,0.003715660034680121,0.003915709988287742,0.004010695187165776,748,0.13011413940032207
SOX9,MIA,1,1,permute_graph,0.011719186303418283,0.011370479730619847,0.012056001087942423,0.0,748,0.35587336484640864
SOX9,PIK3CA,1,1,permute_graph,0.0017726591437118744,0.001691698214307315,0.001856875322595633,0.04411764705882353,748,0.15743471949384105
SOX9,PITX2,1,1,permute_graph,0.00020827307932762837,0.00014015451230630906,0.00027486193870981105,0.3850267379679144,748,0.08769069853690424
SOX9,SNAI2,1,1,permute_graph,0.0020552443177729793,0.001977036336298663,0.0021367944777084505,0.03877005347593583,748,0.1711453598032348
SOX9,TWIST1,1,1,permute_graph,-5.330012155839429e-05,-0.00011207104244401296,7.350090817456609e-06,0.5481283422459893,748,-0.07514122947599569
SOX9,VEGFA,-1,1,permute_graph,0.004979307339742527,0.004840224191128092,0.005127994494082916,0.0,748,0.16559742608081096
SOX9,COL1A2,1,1,permute_graph,-0.0010761142466814907,-0.0011531116766896618,-0.000997446861280767,0.8409090909090909,748,-0.07889241006205842
SOX9,IGFBP4,1,1,permute_graph,-0.001777322177356856,-0.0018532948847133808,-0.0017047916652160374,0.9719251336898396,748,-0.19604327794316997
SOX9,LXN,1,1,permute_graph,0.0014058535579930655,0.0013316785950645718,0.0014831090748711425,0.07352941176470588,748,0.1845226446722039
SOX9,NES,1,1,permute_graph,0.004198406253893214,0.004062167699855491,0.004333996623556324,0.00267379679144385,748,0.1391566566129579
SOX9,COL10A1,-1,1,permute_graph,-0.00364467869305223,-0.0037291697090449747,-0.0035620745720608255,1.0,748,-0.10469861138506031
SOX9,MAPK3,1,1,permute_graph,-0.0014509867121417367,-0.001504044791116212,-0.0013932409224778157,0.9759358288770054,748,-0.18746523903600806
SOX9,CTF1,0,0,permute_graph,0.005601281262606336,0.005420450150965399,0.005758932621573425,0.0,748,0.21026506381268606
SOX9,TRPS1,0,0,permute_graph,7.777222745127246e-05,1.5865562390495476e-05,0.00014583782315521538,0.45989304812834225,748,0.05709779996591895
SOX9,DHX9,0,0,permute_graph,0.0006445673471167275,0.0005669503979297327,0.0007231652304267031,0.25267379679144386,748,0.1871263783276871
SOX9,CACNG4,0,0,permute_graph,-0.0019751404988149488,-0.002058032779071818,-0.0018797200612301337,0.9411764705882353,748,-0.30520261866096
SOX9,FGFR1,0,0,permute_graph,0.003038732393531863,0.0029449715568763326,0.0031375602475382436,0.008021390374331552,748,-0.020031576725642708
SOX9,SMAD3,0,0,permute_graph,0.002474696901747242,0.002394602153145307,0.002556432122090721,0.022727272727272728,748,-0.06362707636411577
SOX9,CDC6,0,0,permute_graph,0.000864593012120621,0.0008125501870787358,0.0009191975669751483,0.07352941176470588,748,0.0054576846824219505
SOX9,CD163,0,0,permute_graph,-0.0018384511092405461,-0.0018936816264666476,-0.001779170759930526,0.9919786096256684,748,-0.035938346331906616
SOX9,CEP55,0,0,permute_graph,0.0005824277677146606,0.000511150713948783,0.0006504769736748187,0.25133689839572193,748,0.11030005022051646
SOX9,PI4KB,0,0,permute_graph,0.0037681927059904905,0.0036426028240253774,0.003889391768441299,0.0066844919786096255,748,0.3352713596724273
SOX9,E2F1,0,0,permute_graph,0.00013905273839240372,8.542114794988941e-05,0.00019234842245189742,0.4772727272727273,748,-0.00814125898079083
SOX9,FGF3,0,0,permute_graph,0.0006500206041480159,0.0006014106952269444,0.000700370177436527,0.14705882352941177,748,-0.04833419956743122
SOX9,S100A4,0,0,permute_graph,-0.0003073466501369695,-0.00036348021741327186,-0.0002459639543418419,0.6323529411764706,748,0.011574911771630477
SOX9,FMOD,0,0,permute_graph,0.0022159063543646254,0.002123056771409028,0.002298141795193109,0.03342245989304813,748,0.10371477413477188
SOX9,FABP4,0,0,permute_graph,-7.71882918907357e-05,-0.00014755247536807583,-5.888393098561528e-06,0.5227272727272727,748,-0.01094563392361012
SOX9,SCNN1A,0,0,permute_graph,-0.0017665546771542312,-0.0018564671387997836,-0.0016738418501683712,0.9157754010695187,748,-0.06689468224668951
SOX9,DLGAP5,0,0,permute_graph,-0.00016704274452691525,-0.00021668124396757402,-0.00011913801574749219,0.5828877005347594,748,0.0855735400997262
