tf,target,edge_sign,coexpr__pooled,coexpr__CLAUDIN_SUBTYPE=Basal,coexpr__CLAUDIN_SUBTYPE=Her2,coexpr__CLAUDIN_SUBTYPE=LumA,coexpr__CLAUDIN_SUBTYPE=LumB,coexpr__CLAUDIN_SUBTYPE=Normal,coexpr__CLAUDIN_SUBTYPE=claudin-low
AR,AKT1,1,0.36175673612064146,0.4808375532513463,0.22452461630456447,0.33266600266401064,0.19353763603152943,0.5165075357058313,0.24084851446040884
DNMT3B,AKT1,1,0.27338397320278857,0.30781921451186517,0.3090532190552122,0.2943706885476508,0.12887721713540592,0.4246981772271759,0.18850016781243362
ESR1,AKT1,1,0.025802720065711875,0.1251466923880717,-0.1508573706540619,0.059315565262261054,-0.052179738733216484,-0.03064783397774797,-0.0656203694613335
EZH2,AKT1,1,0.12677551129187206,-0.2091190418776626,0.27085623166946665,0.26343845465653104,0.21479002279154893,0.2906302584836762,0.08540426382081533
MYC,AKT1,1,-0.40813874711328135,-0.37251426734185356,-0.3400928272445115,-0.3954189576758307,-0.1864604542136276,-0.5403219442910124,-0.28544780804997383
NCOA3,AKT1,1,0.10318802544912983,0.39474157497565837,0.07724711822497235,0.0017677994530425351,-0.11196034484950146,0.2936484921659864,0.02963316430321309
TP53,AKT1,-1,0.026119225183771744,-0.1474439353749699,-0.19457387738830834,0.1898950955803823,0.24004078250664562,-0.1929219600725953,0.05746034717766884
HIF1A,AKT1,1,-0.10191643164275176,-0.20905071939554698,-0.19279478345055379,-0.0810127080508322,0.06672591013679388,-0.21815671111812518,0.039733874595024074
ESR1,AKT2,1,0.09852327653440812,-0.15461377702757015,0.01078619025951384,0.05401447465059345,0.01245176134152464,0.024402320686389877,-0.10180392658263106
TP53,AKT2,1,0.07507284319570343,-0.0424523752109959,0.09605745952759866,0.10779590835783716,0.04815572271394668,0.12948025226935211,0.19021253958432746
TWIST1,AKT2,1,-0.08244859533904972,-0.02726067036411864,0.07809566223166062,-0.052959766381134366,-0.03602615564478743,-0.04915972768834565,-0.09800474441138932
AR,ALDH1A3,1,-0.17583225769748315,-0.013057632023149263,-0.007887468321990944,-0.08217988071952287,-0.05102680125304559,-0.15663221021068416,-0.05181636981750682
DNMT3B,APC,1,-0.016007046917944946,0.044156462660241175,-0.019769355619465245,0.027216781520328845,-0.011286191691532929,-0.07921565533022963,0.02155990218932439
EZH2,APC,-1,-0.016951091282779926,-0.11533236878064465,-0.034129673396167313,0.041847488429012196,0.045466960964064156,-0.0018503942444489656,-0.05525271839982172
MYC,APC,1,0.018628919642890727,0.14324009324009324,-0.009024174948033828,0.0039351517406069625,0.02876614435898463,0.08537047265840764,-0.06299473274442965
TP53,APC,1,0.06897379584963412,0.28319668836910217,0.15998519320026194,-0.035712334849339396,0.07130993780975761,0.07063836502801232,0.013751486909488592
HIF1A,APC,-1,0.042280889289608645,0.15300618921308576,0.1556729975227085,0.006922107688430753,0.0717082141019994,0.09917146689812989,-0.15107000404119736
ARID1A,AR,1,0.05097035494483962,0.01913835216055962,-0.06506806017969599,-0.045191187948993496,0.023071546853096092,-0.1372101097660469,0.12100559832721017
E2F1,AR,-1,-0.043486070579799245,-0.004412828550759585,-0.062178308038383784,0.003278509271405534,-0.04465715280194918,-0.013958810068649886,-0.1190555013938706
ESR1,AR,1,0.4775875669161448,0.35911502290812636,-0.0027142002904410713,0.3839900159600638,0.27440189250544433,0.2516846839738026,0.6536305706307691
EZH2,AR,1,-0.1620652123971336,-0.15688047584599307,0.09370312366525244,0.12510004742180286,0.042239936571483686,0.16465746993141392,-0.4923702160478659
FOXA1,AR,-1,0.5113406923323334,0.5697612732095491,0.16086221133859163,0.2470179160716643,0.29154964284504187,0.24272074489071255,0.7841452639221531
FOXM1,AR,1,-0.18127107887357075,-0.39121855156337915,0.07843845211993508,0.23020191280765118,0.04728891818548648,0.22108419474473293,-0.6115062250421813
HOXB13,AR,-1,0.05311191096895667,0.06812153363877502,0.02968079956718585,0.043061405279094855,0.14968289981510075,0.12145506194271287,-0.04244170515697882
MYBL2,AR,1,-0.00023090367908670158,0.00022104332449160037,-0.022272843759788146,0.03387690350761403,-0.030468598393957783,0.16993608458928433,0.03768359479347654
MYC,AR,1,-0.33637805869393916,-0.3524234386303352,-0.12213901306984823,-0.19454151416605667,-0.17438094680716712,-0.41403771798311373,-0.28961686252394464
NCOA3,AR,1,0.05995119381845236,0.34629686751169675,0.0765067778164524,0.10287619372603515,0.042004611905712017,0.2384917511480833,0.10175826333538054
NCOR1,AR,1,0.19102826081654886,0.021698416526002733,0.05334662148694438,0.20495448381793527,0.23393480343386244,-0.0001499250374812594,0.2003863110717392
SMAD3,AR,1,0.22570227174762056,0.15626557350695283,0.008468350465559953,0.21276336747875418,0.22440945639825358,0.08036013714312187,0.17015267506718204
SMAD4,AR,-1,-0.19519085670150518,-0.23373345564421377,-0.22411458185028044,-0.13667534750347735,-0.03998180803939461,-0.43148286603887887,-0.029386616315287693
TP53,AR,-1,0.050601291675966956,0.01409452616349168,-0.047166491073208236,0.198313561254245,0.18005969524009005,-0.07558589126489387,-0.2448897118420782
TWIST1,AR,1,-0.2464575953768376,0.1631741821396994,-0.11331188245678975,-0.3191050844203377,-0.24432479385428568,-0.16372603172098163,0.16144469381651136
ZEB1,AR,-1,-0.05694350663846878,0.2754360581946789,-0.13876818816025513,-0.15737501727706957,-0.2536557944118109,-0.21212067411205585,0.3463717125315932
HIF1A,AR,1,-0.30839674333292094,0.09994775339602927,-0.06743358296079045,-0.2425770343081372,-0.3463873290846422,-0.2920224098477077,-0.1828287925039213
E2F4,AR,1,-0.3343945731445207,-0.06849945442392744,-0.10795991680854043,-0.14003070236944445,-0.16131290777714316,-0.02738120836397885,-0.3444238578185799
BRCA1,ASPM,1,0.3952356582426509,0.2044713090501284,0.3858471971566998,0.3941744705386318,0.2157426068592973,0.35781582892764147,0.46503222683674705
BRCA1,ATM,1,-0.16721965090509996,-0.19428100634997186,-0.12417558824318663,-0.1318676249649692,-0.008224574848528718,0.007393671585260002,-0.0911415583496389
E2F1,ATM,1,-0.012996530712425153,-0.05035768828872277,-0.14040832597739114,0.020069889242911677,0.012391228680821442,0.08578079381361951,0.004623403784113299
MYC,ATM,1,0.1550548826823255,0.06743428984808296,0.20491357954383665,0.15370074280297122,0.012950602034812983,0.3442910123885426,-0.014765210998449733
RBBP8,ATM,1,0.05943624678047313,-0.03361469497499383,0.11382006404537934,0.06584297211258261,0.15057991499278606,0.20072714073858616,-0.16270746834687766
TWIST1,ATM,1,0.10806002236127848,0.11605980226669882,0.0450001423730744,0.08628610514442057,-0.06207966141894784,0.034751045529866645,-0.04225905216797682
E2F1,AURKA,1,0.08912306279020238,0.05174021380917933,0.17496056265839005,0.007815487637093964,0.06282138555794105,0.01642862779136748,0.05799004084577466
ESR1,AURKA,1,-0.32236264789896074,-0.14412426653805965,-0.03745778638343916,-0.02529581318325273,-0.1775788620941386,-0.01229385307346327,-0.6006794691190873
GATA3,AURKA,1,-0.36333295138909283,-0.3202797202797203,-0.11013411543608873,-0.014570458281833128,-0.20498846446469882,-0.1345537757437071,-0.5535184673587692
MYC,AURKA,1,0.1349308478752157,0.13987219676874849,0.21228736581337734,0.09589881559526238,0.13011067337339713,-0.14192377495462796,0.08899538572886533
TP53,AURKA,-1,0.004568165825283375,0.0870749939715457,0.12859249978644036,-0.013640310561242243,-0.018610252919306694,-0.1615955180304585,0.29796410412133634
HIF1A,AURKA,1,0.12638337956746526,0.0039064383891970105,0.06999402033087503,-0.08263377053508214,0.12069311779799105,-0.09931350114416476,0.14516117984698246
E2F1,AURKB,1,0.08799904047599359,-0.046513590661536486,0.11598172839873652,0.028740405720701835,0.048327890146580774,0.06263710250138088,0.05266576633864822
FOXM1,AURKB,1,0.8781194542807687,0.6055970235484766,0.6825050158063782,0.7617572275932581,0.720158133873673,0.8482521896946265,0.9062384058034826
E2F4,AURKB,1,0.3306007057113447,0.13876538893199555,0.12257203662754905,0.11704113106338451,0.12644185605785896,0.3324725744114942,0.36365431772170936
DNMT3B,BAG1,1,-0.09405744853576024,-0.17225320739218505,-0.11996583046214299,-0.08249500395989595,-0.013117862626528374,-0.07459954233409612,0.09129681339029061
TP53,BAG1,-1,0.053627938436449335,-0.006993006993006993,0.24823144166975142,-0.022118488473953896,0.10478824823116659,0.02260711749388464,0.020984545273968064
E2F1,BBC3,1,0.029794138584760998,0.14708624708624707,0.018523306472279958,0.025230582133396504,-0.002475288696407505,0.03741024224729741,0.019450260166351208
MYC,BBC3,1,0.01811882331813122,-0.10145486697210836,0.010165437512457643,0.058016392065568266,0.09851254739734297,0.08620689655172414,0.03223596939649169
SMAD3,BBC3,1,0.0038940986200858446,-0.07756611204887066,-0.03621857114382528,0.013736408264328315,-0.015121871245704733,-0.022417826946544504,0.06694916995632309
SMAD4,BBC3,1,-0.08236753844413963,-0.0663331588429308,-0.17866454056208886,-0.0976880941975222,-0.03545584168004434,-0.045585371965044905,0.024375069208454
TP53,BBC3,1,-0.012833123602129513,0.00793344586448035,-0.030865343546228535,-0.1010997323989296,0.007497019858370115,0.02146295273415924,0.10948448477016544
AR,BCL2,1,0.2639710462314973,0.025862068965517244,-0.06486631168313449,0.058242376969507875,0.16150242261642575,-0.021076303953286517,0.46464865555984275
E2F1,BCL2,1,0.003138776537937702,-0.05372156579053131,0.036569378399157144,0.027151309908502543,0.07927453957966911,0.10364554564822852,0.00014840555356413057
ESR1,BCL2,1,0.6331110195252685,0.2705891809340085,0.6259665708021298,0.3149510518042072,0.44195515772418825,0.452726268444725,0.6063417117781497
EZH2,BCL2,1,-0.342188071009464,-0.1644361385740696,-0.30344941484666416,-0.10269888097848459,-0.10891010958992377,-0.10533043740736467,-0.4737966266188349
FOXA1,BCL2,-1,0.4887853999862804,0.09698577284784181,0.13761781371906945,0.2637190068760275,0.29355642555498396,0.24870985559851655,0.46273079917532167
MYBL2,BCL2,1,-0.06868142042174843,-0.10154730327144121,-0.006951222984709132,-0.005119220476881907,-0.11459483934957446,0.06244772350666772,-0.2054914621143453
MYC,BCL2,1,0.010453874442516031,0.19183345390241943,-0.073859734047097,0.1290880683522734,0.07527976368323944,0.24139509192772038,-0.07520051873448876
NCOA3,BCL2,1,-0.1466117406838943,0.05161768710082895,0.13532283682500945,-0.0002141769029698279,-0.01307304699577448,-0.2720316263550357,0.22296222051238726
PGR,BCL2,1,0.4172073939051251,0.060585965758379545,0.3773353455394516,0.06830820923283693,0.058338698101642085,0.4191588416318157,0.33581436976727724
RUNX1,BCL2,1,0.1428261550432385,0.15199557109119788,0.16828412247091243,-0.007128510224883558,-0.07045921081033736,0.09253962179359404,0.08930132948544368
SMAD3,BCL2,-1,0.42665747131968396,0.45813037537175466,0.5053207665366326,0.3732814489608166,0.3830025953416313,0.3801916680833981,0.4994440499647251
SMAD4,BCL2,1,0.30692960037656886,0.17840625593435572,0.014135937811441098,0.3339735120477007,0.33506643638714056,0.4121700396784067,0.30578200112579956
TP53,BCL2,-1,0.08542808897968011,0.04422875974600113,0.0071858538113272015,0.06123883695534782,0.06310353643473413,0.257847392093427,-0.0578302194803979
TWIST1,BCL2,1,-0.2568130702192581,-0.06373281890523269,-0.07577095019789858,-0.23588119952479805,-0.3443580605515495,-0.28424208948157503,0.12025187847183376
TRPS1,BCL2,1,0.32310668842669793,-0.030869705007636045,0.15990099940262814,0.22293619849713942,0.06392643992275826,0.28066022382328704,0.14784634756401638
TOX3,BCL2,1,0.18929827899142773,-0.03473598860220847,-0.351721859961844,-0.02370657596421953,0.06933704852580076,0.12461556974609929,0.41329120137720343
HIF1A,BCL2,1,-0.3613182131315642,-0.23911261152640462,-0.5204829294683789,-0.24533109332437328,-0.33539884613844484,-0.11154422788605699,-0.3847562381703649
E2F1,BIRC5,1,0.09714595032368112,-0.032151756289687326,0.1763364560494319,0.03209811393316524,0.06523814950916221,0.03308608853468003,0.05505846037229244
ESR1,BIRC5,1,-0.27441073618632295,-0.2288642392090668,0.0986167032090891,0.09034480937923751,-0.06500374250344218,0.034664246823956454,-0.6401781779907713
FOXM1,BIRC5,-1,0.8185606346062021,0.5959086890121373,0.4467837922492098,0.6788808275233101,0.5216963551404747,0.750864041663379,0.9030614924119099
GATA3,BIRC5,1,-0.3171263529733683,-0.10546177959971063,0.1265468834534013,0.021599414397657588,-0.0650440937751233,-0.025637181409295356,-0.6000904132295559
MYBL2,BIRC5,1,0.07193922023103554,0.09502451571417088,-0.014060764828155697,0.020857523430093717,-0.01856250904823363,-0.10798548094373867,0.17607063191084707
MYC,BIRC5,1,0.04935381332157548,0.032770677598263805,-0.2535504997294911,-0.03963692654770619,0.04618280050146466,-0.30636786869723037,0.13975465137252302
RB1,BIRC5,1,-0.2700230964873115,-0.25601639739570775,-0.32985961421435006,-0.22200387467168492,-0.3255576774203174,-0.2136164034436394,-0.2558217852753508
RUNX1,BIRC5,1,-0.25210231561693774,-0.3232581014973313,0.03389510047859466,-0.0024352423254275298,-0.09365304186763779,0.000781191435307253,-0.1291196810878812
SMAD3,BIRC5,1,-0.03226789645310159,-0.08163732818905232,0.15213303340072326,0.23539258016800946,0.17158547936274915,-0.019991399003544703,-0.3264534040809244
TP53,BIRC5,-1,-0.06113155778431032,-0.07953942609115022,-0.030382414077849595,-0.0032075648302593205,-0.13787783113454838,-0.3232068176438097,0.280822121103498
HIF1A,BIRC5,1,0.03385082339978923,0.03913672534362189,-0.32511062387881196,-0.12705823623294493,-0.025786618779050606,-0.15792630000789082,0.1508462541296699
E2F4,BIRC5,-1,0.26419545246726805,0.13382391653414316,0.03572770947661359,0.03356428550702848,0.10097941206322923,0.2873133077062922,0.31229729683957885
EP300,BIRC5,-1,-0.15033723098971566,-0.12191544088095813,-0.30709092348359057,-0.14678761819627864,-0.05064794613504244,-0.2645082636660044,-0.0017557518567817912
DNMT3A,BRCA1,1,-0.1091351917569719,-0.0883289124668435,0.024630569925760896,-0.05810534339401481,-0.0704003454808384,-0.15484100055235542,-0.20374712606937614
DNMT3B,BRCA1,1,0.22970001552094135,0.1828150699453036,0.2752642588139395,0.22212297381570095,0.08769796480921893,0.16195849443699203,0.3148960362018224
E2F1,BRCA1,1,0.08127450249127233,0.09352142110762801,0.022367392219253726,0.06316072422218381,0.14380269152222863,-0.10063126331571057,0.03985716536260042
ESR1,BRCA1,1,0.16929922747952966,-0.01352383248934973,0.19979737452514673,0.22294089181531204,0.11074883951590794,0.16680344038507064,-0.19502087951980526
EZH2,BRCA1,1,0.24922112584608963,0.16319829595691665,0.06845643011273077,0.2410214895001495,0.08785382548240614,0.14708858811791448,0.3246964810658614
FOXA1,BRCA1,1,0.15845187046711423,0.00702113977976047,0.164610703386059,0.08851500043308198,0.14170288526993768,0.18249822457192458,-0.13343029162832853
MYC,BRCA1,1,-0.0735692682665373,0.08065268065268066,-0.0655759364309662,-0.08391869371692103,-0.014884998875708842,-0.03579263000078909,0.0003904207639917897
NCOA3,BRCA1,1,0.13828676404422463,0.05869309007828909,0.20456870021207915,0.1431766939416651,0.10648766301747563,0.149728063063621,-0.003792332684154168
RB1,BRCA1,-1,-0.11565416570654036,-0.10827505827505826,-0.21934501402676954,-0.16773078705084268,-0.08122204624580445,-0.16329268244695247,-0.1192519894929525
TP53,BRCA1,-1,-0.016483996209051832,0.08496503496503496,-0.008606172502733536,0.008001776583234267,-0.10533437651124754,-0.16088534680028407,0.13197820036576258
TOX3,BRCA1,-1,0.03777112291200079,-0.10014076454948846,-0.22588583153614616,0.007660375560747311,-0.028204003123990108,0.07326614311176395,-0.10405512467208079
CTBP1,BRCA1,-1,-0.02668057642552114,0.008632746563781046,-0.1349264699601403,-0.14792873036579043,0.013447754343922204,-0.14399905310502645,0.042802444810257786
HIF1A,BRCA1,1,-0.14065611975368303,-0.09786994614580821,-0.21735141510377684,-0.1823747266298873,-0.13048276754279237,-0.10704647676161921,0.0897762272568489
E2F4,BRCA1,-1,-0.1157763610504189,0.011200890605461498,-0.10746451914552693,-0.10982339092270142,-0.1606253957160346,-0.04898632320564286,0.07649322524905625
EP300,BRCA1,1,-0.11879050127898476,-0.04073627521903384,-0.18456582996763,-0.11185601284677296,-0.06379199190264,-0.008691741070615547,-0.08142441933473213
BRCA1,BRCA2,1,0.030412447226537125,-0.044715055059882644,0.03859109803303569,0.002214537017594741,-0.027957886825463806,0.0578789552592125,0.0007100634947453017
ESR1,BRCA2,1,-0.11706557438785334,0.00011253114701390564,-0.00499216948090777,-0.14496729986919946,-0.14547619120958327,-0.10290381125226862,-0.036190406608385135
FOXM1,BRCA2,1,0.11171433692866703,0.1969295072743349,0.09148893761211879,-0.02844184176736707,0.09193621418824638,0.20191746232147087,-0.057798255207322555
MYC,BRCA2,1,-0.10660342002537739,-0.20539345711759505,-0.08397391725276913,-0.14662225048900196,-0.08241824247109955,-0.11943501933243905,-0.13136174652788082
TP53,BRCA2,-1,-0.023754439467804443,-0.03466361224981915,0.02934821606537771,0.006533306133224533,0.08091230836996265,-0.24343880691233333,-0.1395948300071463
CTBP1,BRCA2,-1,-0.10131574225805293,-0.06933928140824694,0.01924086676727697,-0.08914634058536235,-0.18078170578070468,-0.04205002761777007,-0.17007961387158124
ESR1,CA12,1,0.6688451370008627,0.41712081022425856,0.7495619163096173,0.2743796733066855,0.294895520752281,0.3956276779707954,0.7504549201007331
ESR1,CBFB,1,-0.39028431549171655,-0.11239495376247738,-0.2812483271163757,-0.22551693525385233,-0.15217257045575633,-0.148572352926087,-0.2601829273868166
MYC,CBFB,1,0.31956659758025996,0.26696715283212485,0.38479569463823,0.29235223465576204,0.0720458427621182,0.38814956265417955,-0.04486424285608559
AR,CCNB1,-1,-0.11525754672015631,-0.17313318865043004,-0.03110453031122754,0.04979079116316465,-0.0943138589676851,0.0600331413240748,-0.5052661139891641
BRCA1,CCNB1,1,0.44494548880785634,0.14752431476569405,0.3371122965416968,0.42074216126208175,0.26028849619127115,0.38071490570504224,0.49193701211674257
E2F1,CCNB1,1,0.09300050414421573,0.09171288481633309,0.01504712548762778,0.06355547327255587,0.11493027854698458,-0.05308135405981221,0.07329636132414284
FOXM1,CCNB1,1,0.6393821269284256,0.45988666505907894,0.34256670178535836,0.543185148740595,0.32328607203472054,0.6354296535942555,0.7317832183000028
MYBL2,CCNB1,1,0.09768010928649025,0.2807973635559843,0.037004470514536286,0.10637408949635799,0.05701757898530413,-0.16823956442831217,0.05521371541294415
MYC,CCNB1,1,-0.004254949006217294,0.09044289044289044,-0.15441783649876134,-0.06414764859059435,-0.03293187411635336,-0.09946342618164603,0.2333003796899009
TP53,CCNB1,-1,-0.08879967323268405,-0.11434370227473675,-0.09586263845781486,-0.06504256417025668,-0.12697251493151065,-0.2587627239012073,0.20193429515353123
E2F4,CCNB1,1,0.02147867294333581,0.04652971330632598,-0.12366083733694895,-0.07842100262294889,-0.10215884023616144,0.02219692770255692,0.17977951375506485
DNMT3B,CCNB2,1,0.4865397560522275,0.05830324964158723,0.18681055838719782,0.2983833606946435,0.315997658085585,0.24233409610983986,0.5431940071554308
MYBL2,CCNB2,-1,0.06259612727137244,0.1505425608873885,0.07534496995928129,0.007946527786111143,-0.016876072311943054,-0.1511796733212341,0.09024199237880402
MYC,CCNB2,1,0.163477826742062,0.3035005224660397,0.21010734929810074,0.12128294913179653,0.1199510856340232,-0.16648780872721536,0.1733536686994422
TP53,CCNB2,-1,-0.0062179240275288955,0.04661602765051041,0.058538113272017994,0.035424717698870796,-0.016522459641027692,-0.21563165785528288,0.22288459299206143
E2F4,CCNB2,-1,0.31546599329255,0.08377960730586667,0.08552986762711505,0.12451478095431942,0.12168362832643398,0.26123803305535037,0.2738920035251182
EP300,CCNB2,1,-0.07680998083858813,0.0691785226267985,0.11993400719498923,-0.04511557462784614,-0.05420116932477158,-0.15562674831158888,-0.08510031073839754
AR,CCND1,1,0.2746232074419428,0.06795992618018247,0.0033976452261310613,0.2197692397936824,0.11669643171550668,0.05680376722211691,0.03176574673953387
BRCA1,CCND1,1,0.25228720530875365,0.06059503870715345,0.20161442345176794,0.24676692317527069,0.20184778431754935,0.18879351681449566,0.014180769999226971
DNMT3A,CCND1,-1,0.002191102898374886,-0.13831921815648954,-0.07192464809916298,0.05563472045697321,0.05302424856051919,0.06471060541848576,-0.0851394160797253
E2F1,CCND1,1,-0.014691750163634039,-0.16130811657161975,0.0299090734136693,0.047467403610699344,-0.09637701190729196,0.0954936152029517,0.13255857758575412
ESR1,CCND1,1,0.51887847049379,0.10853814520961635,0.5582468925867012,0.2981435189926227,0.3554134975519637,0.39138059966417377,0.27066069237294493
EZH2,CCND1,1,-0.06986507200545312,-0.2688696355024115,-0.25838277557754985,0.18770081332131888,0.02324974641993268,0.0895459083266817,-0.08350723539108555
FOXA1,CCND1,1,0.39025454271605453,0.04738646971391475,0.06646878392937658,0.1783524989550665,0.1875345527474984,0.279311821156359,0.144145666258444
FOXM1,CCND1,1,0.02090593899254076,-0.028790380034402978,-0.024517034358857222,0.35309924509291457,0.16559687974497678,0.12387379840977861,0.037838979423150634
GATA3,CCND1,1,0.5198124596778592,-0.05297896134759546,0.47514639038982015,0.37617617832441697,0.4028175195763051,0.41789454810708726,0.18200062787286733
HOXB13,CCND1,-1,-0.0375882738856938,0.050244005863068174,-0.03257433986661824,-0.0718567911453513,-0.05960307129943382,0.06504597530206428,0.1243688461435987
HTATIP2,CCND1,-1,-0.18759226704341644,-0.1145144549899133,-0.3154980688609364,-0.07051174219481077,-0.13100257851855102,0.07191119409531868,-0.09018522218152719
MYBL2,CCND1,1,-0.02335643091680342,-0.02542443555491495,0.05028127673736363,-0.05926271885556519,-0.07725245345640405,0.074365312537505,-0.05703130797145235
MYC,CCND1,1,-0.15031186015367384,-0.004382761140157248,-0.11776035611279394,-0.13709444791282333,0.026806602119455576,-0.153413966860983,-0.012767487656686078
NCOA3,CCND1,1,0.012107686315624382,0.09609831382325372,0.23828520762008315,0.13602543319282973,0.06027375552408408,-0.014154609773830524,-0.1843203287775871
NCOR1,CCND1,1,0.15922093414848798,0.002230566192377142,-0.1994154638101911,0.15850369826611094,0.24416432756447135,0.02894044818880514,-0.2413151060261305
PGR,CCND1,1,0.2603762897912645,0.07490683368202733,0.29588330237109295,-0.04168472787223631,-0.003097121298593118,0.17400567771270406,0.24084477296867743
SMAD3,CCND1,1,0.4135836418512079,0.2684114651493827,0.574777239608773,0.42086210857281325,0.41694473111144514,0.28130542268102054,0.06494934216197225
SMAD4,CCND1,1,-0.058940879455750224,0.02497231884992261,-0.25727794290260947,-0.1696446650965804,0.07552841407166205,-0.013693036107017758,-0.27685981547469685
TP53,CCND1,-1,0.00455064306958485,0.11775982832386744,-0.1580092965605959,0.08730751632342389,-0.019534858870573213,0.004024438602942228,-0.07456377179757759
TRPS1,CCND1,1,0.21271576691827812,-0.024078057763119737,0.03851881719507646,0.007327547827337078,0.025781165059523114,0.08660845690462825,0.14206586040261965
BTG2,CCND1,-1,0.04753482696140666,-0.08463893464570525,-0.0785502756475923,-0.21703134609651598,-0.0848567513770781,-0.1604133336076688,0.04423413910240273
HIF1A,CCND1,1,-0.3622756372256296,-0.2310685718584418,-0.5143816183832954,-0.30884101608857645,-0.162159997663416,-0.2655656014576818,-0.27735038100565057
E2F4,CCND1,1,-0.22784155268610973,-0.16066539331709062,-0.06520399563337237,0.021378918627744763,-0.021719364402209528,0.1317044782510607,-0.1671027546609833
EP300,CCND1,1,-0.028601426204690528,-0.0697765314395599,-0.2644469768599469,0.035419314647705445,0.09731238514348393,-0.11904691453838301,-0.007322126773067284
E2F1,CCNE2,1,0.07984114687539251,0.016994229758699356,0.1697851133489915,-0.014865661246524338,0.10719285345040779,-0.007519924248402115,0.010854166262363274
EZH2,CCNE2,1,0.6247513718994236,0.5453566286441028,0.40412449336519163,0.5001979048486213,0.38086206360163694,0.49154598663787474,0.7390733058306381
FOXM1,CCNE2,1,0.6335251441586309,0.2532073920982229,0.31368223108990595,0.4576428875218392,0.46777969959708166,0.6933559536021464,0.720343114032002
MYC,CDC20,1,0.0432874976294027,0.020259625432039227,-0.18944389077137733,-0.04092237168948675,0.03479388508820295,-0.30161761224650835,0.11609652297203808
TP53,CDC20,-1,-0.06573947905989644,0.029398762157382848,-0.1858264756969162,-0.033677222708890835,-0.04579376495846283,-0.3446697703779689,0.2767352604745781
AR,CDC6,1,-0.049047933889467245,-0.07262679848886747,0.04936473134200859,0.04521205284821139,-0.00017495818560968923,-0.0368421052631579,-0.31437547518316666
E2F1,CDC6,1,0.016912708905456115,-0.210594003697452,0.0684768928500242,0.04879162150848392,0.005876808491632501,-0.03052947210605224,-0.14005602880437634
FOXM1,CDC6,1,0.38960102493490073,0.29460252391286873,0.29562686864660154,0.18003345613382452,0.293731075715619,0.1645703464057445,0.5100242243526664
E2F4,CDC6,1,0.07484814626501185,-0.007368795452139812,-0.01482731834884455,0.045739248836674164,-0.02851542520480509,0.13567507106923699,0.14544512216937677
E2F1,CDCA7,1,0.03133295997965058,0.01215137881076887,0.08386685270081722,-0.03433742147017647,0.031965912718954194,-0.10291959283516137,-0.0174136992181415
MYC,CDCA7,1,0.23893882699629743,0.43290417350817556,0.10255303397021555,0.11486125171501728,0.14459895835178446,0.020452931429022332,0.2847586180917564
E2F4,CDCA7,1,0.4169188512550131,0.0822163902274344,0.24328283069901677,0.09603170778396398,0.15637482719789017,0.2870726371428624,0.2999525099007039
AR,CDH1,-1,0.04152258556329386,0.18536291294911986,-0.04255588143170363,-0.029595382381529523,-0.1476637845796537,-0.04223940661248324,0.06351986008781041
ARID1A,CDH1,1,0.04121403103363363,0.16825432868581022,0.3063761641880763,0.048238913163930204,-0.04371277515888767,0.03505511761426594,0.030943770149034502
DNMT3A,CDH1,-1,-0.1058500089421236,0.06293304396752673,-0.1961366759513265,-0.04878403747778376,-0.08057533525248332,-0.14031405349956605,-0.10516017525554294
DNMT3B,CDH1,-1,0.07677741354758161,0.04690343109823834,-0.029127253053902444,0.019649839070952427,0.07089581460958361,-0.10994239722244142,0.13990077376372465
ESR1,CDH1,1,0.08370013012450016,0.08926935133831686,-0.09188074831287905,0.045176052704210816,0.05778948957181449,0.11926142192061864,0.00836322373392939
EZH2,CDH1,-1,0.09286107790997954,-0.017418213969938107,0.1729923972778268,0.05903794490397709,-0.008233201449843307,-0.030198118437126612,0.22940837352798707
FOXC1,CDH1,-1,-0.16307886477943948,-0.28190659914797844,-0.008185882285942081,-0.08150106200424802,-0.015906409691697803,-0.15920460822220472,0.02585224743087155
FOXM1,CDH1,1,0.050468542453863105,-0.1503697451973314,-0.0142589481477263,0.023750495001980006,-5.4828445490360365e-05,-0.024043241537126177,0.14133916605211547
GATA3,CDH1,1,0.06076612125564499,0.18565629772526324,-0.13217346735385402,0.04915901263605055,-0.03399332817904876,-0.008190641521344593,0.0812645979693554
HTATIP2,CDH1,1,0.1665580710855009,0.018370709750020097,0.36989777613257774,0.19532948531794128,0.2052388887691014,0.19531286988084906,0.1186445321686161
MYC,CDH1,1,0.016495904060115175,-0.04539024194196608,0.23656596144537145,0.045414709658838634,0.11275654630077406,0.20835634814171863,0.04419974017612314
RB1,CDH1,1,0.07733661899230564,0.21972510248372318,0.30944783641009266,0.09633475796310034,-0.003767916373048309,0.0894622009878382,-0.006899724536150992
RUNX1,CDH1,1,-0.22352342252742355,-0.21083133473137275,-0.21263853635704547,-0.2134556090517885,-0.2828098946608334,-0.277141470614761,-0.3628333131653991
SMAD3,CDH1,-1,-0.12258495911455888,-0.1902700747528334,-0.22725134542555311,-0.11145271251031096,-0.11919982189994628,-0.11573074935286694,-0.22863359582089957
SMAD4,CDH1,-1,-0.056653256156423505,-0.039745639162506154,0.2713368831686551,-0.00602287353698397,-0.04229784853729876,0.011126081784786796,-0.1161697167848771
TBX3,CDH1,-1,0.05767455838734376,-0.07420431858809165,-0.05851198327061316,0.05957083314273263,0.03422003456040216,0.06748218157154608,0.005972759558759429
TP53,CDH1,1,0.043641163062055566,0.11861586689172897,0.14201201628747973,0.04435774543098172,-0.011552476674808793,0.1613193403298351,0.09290415969350826
TWIST1,CDH1,-1,-0.055091793627200465,0.048464753637167436,0.2451812409237165,-0.11594571178284713,0.0783652498544582,-0.0664167916041979,-0.33174120811253244
ZEB1,CDH1,-1,-0.046204093063982016,-0.01775580741097983,0.1543859449300948,-0.042136489557233994,0.004010485170137594,-0.16334365056382008,-0.13584131108315503
CTBP1,CDH1,-1,0.24209174447177978,0.2850896230206575,0.358189014493579,0.24961434245736983,0.2633065248930383,0.17049633078197746,0.12498259088698573
HIF1A,CDH1,-1,0.11704444558750637,0.27184309942930635,0.37733990147783253,0.07693134772539091,0.11953155561852956,0.14055077724295745,0.06496738502565133
E2F1,CDK4,1,-0.011071128541534471,0.0828614374310905,-0.2088966593425449,-0.011124414109153508,-0.07639829649663922,0.09179071795858744,0.030656126031173812
ESR1,CDK4,1,-0.33173008949884086,-0.12340697454876028,-0.09143706504926342,-0.3477099785713726,-0.3084702968073049,-0.09100557491651742,-0.21462941294112567
EZH2,CDK4,1,0.31990198103446216,0.40048991435864933,0.13351709056334604,0.14435331038588387,0.24400357278703083,0.09268454350605629,0.1888142543368966
MYC,CDK4,1,0.26124973000962587,0.24256789071770016,0.26402268870662887,0.28315374766854307,0.16244456313700423,0.1469914028912587,0.2779691201249213
RUNX1,CDK4,1,-0.2096729345316953,-0.19659290146028874,-0.11023744018238588,-0.024399531364034624,-0.1954756903564687,-0.07042445237262371,-0.1380884157660999
TP53,CDK4,-1,0.05310939749130508,0.09263762011818291,0.04610294201471164,0.04719872330906717,0.06303199828989108,0.048532887238709826,0.1205856331523382
ZEB1,CDK4,1,-0.0042514220952517435,-0.13584171626874544,0.016377552764027442,0.14660547757055742,0.11214217464676464,0.13371130746952078,-0.08805274123171589
AR,CDK6,1,-0.44915785521585716,-0.503886343541516,-0.13395711722998946,-0.3061112404449618,-0.2165372448398116,-0.24874930955574842,-0.5398331921577939
MYC,CDK6,1,0.3000760619906068,0.476734185354875,0.20895697485691503,0.21494245976983906,0.06064549713690786,0.22753886214787344,0.16234882611207127
RUNX1,CDK6,1,-0.05280368472627103,0.07391093351717169,-0.07677224882083386,0.10381090415823661,0.09599341688670682,0.08859421050416347,0.013865645027614847
TP53,CDK6,1,0.04250441754228898,0.12015513222409777,0.1322645861214727,-0.10215880863523455,0.05569522776906751,0.14497751124437783,0.1309507773026263
AR,CDKN1B,1,-0.07754238289984383,-0.14145983186631192,-0.2355580942271484,-0.18358720716101481,-0.1272934769551115,-0.24331255424919118,-0.04525009817632367
BRCA1,CDKN1B,1,0.026212245114266508,0.0006912634547703179,0.027886930592477675,-0.020118394887786946,0.0829003015564502,0.1232068176438097,-0.13106066832915425
E2F1,CDKN1B,1,0.003991384432198327,-4.621819610382939e-05,-0.0202671034295448,0.04330683338478954,0.009183764619635361,0.019064152134459087,-0.07295177036832806
ESR1,CDKN1B,-1,0.16037102783294985,-0.0035989908357373242,0.13162682970862905,-0.06956178558610812,-0.01866970173941703,0.1073542176280281,0.1059892051839799
EZH2,CDKN1B,1,-0.19188225822654684,0.05135243484492871,-0.14700654745669825,-0.18374507148898742,-0.12614118466586974,-0.31468932906501906,-0.1882147052478871
FOXA1,CDKN1B,1,0.1678460882609405,-0.10630185103880761,0.19206252573397897,0.03291493323964979,0.05539336329389586,0.08185117967332124,0.034681315469920614
FOXM1,CDKN1B,-1,-0.17601601320513302,0.25423223035965564,-0.1099781371782616,-0.1234071075519715,-0.1369127888889231,-0.3179357689576265,-0.17923778733710652
MYC,CDKN1B,-1,0.11236811838985845,0.2686482885704762,0.11394408379744084,0.0976951314698923,0.048353760522903196,0.33389884005365744,0.15644492543215474
PGR,CDKN1B,1,0.21686388388479938,0.04628249968101734,0.20697639851730257,0.08719254495542207,0.15345034175370936,0.08796654304426735,0.05587596007211107
RUNX1,CDKN1B,-1,-0.13298494096092356,-0.2452822226553787,-0.17576508617018985,-0.11306916484058092,-0.19493155411854393,-0.34460800366402383,-0.21972748111877685
SMAD3,CDKN1B,1,-0.03516548626881909,-0.19915219752461374,-0.05673627195323791,-0.06488844489771574,-0.1231722662916158,-0.08588371294832468,-0.08059581541067792
TP53,CDKN1B,1,-0.03677137515510482,-0.019994393531874023,0.017569986372044405,-0.11907504201577021,-0.05552396588315381,0.026568294799968438,-0.08970565403641745
HIF1A,CDKN1B,1,0.19043994280523588,0.3193536686699513,0.14021933438843606,0.2216986414361008,0.32256406149410594,0.3863173676319735,0.23903394613613357
E2F4,CDKN1B,1,-0.17418339865621746,-0.03380365466098079,-0.19751279509008884,-0.15283898770544574,0.005938416230336888,-0.12686100486100518,0.027512326321466506
DNMT3A,CDKN2A,-1,-0.071636636960962,0.11545707284094008,-0.03248161818096403,-0.0522437992444529,-0.07484360608253907,-0.1195575624510384,-0.24363853886741446
DNMT3B,CDKN2A,1,0.07272478346784653,-0.09574812263508287,-0.084413661452444,-0.1492621313776903,0.028422087028319113,-0.17245753266334485,0.30930228841363594
E2F1,CDKN2A,1,0.03635991070682738,0.23177822500034306,-0.01716451740029861,0.012642484087034443,0.005635932961444513,-0.10179535586573082,-0.02593444127592245
ESR1,CDKN2A,1,-0.3081065259297182,-0.11717518404393026,-0.20682617025118938,-0.2873548501089504,-0.11316621951707843,-0.09460288527376823,-0.35017546102756
EZH2,CDKN2A,-1,0.1678446535729301,0.44763729567309757,-0.09791064427882347,-0.1774781690263906,0.033322457482341236,-0.04933736817394529,0.4361699820225927
FOXA1,CDKN2A,1,-0.3055969830996643,-0.26400034563186064,-0.26168884272216375,-0.19045762354344356,-0.19848698132444578,0.025960755071373545,-0.2319396149218359
FOXM1,CDKN2A,-1,0.18285254074785914,0.30695312570661515,-0.07018886664074331,-0.1627697667984908,-0.00605484692698884,0.016318188902006227,0.3997657475416049
GATA3,CDKN2A,1,-0.2623035727327814,-0.08878716420224339,-0.22411255914198785,-0.14242291594611411,-0.04391850891270264,0.07058326872748825,-0.17249519965113277
MYBL2,CDKN2A,1,0.012575649899778739,-0.017297662263554933,-0.050600587261159,-0.017278630358582864,-0.04307390443217136,-0.025660904404895674,0.16058622476820192
MYC,CDKN2A,1,0.13091113189849665,0.217892671301323,0.16443311533154015,0.08096178567639148,-0.0278331367107245,-0.06058167083904875,0.20172424421617893
RUNX1,CDKN2A,1,-0.1925227272717912,-0.27859552808361077,-0.13889045499718927,-0.14291593625351914,-0.1486871236943704,0.10254933253392794,-0.15359974793887515
SMAD3,CDKN2A,1,-0.2181605149163193,-0.33535521195581186,-0.1141696678945675,-0.12835498298356912,-0.03594004878653948,-0.25758062957102257,-0.43967542563854334
TBX3,CDKN2A,-1,-0.214311423369926,-0.15738316329708887,-0.29773011242942554,-0.04483482471947786,-0.059498720156230256,-0.10574491337849513,-0.19787505836353345
TP53,CDKN2A,1,-0.09931731655517452,0.03856607041846495,-0.058388972794220846,-0.18730967472499596,-0.11345052656869418,-0.26173017780011826,0.10369438501880184
TWIST1,CDKN2A,-1,0.15122850517471786,-0.1441545536478439,0.16446386795063822,0.3142759517316763,0.17945165394010143,0.12365289129056511,-0.3279283269671156
ZEB1,CDKN2A,-1,0.0294726802559851,-0.19564765256787123,0.06371145386997369,0.2122591254133779,0.18036463996500834,0.04258676945778212,-0.2660043973707102
CTBP1,CDKN2A,-1,0.008913843519565473,0.043362715379327586,0.15305122930757306,0.023305966901897287,-0.031666199495455086,0.04709233625105086,-0.02593444127592245
TP53,CEP55,-1,-0.0031342434539075367,-0.025801784422474078,0.08748882371365926,0.06851153804615218,-0.03048553976756435,-0.1775191351692575,0.2140715862727146
E2F1,CHEK1,1,0.0693980534553529,-0.06319252147194139,0.020071209398013417,0.014180795105554037,0.15871143276453106,-0.040164128462084746,-0.025564568973193386
EZH2,CHEK1,1,0.6967953063170437,0.46434757796202497,0.451373275290905,0.5072667035084288,0.40336548216900603,0.5791142174599319,0.8447706840998197
FOXM1,CHEK1,1,0.6635744812984656,0.4274573083279772,0.26206812502437343,0.3159786298319572,0.34342803203275823,0.54898603329914,0.853398144702264
MYC,CHEK1,1,0.27948928542322765,0.3524971967603292,0.3643547531022644,0.25835986444264336,0.2605800819623812,-0.0569557326599858,0.22446454134692875
TP53,CHEK1,-1,0.052435043065640126,0.08282325706705047,0.14638702285042993,0.08463303668811177,-0.02389257688959133,0.009516294484336779,0.28055270794472004
E2F4,CHEK1,1,0.2899664087730386,0.07205452970754264,0.052214589742509164,0.06466871240353729,0.12853597487500948,0.24858507408945985,0.29265285574347166
E2F1,CHEK2,1,0.013949596257978864,-0.06195053040469546,-0.13428871470006684,-0.04405729457342876,0.12170069560526359,-0.04716326047502565,-0.02016034667578202
MYC,CHEK2,1,0.32039520664878945,0.36253991347214404,0.41048937667884666,0.24475996253680765,0.22180914352327494,0.2356427049633079,0.3230564272808354
PITX2,CHEK2,1,0.012373647140774942,0.07441538946922321,0.03783938932134841,-0.014292202883875917,-0.025123908850153184,0.09066519371893002,-0.16129875556103876
TP53,CHEK2,-1,0.06399593442801729,0.10668577020713245,0.05472485517797926,0.14533384328742277,-0.09887172735902593,0.07699834293379626,0.3145562041014542
DNMT3B,DNMT3A,1,-0.12765694718305448,0.10943865991350664,-0.0643207746922139,-0.07864918425947832,-0.039404723071601824,-0.12783871222283594,-0.23377527746130605
E2F1,DNMT3A,-1,-0.015460526878525855,0.08974760871312597,0.020113340421621426,-0.021220070917410475,-0.0204848944925824,0.16441253057681687,-0.18567361280762754
RB1,DNMT3A,-1,0.057111358152225046,-0.1679246041315007,-0.06950099832231695,0.08300515598911892,0.05539861678262336,0.059761144801004855,0.06820270395231715
DNMT3A,DNMT3B,1,-0.12765694718305448,0.10943865991350665,-0.0643207746922139,-0.07864918425947831,-0.03940472307160182,-0.12783871222283594,-0.23377527746130605
HOXB13,DNMT3B,1,0.14487866083678985,0.007953548703432902,0.06372732708790113,0.05119657524373659,0.13546803947279823,0.18060443462479286,0.02843678722524995
ESR1,E2F1,1,0.020341633454837502,0.00996302548026686,0.02696773826134001,0.0783740932583296,0.046031560238904166,0.014361240432415372,0.059478662706141015
MYBL2,E2F1,-1,0.06129636677983421,-0.00219435736677116,0.003024004100344543,0.03135804693737404,0.16162501655634237,-0.014163970646255821,0.03303050989865042
MYC,E2F1,1,-0.04814514442096877,-0.13112290008841734,-0.08942965346393689,-0.04298695801120608,-0.05187356190839953,0.04593229700939004,-0.023299671909568505
PGR,E2F1,1,0.01645925542564984,-0.0324732738525842,0.012438850764543409,0.09394497228924793,0.04053146629128689,0.05894421210447409,-0.008066412626801129
RB1,E2F1,-1,-0.056404935530906884,-0.17169841652600273,-0.09476481921165208,-0.05083062420223673,-0.03846524364742724,0.019356187785946385,0.007632620491182252
TP53,E2F1,-1,-0.029981153196437217,-0.1254722289205048,0.10310430251430848,-0.024799348387762304,-0.09975358002026805,0.10969778268760358,-0.028395690302724493
E2F4,E2F1,-1,0.01197052054756685,0.06031279702768593,-0.03013414975844064,-0.021524923782275312,-0.04789497945241962,0.10956823306571423,0.07421689938052778
AR,EGFR,-1,-0.3418504856094864,-0.0023189454223936984,0.017796634300521082,-0.18434137736550946,-0.04660109841705966,-0.14011678371340644,-0.3112703743701325
BRCA1,EGFR,-1,-0.3035628176739845,-0.09202234547062134,-0.25713958662812714,-0.30175289273778,-0.1444732618920742,-0.211812514795234,-0.07111365810556886
ESR1,EGFR,1,-0.6260363203190377,-0.14409211478176998,-0.5353922378199835,-0.34124238896955583,-0.2882383743673937,-0.276517004655567,-0.3315037592268299
GATA3,EGFR,1,-0.6032847782314945,-0.14192187123221606,-0.6524821321791623,-0.30208037632150525,-0.2547181725494303,-0.3396196638522844,-0.3178550146236549
MYC,EGFR,1,0.25505328079888245,-0.07173458725182863,0.24651840883852044,0.21467644270577083,0.03907358408619771,0.21426655093505878,0.26617335138553705
PGR,EGFR,1,-0.3319053211651618,0.06938750904268146,-0.2943079244853213,-0.06427897711590846,0.04983566867601625,-0.08269549435808413,-0.0830043676895995
SMAD4,EGFR,-1,0.10533036994008746,-0.05944865711024735,0.201127594749281,0.21157616108292907,0.03998981669120276,0.2525620565146603,0.12753302883531506
TP53,EGFR,1,-0.006529264233801608,0.0479382686279238,-0.06315555682109399,-0.02490566762267049,0.02511543235925569,0.14373865698729585,-0.005230724972544972
AR,ERBB2,1,0.27009849913270795,0.3694613353511686,-0.062355050786038015,0.1284247056988228,0.10023902738033999,0.12499802730213841,0.25779414551507
ESR1,ERBB2,1,0.03035411807072626,0.08215208645708359,-0.39883949456754125,0.06464541058164232,-0.03889308145104405,-0.3633078197743234,0.16957275182710063
FOXM1,ERBB2,1,-0.023114485453833548,-0.31073189748622254,0.05701840342971299,0.13664886659546638,0.07804952425542662,0.12999289828769828,-0.10558484345497261
GATA3,ERBB2,1,0.10849499069720385,0.17663442100625332,-0.348514397405868,0.1800816483265933,-0.006734658046074375,-0.23877534916752152,0.26825102913543486
MYBL2,ERBB2,-1,0.014723275711070898,-0.020123061341941074,0.10524529260198381,-0.04900733202932811,0.023152081170741322,0.03804150556300798,-0.045916678272742
MYC,ERBB2,-1,-0.31825847999598744,-0.28537209779226447,-0.059893472357645625,-0.22487965151860606,-0.15978980375728863,-0.24209737236644832,-0.038062599745655706
NCOA3,ERBB2,1,0.2590038674409618,0.32347843560971845,0.0505461098506373,0.17113694551336628,0.30474616614644773,0.29199931350035807,0.0776343698129405
PGR,ERBB2,-1,-0.0634405981108856,0.2032079543781156,-0.3350901948243759,-0.18515939663758654,-0.13545829495855524,-0.37077250848260085,-0.010075595505823204
TP53,ERBB2,1,-0.04731942706921872,0.15266117137480165,0.03523781984373844,-0.02210456841827367,-0.046402422308400755,-0.18410005523554013,-0.07037391350011073
TRPS1,ERBB2,1,-0.01309469071941013,-0.02398932557420537,-0.017936157337813473,-0.021042182693792853,0.026248354279935555,-0.34893148609609065,0.11846429757866656
HIF1A,ERBB2,1,-0.04961223036033239,-0.07049702796065277,0.16214067406489147,-0.10585895143580575,0.05375497845365301,-0.0036455456482285173,-0.04730940731388231
EP300,ERBB2,1,0.02082086798959065,0.10360945104758155,0.1509480392339445,0.003994816171015865,0.04527306268402787,-0.026091004857004368,0.09723303553285582
AR,ERBB3,1,0.4261939916777982,-0.05564263322884012,0.14575830263775807,0.23445191698625897,0.29274447930110054,0.18503978947429378,0.3857242990120756
TWIST1,ERBB3,-1,-0.2842704703705542,-0.04836829836829837,-0.0186862025527073,-0.2547143001384152,-0.25632341301911576,-0.28554914207253757,-0.08491765774939554
AR,ESR1,-1,0.4775875669161448,0.35911502290812636,-0.0027142002904410713,0.3839900159600638,0.27440189250544433,0.2516846839738026,0.6536305706307691
BRCA1,ESR1,1,0.16929922747952966,-0.01352383248934973,0.19979737452514673,0.22294089181531204,0.11074883951590794,0.16680344038507064,-0.19502087951980526
DNMT3A,ESR1,1,0.09307650553869495,-0.0740454947351499,0.06626730047399945,0.09083873571520228,0.10435009074031451,-0.025266314211315397,0.23766121980232377
DNMT3B,ESR1,1,-0.2518839050662093,-0.044361430312527726,-0.1447683590079444,0.17683189557154783,-0.01736568202097127,-0.15746863410400067,-0.3797150156739096
FOXA1,ESR1,1,0.6829650558214113,0.4482718430994293,0.31634044249551524,0.42483049932199723,0.3744388555024041,0.4872248086483075,0.7369248999404093
FOXM1,ESR1,1,-0.2689488461980141,-0.2712643678160919,0.03528232580654347,0.1551303805215221,0.02054803803492387,0.05259212499013652,-0.631862900666455
GATA3,ESR1,1,0.6991538209210119,0.46529619805481875,0.7528608445570774,0.2594255817023268,0.22424433773090321,0.6138088850311687,0.8144793590706615
HOXB13,ESR1,1,-0.052359380772882665,-0.006619242826139377,0.05347190979242005,-0.06705257381955707,0.0475635261130889,0.05869170677818985,-0.10331538006662265
HTATIP2,ESR1,1,-0.2705410803008954,-0.16482597861908205,-0.22329906888009335,-0.1016310945243781,-0.11462071344744632,-0.03595044582971672,-0.4518903442780526
MYC,ESR1,1,-0.22601759645715794,-0.12249015352463627,-0.011985534895640537,-0.22186927147708588,-0.1627804182363106,-0.06872090270654148,-0.19502544584453033
NCOA3,ESR1,1,-0.10790662934863995,0.19755666501563807,0.1223668796759102,0.021810811954383707,0.013026227181598316,-0.11557270490968774,0.010020799609122602
NCOR1,ESR1,-1,0.3110890402473849,0.014186962462824535,-0.060002847461488075,0.27823052092208367,0.30956294336344786,0.2602146295273416,0.15472763014596255
PGR,ESR1,1,0.4748760896664189,0.2150510409131099,0.450806685839574,0.039712670850683404,0.0563966006363796,0.40022883295194506,0.5092525154741329
SMAD3,ESR1,-1,0.34917738360666883,0.18352624387107147,0.42051197357555736,0.26087497254388875,0.3212357285280211,0.08967919860875688,0.2832879364550251
SMAD4,ESR1,1,0.020090220815492915,-0.23620914336594928,-0.07542697685013809,-0.09003590175222602,0.0733042680877746,0.072974471167169,-0.0007580107696896522
TP53,ESR1,1,0.04499052796598969,0.1543002974037457,0.06536290896665621,0.11911026844107375,0.0434654041749705,0.024713958810068652,-0.23462918018489046
TWIST1,ESR1,-1,-0.32818555338669647,0.06736596736596737,-0.0282752925766679,-0.43347216588866355,-0.3789200028338297,-0.24275230805649808,0.23944665276981839
ZEB1,ESR1,-1,-0.0379318251895541,0.21616027650510408,-0.11205216549446169,-0.2978268944554234,-0.25629372029484154,-0.10182297369027485,0.28788622545315057
HIF1A,ESR1,1,-0.3330301730173596,0.06377702757013103,-0.4508317435006691,-0.22239439357757426,-0.22904583103598036,-0.1288329519450801,-0.2792513053980807
E2F4,ESR1,-1,-0.4688462272358858,0.041803395634269026,-0.21173861640563457,-0.23910196805390288,-0.19311326684202546,-0.050635508377997775,-0.3558123366874063
TRPS1,EXT1,1,-0.28825138724169885,-0.011108431798086972,-0.09315874208193205,-0.2501509186217865,-0.2903636597595464,-0.3174353299053953,0.018779031869570455
E2F1,EZH2,1,0.04263965902839354,0.028791897757415003,-0.058736296591588605,0.06346205460220172,0.013411410495199134,0.002004264981194189,-0.06488997973724518
MYC,EZH2,1,0.1281775122956634,0.21272003858210758,0.12525527492240665,0.04587796942152015,0.06860564839387838,-0.14102450292875016,0.1427506492773576
TP53,EZH2,-1,0.04728390119221909,0.14780966160276507,0.15937697542640733,0.07214694417151832,0.04073662033533717,-0.14867858573094841,0.22997231656289435
EP300,EZH2,1,0.060146205145786634,0.1498794309139137,0.40518830558297264,0.09638455498374382,0.058742550508230094,0.011433824472273129,0.058629527098719915
FOXC1,FGF19,1,0.0009488898165818098,-0.014074431315810628,-0.09034995301688543,0.016576098304393216,-0.009418171625355383,-0.018243509824035352,0.03931833904504451
MYC,FGF3,1,0.039413730173154804,-0.01666670015818042,-0.012712207067399412,0.11940053133335098,0.03479265566755611,0.07630395328651464,-0.060850912752315106
GATA3,FGF4,1,-0.017307596737638736,-0.0725143402001212,-0.12411629032717332,-0.07317595846005687,-0.02084513133339898,0.007022818241192236,0.10962147451191694
MYBL2,FGF4,1,0.26600525277463777,0.3058057087511679,0.29395711722998946,0.2062418539172202,0.2623952734176439,0.3030937881600393,0.3705914988732594
DNMT3B,FGFR1,1,-0.1910511833253363,-0.1142373143611564,-0.34136621202198236,-0.14522420038218237,0.014200724675124437,-0.2441095241852758,-0.18118034927817817
E2F1,FGFR1,1,-0.10280283906794495,0.019451812555260833,-0.09357327942139583,-0.08943674603994807,-0.14003030965750704,0.04861516610115994,-0.16780558415850624
EZH2,FGFR1,1,-0.062224022136305915,0.20001205690860865,0.09050029898345624,-0.01713386423637202,0.07630011403857462,-0.18737904872412522,-0.18286823254195542
GATA3,FGFR1,1,0.07573550647348995,0.17334217506631303,0.046271249181354814,0.05409103236412945,0.0593480959436191,0.011812514795233962,0.17895198281235372
MYC,FGFR1,1,0.31787173596700435,0.19678080540149503,0.4021971012842051,0.4042156648626595,0.1615098152158177,0.49792472184960157,0.22835048368794647
RB1,FGFR1,-1,0.35133207811528505,0.4082911341532032,0.4789039760318661,0.30973234179652,0.16203903955634966,0.45113805388993866,0.4787363138533012
RUNX1,FGFR1,1,-0.12776449280995197,0.05871921340652168,-0.24857925666357641,-0.2125326131382858,-0.1537595276989136,-0.17755534425824399,-7.077803323827767e-05
TP53,FGFR1,1,0.0780015586875359,0.13713125954505265,0.13754719667416498,0.07861135444541778,-0.10207270005452042,0.30948473131855125,0.05561098566402352
E2F4,FGFR1,-1,0.037885852018181836,-0.18889797624420473,-0.03477551727046564,0.1293443213156617,0.17078991655139367,-0.020094019336850764,-0.2146687169616681
E2F1,FGFR2,1,0.005115128920947749,-0.17132683398332135,-0.08612550820099245,0.03673479134734036,-0.025739798982901536,0.1940586168602704,0.12233654536599683
TWIST1,FGFR2,1,-0.06492568792260066,-0.03506755392208377,0.12973725318903734,-0.05228704491284702,-0.21307504412457764,-0.04877702354823574,0.23544453792751907
E2F4,FGFR2,1,-0.0756970397126199,-0.07293647899030786,0.030933735471519813,-0.05729774969275129,-0.07272796438367954,-0.06535599586570133,-0.11218280949736353
MYC,FGFR4,1,-0.17245544090700582,-0.2684430512016719,-0.2550084000113898,-0.046553370213480855,-0.0777501239800523,-0.39569162787027545,-0.20707597679393772
E2F1,FLT1,1,0.037831358537345997,0.059922835784904746,0.04507531535635981,0.00877693152901884,0.08169838810530758,0.023506667718772196,0.05990789723029573
ESR1,FLT1,-1,-0.005281992983074262,0.044289044289044295,0.0564719952162647,-0.003118380473521894,-0.006384741674854998,-0.012688392645782373,-0.11067629552340355
MYC,FLT1,1,0.08806075694529532,0.11036090346435173,0.14057461772829521,0.09132305329221317,-0.059106604363481786,0.16289749861911154,0.16385114694661282
TP53,FLT1,1,0.016123185090362077,-0.12311711277228518,0.20284290554970244,-0.037011508046032184,-0.015079054609747759,0.09913990373234437,0.10530629764674454
HIF1A,FLT1,1,0.04554126732818394,0.06381319829595693,-0.07983029129531023,0.026992619970479883,0.016886237136106996,0.06925747652489544,0.23384833865690688
AR,FOXA1,1,0.5113406923323334,0.5697612732095491,0.16086221133859163,0.2470179160716643,0.29154964284504187,0.24272074489071255,0.7841452639221531
GATA3,FOXA1,1,0.7064426822223778,0.45262438710714575,0.45411429710413165,0.3632800451201804,0.44302739266099694,0.571459007338436,0.7595145083552326
BRCA1,FOXC1,-1,-0.24713393534461128,0.001752270717787959,0.012175752257043607,-0.17303825661178138,-0.06725663716814159,-0.09314290223309399,0.07844717561399943
ESR1,FOXC1,1,-0.4676329644619833,-0.2947632826943172,0.1003593496397961,-0.23186511946047783,-0.17927885192931442,-0.27665114811015545,-0.4697264086540986
EZH2,FOXC1,-1,0.03736412758713585,0.3370147094285026,-0.050095959452148404,-0.06876364990754961,-0.010241678761142018,-0.07921581159924591,0.3451810839370681
FOXA1,FOXC1,1,-0.5039801858429938,-0.4795112933043968,-0.1727144850365899,-0.1782714650858603,-0.07705706778705618,-0.3653673163418291,-0.528924242389649
GATA3,FOXC1,-1,-0.37864418022431356,-0.23524636283256975,0.010117600159457844,-0.053537878151512605,0.10454398442625727,-0.14033772587390514,-0.36807088762503165
E2F1,FOXM1,1,0.08217226641082462,0.025206976931114865,0.14962954526040034,0.03845549966786269,0.014400475590560883,0.03845182671821984,0.0218795449200779
ESR1,FOXM1,1,-0.2689488461980141,-0.2712643678160919,0.03528232580654347,0.1551303805215221,0.02054803803492387,0.05259212499013652,-0.631862900666455
MYC,FOXM1,1,0.06445296800472398,0.1986295313881521,-0.11571286198354166,-0.1015944223776895,0.030838844413505047,-0.22774402272547936,0.12780457956706673
TP53,FOXM1,-1,-0.011813831219558667,-0.08465155534121052,-0.015254420683960247,0.052898035592142366,0.04557845550117203,-0.23086088534680033,0.2810641363139257
TWIST1,FOXM1,1,-0.1447617840822575,-0.3012257857085443,-0.1143756940687377,-0.18838587354349415,-0.03242517303302952,-0.1674347037007812,-0.5126041978223197
HIF1A,FOXM1,1,0.022843073453879217,-0.025142673418535485,-0.18021811554998715,-0.19157932631730523,-0.08414349035419792,-0.22222046871301193,0.1050368844879666
E2F4,FOXM1,1,0.29579699027683165,0.12347103020487553,0.08767116110505542,0.10330593953784349,0.14532517210519932,0.2694957951743429,0.33417240029632034
EZH2,GATA3,-1,-0.2805897196400897,-0.09105377381239449,-0.11493379652040206,0.009744377082294007,-0.017840810654155576,-0.0161998267968176,-0.5179211735525107
RUNX1,GATA3,1,0.18373660825945126,0.0634696401712805,0.13506216303814758,-0.04817070024377042,-0.0064173957814272166,0.03236815421848841,0.17058190959133673
ZEB1,GATA3,-1,0.017126881679082093,0.22048870669560325,-0.10365557105840142,-0.15803953195107662,-0.17913531229112056,0.04201065653495221,0.2792513053980807
TP53,GMPS,-1,0.05355748937780099,0.004505264850092437,0.17562117372362537,0.07717307669230677,0.03196190347113344,0.03560325100607591,0.24132797855653906
DNMT3B,HOXB13,-1,0.14487866083678982,0.007953548703432902,0.06372732708790113,0.05119657524373659,0.13546803947279823,0.18060443462479286,0.02843678722524995
EZH2,HOXB13,-1,0.08086968565635763,-0.1303713527851459,-0.022701101967595887,0.05648325548900432,0.0170072961898225,0.03529163436374413,0.11899654670579787
FOXA1,HOXB13,1,-0.055814216530671555,-0.013821236235029339,0.14101426578205528,-0.0494950631681342,-0.09799414891114347,-0.07796891028170126,-0.08963923751509739
AR,IGF1R,1,0.3261955788101505,-0.3226428743670123,1.708476892850024e-05,0.24757721430885726,0.13853700458033136,0.08009153318077805,0.2176698501560541
BRCA1,IGF1R,1,0.13608589962916037,-0.06696808938188248,0.1811157385550785,0.12131809400727911,0.14969582533751838,0.08965517241379312,-0.1637506878026617
E2F1,IGF1R,1,0.01715446228441189,-0.030399485571899365,-0.017404823599760814,0.07779929093152978,0.05045141060037148,0.14178963150003948,0.07941523645571007
ESR1,IGF1R,1,0.666648672598651,-0.08484848484848484,0.7645809960420284,0.36589135156540625,0.40425043662540155,0.4241773849917147,0.47071730111943444
MYC,IGF1R,1,-0.08084437347316523,0.3460975805803392,0.0403826988239984,-0.052873843495373975,-0.03037649892653296,0.11407717194034563,0.0737849580697232
NCOA3,IGF1R,1,-0.20227008294961346,-0.1608574078224104,0.1078972111376986,-0.12394525855321294,-0.07005599511164697,-0.33647979263024647,-0.07953396089856138
PGR,IGF1R,1,0.4281320530156638,-0.04139538622297243,0.43267860702184,0.12274071496285986,-0.00658927025803252,0.37062258344511956,0.5282438600056165
PITX2,IGF1R,1,-0.18198631848870075,0.08892371995820271,-0.06255417295481079,-0.23068830428973655,-0.3375852074086167,-0.001964807070149136,-0.038733849480238086
TP53,IGF1R,-1,0.05596132470097084,0.038947833775419986,0.041296164469375556,0.11834226536906148,0.03965236301359314,0.16078276651148113,-0.2469034610458253
AR,IGFBP3,1,-0.234345717248573,0.16246684350132626,-0.07823575741665746,-0.20716606952420794,-0.14870803504956367,-0.04838286497971667,-0.017459362517520397
DNMT3A,IGFBP3,-1,-0.03050076037910543,0.02365967365967366,0.09187857499197014,-0.14953569526477825,0.05065703677550227,-0.18618900605543579,0.03295291999677938
ESR1,IGFBP3,1,-0.39582464250696353,0.042331806124909575,-0.14016921903770546,-0.33318886073810866,-0.3528553461909325,-0.09016107237352078,0.01820824062733427
NCOA3,IGFBP3,-1,0.029940442804814216,-0.051919110118897396,-0.07228346169704342,0.05328392703910789,-0.047447506924983916,0.10808539515915083,-0.037758982256408044
NCOR1,IGFBP3,-1,-0.17798704633617035,0.0032392894461859985,-0.07121846932913214,-0.12323167571450483,-0.2608625810837616,-0.006671729974777859,-0.08666894222114219
RUNX1,IGFBP3,-1,0.07889597430498865,0.06054985586959075,0.05715096022318744,0.17351094050770188,0.17492260288409114,0.09585471274331281,0.14171148329246186
TP53,IGFBP3,1,-0.0533191009141035,0.010067518688208344,-0.3026215453866178,-0.03209989225155631,0.020472732234732092,-0.04154937218473426,0.011708069960748605
HIF1A,IGFBP3,1,0.22272762496684964,0.1940720199340889,0.10285947940403126,0.1884200722906992,0.15443653128041518,0.21228411075867692,0.10118073876375493
EP300,IGFBP3,1,-0.046268733667462335,0.04126677919781368,0.07526760473544773,-0.09439661744510178,-0.07750020945711181,-0.05859190827719971,-0.17067799725346372
MYBL2,IGFBP5,1,0.026862816215671454,-0.06020014468290331,0.10242114506964715,0.03162181331756569,0.014468897246027467,0.13408821904837054,0.02863770551315216
PGR,IGFBP5,1,0.10501600817793147,0.21161884092918576,0.31886743669876677,-0.07408615234722003,-0.058206100698179386,0.24151345379941608,0.19849128631084342
DNMT3A,JUP,1,-0.09834503267946909,-0.07849851298127161,-0.0322412552984222,-0.10641326276088776,-0.04374401613311745,-0.06423104237355007,-0.16139903056926086
DNMT3B,JUP,1,0.233104845257891,0.33020690680720266,0.28361285913608014,0.3090109874602136,0.12988507508534372,0.40386648780872725,0.2751187815219103
ESR1,JUP,1,0.21214395023358124,0.11169922031990998,0.16650018508499673,0.27274736298945196,0.1959895148298624,0.13800994239722245,0.03825438538410782
MYC,JUP,1,-0.19887183871578143,-0.14595691664657182,-0.17358011332896722,-0.16940179760719043,-0.05764718203351928,-0.06809753018227728,-0.05046473769889197
TP53,JUP,1,0.07266318278855277,0.15423599389116632,0.01934565335003844,0.17539001356005424,0.005341461085664826,0.19235382308845578,0.059254912794613555
GATA3,LMO1,1,-0.17256049690544437,-0.19303512579374651,-0.23808436349806728,-0.10320819378676857,-0.11152260684020367,-0.1248717746389963,-0.19723098068672956
MYBL2,LMO1,1,0.17541051814963174,0.2678643195884575,0.1319924439719135,0.12551316407728835,0.24368643085967004,0.17125384676083014,0.08916433974369219
GATA3,LOX,-1,-0.34965712720421166,-0.1160517643276264,-0.35049631253737284,-0.31487924351697405,-0.2974015013137265,-0.2132091848812436,-0.016148807390139932
MYBL2,LOX,1,-0.0020823639437761734,-0.039860139860139865,0.04014579002818986,0.008056640226560906,-0.012304365637965926,-0.03215497514400695,0.022491432433234624
TP53,LOX,1,0.0036075894447969194,0.04925649063580098,-0.08083943164668697,0.007220092880371521,0.012774719774279297,-0.009224335200820643,-0.042080965503699864
HIF1A,LOX,1,0.42112708434516505,0.2942327787155374,0.543394743586093,0.39777653510614036,0.36366629806344697,0.3530182277282412,0.23360632344647922
PITX2,MAP2K4,1,-0.08726999849939658,-0.11143798730005626,0.030913180899228336,-0.08584628144543656,-0.14167177474749654,-0.11372997711670481,-0.067122690295875
E2F1,MCM6,1,0.07678851982947663,0.12865765008191862,0.030180899743565342,0.03846256400437346,0.06124157733872859,-0.03315342186974414,0.020696937698115037
AR,MDM2,1,0.06664847394819762,-0.3104533397636846,0.11396565961445372,0.11301078804315216,0.053966591611247845,-0.11889844551408509,-0.05347394569270003
BRCA1,MDM2,1,0.1951316953493366,0.10038984004501247,0.14323195035849035,0.12621286593879044,0.15397090396089314,0.13778900023672377,0.16686948758987097
E2F1,MDM2,-1,0.017724071335400063,-0.06359215497146532,0.08667103277428172,-0.012314881850641744,-0.038518831106826135,0.09707251637339226,0.08628755516691057
ESR1,MDM2,1,0.19182597341152438,-0.06352383248934973,0.14893248668811754,0.11340947763791055,0.09422607184990558,0.05568531523711829,-0.08716885583884526
MYC,MDM2,1,0.08928649364155823,0.23315649867374008,0.11228679632107975,0.07106466825867302,0.03145427831288561,0.2115915726347353,0.1655361207701563
SMAD3,MDM2,1,0.01813808946959868,-0.1712402539988747,-0.13000484068452972,0.04784323596589474,0.06040847657073324,-0.1712979219532071,-0.19057784556233145
SMAD4,MDM2,1,0.02229543560941924,0.11953030255843844,0.10170335146217145,-0.11482959087746863,0.01494614643696692,0.0746828376256132,-0.04959262629044861
TP53,MDM2,1,0.07474288819753834,0.11815770436460092,0.08707878925937527,0.08106013224052895,0.027407138170762884,0.08131460585496726,0.032843290584923364
HIF1A,MDM2,1,0.004816888872696294,0.19572381641347159,0.05065178393462228,0.02186063144252577,-0.05386894769427905,-0.025384676083011128,0.19316238535670985
EP300,MDM2,1,0.13830367244624076,0.26893738445462584,0.055577923960215145,0.17036876965277975,0.09071615520644426,0.07797316331301637,0.2044686053759341
TP53,MDM4,1,0.12393393917213225,0.14743187846636124,-0.04498875252712206,0.22434608138432552,0.08429503864173307,0.1584944369920303,0.15028002986376368
TP53,MKI67,-1,0.009953271073463514,-0.13168555582348684,0.011220137247643725,0.08315505262021047,0.0651053907450816,-0.20750414266550934,0.22895780487637815
E2F4,MKI67,1,0.23618525113546282,0.13006416297784273,-0.008441024449476645,0.09310080851301086,-0.008075956529648202,0.302732005442089,0.3005823238893085
AR,MMP2,1,-0.06011585378971598,0.274885459368218,-0.0831151228679632,-0.16137491749967,-0.08818539407175134,-0.11474788921328809,0.28354821696435295
ESR1,MMP2,1,-0.18415397878472328,-0.02888031508721164,-0.0944844670975825,-0.3337005028020112,-0.3443642210510428,-0.14702911702043717,0.27862571891074883
EZH2,MMP2,1,-0.24616711512695594,-0.2876657824933687,-0.08880548990574902,-0.19938367260156833,-0.04527814161097374,-0.12492725662309605,-0.5470841062847802
FOXM1,MMP2,1,-0.3055215950160545,-0.3626075074350937,-0.28250576610951333,-0.26365881463525853,-0.12393015225674497,-0.12326205318393435,-0.5178828692044777
HTATIP2,MMP2,-1,-0.10341302189225206,0.05595611285266457,0.15421965317919076,-0.13124193296773187,-0.12494417047334197,-0.02234672137615403,-0.31291881759587564
NCOA3,MMP2,1,-0.03600130508290013,0.0945684576887963,-0.14738924649864088,-0.0033022219221677013,-0.015659841729007615,-0.042235544534810605,-0.21960140551475033
NCOR1,MMP2,1,-0.11576693720181562,-0.1221284462663773,0.10429568040092257,-0.16789804759219037,-0.1667373070608565,-0.023246271601041587,-0.14553561847443658
PGR,MMP2,-1,0.008807920185121935,0.09536612812474882,0.012468464364019476,-0.041457765831063316,0.017517996359144798,-0.1503195770535785,0.1788423910189525
SMAD3,MMP2,1,-0.09472178808142931,0.0017482517482517483,-0.1558780147498505,-0.1537559577844038,-0.16703256186162352,-0.024224825317103706,0.1701618077166321
SMAD4,MMP2,1,0.033773739518697644,-0.1596698011312207,0.26161678863293375,0.10207795281052286,-0.06258992406874307,0.010376452160989104,0.012637318103109113
TP53,MMP2,1,-0.013587716368911474,-0.21923478820030545,-0.03901136137133745,0.027998607994431976,0.027747505767767654,-0.0629448433677898,-0.17591537687019534
TWIST1,MMP2,1,0.5920800304349401,0.42409774133912065,0.44233264045103793,0.6467163788655154,0.5575997461874208,0.5808885031168626,0.684014895351253
HIF1A,MMP2,1,0.17297395662970316,0.08099429306325859,0.14036732253196274,0.18577706310825243,0.20624366623645843,0.11531602619742762,0.04877063122589836
MYC,MTDH,1,0.22110920875694687,0.161790134807427,0.34211338591645546,0.18498023411856593,0.16245817018270206,0.3248250706726723,0.16191749326762278
E2F1,MYBL2,1,0.06129636677983421,-0.00219435736677116,0.003024004100344543,0.03135804693737404,0.16162501655634237,-0.014163970646255821,0.03303050989865042
MYC,MYBL2,1,-0.015310628657255226,0.0437786351579455,-0.1121865656766992,0.03889186756747027,-0.08798702598806711,0.17381046318945792,0.05342828244544953
NCOR1,MYBL2,1,-0.06521624644558335,-0.07655333172574552,-0.13785016657649704,-0.030922107688430747,-0.10790515294980117,0.0076303953286514644,0.10889999520535903
E2F4,MYBL2,-1,0.0025387066150354682,-0.04296287067541565,0.10933808973849142,-0.03441475309259984,-0.07688091302341796,0.08120066993358052,0.01800968751349299
AR,MYC,1,-0.33637805869393916,-0.3524234386303352,-0.12213901306984823,-0.19454151416605667,-0.17438094680716712,-0.41403771798311373,-0.28961686252394464
BRCA1,MYC,1,-0.0735692682665373,0.08065268065268066,-0.0655759364309662,-0.08391869371692104,-0.014884998875708842,-0.03579263000078909,0.0003904207639917897
E2F1,MYC,1,-0.04814514442096877,-0.13112290008841734,-0.08942965346393689,-0.042986958011206076,-0.05187356190839953,0.04593229700939004,-0.023299671909568505
ESR1,MYC,1,-0.22601759645715794,-0.12249015352463627,-0.011985534895640537,-0.22186927147708588,-0.1627804182363106,-0.06872090270654148,-0.19502544584453033
EZH2,MYC,-1,0.1281775122956634,0.21272003858210758,0.12525527492240665,0.04587796942152015,0.06860564839387838,-0.14102450292875016,0.1427506492773576
FOXA1,MYC,1,-0.27126880453721014,-0.30841170323928946,-0.04598422506335601,-0.13436060144240577,-0.055104435867660145,-0.21803045845498306,-0.2527163924208142
FOXM1,MYC,1,0.06445296800472398,0.1986295313881521,-0.11571286198354166,-0.1015944223776895,0.030838844413505047,-0.22774402272547936,0.12780457956706673
GATA3,MYC,1,-0.17878328626092466,-0.16543686198858612,-0.09901079187903983,-0.02021940887763551,-0.021249102877261287,-0.09031010810384282,-0.08261623008797024
HOXB13,MYC,-1,-0.07000709004613027,-0.024274575998713934,-0.14254278310885843,-0.09625373132501487,0.06992660303332258,-0.10050501065256846,-0.10020114660413845
HTATIP2,MYC,1,0.26238269637896994,0.23970741901776382,0.3208417096158775,0.2240313921255685,0.052032194770351974,0.19660695967805572,0.19383820141601726
MYBL2,MYC,1,-0.015310628657255226,0.0437786351579455,-0.1121865656766992,0.03889186756747027,-0.08798702598806711,0.17381046318945792,0.05342828244544953
PGR,MYC,-1,-0.06254780449194322,-0.1217587010690459,0.11275378000512541,0.06042062568250272,0.006518116488884919,0.08322417738499172,-0.0061896531648055085
RB1,MYC,-1,0.24781101161436087,0.14582429065187688,0.48620943570691255,0.31199881497120335,0.0980131075437901,0.41961816309867783,0.13097832477345267
RUNX1,MYC,-1,-0.2846055319662771,-0.1662006331893705,-0.2812100820814755,-0.19627091218867332,-0.2533414374748221,-0.2927140089741435,-0.22453303621780454
SMAD3,MYC,-1,-0.11974369951856446,-0.17174262519090105,-0.3553939462968763,-0.06168658866826747,-0.038237761261990855,-0.06679581313005957,-0.11674037475827016
SMAD4,MYC,-1,0.2948660615755354,0.40564505028258785,0.49932970756570516,0.17853824500216395,0.06822139240268811,0.5017468343031584,0.2311750194355924
TP53,MYC,-1,0.12219119142469105,0.21521983763363076,0.22300521085452318,0.044821043284173134,0.009963683855487002,0.3611536337094611,0.17241300580608188
HIF1A,MYC,-1,0.2916343518029367,0.18362671810947673,0.401825792306159,0.26742385369541477,0.15625460112305906,0.31926931271206505,0.2528168515647653
E2F4,MYC,-1,0.23737205671619674,0.016809373863416834,0.11187119436345917,0.22834128268685314,0.20056824473583365,-0.02214169183554025,-0.0688742689569003
EP300,MYC,-1,0.20251996593326269,0.2528655252793184,0.29684461222967434,0.2491020483650921,0.1205734872349848,0.28157611290408097,-0.08385827041318389
AR,NCOA3,1,0.059951193818452354,0.34629686751169675,0.07650677781645239,0.10287619372603515,0.042004611905712017,0.2384917511480833,0.10175826333538054
E2F1,NCOA3,1,0.001366482824701347,0.06426539693898121,0.11433589472133447,-0.07681909555662454,-0.027124073662662937,-0.004083492629007844,-0.03559678439412862
ESR1,NCOA3,1,-0.10790662934863995,0.19755666501563807,0.1223668796759102,0.021810811954383707,0.013026227181598316,-0.11557270490968775,0.010020799609122602
GATA3,NCOA3,1,-0.21344852555901273,0.08492493059739295,0.012590342885814784,-0.14870851495510254,-0.148775966034084,-0.2799816144202055,-0.045245428538159625
NCOR1,NCOA3,1,-0.2880330825907181,-0.1609880244635734,-0.27934752091323806,-0.27836195757401966,-0.18329988052478055,-0.2892730396775133,-0.013842813403989596
AR,NCOR1,1,0.19102826081654886,0.021698416526002733,0.05334662148694438,0.20495448381793527,0.23393480343386244,-0.0001499250374812594,0.2003863110717392
ESR1,NCOR1,1,0.3110890402473849,0.014186962462824535,-0.060002847461488075,0.27823052092208367,0.30956294336344786,0.2602146295273416,0.15472763014596255
AR,NDRG1,1,-0.28231921000343,-0.11465729709966511,-0.020567818960397274,-0.09203727023802845,-0.09889065566894242,-0.09891107078039929,-0.30666365288626646
MYC,NDRG1,-1,0.24012745625494838,0.03844952018481182,0.1929625438583821,0.1789682788255074,0.23258012750540866,0.13069517872642628,0.24011388439928513
TP53,NDRG1,1,-0.12564687249983106,-0.04929873934848898,-0.09564867276759784,-0.2355889348970907,-0.1071803784379732,-0.039927404718693285,0.03937779117246351
HIF1A,NDRG1,1,0.17215999249693006,0.040788562805023,0.21171367928561774,-0.02034690227086621,0.056077799105942204,0.04252347510455299,0.2241545430474257
TP53,NEK2,-1,-0.041809051541401486,-0.06750468963982352,-0.1729718955551126,-0.006841420186651218,-0.02067464107574106,-0.23790736210841948,0.3087725947455301
E2F4,NEK2,1,0.055326929510915,0.12993970522785644,-0.09297769637831296,-0.10571546638226274,-0.025474607135049933,-0.010605286467201032,0.2227374588065824
AR,NF1,1,0.21714065528661797,0.07485762743259326,-0.043470535573974574,0.25839633839140325,0.24211985300737435,0.1244893168338981,0.06240574809616646
FOXA1,NF1,1,0.2590512519117641,-0.002552055912149508,0.2390890846427527,0.20820008478754826,0.30170206169634667,0.26391198593909543,-0.08939275802909326
RUNX1,NF1,-1,0.2337634143866635,0.10121423727156575,0.15507604167559014,0.3077583504402107,0.2573214127576464,0.1773584235687005,0.040275030052185135
TP53,NF1,1,0.10862746712478269,-0.04569988626307409,0.13545617523990133,0.16961810275574965,0.08549897400707776,0.1345856044064885,0.16503629661520128
TWIST1,NF1,-1,-0.22169803507016966,-0.1523597474481698,0.024991628453706182,-0.25782499205116866,-0.21452804749007515,-0.2109449438671821,-0.22775255514714424
SMAD3,NOTCH3,1,0.10595602147252238,0.25008841732979664,0.3120236908795808,0.21321725733788702,0.08430813619540947,0.2688048165601942,-0.1222930256239312
E2F1,NUSAP1,1,0.07982962083311619,-0.031563008965341234,0.08241350835729946,0.03936328406616809,0.1164898269346026,-0.05626923380415056,-0.005331184116496075
E2F4,NUSAP1,1,0.16567178680306321,0.07620592056285666,-0.048126709902602365,0.0028843325064657616,-0.013961779621548622,0.10375268535267318,0.28175754275990317
SMAD4,PAK1,1,-0.005061846209628915,-0.0116449876315964,-0.03423561846045058,-0.14154526634319045,-0.0019750572021937913,0.14691417693330222,0.05355410092094316
HIF1A,PAK1,1,-0.256871626520723,-0.19995197326588868,-0.16790464871135086,-0.2359279206984937,-0.3406034688086613,-0.23313435309245242,-0.21724592596948084
ESR1,PGR,1,0.4748760896664189,0.2150510409131099,0.450806685839574,0.039712670850683404,0.0563966006363796,0.40022883295194506,0.5092525154741329
NCOR1,PGR,1,0.2797212841154152,0.12216461699220321,0.033769754264073575,0.15714034056136225,0.27652942100545513,0.35397301349325344,0.14220676774987498
TP53,PIK3CA,-1,-0.055236457100332426,-0.11224993192869175,-0.04171647354223378,-0.06552578367575353,-0.020343820609923666,-0.05307751337008941,0.007849539085065582
HIF1A,PIK3CA,1,0.10246427203468798,0.04666832114414495,-0.05500843133827672,0.08742347179205051,0.12396359205843875,0.2052832898356591,0.1997522760364464
AR,PIK3R1,1,0.23110056935508191,0.48559096051653494,0.21418288013098563,0.07872777380576321,0.15716975542584155,-0.00044188519270423054,0.5360005388381247
ESR1,PIK3R1,1,0.08991889168792619,0.2763670049981567,-0.09926262053324647,-0.04393041026494079,-0.03593512038656532,-0.14783426938060285,0.5273039237596644
MYC,PIK3R1,1,-0.21854750991927438,-0.35841242346431873,-0.10912623836248243,-0.26732057343923904,-0.2634368397436039,0.028963207139658543,-0.03375218186003637
TP53,PIK3R1,1,-0.06285016531058447,-0.04175114892530921,-0.1661279263396121,-0.13816181780611145,-0.020241708756357602,0.21589642526757322,-0.24167639870572347
HIF1A,PIK3R1,1,-0.15362278910793278,-0.031462566237838295,0.029056669104115324,-0.18845191903614214,-0.16051090258332143,-0.1313267011102948,-0.10803072697622139
AR,PLAU,-1,-0.21107910464659144,0.07744562077572108,-0.17722154800626355,-0.1341693464379027,-0.28809630958245797,-0.12113943028485757,-0.12881373733130283
E2F1,PLAU,1,-0.00414631924512763,0.03901418597199338,0.03724937341574875,-0.044464748530534226,-0.03979976522329388,-0.16845261579736448,0.048811728148423814
FOXM1,PLAU,1,0.11319095120329047,-0.29693583407280694,-0.13959858743052317,-0.07428794341506016,-0.08355380227686367,0.2087666692969305,0.17944057955793408
MYC,PLAU,1,0.015317077347236667,-0.10982850035020852,0.30547584240777315,-0.021843835569359107,0.04207360628667046,-0.10958731160735423,-0.19897988305642375
SMAD3,PLAU,1,-0.2552390664437156,-0.17231550148258584,-0.3500135823990899,-0.11203514440669973,-0.297701324238387,-0.10589878441960596,-0.35398834217297687
TP53,PLAU,-1,-0.010105190726330985,-0.027672642545471075,-0.06991888716586865,0.10245172547763509,0.021225545504698542,-0.2277834766827113,-0.02796645577856978
ZEB1,PLAU,1,0.20153177539440414,0.1207842223136032,0.36150480452456357,0.244708679691797,0.373500880489679,0.23323252827420168,-0.06369794675208737
HIF1A,PLAU,1,0.2976061166963845,0.1769473685269044,0.4177216992065935,0.21300674892429539,0.3185424315314326,0.10363765485678214,0.19249113562212747
E2F1,PLK1,1,0.029650611565128694,-0.03912466843501327,0.08367346357693187,-0.05947686018188778,-0.014087987508352665,-0.063244818205793,0.020660336218489506
FOXM1,PLK1,1,0.7651720179754898,0.5365565469013746,0.5437322923006533,0.520880855532556,0.5021937158732447,0.6370051231076924,0.8100956873346135
MYBL2,PLK1,1,0.04747094861328624,0.03197492163009404,-0.01688435571736028,-0.03638698453423984,-0.001362856815250541,-0.0030537423138667363,0.0338661473233346
TP53,PLK1,-1,-0.043097574031775276,0.025805803392010284,-0.1370464336872599,0.013827705965743663,-0.08661202251016463,-0.26058995618680114,0.29107352011123566
E2F4,PLK1,-1,0.35419994172482183,0.19192024740864935,0.15930015951566096,0.15405629508014876,0.2165008939276049,0.331983997351257,0.453004830064927
ESR1,PPM1D,1,-0.03773498399800208,-0.04662014030260258,-0.06250526780979344,-0.22478348071313803,-0.16751897203410385,0.01890242819862472,-0.10044327647878575
TP53,PPM1D,1,-0.0033387184552444186,0.004159641828723592,0.21242770287061005,-0.1742725858205123,-0.059404328799515155,0.08674758689274926,0.12279089519481684
DNMT3B,PRC1,1,0.5084073298788545,0.02765464052188094,0.3165171079040813,0.36510636976335176,0.4259813205739996,0.33130736863350313,0.568975476553064
TP53,PRC1,-1,0.0009596318203713717,-0.023340235934423813,0.05235477461439836,0.07671113389093964,-0.008079348538901032,-0.14717144159154652,0.19485192550497843
E2F4,PRC1,1,0.21479548089310965,-0.03745899374546615,-0.03163261180200541,0.10759736512451222,0.07031988899997378,0.2204862344074164,0.23122173857333445
AR,PTEN,1,0.20077308416536524,0.14573185435254402,0.11083117400837153,0.08294845979383918,0.17852850309103063,-0.050722007417343964,0.3720709880841756
EZH2,PTEN,1,-0.3331718822826565,-0.15864882244192588,-0.15075486204049088,-0.12294733434596448,-0.16768267444594634,-0.30556755615848175,-0.5131539142128898
MYC,PTEN,1,-0.14669423455943914,-0.003396029258098224,-0.14239243714228764,-0.14246063384253535,-0.22291520996522401,0.028406849206975462,-0.16418448865154145
RUNX1,PTEN,1,0.27839196695342994,0.22847060974873856,0.18777104320374202,0.2421165785743001,0.21588481030236345,0.20906339881563654,0.1622940302153707
SMAD4,PTEN,1,0.22942205658482168,0.10897446846568123,0.14320567214328425,0.23793945686330395,0.24097525049369858,0.2690775807526452,0.190457055379432
TBX3,PTEN,-1,0.24602324599250186,0.24485797449772678,0.3746056261349577,0.13146341216389257,0.05463130950657479,0.2606491372393954,0.2288690228169582
TP53,PTEN,1,0.01853498333808756,0.004674061570613295,0.0662194253822717,-0.042832395329581316,0.023228471364458225,0.15674268129093347,-0.2105509499097009
HIF1A,PTEN,1,-0.20025868092971288,-0.13697853870267662,-0.21414163273441728,-0.16269981879927517,-0.13641440447991524,0.016168231673636867,-0.37354134464564176
E2F1,RACGAP1,1,0.07060523917649686,-0.05268467165018889,0.06798485150488338,0.0005784983417612881,0.034674063373058284,0.006115363370946106,0.07792204827061866
E2F1,RAD51,1,0.086630084093229,0.06893738445462583,0.10117941854836414,0.050499132420488084,0.13717584221728696,0.054383334648465245,-0.011504855144763909
MYC,RAD51,1,-0.20889789616067422,-0.24842456394180534,-0.43411144964264353,-0.28504280417121663,-0.09641674546972268,-0.3025408348457351,0.1532755388833966
TP53,RAD51,1,-0.18195094103044385,-0.15194518125552606,-0.2713027136307981,-0.1792616130464522,-0.16664089524378636,-0.32255188195376,0.11985460822075437
E2F4,RAD51,-1,0.13810513646916525,0.1895209177741102,0.0757311719937528,0.019192640916174553,0.03891573926721548,0.1342744472984571,0.3154320966565193
EP300,RAD51,1,-0.29901883501139226,-0.32217265493127567,-0.5108212140558441,-0.2732338580506577,-0.1440342166568321,-0.3158656824205221,-0.3257319247743664
DNMT3A,RASSF1,1,0.02032924140872564,0.03294349328832088,0.052543667270527186,0.08204333592566457,-0.05501727327317708,-0.04552197585417818,0.06561366978107826
DNMT3B,RASSF1,1,0.051872744989582886,0.08904035953742089,0.025776360374725932,-0.028090509081242047,0.008370581264868084,-0.053057681685473056,0.0063038256756057145
E2F1,RASSF1,1,0.031093955896125902,0.023169359376255926,-0.003834961132150688,0.05565829731958262,0.019084304824926734,-0.022977984691864597,-0.02032247458839785
EZH2,RASSF1,1,0.0553484847418271,0.08128365886986577,-0.09690367037785813,0.03167706611200833,-0.035002736802743316,-0.0596623918220837,0.1295450887185723
MYC,RASSF1,1,-0.07897779111145078,-0.07730487902901698,-0.16375978814886527,-0.08146094557415931,-0.047578927363008144,-0.2395723191036061,0.11723608866026884
TP53,RASSF1,-1,-0.025270568776150908,-0.01941564182943493,-0.07233805062786526,-0.007146413614738093,-0.027541439180579656,-0.041552907756648,0.06568901431106557
DNMT3A,RB1,1,0.057111358152225046,-0.1679246041315007,-0.06950099832231695,0.08300515598911892,0.05539861678262336,0.059761144801004855,0.06820270395231715
E2F1,RB1,1,-0.056404935530906884,-0.17169841652600273,-0.09476481921165208,-0.05083062420223673,-0.03846524364742724,0.019356187785946385,0.007632620491182251
MYBL2,RB1,1,-0.04185730353170748,-0.17654931275620933,-0.08827601288662257,-0.003953776004885272,0.007450663820926141,-0.028868574404763488,0.08533785704424739
NCOR1,RB1,1,0.2883805296918085,0.27566112048870667,0.5172445409806364,0.23640882898294,0.15480537938020691,0.268564146471539,0.28253481541200426
PGR,RB1,1,0.15408382726089723,0.03514990756370067,-0.07931446678071905,0.03391391328352101,0.212841610364186,0.10354731929110535,0.12689374264401052
TP53,RB1,-1,0.149416382420481,0.16871634113013423,0.2644123085723416,0.11691623327691243,0.0942778418255992,0.22589452337634736,0.029110353354045382
E2F4,RB1,-1,-0.1291961870188108,-0.12470686582065572,-0.03876886804541773,-0.031110564655448137,-0.11325747340337562,-0.09712476450705897,-0.19671290863383364
E2F4,RFC4,1,0.1362628079825724,-0.07581801265591359,-0.03421971164278292,0.031873554203731176,-0.012119174021217559,0.09050037974826008,0.19010995785451615
E2F1,RRM2,1,-0.03220427792807089,-0.1509203440237923,-0.14879353056749908,-0.015688095505410626,-0.04666732378661262,-0.05794208159078356,-0.10812828632682553
E2F4,RRM2,-1,0.14711685411380468,-0.10538161197194329,0.04480656602590226,0.059547995054348546,0.07154576398469448,0.04547095481193895,0.2524187389378462
CBFB,RUNX1,1,-0.31596368561109295,-0.09209314008732901,-0.34445800471249005,-0.2419837531252661,-0.17088588148403858,-0.20895177899296924,-0.17688384156689663
TP53,RUNX1,1,0.012390743175619988,-0.08237288237774673,-0.17184573338514225,0.11861407092366413,0.07858953439921955,-0.034443440556728884,-0.11222884592992059
TRPS1,RUNX1,-1,-0.0995037012394908,-0.16860397938676966,-0.17633571875228554,-0.20742798438601343,-0.23390317997529206,-0.3624538139386872,0.05900383229243881
AR,SERPINE1,1,-0.1677158315043958,0.1772807652117997,-0.12681233908276157,-0.20834198336918125,-0.23933005173742566,-0.16820800126252664,0.06683052180598137
E2F1,SERPINE1,-1,-0.10620167222523777,-0.1586005948074914,-0.12082924959667642,-0.10825653381139023,-0.16691968355357575,-0.03445119545490413,-0.014733263544600382
ESR1,SERPINE1,1,-0.19459332553914174,-0.002322964391929909,-0.1826624805162633,-0.22799268880170476,-0.2463025061377865,-0.017083563481417187,0.03874530952299217
MYC,SERPINE1,1,0.3008258333952419,0.097275138654449,0.41694491127026967,0.3256954136817976,0.31247875589926044,0.2901444014834688,0.17615531001396215
PGR,SERPINE1,1,-0.11024136080688521,-0.07820914717466441,-0.1711849262137162,-0.10542437287860229,-0.050088872919503334,-0.1851732028722481,0.11789122317146142
SMAD3,SERPINE1,1,-0.18939010643878443,-0.03656458484044691,-0.3721030622188377,-0.18003978736869866,-0.1377642017450085,-0.1833274809746809,-0.1569059461607891
SMAD4,SERPINE1,1,0.02092111003806751,-0.079306405540597,0.3842617296972232,0.03141352171687935,-0.044235641062644056,0.03492090421175458,-0.07294492086541182
TP53,SERPINE1,1,0.042287486560596305,0.12925407925407925,0.10259295685696405,0.028142372621992432,0.005998941317999097,-0.10991872484810226,0.03122228095031926
ZEB1,SERPINE1,-1,0.29891692321511365,0.2069246845108914,0.4316514887392075,0.33649599451530754,0.22458073559147773,0.3210572103241675,0.19256669981073693
HIF1A,SERPINE1,1,0.3348856701031047,0.22606703641186401,0.5428232824530521,0.3248077460033028,0.22477432931787047,0.25700307740866407,0.2671508498512546
DNMT3A,SFRP1,1,0.051688891429830186,-0.12001446829033036,-0.0014590400974062545,0.036632644288944124,-0.01680461181188087,0.19438964728162236,-0.022541662005210173
EZH2,SFRP1,1,-0.06545788472656618,-0.005670766015593602,0.10494034568182466,-0.06082456043634822,-0.06479630265216667,-0.2847516072593074,-0.022123919061746797
MYC,SFRP1,-1,0.3521690664134536,0.30996302548026683,0.24571884165266664,0.2731696686786747,0.11324784613536465,0.39277203503511404,0.4785622469970706
RUNX1,SFRP1,1,0.046367295164406346,0.08731621987406935,-0.04437947159003873,0.06716726078918768,0.0618228019152785,-0.043115454570897285,0.10451632346931088
ESR1,SIAH2,1,0.5401959520703693,-0.19498030704927255,0.4645026302053481,0.22184268461298912,0.16520336813040865,0.40920541546164896,0.23891695910171257
NCOR1,SIAH2,1,0.23811115076207232,0.15393055220641427,0.16566787038585137,0.05122706520275794,0.20779044564906432,0.1477790337315148,0.04839619259844425
AR,SLC39A6,1,0.28845387351266283,0.19192589020175227,-0.08377345596400808,-0.0034732938931755723,0.02917088917569436,-0.09310344827586207,0.49963126927845214
AR,SMAD3,-1,0.22570227174762056,0.15626557350695283,0.008468350465559953,0.2127633674787542,0.2244094563982536,0.08036013714312187,0.17015267506718204
ARID1A,SMAD3,1,-0.03212252181019113,0.0015694091807430764,-0.3461222611638267,-0.1089131307029984,-0.05668333416629302,0.18642609989216224,0.11520863585333734
TP53,SMAD3,1,-0.057971472742567746,-0.04442568925327547,-0.2279301802443122,-0.0976469439618829,0.03638822515918935,0.015304250391701186,-0.062355447282922624
HIF1A,SMAD4,1,0.12871897916179292,0.15595626954861738,0.4713790255986787,0.14507072709988708,0.04072430246953133,0.16746725795640438,0.04287098862187531
ESR1,STC2,1,0.5579774800523903,0.08162535329293696,0.5452929130023333,0.32508756986193127,0.25994269648151075,0.5008048607275309,0.4523332777763825
HIF1A,STC2,1,-0.34329504152411094,0.044055988320885024,-0.3537075129789737,-0.2702679688529504,-0.28368606998730067,-0.27187721928509434,-0.11516042640340281
MYC,TBX3,1,-0.012807791984056578,0.04636488863928938,-0.2219644317486923,0.2085825403421235,0.1373723621511232,0.014669010236377938,0.033793124705351035
TP53,TBX3,1,-0.0034098013630633928,0.07967213213585339,0.023652181044100933,-0.05426460366311568,-0.039677313036541005,0.21614498568846935,-0.137451097460411
AR,TGFB1,1,-0.027590380392560725,-0.033578490475042196,-0.14974116575073323,0.019992800451029018,-0.07898977657329759,0.020638446455011315,0.031263342230056
E2F1,TGFB1,1,0.03935815520298917,0.03798328108672937,-0.02329337395711723,0.056813319343836384,-0.004760680362536197,0.126553012519775,0.12279075501896164
FOXC1,TGFB1,1,-0.007010163338891629,-0.08494494011735391,0.07117628634072724,-0.008224737096342078,0.02029946344355475,-0.024745619607308544,-0.00731296904716785
HTATIP2,TGFB1,1,0.03853026822819326,0.1341210513624307,0.08702867393718498,-0.03477772394556116,0.08964821157990746,0.06319759803409888,-0.002837970816618682
MYC,TGFB1,1,-0.0663335448527486,-0.07353508560405111,-0.13526239357612688,-0.09749837633346639,0.04904004394284642,0.044354313715778484,-0.16743114553105212
SMAD3,TGFB1,1,-0.02273616363270515,-0.2048790290169601,0.06549730914889376,-0.04017405351710059,-0.006897296294967226,0.11126892818534036,0.013468374776535482
SMAD4,TGFB1,1,-0.034010936419468424,-0.09041685798660017,-0.10338221475554543,0.034840516559963425,-0.07702044247034791,0.009413807048537299,-0.0003310589204969867
TP53,TGFB1,1,-0.025182840391255738,-0.029209870589180936,-0.021377601867934734,0.015816495645578483,-0.02624388387488371,-0.015671173641618227,-0.08224179146051613
ZEB1,TGFB1,1,-0.02196445091644834,-0.020508801543284303,-0.04096358096756741,0.00725988538801605,-0.01535935851945941,-0.12023270081713298,-0.08908214589864129
HIF1A,TGFB1,1,-0.0409264217542996,-0.05842376014789808,-0.11181981263703408,-0.06806744190338623,0.046636216855451475,-0.12949234393040077,-0.1417775332257203
E2F1,TOP2A,1,0.06774422472260805,-0.03712735248595905,0.11191688127112671,0.0009632680149010887,0.06658024508635195,-0.02699439753807307,0.01022171789702481
AR,TP53,1,0.050601291675966956,0.01409452616349168,-0.047166491073208236,0.198313561254245,0.18005969524009005,-0.07558589126489387,-0.2448897118420782
E2F1,TP53,1,-0.029981153196437217,-0.1254722289205048,0.10310430251430848,-0.024799348387762304,-0.09975358002026805,0.10969778268760358,-0.028395690302724493
ESR1,TP53,-1,0.04499052796598969,0.1543002974037457,0.06536290896665621,0.11911026844107375,0.0434654041749705,0.024713958810068652,-0.23462918018489046
EZH2,TP53,-1,0.04728390119221909,0.14780966160276507,0.15937697542640733,0.0721469441715183,0.04073662033533717,-0.14867858573094844,0.22997231656289435
FOXM1,TP53,-1,-0.011813831219558667,-0.08465155534121052,-0.015254420683960247,0.052898035592142366,0.04557845550117203,-0.23086088534680033,0.2810641363139257
MYBL2,TP53,1,-0.020206500104883212,0.05652278755727031,-0.03600672000911188,-0.06102859611438446,-0.009949514706652415,-0.06789236960467136,0.1609880613440063
MYC,TP53,1,0.12219119142469105,0.21521983763363076,0.22300521085452318,0.044821043284173134,0.009963683855487002,0.3611536337094611,0.17241300580608188
NCOA3,TP53,1,-0.15884793578561787,-0.13305213914898922,-0.1417045711464515,-0.21432205558179135,-0.09487203675048092,-0.2915061380620721,0.039272675797794
RUNX1,TP53,1,0.012390743175619988,-0.08237288237774673,-0.17184573338514225,0.11861407092366413,0.07858953439921955,-0.034443440556728884,-0.11222884592992059
TBX3,TP53,-1,-0.0034098013630633928,0.0796721321358534,0.02365218104410093,-0.05426460366311568,-0.039677313036541005,0.21614498568846935,-0.13745109746041098
TWIST1,TP53,-1,-0.03688927084252179,0.014375854031026446,-0.010404624277456646,-0.05707952431809727,-0.13831399449867396,0.08029669375838397,-0.06540118587453109
ZNF395,TP53,1,0.1347328567723046,0.19264126677919782,0.0647478572852302,0.12304302017208069,0.1701991997511158,0.3558194586917068,-0.098886045083324
HIF1A,TP53,1,0.09031447592481191,0.11489430110119767,0.10384008656282923,0.07679569918279673,0.03219754257675212,0.15145585102185752,0.15254036060266352
EZH2,TWIST1,-1,-0.11004376393332911,-0.14672855879752433,-0.049228053190580594,-0.15051639457712304,0.054448971300306855,-0.18112558416665908,-0.5652581409319943
TP53,TWIST1,1,-0.03688927084252179,0.014375854031026446,-0.010404624277456646,-0.05707952431809727,-0.13831399449867396,0.08029669375838397,-0.06540118587453109
HIF1A,TWIST1,1,0.28235363931223156,0.12026364440157543,0.19893163244967113,0.2667257389029556,0.3179498473736251,0.24382545569320604,0.0806938073787241
AR,UBE2C,1,-0.22476115347273323,-0.26338316855558236,-0.0016526666476835903,0.09042208968835876,-0.1262760704637932,0.14500118361871694,-0.5022432070211809
FOXA1,UBE2C,1,-0.3192924332901135,-0.30417169037858693,0.02879011361371337,-0.10127234108936436,-0.3029508792572902,-0.034056655882585024,-0.4892520131784131
MYC,UBE2C,1,0.0883414796221195,-0.01102001446829033,-0.11389504256954923,0.028134256537026146,0.11664505358094432,-0.17426812909334807,0.11772670089888101
NCOA3,UBE2C,1,0.3763252662636491,0.01264770983815227,0.29491972716752246,0.34837342074235,0.4768976944707154,0.4334144113762307,0.10907351554491093
E2F4,UBE2C,1,0.29099973550640074,0.10486718283756974,-0.05118260905223748,0.11596440890595065,0.18352228877449087,0.31207475780605176,0.27344450114775454
AR,VEGFA,1,-0.03404729508332707,0.03681379794009367,0.0353518239994499,0.07758122791076026,0.0022579782939307004,0.13832557405507773,-0.303117547607041
BRCA1,VEGFA,1,0.09299526678792908,-0.06287081310871784,-0.07381881468016135,0.08926013789401144,0.08253533645163783,0.025826560404008523,0.24109537122565727
DNMT3A,VEGFA,1,-0.09963453089480702,0.004199827385087106,-0.09780130163307796,0.016376803472430312,0.007820296886975314,-0.12168389489465795,-0.3502489220609672
E2F1,VEGFA,-1,0.03455538329378194,0.04140748473545689,-0.09201861785281132,0.082486779845533,-0.0035404409672518205,-0.17295825771324866,-0.02150284767752152
ESR1,VEGFA,1,-0.20003798027844708,-0.25039812956982493,-0.19660935482753542,0.08079455299542,0.00029847636134217975,-0.20050501065256848,-0.40327314529973984
FOXM1,VEGFA,1,0.27234040786110664,0.0010971797857691674,0.010535613505860932,0.07198997314317082,0.03918896056377795,0.23977747968121205,0.4614207907288243
HTATIP2,VEGFA,-1,0.05268782850632083,-0.054547518836454305,0.006333896941199206,-0.07647563940880386,-0.09272172785471926,0.010431626292117099,0.25167784085671613
MYC,VEGFA,1,-0.03743347613272775,-0.1048590395256533,0.02359180135642135,-0.10106013951688837,0.11553915219007937,-0.26185591414818904,0.21409922863285474
PGR,VEGFA,-1,-0.24487992900147865,-0.1128306736101703,-0.2182136269333916,-0.03678101377228818,-0.14128112122385367,-0.23977747968121205,-0.22238255114018624
RB1,VEGFA,1,-0.1239491766150606,-0.015547399271970784,0.14025488255342689,-0.02998533953959891,-0.11494268805902308,-0.2430294446063443,-0.08987004210161006
RUNX1,VEGFA,-1,0.020345347768107737,0.0497549428400909,-0.022501830921922213,0.13419530665016416,0.12130852846608171,0.11910013059404065,0.06070935652424053
SMAD3,VEGFA,1,-0.11417756715299435,-0.12413805576131152,-0.1699684899732557,0.07344897013530756,0.05321481243732257,0.07858470206287813,-0.4775353690796363
SMAD4,VEGFA,-1,-0.1509524939964894,0.023490924143807056,-0.03170251527806845,-0.12531706836720058,-0.08432906982770604,-0.274305261023866,-0.03468588180498095
TP53,VEGFA,-1,-0.09798121463982103,0.0028896419998828992,-0.07329711739920741,-0.11309542052455265,-0.06393539234279692,-0.2244693442752308,0.06713418274685101
TWIST1,VEGFA,1,-0.031823679959728964,0.06270804467896088,0.11760364338601717,-0.10265096199471749,0.004461744163097496,-0.09536810542097374,-0.11843689959903925
TRPS1,VEGFA,1,-0.15947112446900782,0.03061051222824492,-0.06933690519309227,-0.126722307219912,-0.12055244321748307,-0.20339344155614728,0.010482022338511556
HIF1A,VEGFA,1,0.042074289145685784,0.03916288799424048,0.2049638115913721,-0.051342593067039095,-0.11950266568808814,-0.014858360293537445,0.1886168244144625
EP300,VEGFA,1,-0.08634440784721428,0.0798469574863331,0.077781346600241,-0.10213054877786099,-0.00914650134541597,-0.29447366240922956,-0.14216354995631292
DNMT3A,WIF1,1,0.015730181408967245,-0.035955747081992145,-0.046665391002467034,0.020548211672317934,-0.0009368581047312798,0.26428627791367476,-0.1720066029055524
DNMT3B,WIF1,1,-0.07247939873153225,-0.17536005015684059,0.05098781342739141,-0.062081963307787466,-0.021648771950251743,-0.09729345853389096,-0.044044485135471434
ESR1,WIF1,1,-0.1345796657549418,-0.20200365927554131,-0.18426047681342247,-0.06496130140427686,-0.038912336008453556,-0.17084352560561825,0.09449780702255078
MYC,WIF1,1,0.13113726461586062,0.18287535454891732,0.04609359383445255,0.0763083550648208,-0.17340683117819847,0.06416002525053263,0.24455180381242447
MYC,XRCC4,1,-0.03358615841308725,-0.1214974680491922,-0.039054642785956314,-0.03437509832539567,-0.0038272103102119513,-0.035907117310725024,0.006815239652137381
E2F1,ZEB1,1,-0.057132681952273,-0.07312916968089382,-0.11493379652040206,-0.03705211887622807,-0.00434838856734504,-0.013441989745922442,-0.11850754242686456
ESR1,ZEB1,1,-0.0379318251895541,0.21616027650510408,-0.11205216549446169,-0.2978268944554234,-0.25629372029484154,-0.10182297369027483,0.28788622545315057
GATA3,ZEB1,1,0.017126881679082096,0.22048870669560325,-0.10365557105840142,-0.1580395319510766,-0.17913531229112056,0.04201065653495221,0.2792513053980807
PGR,ZEB1,1,0.1326443059082686,0.11695201350373766,0.073654716819955,0.0036928468600157657,0.08424883489553334,0.06016345806738225,0.32483235880353156
TWIST1,ZEB1,1,0.374991141959475,0.2943011011976529,0.25407898858167943,0.41471907682956527,0.38068652606353315,0.4661178610398501,0.35928984517876017
EP300,ZEB1,1,0.09073515877986474,0.07348283900008039,0.23585764734628806,0.11308654048839288,-0.08840550514725712,-0.05944957458530418,0.1083063729911025
AR,TRPS1,1,0.12920649224541728,-0.1815649867374005,-0.08299102080984334,-0.03753970666359172,0.07663462923834004,-0.1307230543738328,0.08967358732027345
ESR1,TRPS1,1,0.4111980652560691,-0.10296599951772367,0.32525090421196323,0.16044474103233422,0.2003046829740826,0.31236154099630925,0.16621440973917678
MYC,CCT3,1,0.07985646472118965,0.2163114225376575,-0.008800954015693021,0.05642754854428453,0.06514946340104079,0.06958888976564351,0.26719422998566456
TP53,BNIP3L,1,0.10985146482942329,0.08776625673177398,0.19067627210341978,0.09924356497425989,0.062481325985910934,0.2634735263946974,-0.1415537833141928
HIF1A,BNIP3L,1,0.15066913291908937,0.34512900892211235,0.5711312964492156,0.22554099816399265,0.12801086712110618,0.1598121991635761,0.23006742178456532
E2F1,SIAH1,1,-0.0026681609266714125,-0.02590225866087935,-0.08188046356673026,-0.041283143114163375,0.030859482086807596,0.21242010573660539,-0.03292091810524921
TP53,SIAH1,1,0.05883707742240808,0.10941644562334218,0.09640023918676499,0.050308041232164924,0.011248456024814491,0.030829322181014758,0.1530243910235188
TP53,CDC42BPA,1,-0.021837391525199007,-0.16396809336887683,-0.003950000825764942,0.02858584371549539,0.00550748654700923,-0.08652681498850186,0.11051647415802679
DNMT3B,DLC1,1,0.12904261147559268,0.22162428826501043,0.1821498334235029,0.34178427133990796,0.2857606874872679,0.3067071727294247,-0.06626878757229061
ESR1,DLC1,1,0.1440257841525882,0.19113013423358252,0.3557743671516843,0.14880942723770896,0.10506947503303567,-0.05698729582577133,0.3269648324501299
ESR1,RNF115,1,0.16073867898734273,-0.07812923878390575,0.3907862822744659,0.21781082720029749,0.07120803637779863,0.015990720410984347,-0.05025012043681461
MYC,NIT1,1,-0.3329366135488211,-0.21314848715678267,-0.33470922829171545,-0.2952000091392388,-0.22433650629958535,-0.27290302217312395,-0.15540801252999503
AR,CCAR2,1,0.22064442769198817,0.025253245826845107,0.2406664430459361,0.21310790266079022,0.21180645957684052,0.24272612676662003,0.05203104647728158
ESR1,CCAR2,1,0.1241882831287046,0.016879705971631968,0.16139420905735072,0.1723296735905189,0.08731338209215071,0.02109221036222348,-0.07881028839803439
TP53,CCAR2,1,0.05039744111056154,-0.0036010039406148197,-0.09336148145534214,0.09473793549916301,0.11791227740669784,0.07333350430277737,0.12771796519779957
E2F1,RNF2,1,0.041183705449049125,0.18312836588698658,0.007582220450468407,0.04469658093175966,-0.010858496406888669,6.312633157105659e-05,0.08774877907892663
AR,BTG2,-1,0.22755409179743089,0.2684229563539908,0.0711057502842231,-0.05189081326242956,0.157135613052729,-0.08597806359977905,0.483781556157803
ESR1,BTG2,-1,0.358662970943677,0.35642231331886504,0.29899176968813457,-0.09610653779828053,0.05486327343657457,0.2176595912570031,0.5865832246928575
FOXM1,BTG2,1,-0.48142383656586235,-0.32565710151917054,-0.07271741532214099,-0.2223723241955981,-0.1756252813135552,-0.2795470685709777,-0.6242417047003462
TP53,BTG2,1,0.09513629411614305,0.077172253034322,0.3061115705022863,0.0735614176658875,0.05684264268589062,0.05993845182671822,-0.17965519682001146
HIF1A,BTG2,1,-0.07317787655249938,0.0528373924925649,-0.03982691970379838,0.19050849232821793,-0.14803978606118245,0.1557326599857966,-0.16535803410587935
CNOT7,PMP22,1,0.237916999529452,0.031737802427457606,0.3584805945499587,0.17716045264181057,0.1698622204288324,0.2198532312790973,0.0351310192721735
MYC,RGS2,1,0.335551913724502,0.20841170323928948,0.2835467980295566,0.28326641306565226,0.1879885661129404,0.4283989584155291,0.3875964921493461
PITX2,RGS2,1,0.26653585815879804,0.04914797845832329,0.18638457814858056,0.22096620116799354,0.3863917646442774,0.07559378205634026,0.18650925023231177
MYC,PEX19,-1,-0.021863443536292528,0.23436620850413956,0.21225319627552036,0.020005328021312083,-0.04068209050389806,0.19633078197743237,0.011724038731566315
FOXA1,LOXL2,1,0.022080040156132495,-0.20073145245559038,0.011748626099832,-0.01905492421969688,0.03900705069167008,-0.0989505247376312,-0.01582916465938642
SMAD3,ITGA11,1,-0.09865013387795239,0.057989711437987305,-0.18013051631912502,-0.09094621906384108,-0.18541338042420816,0.08327596036448204,-0.18279682823084595
MYC,IER3,-1,-0.025810411083956545,-0.09334898058503402,0.052091608792058305,0.14794305388616863,-0.026057076746154817,0.1733258633559744,0.283560603900176
RUNX1,IER3,1,0.06195133969421033,0.1354379442873702,-0.03774498246527675,-0.026524254467646405,-0.092923835281324,-0.05110905948914612,0.031957533034805974
TP53,IER3,1,-0.007136201906094072,-0.026684055478293948,0.025793518589809827,0.0036577125621229914,-0.07356948900328016,0.0415175629986779,0.0452843973860357
ESR1,LDLR,1,-0.08695539470549618,0.11695414049734673,-0.10466033428131272,0.020842694872352522,0.020210445775352352,0.030904528561907157,-0.15743089438319224
TP53,CSNK2A2,1,-0.02585856308699955,0.011383754086820843,-0.03525852760700878,-0.0929915232112499,0.002420923034084013,0.0853987642949675,0.20197357005267394
ESR1,MICB,1,-0.06256933059319687,0.05026525198938993,0.44401605968279273,-0.06693338773355093,-0.1395544110716497,-0.0025487256371814096,-0.221569491471247
E2F1,DUSP1,1,-0.1138685145662106,-0.09538038618375135,-0.16912108495181133,-0.047626326506529,-0.14090365811486888,-0.06697716992274123,-0.08403027501292247
MYC,DUSP1,-1,0.3698741005206421,0.14627872815464016,0.48788205124416417,0.4524828882295027,0.3248920313961614,0.5222175534957559,0.23462447345065587
PGR,DUSP1,1,0.0929663987225248,0.0816837104810557,-0.12632599238362616,-0.042978609071869685,0.07055363138211596,-0.09446479615104814,0.32685594256874134
TP53,DUSP1,1,-0.00060883626694807,0.12836614493664883,0.0855628494905173,-0.04284377651635956,-0.11309899444409983,0.002031882805738203,-0.1334611915988852
FOXA1,UCP2,-1,-0.04394355131811127,0.3785587975243148,-0.19082206213160965,-0.1050941163764655,-0.11168061506426939,0.09369525763434072,0.19290210484738196
SMAD4,UCP2,1,-0.331250562964116,-0.27991949995944915,-0.287795210569777,-0.25786659735438017,-0.21687475300240766,-0.5448860464431792,-0.20650542194614455
HIF1A,UCP2,1,0.01303728977551611,-0.1633309219516116,-0.001545602095731655,0.031630590522362084,-0.005624228012407246,-0.020563402509271682,-0.10590448618572611
AR,MAPT,1,0.44362813243763666,0.4324772928221204,0.19107491671175145,0.23340362161448647,0.1466112632412236,0.23466424682395648,0.6261778263837676
BRCA1,HIF1A,1,-0.14065611975368303,-0.09786994614580821,-0.21735141510377687,-0.18237472662988732,-0.13048276754279237,-0.10704647676161921,0.0897762272568489
MYC,HIF1A,-1,0.2916343518029367,0.18362671810947673,0.401825792306159,0.26742385369541477,0.15625460112305906,0.31926931271206505,0.2528168515647653
TP53,HIF1A,-1,0.09031447592481191,0.11489430110119767,0.10384008656282923,0.07679569918279673,0.03219754257675212,0.15145585102185752,0.15254036060266352
MYC,NID1,1,0.29184013703804945,0.26368485620628235,0.4488954696887725,0.31082848915349304,0.21876060279881032,0.3245482521896947,0.13462210238156663
TP53,E2F4,1,-0.027761647317879626,-0.004820763645945843,0.02026825395741963,-0.0850668706419286,0.041651926381385436,-0.14465879029759143,0.1672996770475658
MYC,SLC25A3,1,0.36543955491478336,0.3951732175870107,0.5407021840029613,0.3729959559838239,0.35348638067574517,0.40098634893079776,0.21972012995760165
ESR1,PKIB,1,0.5124245595272527,0.22789187755404713,-0.04665288872620846,0.2806594939962626,0.3377678682675503,0.29697841272529324,0.34788356315314045
MYC,RAD50,1,-0.1694115665029519,0.13712724057551645,-0.05602095731655229,-0.18196719186876747,-0.014626873946939617,0.07059891107078041,-0.22923635068460618
E2F1,MCPH1,1,-0.02891725109041006,0.18070090828711521,-0.018429909735470828,0.025556743453697527,-0.10078392356052228,-0.04676872090270655,-0.047702111240236614
MYC,TFRC,1,0.11076967371747568,0.16632103528655254,0.32501494917281243,0.058159720638882556,0.06045945005221023,-0.051321707567269004,0.04916790147697772
TP53,TFRC,1,-8.767247561449452e-05,-0.04529378667309702,0.05882741535920727,0.012715250861003443,-0.02579770767813854,0.07504142665509352,0.08676245293831579
HIF1A,TFRC,1,0.24846222782087765,-0.025484285829113416,0.36054671260571197,0.10750814203256812,0.22367941992736767,0.18881085772903025,0.24866149606496965
MYC,RPS12,1,0.3123517217013659,0.5109516919861748,0.27307041772260027,0.23324368497473988,0.2049813798902815,0.3424840211473211,0.22614494884574723
ZBTB4,RPS12,1,-0.08802667069704757,-0.13284140997993588,-0.1265848303909867,-0.1319598776791518,-0.1123377274930406,0.001980592560156462,0.1101789434636445
AR,GAS6,1,-0.04233267893709711,0.30201471752803,-0.08701049973548478,-0.1206193725312774,-0.058213675824471206,-0.056683723995249014,0.2455247112654101
ESR1,GAS6,1,-0.07235089216391777,0.08359088333353953,0.13047303765658178,-0.24406221296629554,-0.21272479676503686,0.08363088310205981,0.3062957132438121
EZH2,DACT3,-1,-0.4713658369933921,-0.4255405514026204,-0.4001537629203565,-0.3154191698072273,-0.19990609856478572,-0.27084011449613676,-0.6660738034800328
MYC,LBR,1,0.26810365680237613,0.3274418529881214,0.009169975420690387,0.18225464326324356,0.06302468689451449,0.31160069281664765,0.21772717776850786
AR,EP300,1,0.1766533799195314,0.0777951933124347,0.09885025134558471,0.21769494522913851,0.2987573652644583,0.16012846259282915,0.2730411037720125
BRCA1,EP300,1,-0.11879050127898476,-0.04073627521903384,-0.18456582996763,-0.11185601284677295,-0.06379199190264,-0.008691741070615547,-0.08142441933473213
ESR1,EP300,1,0.06242027558380064,0.044650751547303275,-0.17565202634020122,0.13579120568280076,0.10825510266630095,0.14033433415375599,0.011924957019468522
MYC,EP300,1,0.20251996593326269,0.2528655252793184,0.29684461222967434,0.24910204836509206,0.1205734872349848,0.281576112904081,-0.08385827041318389
NCOA3,EP300,1,-0.04762969776087732,-0.0303814307345129,-0.2751311542255237,-0.037700704755805614,0.08064546062125162,-0.07736177717471757,0.08699533549929335
MYC,SHMT1,1,-0.031037586398682412,0.023675749537818504,0.07722201657222585,-0.12016560066240266,-0.11079473523713303,0.19857176674820484,0.17089241967264016
MYC,PRKCQ,1,0.15825741827144246,0.1794864323702324,0.25823642941798053,0.16552681791577942,0.06738586402327887,-0.08669235124366123,-0.1008930599776679
RUNX1,PRKCQ,1,-0.2630681806246459,-0.2478799765335336,-0.23135449495614532,-0.20267030937072425,-0.1119486743789583,-0.08265258415101787,-0.17836998003383855
RUNX1,LGALS3,1,-0.038343138835331685,-0.20764428868699564,-0.048116486431608305,0.005034405345878811,-0.029369273090704653,-0.2367167865432554,-0.015865695257186823
HIF1A,LGALS3,1,0.25552745943103383,0.1539787798408488,0.26355534041402084,0.22010344041376162,0.30143478033198934,0.2877061469265368,0.2955850489395852
HIF1A,WSB1,1,0.2037044336541087,0.3055140262036814,0.1907628349326575,0.156687122748491,0.18067389703957196,0.2947368421052632,0.3223345791789291
MYC,ESD,1,0.33339264882324865,0.3746752163724637,0.3714938355090019,0.357244437585771,0.15332477382676696,0.5319253447896244,0.1285742988395727
TP53,CACYBP,1,0.12590934041329183,0.06302548026685958,0.2634870013383069,0.11517060468241871,0.025754276156710786,0.17101712301743865,0.25170266833185306
ESR1,SERINC1,1,0.27590165010478385,0.019001687967205208,-0.011760015945784331,0.11335264541058161,0.18882238971935844,0.09248796654304427,0.3497507928281304
