tf,target,edge_sign,coexpr__pooled,coexpr__INTCLUST=1,coexpr__INTCLUST=10,coexpr__INTCLUST=2,coexpr__INTCLUST=3,coexpr__INTCLUST=4ER+,coexpr__INTCLUST=4ER-,coexpr__INTCLUST=5,coexpr__INTCLUST=6,coexpr__INTCLUST=7,coexpr__INTCLUST=8,coexpr__INTCLUST=9
AR,AKT1,1,0.36175673612064146,0.24420103092783502,0.42116270825948243,-0.027406136840099102,0.37205812575955627,0.3842362324685217,0.40408163265306113,0.2840788238974038,0.3907456372289793,0.37605599453711835,0.33196698877351993,-0.018988045593550183
DNMT3B,AKT1,1,0.27338397320278857,0.2199926362297496,0.2881784154211073,0.27592910234419665,0.31070352455637995,0.29221999750013555,0.531140456182473,0.34741498726484643,0.42047092112242956,0.4572139303482588,0.2974369444241111,0.3438142896858494
ESR1,AKT1,1,0.025802720065711875,-0.07914738060172521,-0.08382907415165479,-0.32548122736801977,0.07804243413097581,0.11643236333878113,0.012340936374549819,-0.06546315742437105,-0.18117398202009516,0.030455565310701396,0.01115645319176741,-0.2619127050319711
EZH2,AKT1,1,0.12677551129187206,0.36959551861981904,0.009944917852139483,0.12307985515532684,0.3506789248751736,0.340606724521326,0.20134453781512604,0.23679342240493317,0.23844526705446853,0.3259438103599649,0.12275069496744541,0.2068997472430426
MYC,AKT1,1,-0.40813874711328135,-0.3019277298548285,-0.2577873739164062,-0.20480274442538593,-0.2966525954247546,-0.3484952467201071,-0.578391356542617,-0.4128066490906653,-0.18815441565309357,-0.4808847917276364,-0.4084293530657684,-0.2942266703734594
NCOA3,AKT1,1,0.10318802544912983,-0.11814906374921103,0.1940994489381586,-0.27242233657327997,0.08028760470033011,0.030049095243126017,0.13810655722005286,0.1316146070140316,0.10737846878871758,0.1980928689883914,0.11382076133495007,0.03645647510221279
TP53,AKT1,-1,0.026119225183771744,0.2160609088996423,-0.09530147272082755,-0.06392224128073185,0.2742704433512617,-0.06837129117995958,-0.35798319327731093,-0.04065418472675276,0.04452670544685351,-0.03928884986830554,0.01804373716278026,0.1911871003614123
HIF1A,AKT1,1,-0.10191643164275176,-0.025996738901746263,-0.10905223808449614,0.018562988374309128,0.039150705143707276,-0.2521278326883211,-0.1944297719087635,-0.31091201572903165,-0.18662083553675302,-0.2987025656033558,-0.019918680142716593,0.13880085256232047
ESR1,AKT2,1,0.09852327653440812,-0.016621081422259626,-0.10891688956205087,0.20747093577282255,-0.0075745957169742265,0.15912580213809155,-0.025210084033613446,-0.015608382858930245,0.0316234796404019,0.17211003804506878,0.04753784282928007,0.3345287739783153
TP53,AKT2,1,0.07507284319570343,0.12899747527877128,-0.06265347555670137,0.301848675433581,-0.008393768774629539,0.007725995995500242,0.23745498199279708,0.02986728629518745,0.31411951348492856,-0.01268168959125939,0.21468097120271032,-0.018747104068204987
TWIST1,AKT2,1,-0.08244859533904972,-0.15471807279612876,0.004688859527569205,-0.17850200114351053,-0.07650819218975786,-0.08458267593974854,0.03385354141656663,0.033124804504222706,-0.04685351665785298,-0.021349136669593215,-0.08467374660653566,-0.018135483273097955
AR,ALDH1A3,1,-0.17583225769748315,-0.14092415316642118,-0.15433920917791885,-0.3283018867924528,-0.07851875434305464,-0.22759378618612666,0.31553421368547413,0.007386389025425621,-0.2019566367001586,-0.028216759340552146,-0.1648051208332203,-0.08856454452784729
DNMT3B,APC,1,-0.016007046917944946,-0.028205869976856722,0.17221193679236174,0.04196683819325328,-0.0759706481354818,-0.1845489513540539,0.036638655462184866,0.046418517360025016,-0.042332659081688456,0.015344844405423861,0.017261611075481794,-0.04282272263923641
EZH2,APC,-1,-0.016951091282779926,-0.045326635808962755,-0.10696587356031749,0.12948351438917474,-0.1396598227757726,0.0824767067333205,-0.24043217286914764,0.10407078064256668,0.25468006345848754,0.05868207979709297,0.0759451285215379,-0.003405623680909151
MYC,APC,1,0.018628919642890727,0.15144382495266145,0.09690954207083238,0.12109777015437391,-0.13508698354001428,-0.03205958167363563,-0.05354141656662665,0.009826176326019929,-0.1473294553146483,0.05818944493220174,0.12587909527343738,0.16396997497914928
TP53,APC,1,0.06897379584963412,0.12066063538817588,0.17020398955882826,0.008576329331046312,0.02464069354182036,0.08207101973242018,-0.02069627851140456,0.20598775637874792,-0.3078794288736118,-0.027236367183689398,0.01821633843657766,0.1571958113242517
HIF1A,APC,-1,0.042280889289608645,0.020552808752366925,0.005755534787792852,-0.11118734514960929,0.05278644262882227,0.03275765701388839,0.10424969987995197,0.07240269895884534,0.06784769962982547,-0.03406496927129061,0.052423938317236206,0.04041330738578445
ARID1A,AR,1,0.05097035494483962,0.008336839890595412,0.06630643462951909,-0.034572136458928905,0.06590243143863496,0.18331445659463672,-0.06405916110276444,-0.0327607335921684,-0.09405201021459453,-0.015200974540269007,-0.14735975204574778,-0.00740433556747323
E2F1,AR,-1,-0.043486070579799245,0.04025089417210183,0.002687634945699462,0.00872879740804269,-0.05960431137137977,-0.06861656089410244,-0.035390156062424974,-0.18036105277268866,-0.0602855631940772,0.05635547751438885,0.0064340839271437,0.05650078769344825
ESR1,AR,1,0.4775875669161448,0.2897643593519882,0.2761109857884051,0.5894034686487515,0.3565330255823137,0.45136466653931506,0.18501800720288114,-0.062362035837168775,0.27366472765732414,0.2696956394498098,0.3794925029403859,0.36868686868686873
EZH2,AR,1,-0.1620652123971336,0.01491163475699558,-0.02960917214045935,0.07611968744044215,0.18340966397681216,0.2061387036427059,-0.16350540216086432,0.12880825774163276,0.027340031729243784,0.10050726758365039,0.07947162259662519,-0.04549635227598225
FOXA1,AR,-1,0.5113406923323334,0.21247107090258782,0.4206954335986594,0.44028968934629303,0.31375971543234626,0.527002073000757,0.7492436974789916,0.17021314625318376,-0.02638815441565309,0.1687932884596625,0.2712932027152645,0.3531276063386155
FOXM1,AR,1,-0.18127107887357075,-0.08380233536713654,-0.2838709677419355,0.19085191538021723,0.19413232273449435,0.2667779813830853,-0.24465786314525811,0.07587917243844675,0.15579058699101003,0.21038923031899331,0.26906713942977467,-0.07738856454452786
HOXB13,AR,-1,0.05311191096895667,0.2088680833158005,-0.021227159936837353,-0.1348961311225462,0.07801000946212591,0.01652505673339748,0.4781272509003601,0.03141784708878859,0.06361713379164462,0.19909277143693302,0.18040630339851904,0.10751552219442129
MYBL2,AR,1,-0.00023090367908670158,0.07883179044813801,0.18079662273210662,0.2782923575376405,0.08783577360708482,0.11946050096339113,0.022713085234093634,0.12128781446892174,0.012004230565838178,-0.036757389522973374,-0.041168362679659426,-0.22994161801501253
MYC,AR,1,-0.33637805869393916,-0.04816694719124763,-0.22281911636750346,0.06605679435868114,-0.19910368535927583,-0.2584883367175837,-0.253109243697479,-0.14316099915098973,0.044262295081967204,-0.1775192664130329,-0.35222051538740345,-0.196969696969697
NCOA3,AR,1,0.05995119381845236,0.2851488533557753,0.3213270600367375,0.07307032590051457,0.18494042622765958,-0.0128578006722539,-0.03687963697670396,0.14528368703222683,0.13014450218617774,0.06571553994732222,0.26136487763677363,0.04565863061225277
NCOR1,AR,1,0.19102826081654886,0.22614664422470016,0.04709806322709548,0.3663426720030494,0.21950831264483225,0.16806871325376216,0.05056422569027611,0.11651995174047096,0.12998413537810682,0.12685591649595163,0.1202296090088002,0.021564266518394958
SMAD3,AR,1,0.22570227174762056,0.1804255207237534,0.013939308980245901,0.44882790165809033,0.26143673604329737,0.2795084228921544,-0.3865066026410564,-0.012650266600690007,0.24394500264410357,0.18010438006048193,0.2130511745642929,0.12561393754054306
SMAD4,AR,-1,-0.19519085670150518,-0.014122659373027561,-0.1379363684190197,-0.1462550028587764,-0.1354067369393914,-0.2044395023616423,-0.35414165666266506,-0.19657289933979302,-0.18003939768095983,-0.14684908789386403,-0.282590835163764,-0.2838383838383839
TP53,AR,-1,0.050601291675966956,0.11634756995581737,0.0477554703361155,0.062168858395273474,0.19142256276192254,-0.1969185633798166,-0.18751500600240098,-0.01232405380043791,-0.10126916975145424,0.21865183884499073,0.0744261624079357,-0.1477342229635808
TWIST1,AR,1,-0.2464575953768376,-0.08939091100357668,-0.10905546066836388,-0.4400609872307985,-0.3432793238457041,-0.4076736403449812,-0.09464585834333733,-0.09341793645828676,-0.20962453728186142,-0.1526972978246025,-0.3069506532958213,-0.07587804652024836
ZEB1,AR,-1,-0.05694350663846878,-0.09741216074058487,0.15090393477490252,-0.15769010863350483,-0.13719985465495121,-0.216448291984371,0.04403361344537814,-0.10772599311854862,-0.24748810153358006,-0.15755048287971907,-0.25696545112573727,-0.0770364192382541
HIF1A,AR,1,-0.30839674333292094,-0.13699242583631388,0.042389868196319805,-0.4000381170192491,-0.21811853516228866,-0.4521759432860952,0.2215126050420168,-0.16333169489253316,-0.09116869381279745,-0.20566773973270902,-0.30911162124376473,-0.2415068112315819
E2F4,AR,1,-0.3343945731445207,-0.17684883231643173,-0.07006075390940972,-0.44608347627215544,-0.1179921805071259,-0.098091781957518,-0.38599692706819433,-0.056678135752267746,0.18231335688209988,0.00861867134913667,-0.01015290758156865,-0.1530998053933834
BRCA1,ASPM,1,0.3952356582426509,0.17670418682937092,0.18633024958221156,0.338059843720221,0.4513680281898599,0.48857255384731485,0.5342136854741897,0.35891317510517906,0.5111052353252248,0.3803336259877086,0.5720707892244679,0.38805575955937605
BRCA1,ATM,1,-0.16721965090509996,-0.04398537765621713,-0.15596016886339467,-0.031599008957499515,0.06412384325514049,-0.043974029710652486,-0.17915966386554621,0.0015863085928772508,-0.12236911686938126,-0.1776168178714272,-0.10117642591495647,0.0698268692126543
E2F1,ATM,1,-0.012996530712425153,-0.05935724805386071,0.0064612806548290415,0.07482370878597293,0.03502912716463965,-0.04000962211955483,-0.09426170468187275,0.0896197327852004,-0.25885774722369115,0.03165057067603161,0.04406758179884732,-0.03040496710221481
MYC,ATM,1,0.1550548826823255,0.21399642331159266,0.040523992136895365,0.14800838574423478,0.2417288342093421,0.21434214653450398,0.44009603841536615,0.20559899906162027,0.1813855103120042,0.32153448444054245,0.12241917945354434,0.11517004911500325
RBBP8,ATM,1,0.05943624678047313,0.1622001893540921,-0.12267600788604009,-0.06994473032208881,0.14677340405895425,-0.05726121360544713,-0.04441776710684273,0.2671879887394432,0.15293495505023796,0.003189932689493708,0.22193926551205684,-0.01033268464461125
TWIST1,ATM,1,0.10806002236127848,-0.09605775299810645,0.09376107763204537,0.16043453401943966,-0.011874332279265683,0.09682965310843987,0.08398559423769507,0.08810938826578488,0.2255420412480169,0.2149741488635255,-0.07107079364531423,0.05571309424520434
E2F1,AURKA,1,0.08912306279020238,-0.021460130443930147,0.027224388514711095,0.04913283781208309,0.02511211585968758,0.07958058878881569,-0.0035054021608643456,0.17024889405245988,-0.15388683236382864,0.16032094429811727,0.03988471218360758,0.2287832452970068
ESR1,AURKA,1,-0.32236264789896074,-0.010467073427309067,-0.05108117688762849,-0.26944920907185055,-0.014631846720400648,0.03143225721246253,-0.15303721488595437,-0.032414316993610075,0.18831306187202537,-0.17984099112281732,0.0019267233620755544,-0.2858122509498657
GATA3,AURKA,1,-0.36333295138909283,-0.06280244056385441,-0.17771260997067448,-0.08877453783114159,-0.1171104873098622,0.03883515752683227,0.011188475390156062,-0.07582108226462307,-0.16092014806980431,-0.020168764023022145,-0.08630704780315564,-0.3013159114076545
MYC,AURKA,1,0.1349308478752157,-0.04025089417210183,0.01736328187941091,-0.0764246235944349,-0.08765577599480823,-0.20255033335455858,-0.33464585834333727,0.0071495598552214126,-0.04309888947646748,0.0531557896790557,0.047325789835757553,-0.10917431192660551
TP53,AURKA,-1,0.004568165825283375,0.28687144961077216,0.06816409397054557,0.16173051267390887,0.04345105626149857,-0.048579911938739166,0.007635054021608643,0.04003753518923991,0.1464304600740349,-0.00914057165154619,0.04136068981331939,0.28526549902696696
HIF1A,AURKA,1,0.12638337956746526,0.1013044393014938,-0.04501627404853211,-0.046388412426148266,-0.10108457744948281,-0.025640118578473335,0.02280912364945978,-0.006296081147504356,0.12194606028556318,-0.02099307384645401,-0.13658037424887623,0.11567046612918173
E2F1,AURKB,1,0.08799904047599359,0.10219861140332422,-0.10005486453458223,-0.03487707261292167,0.043080040774969304,0.0308332331029213,-0.04873949579831932,0.16610698893421172,-0.033104177683765196,0.11485708711345237,0.05142856015664473,0.3028356964136781
FOXM1,AURKB,1,0.8781194542807687,0.7132994950557542,0.5634966352170911,0.7122165046693347,0.7843261262860798,0.8449329399584457,0.8150300120048019,0.6451397406954317,0.826599682707562,0.7355087308555264,0.8072600076734613,0.8164025576869615
E2F4,AURKB,1,0.3306007057113447,-0.04543183252682515,0.10053930114834085,-0.05507909281494187,0.13920864674776112,0.2993446672804275,0.45082597055439266,0.21928195916306384,-0.03574875395280624,0.16136962247585604,0.05503718945602342,0.15284959688629413
DNMT3B,BAG1,1,-0.09405744853576024,0.09152114454029034,-0.006817387157024668,-0.007204116638078901,-0.12550184298632636,-0.09160823823236003,0.02559423769507803,-0.14774565440815046,-0.3502161583616263,-0.15081455467759244,-0.06168475158602304,-0.288305069039014
TP53,BAG1,-1,0.053627938436449335,0.08502524721228696,0.012271599368373564,-0.0489803697350867,0.034497705642680246,-0.04087042448169085,-0.19932773109243698,0.15722775816613788,-0.017715494447382334,-0.14684908789386403,0.0566008891431333,0.16105087572977483
E2F1,BBC3,1,0.029794138584760998,0.10243530401851461,0.15529631658663917,0.06072041166380788,0.07042008626416181,-0.01369265346455263,-0.1287394957983193,-0.021126949372179273,-0.0588048651507139,-0.11156472539264463,0.02737308933425043,0.15418404225743676
MYC,BBC3,1,0.01811882331813122,0.18210866820955185,-0.0627630434082047,0.3536878216123499,0.0012177389483608888,0.0537801015510951,-0.021368547418967588,-0.08209928951248938,0.15341089370703329,-0.10185835528241148,0.06645592873046831,0.0468353257344083
SMAD3,BBC3,1,0.0038940986200858446,-0.14209446665264042,0.05314693878215591,-0.004002287021154945,-0.060674501256615984,-0.12435646179570448,0.08244897959183674,-0.030734204761407934,-0.2638286620835537,0.19301531557896792,0.07414114201414619,-0.02962654063571495
SMAD4,BBC3,1,-0.08236753844413963,0.034793814432989685,-0.07416621617595796,0.11133981322660566,0.040596858119493894,-0.055951007345724064,0.02674669867947179,-0.21605100322972862,-0.32898372535563264,-0.21231587162228077,-0.05338116199180644,-0.056111574460198314
TP53,BBC3,1,-0.012833123602129513,-0.16281822007153376,0.0866488350359318,-0.024814179531160656,0.037522155318347815,0.018572105758414045,0.18415366146458584,-0.08931140801644398,-0.11316763617133789,-0.04131792020290704,-0.16052954070801043,0.09496802891298305
AR,BCL2,1,0.2639710462314973,0.25786345466021454,0.08632979923302504,0.2984181437011625,0.056784348779046805,0.33156220299370553,-0.39476590636254505,-0.07971312391080924,0.10962453728186143,0.04721002828992295,-0.042670486908193375,0.032971921045315544
E2F1,BCL2,1,0.003138776537937702,-0.04109246791500104,-0.024813895781637712,0.18185629883743087,-0.010030275108595497,-0.004110626074528976,-0.06573829531812725,0.08288574109656373,0.12337387625594923,0.0498390400936494,0.18485748925742296,-0.13300898897229174
ESR1,BCL2,1,0.6331110195252685,0.41255522827687774,0.23822306725532533,0.5297884505431674,0.2882037279097318,0.5928263325338483,0.37142857142857133,0.5608204119933866,0.36848228450555254,0.4355575065847235,0.2718169242946155,0.5444537114261886
EZH2,BCL2,1,-0.342188071009464,-0.2526167683568272,-0.17086019833490254,0.21982085000952922,-0.17173246836495884,-0.00523320977471229,-0.10396158463385353,-0.1092631484874212,-0.039873083024854566,-0.08506974929275193,-0.08043079347846614,-0.31314130558258807
FOXA1,BCL2,-1,0.4887853999862804,0.312105512308016,0.1259836937256292,0.6243186582809224,0.2252902767616348,0.5528119936890216,-0.4606482593037215,0.07866303230707358,0.5161819143310418,0.25255584820993077,0.24924560914688115,0.2870540265035678
MYBL2,BCL2,1,-0.06868142042174843,-0.12899747527877128,-0.11445006606296929,0.12948351438917474,-0.01450082805024015,-0.08367234796225675,0.04989195678271309,0.018512891550113944,0.08725542041248016,0.054384938054823924,-0.12374377094331526,-0.06790844222036883
MYC,BCL2,1,0.010453874442516031,0.1333762886597938,0.27248235635332413,0.020392605298265674,0.21202065686883745,0.173511814217625,0.41704681872749094,0.11330711828053083,0.0013220518244315175,-0.06789581504243489,0.1601281194598073,0.22724492632749516
NCOA3,BCL2,1,-0.1466117406838943,0.116965600673259,0.13098192130450195,0.0011053935582237468,-0.05401465574194074,-0.17949626523579978,0.1821892482937693,-0.01656912347416409,-0.2059783974055922,-0.10450199980489709,0.004987194208879142,0.005235868945793142
PGR,BCL2,1,0.4172073939051251,0.14309383547233326,0.15272469466017854,0.20632742519534972,0.15301450082805024,0.3441039754918954,0.06631452581032413,0.3810670718083917,-0.040243257535695395,0.11100380450687738,0.01358667912683481,0.23587248633120195
RUNX1,BCL2,1,0.1428261550432385,0.016732962951149007,0.052877809994707946,-0.045702306079664565,0.03143776548134061,-0.07584498709091808,-0.07582232893157262,0.0198445192418454,-0.13262823902696985,0.09789788544769429,-0.04295064707067719,-0.06227426159376733
SMAD3,BCL2,-1,0.42665747131968396,0.4620239848516726,0.29721294385160535,0.4399847531923003,0.3864065068524601,0.22767632887838632,0.6812484993997598,0.38086641591070713,0.3696456901110523,0.3709394205443372,0.3605493554697096,0.49719210453155416
SMAD4,BCL2,1,0.30692960037656886,0.31929833789185774,0.33137373221445143,0.3298265675624166,0.42712628562259536,0.18058347105199732,0.39735894357743096,0.269123139017929,0.3828183873733201,0.21807140766754463,0.30863835281102325,0.3958483921786674
TP53,BCL2,-1,0.08542808897968011,0.10104144750683777,0.03657954948277529,-0.018410520297312747,0.13169029390426454,0.14946123205580827,0.407923169267707,0.07672371419634479,0.028820729772607082,-0.08674763437713395,0.07485125468797386,-0.1549254007969604
TWIST1,BCL2,1,-0.2568130702192581,-0.28843625078897533,-0.00977087428700332,-0.25763293310463115,-0.15415938360001347,-0.48937675550618714,-0.020504201680672268,0.06643281647973547,-0.24362771020624002,-0.4283191883718662,-0.17618990085289682,-0.10025947548883331
TRPS1,BCL2,1,0.32310668842669793,0.07290132547864507,0.1581096323031807,0.25145797598627784,0.27193300658247843,0.34174325449327037,0.22055222088835533,0.23073863890254256,-0.08577472236911686,0.200804799531753,0.22163488459999947,0.08528403299045502
TOX3,BCL2,1,0.18929827899142773,0.11611087734062696,-0.04208214534027448,0.3433199923765961,0.041619256566779096,0.30504949023991623,-0.32763505402160864,-0.2233835292014835,0.21887890005288205,-0.030782362696322313,-0.01398711408204478,0.20002780094523215
HIF1A,BCL2,1,-0.3613182131315642,-0.38137755102040816,-0.16859269762495568,-0.2540499332952163,-0.16766410241496796,-0.2380271824877424,-0.3327250900360144,-0.22026900218955267,-0.18387096774193545,-0.35583357721197933,-0.2065203829775692,-0.17952923732740247
E2F1,BIRC5,1,0.09714595032368112,0.1915895224069009,-0.1024620540749573,0.04997141223556317,-0.03275527977690092,-0.004648332755534487,0.09656662665066026,0.20054962241387012,-0.07895293495505022,0.038474295190713104,0.07747579944614938,0.24913353720693174
ESR1,BIRC5,1,-0.27441073618632295,-0.05333473595623816,-0.24169056749701912,-0.06521821993520105,0.07162007034600561,0.1649061489589008,-0.15611044417767103,-0.15356807721524643,0.11417239555790586,-0.008550385328260659,-0.024089713210654916,-0.28557130942452047
FOXM1,BIRC5,-1,0.8185606346062021,0.5726514832737217,0.5086429699332925,0.633466742900705,0.7107866936459006,0.8121446242302893,0.7642256902761104,0.3857634389382903,0.7043363299841352,0.6983904009364942,0.710917523714182,0.7248355110740432
GATA3,BIRC5,1,-0.3171263529733683,-0.11192930780559644,-0.16246334310850438,-0.038231370306842004,-0.09598219615454079,0.08456145067602464,0.018007202881152456,-0.0860136735332231,-0.09804336329984134,0.10598965954541022,-0.10119218165544347,-0.2769993513112779
MYBL2,BIRC5,1,0.07193922023103554,0.07271723122238585,-0.012162031516870227,-0.10036211168286638,0.043388608110300576,0.06660487756560375,-0.10357743097238895,0.03409446355958711,-0.0316234796404019,-0.019807823626963227,-0.02754272497959606,0.02611435455472153
MYC,BIRC5,1,0.04935381332157548,0.06321007784557121,-0.055567013631529764,-0.13154183342862585,-0.114381135760444,-0.2628984748468833,-0.41637454981992794,-0.3135618213503731,-0.06033844526705445,-0.15561408643059216,-0.08144363705404145,-0.11845982763413958
RB1,BIRC5,1,-0.2700230964873115,-0.2353529044398153,-0.2741166480565707,-0.33684009910425,-0.1758374633805878,-0.19416399582098137,-0.3235054021608643,-0.327691505084776,-0.3739291380222104,-0.33783330630366826,-0.15526178811512187,-0.22644796589750718
RUNX1,BIRC5,1,-0.25210231561693774,0.01871198921766997,-0.09884478331734647,0.10074328187535733,-0.00894172359451946,-0.07232277041740172,0.18482593037214884,0.02381029515428354,-0.050026441036488616,-0.09051810862130988,0.08521187448919516,-0.16688946086936846
SMAD3,BIRC5,1,-0.03226789645310159,-0.1095097832947612,-0.014949590650644025,0.16409376786735275,0.1216704268208687,0.09906538088735753,-0.27644657863145256,0.10040450914313108,0.10259122157588577,0.3509560042922642,0.1681358737288272,0.019747938096561952
TP53,BIRC5,-1,-0.06113155778431032,0.2395197769829581,-0.01075376236666559,-0.08923194206213074,-0.006921336757777704,-0.15472273909669992,-0.222280912364946,-0.00150587604450601,-0.12644103648863034,-0.2861379377621696,-0.03312908849267307,0.1313872671670837
HIF1A,BIRC5,1,0.03385082339978923,0.01455659583420997,0.04397215687538268,-0.2734133790737564,-0.18050638103780256,-0.0678265094110461,-0.1598559423769508,-0.23895616426113767,0.10005288207297723,-0.27287093942054436,-0.057589154722247564,-0.07078120656102307
E2F4,BIRC5,-1,0.26419545246726805,-0.11253418893330526,0.151999980664894,-0.2878216123499142,0.14060087402978355,0.1453464891217713,0.07457741076597485,0.09707314893426872,0.11491426381575143,0.06099404936103796,-0.039865005978183723,0.08045593550180707
EP300,BIRC5,-1,-0.15033723098971566,-0.1862322890339079,0.04048532113048242,-0.2199733180865256,-0.15256267008702945,-0.027861729035624793,-0.3596158463385354,-0.2785337576901484,-0.07815970386039132,-0.1770071212564628,-0.19413801546459067,-0.16132888518209618
DNMT3A,BRCA1,1,-0.1091351917569719,-0.33213233747107085,-0.054563222715385176,0.08481036782923575,-0.06278794260892458,-0.05889303174591944,-0.1996158463385354,-0.10090710040663119,-0.12062400846113165,-0.05412154911715931,-0.10952490501380034,-0.04573266085792289
DNMT3B,BRCA1,1,0.22970001552094135,0.19869030086261308,0.11185123239876658,-0.04150943396226415,0.14758094461429608,0.14491195053098532,0.5466986794717886,0.22915233030966528,0.1587011991307271,0.19506877377816803,0.3285023034884214,0.1590866441637208
E2F1,BRCA1,1,0.08127450249127233,0.04921891436987166,0.007131578099320035,0.13184676958261862,-0.032383039816818754,-0.013084195904467445,-0.11596638655462185,0.12470172929978998,0.10936012691697514,0.05711637888986441,0.08123408985330856,0.3754387346843889
ESR1,BRCA1,1,0.16929922747952966,0.39806438039133174,0.038874029196609844,0.198399085191538,0.09962378050087091,0.2851967935701601,-0.16974789915966385,-0.08375709370391884,0.17117927022739288,0.07550970637011023,0.16200260923876159,0.009633049840285885
EZH2,BRCA1,1,0.24922112584608963,0.018251630549126863,0.13840386646587377,0.25077186963979414,0.24575803966623214,0.3365350090296447,0.4395198079231693,0.17845748246123594,0.20274986779481752,0.2916983708906449,0.39443335548396535,0.15890630574694536
FOXA1,BRCA1,1,0.15845187046711423,0.2911056175047338,0.07697463826496086,0.17484276729559747,0.134391482561966,0.2647804482304026,-0.06669867947178872,0.12369185397023993,0.26583818085668953,-0.14009364940005856,0.18561101728997262,0.24478788988085776
MYC,BRCA1,1,-0.0735692682665373,-0.12109457184935829,0.052760143082723726,0.10013340956737182,-0.09772951991453174,-0.13120986361588874,-0.2703001200480192,-0.004968944099378881,-0.08751983077736646,-0.08785484342990928,-0.16616427354942043,-0.15265071043204353
NCOA3,BRCA1,1,0.13828676404422463,0.18227961287607825,0.002816538300409268,0.24360587002096432,0.05897745312866981,0.05005273891555037,0.1758505606883983,0.11987144183331336,0.2131440130277893,0.18839137645107795,0.24018230657668663,-0.05092241860651192
RB1,BRCA1,-1,-0.11565416570654036,0.07124494559475467,-0.01357999030002456,0.04105202973127501,-0.12198144310330576,-0.1046216832577478,-0.40974789915966386,-0.07697403478046133,-0.10068746694870438,-0.30050031765254714,-0.12135552230650648,-0.15961949684848892
TP53,BRCA1,-1,-0.016483996209051832,0.05387386913528297,0.05557345879926525,0.013379073756432247,-0.08935167186557728,-0.07284746346306685,-0.06631452581032413,-0.0028285446177219713,-0.18424114225277627,-0.20997951419373723,-0.020215559318264867,-0.017092987427039262
TOX3,BRCA1,-1,0.03777112291200079,0.08828634546602145,-0.0455415919093892,0.11263579188107488,0.04151823746774088,0.08317237508342705,0.061224489795918366,-0.025590955806783142,0.08762559492332099,-0.17937274412252463,-0.034799384257133616,-0.03242061074193378
CTBP1,BRCA1,-1,-0.02668057642552114,0.004023774458236902,0.08314266378782507,0.11827711072994089,-0.14409543546871317,-0.026029248413411536,-0.1505402160864346,-0.06862683766030653,-0.09344262295081966,-0.07783630865281436,-0.1891498374218944,0.1348302632527556
HIF1A,BRCA1,1,-0.14065611975368303,-0.1724437197559436,-0.028693886758402887,-0.20731846769582615,-0.1613250028315951,-0.08555667970841202,-0.0857142857142857,0.0805755395683453,-0.025118984664198835,-0.22451955906740806,-0.17941808205910956,-0.08057195943854316
E2F4,BRCA1,-1,-0.1157763610504189,-0.15492846623185355,0.04886415728839629,-0.49959977129788447,0.0242739785741532,0.02303304374505565,0.09465040348984959,-0.0662451405335359,-0.06581260990276239,-0.0668959125938933,-0.13281286600754255,-0.24735948327256466
EP300,BRCA1,1,-0.11879050127898476,0.0020316249712789953,-0.03745286971093423,-0.17385172479512098,-0.1537332668036036,-0.09196210106781388,-0.29555822328931575,-0.1140020934829049,-0.045690111052353245,-0.046346697883133364,-0.165886179759877,-0.1751324602276506
BRCA1,BRCA2,1,0.030412447226537125,-0.09219177361666316,0.0020302278366794496,0.0951781970649895,0.17164364146189898,-0.0881791789596319,-0.025018007202881155,0.16836766611555476,0.21078794288736116,0.06621305238513317,0.01423467713321092,0.05688086572359284
ESR1,BRCA2,1,-0.11706557438785334,-0.10134388807069218,0.03146853146853147,-0.29170954831332185,-0.1639221112372999,-0.18786480922025456,-0.11740696278511403,0.0853791500960722,-0.2779481755684822,-0.02825090235099015,0.002097352049886699,0.08159577425632472
FOXM1,BRCA2,1,0.11171433692866703,0.18103040185146224,0.08001353485224454,-0.07955021917286068,0.15167492676117564,-0.0884173735858668,0.16216086434573826,0.10210465168238078,0.06604970914859862,-0.06593503072870939,0.19452114242317392,0.2505235844685386
MYC,BRCA2,1,-0.10660342002537739,-0.1370713233747107,-0.20167574361122748,0.07329902801600914,-0.04089313100948661,-0.2455362091207316,-0.1371908763505402,-0.05205773269583091,-0.1932310946589106,0.04531752999707346,-0.18480812902684934,-0.19325363729033457
TP53,BRCA2,-1,-0.023754439467804443,0.11841205554386701,-0.12647674905739423,-0.005069563560129597,0.026602300173569127,-0.14417614138855675,-0.20653061224489797,0.11251172974663746,0.0422527763088313,0.05461418398205054,0.011792612172334974,-0.05099620053748495
CTBP1,BRCA2,-1,-0.10131574225805293,-0.2538528297917105,-0.12134639553994392,0.14129979035639412,-0.11982392070309271,-0.03052664596024272,-0.1925090036014406,-0.022807095938156306,-0.18979375991538863,0.041376451077943625,-0.14919703421696962,-0.14596422945046797
ESR1,CA12,1,0.6688451370008627,0.43911371183433745,0.3095775192549386,0.25973431935952884,0.21835253263433332,0.45410786953304216,0.39294117647058824,0.7427007462353098,0.4225806451612903,0.42311406805318347,0.29466250612912465,0.6458715596330276
ESR1,CBFB,1,-0.39028431549171655,-0.05766114053372643,-0.08682145311517041,-0.3288355250619401,-0.14175564008525626,-0.2225835759992038,-0.17162476895148435,-0.03490325751820903,-0.1556848228450555,-0.11131596917373916,-0.06243040466635928,-0.36082846816791775
MYC,CBFB,1,0.31956659758025996,0.1644032860941653,0.15852572876942495,0.0005717552887364207,0.22908642528607134,0.10277514590905222,0.3269706356437204,0.13642253898744358,0.12173453199365415,0.4119256657887036,0.34509619813456643,0.2223519599666389
AR,CCNB1,-1,-0.11525754672015631,0.13513833368398906,-0.06398118011021237,-0.0019439679817038306,0.07541838730710715,0.15765890057850634,-0.022905162064825933,-0.14767862728450779,-0.0785827604442094,-0.015798458686957374,0.06659598233549248,-0.12147159670095452
BRCA1,CCNB1,1,0.44494548880785634,0.3339469808541973,0.15424575424575426,0.4745187726319801,0.35894278953442454,0.5673890331420701,0.44076830732292915,0.38874391170293576,0.5838709677419354,0.4265681396936885,0.5216243559197109,0.3986479442322445
E2F1,CCNB1,1,0.09300050414421573,0.030073111718914365,-0.011533627662659921,0.19961882980750903,0.029605933798837362,0.024934968150312598,-0.11846338535414166,0.24597166986907362,-0.011634056054997354,0.024573212369524925,0.10627654823997527,0.24441664349921233
FOXM1,CCNB1,1,0.6393821269284256,0.44015621712602565,0.2478328123489414,0.4678101772441395,0.5739762635801771,0.692514321157107,0.44067226890756306,0.38636668305107463,0.4589106292966683,0.5662520729684909,0.6149630509987449,0.428421833008989
MYBL2,CCNB1,1,0.09768010928649025,0.06018567220702713,0.16645934710450838,-0.004840861444635029,0.05413703695767301,0.013586527145933119,0.013973589435774309,0.0766969033468877,-0.051560021152829184,0.035923324553702084,0.1264787614132592,-0.017282920952645726
MYC,CCNB1,1,-0.004254949006217294,-0.06027771933515674,0.08347136734233508,-0.07406136840099103,-0.1344012783503892,-0.25063027241446806,-0.48235294117647054,0.015568166584744624,-0.16007403490216815,-0.1361428153350893,-0.07889406966680557,-0.07762950606987305
TP53,CCNB1,-1,-0.08879967323268405,0.037568377866610554,-0.07638168283329573,-0.09136649514008004,-0.03968212666566668,-0.191220759251267,-0.1958703481392557,-0.02590821752535859,-0.13865679534637756,-0.3020290703346016,-0.11511765242541774,0.1109443054397183
E2F4,CCNB1,1,0.02147867294333581,-0.328437302756154,-0.010249452763684259,-0.260377358490566,-0.06332736198032966,0.012772944752288065,-0.049126008508430304,-0.07017739845390766,-0.12377212814577368,-0.06723734269827335,-0.09044461381301899,-0.20367899175238627
DNMT3B,CCNB2,1,0.4865397560522275,0.2621765200925731,0.1459575037182516,0.3967600533638269,0.3029997468400296,0.24812569129504766,0.21872749099639854,0.29685866213861206,0.3564563254717315,0.21572529509316166,0.2584897039616272,0.32383467704568625
MYBL2,CCNB2,-1,0.06259612727137244,0.07991005680622763,0.01681222003802649,-0.2410901467505241,0.00954783252875217,0.0184093787365308,-0.04182472989195678,0.11967469502658741,-0.11163405605499734,-0.07143205540922838,-0.04326029011808392,0.05703827263460292
MYC,CCNB2,1,0.163477826742062,0.08040974121607405,0.19116689761851052,0.04204307223175147,-0.045629394712110964,-0.17962704853274467,-0.19174069627851137,0.0763304884043076,-0.04711792702273929,0.09505414105940885,0.03983883972492287,0.001899731257529423
TP53,CCNB2,-1,-0.0062179240275288955,0.2629786450662739,0.027756114852889046,0.15182008766914423,-0.016090194721906752,-0.06883588861924941,-0.16264105642256904,0.07662987622324499,-0.05933368588048651,0.0048775729197151505,0.13017440125850985,0.10410527291261237
E2F4,CCNB2,-1,0.31546599329255,-0.18886755733221122,0.03988440563739608,-0.12132647226986848,0.13741601636879824,0.18579611281432465,0.24769496763097118,0.10035300951785155,5.288277211953586e-05,0.1961272071017462,-0.08479808225050875,0.10520804374015384
EP300,CCNB2,1,-0.07680998083858813,-0.15657976922656722,0.13525829009699977,-0.09746521821993519,-0.1515928870331312,-0.02526634789429204,-0.2230492196878751,-0.0700456566934356,-0.16086726599682707,0.0327431470100478,-0.08840590109106493,-0.09618200352145308
AR,CCND1,1,0.2746232074419428,0.2092078273369251,-0.028979202165820204,0.31076547931193343,0.24691565888576036,0.37023996021362393,0.03884753901560624,0.01505886138061474,0.08602861597175888,0.2892500714041131,0.19458078889523533,0.08554767061622288
BRCA1,CCND1,1,0.25228720530875365,0.4619759619246871,0.060763674888809883,0.3207914019148577,0.12152527566147227,0.37883864670937917,0.16907563025210082,0.03612786179889323,0.35228625679674147,0.2641556838642557,0.130463911114519,0.03410654795630405
DNMT3A,CCND1,-1,0.002191102898374886,-0.2733549001730255,-0.1592302498973008,0.16041476164678797,0.10939301343040016,-0.0946492279578018,-0.07054021608643457,-0.08743300035721019,0.07505355429691106,0.007641239786410049,0.07494073479464229,0.06590071343862648
E2F1,CCND1,1,-0.014691750163634039,-0.02103387515402676,0.01177053499145491,0.19403781767636666,-0.0905774763449486,0.05841729690067403,-0.038463385354141656,0.006734036825099827,-0.1920239104122168,0.05621786692523193,0.03999263223245656,-0.021602385462725117
ESR1,CCND1,1,0.51887847049379,0.4857319453355964,0.07472718703609915,0.30054894981541747,0.25474811905542655,0.5380299079445627,-0.018391356542617046,0.5828471972551317,0.45796420005623995,0.3018106794156074,0.2333030370729949,0.49221651561089136
EZH2,CCND1,1,-0.06986507200545312,-0.23455499480137437,-0.3014537169525808,0.09557029644688629,0.20439525254353255,0.1720941092220363,0.2984393757503001,-0.06577192304488676,0.19731309676154102,0.23285172195599751,0.13395211535953236,-0.12889638536791115
FOXA1,CCND1,1,0.39025454271605453,0.4028522965964569,-0.04185186527967828,0.3641354095176138,0.24847137539409475,0.4507777672588225,0.10837935174069627,0.3128623678230686,0.38087430901483904,0.1845677691786085,0.11823208891321799,0.2560545298766039
FOXM1,CCND1,1,0.02090593899254076,0.009021093063871433,0.041026880486300474,0.08379079042291826,0.26480792934603753,0.2779762427852946,0.2710684273709484,-0.062235101447629615,0.2406579788942532,0.3903739411851962,0.2547292589629721,-0.01249713290282489
GATA3,CCND1,1,0.5198124596778592,0.45889879606908085,-0.097792923983762,0.6043382168218941,0.38461095764901126,0.5688599488704433,0.18693877551020407,0.5670577353297896,0.35831592923497113,0.53708184275945,0.2295239697416971,0.3505823427122092
HOXB13,CCND1,-1,-0.0375882738856938,0.00597680291185068,0.09045507095828827,-0.17573955589156193,-0.0607347992401217,-0.03980137635890553,0.3883313325330132,-0.021696825351209162,-0.10594240257696466,-0.02417246330134376,-0.026139329874475824,-0.13251965290615092
HTATIP2,CCND1,-1,-0.18759226704341644,-0.031310820094865716,0.04879978408640704,-0.2775236370695382,-0.0371161754760943,-0.20661964433251928,-0.24120048019207685,-0.1642577701750793,-0.21936900383822316,-0.08219271650239982,-0.027191235214115417,-0.1739033733196211
MYBL2,CCND1,1,-0.02335643091680342,-0.007600862668976222,0.08274339669831521,0.02584629477103666,-0.10557504879207932,0.006471419567842129,0.10463385354141658,0.13419143521974808,-0.07650808054297523,-0.108813888627732,-0.05245274441134863,-0.12016153149279016
MYC,CCND1,1,-0.15031186015367384,-0.060820051633243985,-0.05328402760197433,0.06305276040013959,-0.01003470821393177,-0.1255842171966448,-0.08744297719087635,-0.035343639195837474,-0.07388993330005972,-0.2424929032121989,-0.19407628858466278,-0.06490446443080024
NCOA3,CCND1,1,0.012107686315624382,0.1278273106812861,-0.007764847107983738,-0.19136932116608266,-0.019219948952628463,-0.12093885165933488,-0.25633268513235125,-0.03585755731199104,0.12793388618773707,0.1182331251598468,0.13787071618498883,0.14502209148538517
NCOR1,CCND1,1,0.15922093414848798,0.10370969453093594,-0.1780887583751614,0.29601250574793464,0.20871580839205414,0.16551646068159484,-0.24100840336134452,0.10794567192032946,0.05059106743128642,0.12270372603073398,0.029881903537169144,0.325022763516072
PGR,CCND1,1,0.2603762897912645,-0.054836673580676204,0.031810253497782735,0.04791857304895735,-0.002956534836185266,0.33506104986970375,-0.09618247298919569,0.3272531877270062,0.22973580908289865,-0.16493175847947436,0.07515575154479835,0.3752846843899844
SMAD3,CCND1,1,0.4135836418512079,0.4856267430841227,0.1818312919497461,0.4854757579781001,0.32192127624882116,0.12717495061446898,0.012436974789915966,0.372434656427673,0.39891043446603475,0.5429914259073823,0.38133451963824094,0.5160338174724116
SMAD4,CCND1,1,-0.058940879455750224,0.029713060900608608,-0.04748016892890947,0.2188167138432897,-0.051048808909633994,-0.23791737616252412,-0.22717887154861943,0.09044822505344118,0.05093553794265253,-0.1463274249043911,-0.24494882999381992,0.20665911395368458
TP53,CCND1,-1,0.00455064306958485,0.12338251555652147,0.06951302533420348,-0.07974992427877388,0.1655837059537821,-0.09150195776345585,-0.05027611044417767,0.02580784982306838,0.01602623463845247,-0.1666512203528925,-0.07067640030244185,-0.0644503602318841
TRPS1,CCND1,1,0.21271576691827812,0.03972042507204615,0.03201811099455175,0.09766697227639516,-0.0006847971063515739,0.2734764364677133,0.03442977190876351,0.30979473923618667,0.09721524510057966,-0.1090065659156753,-0.03214846417906912,-0.01386407921588879
BTG2,CCND1,-1,0.04753482696140666,0.016641735863088664,-0.0405128762888639,-0.23795364595989799,-0.1597791016058448,-0.2675961089027514,-0.34290516206482585,0.031042737945841083,-0.03633671021985758,-0.24161000222187637,-0.2596538866024585,0.16528466097284533
HIF1A,CCND1,1,-0.3622756372256296,-0.25748251048192805,-0.16361124203043553,-0.4666437968912386,-0.31698228960075603,-0.32703781030345047,-0.27625450180072025,-0.17176485834108307,-0.18218602380247367,-0.5304064283657685,-0.26195845745044366,-0.14166197519657492
E2F4,CCND1,1,-0.22784155268610973,-0.11808295213853284,-0.1840985408048589,-0.4329444981042232,0.08664231968679371,-0.04276897243492623,-0.26997694998474603,-0.22013865771077,-0.13061818374805859,-0.0539837859662943,0.008613991635647984,-0.1011725620319906
EP300,CCND1,1,-0.028601426204690528,-0.037997988033961955,-0.11455526149452251,0.11043763414704014,0.15389838313675328,0.01860358440276673,-0.07668667466986795,-0.04281726140737718,-0.059238887112431575,-0.03490629550689455,-0.12458719612594919,0.06357922156457557
E2F1,CCNE2,1,0.07984114687539251,0.0902850831054071,-0.07381501372026875,-0.09258623975605107,-0.009703340669970705,0.00487001884331746,0.10924369747899158,0.23308905670494662,0.0025383395029085136,0.13971807628524047,0.013421978125485078,0.24395329441201002
EZH2,CCNE2,1,0.6247513718994236,0.34416421207658315,0.43821194213841574,0.5782732990280158,0.5459372108137222,0.7477853487815337,0.5525570228091237,0.27597301041154654,0.6293495505023795,0.5095454102038827,0.48504678980887556,0.3636835411082439
FOXM1,CCNE2,1,0.6335251441586309,0.40582263833368387,0.21745547590417824,0.3432437583380979,0.5368600212446162,0.686479271171611,0.4699639855942377,0.3241967916350149,0.6029085140137492,0.3902155887230514,0.47291835363952966,0.4046427578537671
MYC,CDC20,1,0.0432874976294027,-0.08645855249316221,-0.03034384969868841,-0.1729369163331427,-0.1373008317236608,-0.34116545564745304,-0.3939015606242497,-0.09367263952812904,-0.0874669487043892,-0.22322700224368355,-0.09980742629309174,-0.13023816143082198
TP53,CDC20,-1,-0.06573947905989644,0.2999947401641068,0.15990138893364697,0.06666666666666665,-0.09295529753176743,-0.19754588784098975,-0.20134453781512604,-0.044081504982349515,-0.08789000528820728,-0.17397327090039996,-0.00654257456991461,0.03316652766194051
AR,CDC6,1,-0.049047933889467245,0.1648038081211866,-0.08289130224614095,-0.05866209262435677,0.19653718879239357,0.0331656537499145,-0.15226890756302522,-0.024210197059743505,-0.09196192490745636,0.06425226807140767,0.051577698929132366,0.02482624409229914
E2F1,CDC6,1,0.016912708905456115,-0.0314275194613928,-0.15083303792981212,0.11255955784257668,0.12082798901647224,-0.1371175620190414,-0.07534213685474188,0.012735153492113141,-0.08514013749338974,0.07017851916886157,-0.0068202177291635906,0.1571958113242517
FOXM1,CDC6,1,0.38960102493490073,0.04856143488323164,0.4025748445103284,0.2243186582809224,0.26196815756525677,0.16970777528577458,0.4166626650660264,0.22179722060860627,0.35245901639344257,0.31275973075797486,0.3054534605322529,0.3635622277824113
E2F4,CDC6,1,0.07484814626501185,-0.15365295602777193,0.01887310803663476,-0.08961311225462168,-0.05284157629026909,0.015916655120604167,-0.012965808697239671,-0.18182224406809952,0.08926611933777653,0.09862940200956005,0.05923729413277675,-0.07247706422018349
E2F1,CDCA7,1,0.03133295997965058,0.14719650746896693,-0.04439445842715337,0.00872879740804269,-0.11910825237265339,0.02008145784544706,-0.021368547418967588,0.11078689843156529,-0.021628767847699626,-0.05822846551555947,0.02824694514163133,0.12283384301732926
MYC,CDCA7,1,0.23893882699629743,0.050349779086892484,0.35187667776496007,0.04387268915570802,-0.021630944170418394,0.07942257849220442,0.16945978391356542,0.0696501184145851,-0.1022739291380222,0.17161252560725782,0.13533863137052807,0.13148920396626818
E2F4,CDCA7,1,0.4169188512550131,0.11261308647170207,0.03460752332560763,0.1796455117209834,0.19501902068352928,0.25124448362176965,0.39713791824508177,0.3203092184637383,0.013273575802003503,0.2618720124865867,0.13789914998745012,0.22968214252617927
AR,CDH1,-1,0.04152258556329386,-0.0274431937723543,0.17456092294801973,0.016047265103868873,-0.006497668908473663,0.21326673317249298,0.49368547418967584,0.06562402252111353,-0.1549973558963511,0.005306799336650084,0.007207336047282885,0.005208043740153832
ARID1A,CDH1,1,0.04121403103363363,0.1329949505575426,0.03358585024465252,0.05271583762149799,-0.006874198734629544,0.24317798986025613,0.16797522154233133,0.08639601768229965,0.07366570156251345,0.05950402339291249,0.005113935474170991,0.03763330004944779
DNMT3A,CDH1,-1,-0.1058500089421236,0.14066116137176518,0.024836473878125008,0.0034686487516676187,-0.11726844439818654,-0.18078028786174333,-0.4659303721488595,-0.08772956789847625,-0.1917503966155473,-0.01583747927031509,-0.03492512803315916,-0.08584005189509777
DNMT3B,CDH1,-1,0.07677741354758161,0.10690616452766673,0.08510535449296358,0.08191347436630456,0.03594994228136191,0.0027946597236470664,0.26002400960384153,0.005237052593949684,-0.13289440633639363,-0.009964881474978052,-0.16477803840577046,-0.03876378463534427
ESR1,CDH1,1,0.08370013012450016,0.008862823479907425,0.20229770229770228,0.15082904516866777,0.16678493040398445,0.20558082934180455,-0.10472989195678271,0.15934134679833772,-0.12950819672131145,-0.014496146717393426,0.1336599606962242,0.24538967658233715
EZH2,CDH1,-1,0.09286107790997954,-0.14196297075531242,-0.05045934015839275,0.08496283590623212,-0.006831340042838541,0.30463931475380135,0.08696278511404561,0.1792349970954913,-0.03770491803278688,-0.034323480636035505,-0.08221401296881933,-0.14644181827909347
FOXC1,CDH1,-1,-0.16307886477943948,-0.07939722280664843,-0.25701073120427964,-0.3550600343053173,-0.08654640295587915,-0.18839544081335208,-0.22516206482593037,-0.0991688636668305,-0.03199365415124273,-0.026694956589601016,-0.05632867227702997,-0.16847372810675565
FOXM1,CDH1,1,0.050468542453863105,-0.2356800967809804,-0.1367664593471045,-0.06842004955212502,-0.021537877558767075,0.1625076941580999,-0.09291716686674668,0.03702578310022789,-0.16853516657852985,-0.016554482489513217,-0.05962387716707063,-0.15833565007876935
GATA3,CDH1,1,0.06076612125564499,0.10773458868083315,0.31282588379362575,0.08808843148465789,0.00661521836955224,0.3256592213158248,0.21421368547418965,0.2139416417176817,0.1935483870967742,0.06553994732221248,-0.10690084549966834,0.09058474654804931
HTATIP2,CDH1,1,0.1665580710855009,0.16272617294340413,-0.011485288904643743,0.0194777968362874,0.13101560897661563,0.08082580426061793,0.1388235294117647,0.2982975110594754,0.11084082496033841,0.13347478294800508,0.2800968539719252,0.0977203224909647
MYC,CDH1,1,0.016495904060115175,-0.09680727961287607,-0.07099996777416132,0.1226224509243377,-0.04868445622660108,0.1709765743839367,0.04451380552220888,0.018977612940703336,0.10930724484399787,-0.02331479855623842,0.029240135220769355,-0.011815401723658607
RB1,CDH1,1,0.07733661899230564,0.33967586048927745,0.07866984413958224,0.36115875738517245,0.005008709068145014,-0.0009174030653997541,0.14055222088835534,0.09735030313056604,-0.09534637757800105,-0.011520841284811616,0.07814894457993884,0.19812806968770275
RUNX1,CDH1,1,-0.22352342252742355,-0.07332916927079171,-0.23558234957175445,-0.22416619020392603,-0.15627720628843952,-0.1141070850561872,-0.12451380552220888,-0.2396132977494879,-0.42437863564251715,-0.03972787987501719,-0.25689561431970764,-0.31780260819890727
SMAD3,CDH1,-1,-0.12258495911455888,-0.0902193351567431,-0.2558993520988016,-0.032361349342481416,-0.10394372319550864,-0.12833973628789003,-0.5282593037214885,-0.06179684279556427,0.03490216816499206,-0.07615842356843236,-0.25693431952794815,-0.08475581503104439
SMAD4,CDH1,-1,-0.056653256156423505,0.009625499684409846,-0.12853124982380654,0.06941109205260149,0.05627932235105877,-0.1062820332163966,-0.03260504201680672,0.04000406631673518,-0.03722947157215325,0.043107989464442505,0.018373661229890474,0.006561023074784543
TBX3,CDH1,-1,0.05767455838734376,0.09770145171470648,-0.013446242021081693,0.06369353916523726,0.04624409459183756,0.26731954082643916,0.10799519807923168,0.13704827857405955,0.07054468535166579,0.13659659618168893,-0.0488811979915179,-0.02019275322027616
TP53,CDH1,1,0.043641163062055566,0.0023669261519040606,0.09143114949566562,0.2251572327044025,0.05968145320521258,0.05825391547156639,-0.0857142857142857,0.15980159971401758,0.14896879957694342,0.08609403960589213,0.04682179411626914,0.03857844500046336
TWIST1,CDH1,-1,-0.055091793627200465,0.10272459499263623,-0.13025683993425927,0.10737564322469981,-0.19506782052891133,-0.3040519028448928,-0.10232893157262904,-0.058318066044059154,-0.013273400317292437,-0.02126134035703834,-0.06793536822016032,0.037744416643499215
ZEB1,CDH1,-1,-0.046204093063982016,0.26267620450241946,-0.09988076439689342,0.2466552315608919,-0.14071715601237256,-0.20672475710328098,0.07438175270108043,-0.044541757898029395,0.004336329984135377,-0.09591747146619843,-0.021993358299711618,0.060689463441757026
CTBP1,CDH1,-1,0.24209174447177978,0.2314722280664843,0.23773645709129582,0.16996378883171337,0.10682735841259249,0.2511939210844694,0.5233613445378151,0.16376513695875594,0.32448439978847166,0.2342454394693201,0.3052256268508404,0.23103512186080996
HIF1A,CDH1,-1,0.11704444558750637,0.058752366926151905,0.0854629241726016,0.11934438726891555,0.05817902415580201,-0.033642043002384305,0.4299159663865546,0.1843782117163412,0.27445795875198303,-0.006531070139498586,0.05993455945990595,0.27064220183486243
E2F1,CDK4,1,-0.011071128541534471,-0.09586050915211446,0.04628769525897779,-0.12529064227177433,0.03494716232245849,-0.15995278546912334,0.06477791116446578,-0.1266932840634657,-0.31283217441328204,-0.05174892540412619,0.06664010241730967,0.06715812787639452
ESR1,CDK4,1,-0.33173008949884086,-0.16179255207237533,-0.0847557718633164,-0.2667810177244139,-0.3392245943394744,-0.27021357382475114,-0.21363745498199277,0.04794705715548848,-0.09378883633200163,-0.20608602872071613,-0.3490452776527908,-0.40774445253172636
EZH2,CDK4,1,0.31990198103446216,0.2836366505365032,0.23755875201613874,0.28187535734705543,0.09542100871169938,0.03636605905245219,0.16168067226890756,0.037796848364370854,0.3411248315531866,0.13527787092895405,0.12468718970198418,0.25544149366318436
MYC,CDK4,1,0.26124973000962587,-0.08215863665053649,0.1467229868272795,0.25130550790928147,0.22878480229200998,0.22786317691126567,0.09493397358943578,0.08466699584842664,0.20928633762836,0.3354839496449882,0.25889632967279236,0.14940297193641955
RUNX1,CDK4,1,-0.2096729345316953,-0.27701765344627155,-0.12894244124421766,-0.15098151324566417,-0.031798441302133766,-0.027631837281975106,0.13584633853541417,-0.08485365071801683,0.10084877974915539,-0.1214134334233062,0.055323392113476595,-0.1651155948173842
TP53,CDK4,-1,0.05310939749130508,0.16381758889122655,0.06480148432590627,0.25267772060224886,0.061021158030117116,0.026832334171414784,-0.02895558223289316,-0.0871224392693904,-0.1794071763497691,0.07750510624172346,0.2378541943612353,0.17613370463401304
ZEB1,CDK4,1,-0.0042514220952517435,0.12214653902798231,-0.15878998128526275,0.07024966647608157,0.15481363160791925,0.26373647106587084,-0.2451380552220888,-0.10877011106713166,0.16195563082422046,0.17567417614569122,0.13865407494672602,0.10402698557699278
AR,CDK6,1,-0.44915785521585716,-0.42135230380812116,-0.4531307402275144,-0.6850771869639792,-0.23553789592587038,-0.4278800914101358,-0.3328211284513805,-0.14612806649090662,-0.28249603384452665,-0.2407472441713004,-0.2906580793423398,-0.32958020572699476
MYC,CDK6,1,0.3000760619906068,0.18588260046286556,0.3322129483419806,0.016504669334858012,0.1672820666664626,0.30657063414012914,0.2792316926770708,0.11146610661781134,0.01898466419883659,0.3699297629499562,0.22935010688950308,0.20285423037716618
RUNX1,CDK6,1,-0.05280368472627103,-0.023656267464925,0.22164949699460723,0.1607394701734324,0.07166541974368199,-0.1844629798755222,0.375078031212485,0.10303867804497029,0.40914859862506603,0.13964996055268472,-0.035152511906447116,0.12702744654710799
TP53,CDK6,1,0.04250441754228898,0.15104933726067746,0.0855918275273114,0.22325138174194772,0.012517180894539154,0.13109902057199727,0.07044417767106842,0.12829438312703872,0.0924378635642517,0.12266608135791632,0.022031319733996777,0.029320730238161435
AR,CDKN1B,1,-0.07754238289984383,-0.10794498211655794,-0.1094905094905095,-0.09975223937488088,-0.1418815872850666,-0.15813528983097613,-0.2697238895558223,-0.33618570981723933,0.20116340560549972,-0.23034853959208862,-0.15645615064639176,-0.10101010101010102
BRCA1,CDKN1B,1,0.026212245114266508,0.23067010309278346,-0.02714704650188521,0.29384410139127115,0.015070208252339509,0.057409621647882304,-0.1727250900360144,0.031878100004468474,0.22945531464833416,-0.09194967801889338,-0.10160792920584717,0.19906449602614823
E2F1,CDKN1B,1,0.003991384432198327,-0.09565011571638964,-0.07602397602397602,0.34080426910615585,0.07179394559051767,-0.07032637380519452,-0.31438175270108043,0.103682023325439,-0.27170809095716547,-0.017612937290200994,0.0235497236036499,0.17514595496246874
ESR1,CDKN1B,-1,0.16037102783294985,0.04544498211655796,0.04624407850214302,0.14968553459119496,-0.012043309629566137,-0.023338356645747987,0.09954381752701079,0.4301979534384914,0.1481755684822845,0.06730814958076117,-0.07107572511027987,0.19261421554999536
EZH2,CDKN1B,1,-0.19188225822654684,-0.19335156743109613,-0.08194567193879741,0.041585668000762334,-0.1213410805798798,-0.16083099314839083,-0.43490996398559423,-0.1704633808481165,0.000528820729772607,-0.2213469677922919,-0.11533277804988662,-0.19304094393746538
FOXA1,CDKN1B,1,0.1678460882609405,0.01843572480538607,-0.029650994167123197,0.01429388221841052,0.07854569276121846,-0.00010848468125549792,-0.09896758703481391,0.1851155100764109,0.20914859862506607,0.2356846108730301,0.0804662206978516,0.26207024372161986
FOXM1,CDKN1B,-1,-0.17601601320513302,-0.042617820324005885,0.0077213109471174,0.054469220506956344,-0.11197382075543896,-0.12364423627963575,-0.4685234093637454,-0.10415568166584743,-0.027128503437334743,-0.2374746823173679,-0.16387701912668687,-0.09152071170419795
MYC,CDKN1B,-1,0.11236811838985845,0.07801651588470439,0.1269375785504818,0.17484276729559747,0.11039792329285428,0.19128443504243872,0.4033133253301321,0.17498994593145356,0.0726599682707562,0.21697665712709663,0.11038541864438958,0.2124270225187657
PGR,CDKN1B,1,0.21686388388479938,0.2395460761624237,0.09495021107924333,0.4229845626072041,0.055186410792509896,-0.007077446270603244,0.14016806722689074,0.3295991778006166,0.3167636171337916,0.1582384136163668,0.12659415769345517,0.1879158558057641
RUNX1,CDKN1B,-1,-0.13298494096092356,-0.1719451658540074,-0.10659026988359449,-0.2898036973508671,-0.11060002914250912,-0.27735186378565874,-0.39236494597839133,-0.24722758750136914,-0.15214172395557904,-0.1791756393903994,-0.1885893157215497,-0.2989998586790034
SMAD3,CDKN1B,1,-0.03516548626881909,0.02461603197980223,-0.19311687202640523,-0.23140842386125404,-0.05973655451509317,-0.08220780476530753,0.211812725090036,0.029067461758208582,0.03590692755156002,-0.17854377444137556,-0.2192692602726822,0.017079047354276712
TP53,CDKN1B,1,-0.03677137515510482,-0.12023984851672627,-0.07404853211304824,-0.06437964551172097,-0.04622081543816255,0.02619669216056676,0.27231692677070823,0.028566960096519052,-0.17107350608143834,-0.17469780350442637,-0.09588099388744917,0.044870725604670564
HIF1A,CDKN1B,1,0.19043994280523588,0.19532400589101617,0.3265154200638071,0.2592338479130932,0.14085792739484068,0.36770175202760225,0.22477791116446577,0.18307341704276328,0.03532522474881015,0.26670845125916237,0.3535273536032981,0.37734222963580766
E2F4,CDKN1B,1,-0.17418339865621746,-0.062197559436145584,-0.07122894338491216,0.059271964932342276,-0.12252702108669491,-0.15627990342598247,0.036112178297497154,-0.26781357522677507,-0.030592683671151494,-0.19342770635526327,-0.13638864115112095,-0.2031600407747197
DNMT3A,CDKN2A,-1,-0.071636636960962,-0.035503892278560906,0.09078670586408949,-0.35414522584333896,-0.03251284396620726,-0.15349176429805075,-0.13344537815126048,0.09604539970508065,0.11105235325224747,-0.11950799861973405,-0.061689683052204645,-0.001464186507710601
DNMT3B,CDKN2A,1,0.07272478346784653,-0.05300599621291815,0.005049797057460484,-0.02374690299218601,-0.1432028819227185,-0.10394607364818906,0.2632893157262905,-0.029840475445730368,-0.08659553934573999,0.009821005049520824,-0.08434190060726089,0.2166440011218888
E2F1,CDKN2A,1,0.03635991070682738,0.11700504944245739,0.04400116013019238,-0.10158185629883741,0.0875853955770206,-0.06986299673780509,0.31937575030012,0.10788685821529109,-0.1648334214701216,-0.05974790233628276,0.031234435056026404,-0.009897159431866592
ESR1,CDKN2A,1,-0.3081065259297182,0.062263307384809584,-0.06184460700589733,-0.2835525061940156,-0.16447868481705138,-0.005412445440723166,-0.05238895558223289,-0.2709281022387059,-0.21147540983606558,-0.3140502317461994,-0.20805116100276078,-0.40977761509148775
EZH2,CDKN2A,-1,0.1678446535729301,0.06422259625499685,0.40919018688734177,-0.007127882599580712,-0.06897586193807344,-0.07716925399005949,0.17819927971188473,-0.10923186916305462,-0.021787414066631407,-0.07466353851280855,-0.03989264187535072,0.09952552833624471
FOXA1,CDKN2A,1,-0.3055969830996643,-0.21951925099936878,-0.1246559891721182,-0.06796264532113587,-0.11423729508812001,0.12224697849351007,0.07793517406962785,-0.3366906474820143,-0.23580116340560545,-0.1856650395877875,-0.2059562741688138,-0.24064090594287996
FOXM1,CDKN2A,-1,0.18285254074785914,0.07762202819272038,0.12882601269698044,-0.05004764627406136,-0.0780602128931631,-0.06639384325488407,0.35414165666266506,-0.053165914473390224,0.010364886303543097,-0.05739203174332594,-0.09250986724739893,0.14094648537357207
GATA3,CDKN2A,1,-0.2623035727327814,-0.05612244897959183,0.0099835648222745,-0.1233085572708214,-0.13807351680239077,0.07972331673242973,0.1402641056422569,-0.22763304884043073,-0.008143839238498147,-0.13316034186960182,-0.10637369812375295,-0.17225042222829617
MYBL2,CDKN2A,1,0.012575649899778739,-0.03207184935830002,-0.03226773226773227,-0.09799885648942251,-0.09916830669643827,-0.05632244967989134,0.062953181272509,-0.030555431431252507,-0.01570597567424643,-0.11449384754404125,-0.000666734227753375,0.21446162186514295
MYC,CDKN2A,1,0.13091113189849665,-0.07069219440353461,0.18377106764203538,0.3183914617876882,-0.0009342736068624854,-0.11263074917562395,-0.20902761104441775,0.18459716698690734,0.00602855631940772,0.09387388288208481,-0.05393939080118983,-0.0101844365314807
RUNX1,CDKN2A,1,-0.1925227272717912,-0.16631052960680318,-0.2801845575268847,-0.18765008576329328,-0.20359156790003852,0.06479491064743026,0.20547418967587033,-0.10502715160106602,0.16879957694341613,-0.034750353015200984,-0.0340764733266694,-0.1346962037633387
SMAD3,CDKN2A,1,-0.2181605149163193,-0.11277088154849567,-0.24044059237663318,-0.07535734705546025,-0.15155497474676294,-0.24732045627273117,-0.3464585834333733,-0.12024902838497648,-0.12147012162876782,-0.15937732828190598,-0.07704826032624615,-0.14752605765505641
TBX3,CDKN2A,-1,-0.214311423369926,-0.20251683147485794,-0.09655352434143537,-0.12780636554221458,-0.14517275495697807,-0.02124063065087166,-0.1276830732292917,-0.19846530057801,-0.07503966155473293,-0.019451808242630576,-0.06918653206058914,-0.08525642956289574
TP53,CDKN2A,1,-0.09931731655517452,-0.04573427309067957,0.06479649382875188,-0.10470745187726319,-0.20889770101959862,-0.1392661124904507,-0.39515006002400954,-0.010219402118057105,-0.08915917503966155,-0.13455289063624606,-0.11504814713720106,0.14659472383211392
TWIST1,CDKN2A,-1,0.15122850517471786,0.11567694087944455,-0.12670555251200413,0.2256908709738898,0.24303174846612818,0.19118785489696974,-0.0005282112845138055,0.033871039814111444,0.17070333157059756,0.15394126663418264,0.28709713928113406,0.06529530464132212
ZEB1,CDKN2A,-1,0.0294726802559851,0.08160635388175888,-0.2620798556282427,0.09106155898608728,0.1034374667096049,0.27869157886668744,-0.253781512605042,0.042504133339291296,0.25885774722369115,0.25971888074217037,0.13846133740936073,0.07831544415609044
CTBP1,CDKN2A,-1,0.008913843519565473,-0.10083105407111298,0.03553543230962585,-0.02641509433962264,0.02805147321050154,0.07621525024307213,-0.1727250900360144,0.016609321238661243,0.04119513484928609,0.12439777143430795,-0.0785104210510507,-0.0650311950497414
TP53,CEP55,-1,-0.0031342434539075367,0.2190984641279192,0.05696883761399891,0.08976558033161806,0.06468955003658114,-0.05733887076880263,-0.24619447779111645,0.09471379418204566,-0.03590692755156002,-0.11589113257243198,0.07556828969397794,0.126207024372162
E2F1,CHEK1,1,0.0693980534553529,0.14406737872006997,-0.042728273926308485,-0.11751477034495901,0.06712625240685582,-0.03419156165560107,0.09483793517406962,0.13889807408731397,-0.14029613960867265,0.08728904497122232,0.06670251842580897,0.17929797817205512
EZH2,CHEK1,1,0.6967953063170437,0.4727950531106349,0.426900283266589,0.5124833238040785,0.5670802021239378,0.7624512850143564,0.6722208883553421,0.30603690960275254,0.5542041248016921,0.33925470685786757,0.5308811106461673,0.5725214184107978
FOXM1,CHEK1,1,0.6635744812984656,0.40244451676960036,0.40541426751831305,0.49197636744806544,0.5274217790988486,0.606978045399792,0.5617767106842737,0.28516913177532505,0.5385510312004229,0.09159594185933082,0.43148493807312865,0.5037218601669069
MYC,CHEK1,1,0.27948928542322765,0.26914668744454107,0.21901664385351108,0.3058890794739851,0.0041552510017724255,-0.07238880461014258,0.21651860744297718,0.1947629474060503,0.2115811739820201,0.38190908204077656,0.2980582356697792,0.13116979698347914
TP53,CHEK1,-1,0.052435043065640126,0.1508131404290327,0.017360073281621827,0.25359252906422713,0.056714553786531396,0.002067106069191222,-0.12825930372148858,0.13879529916439518,-0.1119513484928609,0.1489610769681007,0.25850591405935996,0.14172954714510083
E2F4,CHEK1,1,0.2899664087730386,-0.07243475316534369,0.10333570731123373,0.12353725938631596,0.14624386385317867,0.10661618174638254,0.09911640426334326,0.05074400107243397,-0.02694377239490352,0.02945078528924008,-0.039435968208805225,0.09656680698479948
E2F1,CHEK2,1,0.013949596257978864,0.017830843677677257,0.008381940640005156,-0.032132647226986846,-0.027880650562798658,-0.09905358907417756,-0.17387755102040817,-0.09181385653280734,0.07572712850343732,0.05211686664715639,0.06611185918870795,0.01615234917987212
MYC,CHEK2,1,0.32039520664878945,0.11763622974963181,0.30429248171183654,0.42458547741566605,0.25198869810910673,0.26209663155064694,0.23659063625450177,0.30911603413491084,0.21121099947117922,0.15431665203394793,0.24598393029704263,0.21020294690019461
PITX2,CHEK2,1,0.012373647140774942,0.11566379128971176,-0.04316328832457864,0.021459881837240326,-0.11899250316067235,0.10969216292512435,0.07937575030012005,0.07098627171266741,-0.15526176626123742,0.03879133743049459,-0.03635088626004525,0.05397102671459836
TP53,CHEK2,-1,0.06399593442801729,-0.056411739953713444,0.018881118881118878,0.03434343434343434,0.1412595547201925,0.26996648766694253,0.017238895558223288,0.14922265206525695,0.11813855103120041,-0.05413130426299874,0.15875156759282705,0.11344639051061071
DNMT3B,DNMT3A,1,-0.12765694718305448,-0.005549126867241742,0.06530259732833157,0.004764627406136839,-0.06019575052446031,-0.037325805439799256,-0.36950780312124853,0.04319674695026587,0.057906635470891775,-0.16153545995512633,-0.02309257668861486,-0.114919840607914
E2F1,DNMT3A,-1,-0.015460526878525855,-0.005654323585104143,-0.029164407499290425,0.09045168667810176,0.020129732972929953,0.07857592630588435,-0.01310924369747899,-0.05499352071138121,-0.02993125330512956,0.016105745780899426,-0.056403151305521086,-0.06450745992030396
RB1,DNMT3A,-1,0.057111358152225046,0.11955028107691254,-0.11357057516013926,-0.11217838765008574,0.025474560031346523,0.022836025404282312,0.052004801920768305,0.029670706544889312,0.01824431517715494,0.13484310657885668,0.13160801057504007,-0.14938374571402094
DNMT3A,DNMT3B,1,-0.12765694718305448,-0.005549126867241742,0.06530259732833159,0.004764627406136839,-0.060195750524460315,-0.037325805439799256,-0.36950780312124853,0.04319674695026587,0.05790663547089177,-0.16153545995512633,-0.02309257668861486,-0.114919840607914
HOXB13,DNMT3B,1,0.14487866083678985,0.08444666526404375,-0.10255728554891588,-0.11797217457594815,0.003531077770036379,0.07766328575531789,0.3314765906362545,0.18780106349702846,0.14275704333668707,0.07539264462003709,0.14555666266971773,0.19451394680752482
ESR1,E2F1,1,0.020341633454837502,0.037279086892488954,0.020982243562888723,-0.014751286449399657,0.039685800086325385,0.07671753654872493,0.05824729891956783,-0.04445685687474864,0.07472236911686937,0.02703638669398108,0.05255118307106722,0.09798906496154204
MYBL2,E2F1,-1,0.06129636677983421,0.2831632653061224,0.0859785375914408,0.017495711835334476,0.047156313232579565,-0.013004011574843816,-0.11625450180072029,-0.001041154653916618,0.12501322051824432,0.07532923617208079,0.03838258758468985,0.08514502826429433
MYC,E2F1,1,-0.04814514442096877,-0.06931148748159058,-0.07425800006445167,0.003773584905660377,-0.0591671743129938,-0.06085754782169835,-0.10770708283313324,-0.14195451092542113,-0.1566367001586462,-0.003487464637596332,0.00913258222171949,-0.15748308775831715
PGR,E2F1,1,0.01645925542564984,0.15793972228066483,0.025094260578131546,0.11507528111301696,0.11370277741213637,-0.026715531940484358,-0.009651860744297719,-0.10130032619866838,-0.16589106292966682,-0.04784411276948591,0.029080362926323048,0.08990825688073395
RB1,E2F1,-1,-0.056404935530906884,-0.20436569249923953,-0.011482084821781561,0.07977892128835523,-0.0036666860541645875,-0.08115125830438441,-0.22823529411764704,0.0780196590773746,-0.18249603384452667,0.1415010017328651,-0.11389865045463198,-0.19625613937540545
TP53,E2F1,-1,-0.029981153196437217,-0.12611771512728803,-0.018226934355966614,-0.20754716981132074,-0.05676598167575327,-0.008954702928850557,-0.25099639855942374,0.03697662987622324,0.01824431517715494,0.13919617598283096,-0.17411675591388118,0.089111296450746
E2F4,E2F1,-1,0.01197052054756685,-0.0195665895224069,0.0514019482179361,-0.0425767105012388,0.11475773163688649,0.04220425273533439,-0.07318478686886391,0.037973099781044725,0.13627890375204393,-0.06065749682957761,-0.048935468265257874,-0.05296080066722269
AR,EGFR,-1,-0.3418504856094864,-0.30816063538817584,0.0062904837098385485,-0.4293119878025538,-0.09144797058814526,-0.39899486584454136,0.352124849939976,0.05888109388265784,-0.11533580116340558,-0.0847331967612916,-0.14356135605423623,-0.1544898526549903
BRCA1,EGFR,-1,-0.3035628176739845,-0.44899274142646745,-0.12291257129966808,-0.18856489422527156,-0.2930061131842129,-0.4080604118172835,-0.07620648259303721,-0.02882613164127083,-0.4166049709148598,-0.28504536142815334,-0.2915152398332365,-0.12900131823155328
ESR1,EGFR,1,-0.6260363203190377,-0.39210761624237317,-0.19537881473365346,-0.4392986468458166,-0.3301492939379375,-0.5361737452921186,-0.11087635054021608,-0.5742437106215648,-0.5597567424643045,-0.2562384157643157,-0.2924698995707159,-0.47530349365211755
GATA3,EGFR,1,-0.6032847782314945,-0.36432253313696605,-0.0676581483033096,-0.2961311225462168,-0.2967615735709628,-0.5605427064097938,0.08552220888355341,-0.6952276687966396,-0.4714436805922792,-0.22656813969368841,-0.18502018202037188,-0.4625521267723103
MYC,EGFR,1,0.25505328079888245,0.1730223017041868,-0.16027520866230544,0.13306651419858964,0.2785891615723465,0.27768776693717084,-0.15390156062424967,0.07006121810626033,0.11998942358540451,0.34113257243195794,0.2227952036571744,0.18893522379760913
PGR,EGFR,1,-0.3319053211651618,-0.06970597517357457,-0.07301086010763429,-0.3973699256718124,-0.0737959598495122,-0.19959294660902827,0.11759903961584633,-0.26464095804102056,0.11448968799576942,-0.09149839040093649,0.041906109838519175,-0.10835881753312948
SMAD4,EGFR,-1,0.10533036994008746,0.04892962339575004,-0.02293514786435911,0.027177434724604533,0.054310366467056725,0.32320081882404617,-0.12480192076830732,-0.08102247757107425,-0.0717354803801504,0.12714369329821482,0.20916621708124766,0.2009081642109165
TP53,EGFR,1,-0.006529264233801608,0.017712497370082052,0.02657342657342657,0.02085000952925481,0.0008638660915722547,0.2723696591930155,-0.13152460984393755,-0.10839626435497565,-0.059122157588577466,0.08624524436640328,0.04511156206618518,0.08948197572050785
AR,ERBB2,1,0.27009849913270795,0.19312802440563853,0.2942380200444717,0.2641890604154755,0.18525856289661463,0.18812187074757736,0.4573829531812725,-6.704884860441167e-06,-0.21660497091485983,0.12354892205638476,0.20065785742641634,0.17681401167639701
ESR1,ERBB2,1,0.03035411807072626,0.04437986534820113,0.0846218297831201,0.2403278063655422,-0.04626612095961992,-0.07333328616608062,0.08475390156062423,-0.1499167555562242,-0.06795346377578,0.054858062628036296,0.1667283921698199,0.0418960244648318
FOXM1,ERBB2,1,-0.023114485453833548,-0.13430990953082264,-0.1364828719667429,-0.07261292166952545,-0.004543409118042311,0.044339575919230795,0.04364945978391356,0.15124432275859154,-0.2151771549444738,0.2346649107404156,-0.03802603320355361,-0.028078954684459274
GATA3,ERBB2,1,0.10849499069720385,0.03787081843046497,0.21440494988882083,0.22035448827901655,0.13818000373464434,0.149307938484469,0.33464585834333727,-0.07032083241630696,0.08334214701216286,0.3191737391474003,0.25023091584701607,-0.017236586043925493
MYBL2,ERBB2,-1,0.014723275711070898,0.14486903008626129,0.018339724791337695,0.07962645321135886,-0.08993207232965277,0.07794624348207525,0.14477791116446578,0.10873982266663486,-0.10883130618720252,-0.04935616037459761,0.050935622190606045,-0.14538967658233715
MYC,ERBB2,-1,-0.31825847999598744,-0.2978908058068588,-0.2467854725919242,-0.23910806174957114,-0.15508263665890146,-0.10125629977619137,-0.17195678271308523,-0.2826421863302772,-0.33987308302485447,-0.3435567261730564,-0.35714113113011914,-0.1934019089982393
NCOA3,ERBB2,1,0.2590038674409618,0.30720071533768145,0.2372143985047211,0.02085000952925481,0.1475982227970198,0.1247704280018211,0.09167086847464564,0.16435032129805818,0.37041737731128893,0.22114427860696523,0.2904649807784476,0.22047641774130539
PGR,ERBB2,-1,-0.0634405981108856,-0.16890648011782028,0.053933163610582965,0.09502572898799314,-0.1402665066687891,0.0011744645927225645,-0.13037214885954382,-0.2291774344531194,-0.1986250661025912,-0.2596429616622769,-0.14942289531239594,-0.11488277268093781
TP53,ERBB2,1,-0.04731942706921872,-0.03864664422470018,0.08004576069092198,0.06392224128073185,-0.04885220910334863,-0.10636922997101571,0.01503001200480192,0.08474527471273606,0.047012162876784766,-0.2894595649204956,-0.11376938990381176,-0.03787415438791586
TRPS1,ERBB2,1,-0.01309469071941013,-0.25742951819903215,-0.010128581096323032,0.030226796264532108,-0.030412871180140213,0.10258405794025323,0.004369747899159664,-0.0017388001404744094,-0.08958223162347964,-0.1584577114427861,0.04145193213612254,0.07420998980632008
HIF1A,ERBB2,1,-0.04961223036033239,-0.22214916894592887,-0.0682929973252554,-0.2122736801982085,-0.08223625604966465,-0.08812493661900414,-0.0956062424969988,-0.04068300637153685,0.006451612903225805,-0.3129645888206029,-0.005838361372821216,-0.0516726902048003
EP300,ERBB2,1,0.02082086798959065,0.1629770866927629,0.03455898939769907,0.008271393177053554,0.17591705416152642,-0.07992972071063106,0.16129651860744296,-0.10553053567030722,0.001903754627181385,-0.16005267778753293,-0.06405234849981295,-0.03635436938189232
AR,ERBB3,1,0.4261939916777982,0.23631127708815483,0.08279140214624085,0.07154564513055078,0.3563885377030713,0.49136957193359787,0.39274909963985594,0.09968720675633405,-0.14098360655737702,0.22146429973800066,0.30710868548069714,0.28560440553409405
TWIST1,ERBB3,-1,-0.2842704703705542,-0.18940669051125603,-0.22044084947310755,-0.11926815323041737,-0.27671939045706534,-0.3764371272313058,-0.3900600240096038,-0.09935653961303006,-0.038286620835536744,-0.1016635003014932,-0.32358329548670856,-0.15752052062066327
AR,ESR1,-1,0.4775875669161448,0.2897643593519882,0.2761109857884051,0.5894034686487515,0.3565330255823137,0.45136466653931506,0.18501800720288114,-0.062362035837168775,0.27366472765732414,0.2696956394498098,0.3794925029403859,0.36868686868686873
BRCA1,ESR1,1,0.16929922747952966,0.39806438039133174,0.038874029196609844,0.198399085191538,0.09962378050087091,0.2851967935701601,-0.16974789915966385,-0.08375709370391884,0.17117927022739288,0.07550970637011023,0.16200260923876159,0.009633049840285884
DNMT3A,ESR1,1,0.09307650553869495,-0.19872974963181145,-0.016528645973907248,0.022832094530207736,0.07663428954513869,-0.11451737287835802,0.1578391356542617,-0.058934715581572,0.062347964040190364,0.09176665691152083,0.16473312144472196,0.07163376888147531
DNMT3B,ESR1,1,-0.2518839050662093,-0.15065484956869346,0.018291415506155526,0.03792643415284924,0.10341600675175408,-0.009973515587597842,-0.036638655462184866,-0.3704052906742928,0.05711339388909873,-0.051448639157155404,0.11680325595123528,-0.21796867760170516
FOXA1,ESR1,1,0.6829650558214113,0.4529376183463075,0.4447584673391125,0.5589098532494758,0.45910227721469,0.6527971360044149,0.30881152460984396,0.4301622056392152,0.43537810682178735,0.3902643644522486,0.41055481446595926,0.547789824854045
FOXM1,ESR1,1,-0.2689488461980141,-0.08802335367136543,-0.24343720795333698,-0.0173432437583381,0.09156429557567093,0.24178877089214498,-0.1832893157262905,-0.04833102462129675,0.1938127974616605,0.06805189737586578,0.09880140744010117,-0.2652488184598277
GATA3,ESR1,1,0.6991538209210119,0.3810488112770881,0.3909316489961651,0.35521250238231367,0.327275454509277,0.6847906835242428,0.49848739495798317,0.7779436078466418,0.4393971443680591,0.2879572724612233,0.045800980868381656,0.5651746826058753
HOXB13,ESR1,1,-0.052359380772882665,0.04945560698506206,-0.0042828139602333155,-0.13497236516104438,-0.13826820815690077,0.001385538865544601,0.04076830732292917,-0.0864158362750793,0.06890534108937069,-0.07128572822163692,0.08450311791872452,0.07163376888147531
HTATIP2,ESR1,1,-0.2705410803008954,-0.0006443298969072165,-0.08300409268151204,-0.17186963979416808,-0.08996390864202822,-0.06107687554684533,-0.14986794717887153,-0.05705795611957638,-0.1512427287149656,0.016354501999804896,-0.06583160526581829,-0.23050690390139936
MYC,ESR1,1,-0.22601759645715794,-0.09175783715548073,-0.04436208952337985,0.08717362302267963,-0.1591503378016414,-0.1487631567155555,0.07563025210084032,0.09571473256177666,-0.10624008461131676,-0.21414983904009366,-0.2678648482711516,-0.013863404689092763
NCOA3,ESR1,1,-0.10790662934863995,0.16625026299179463,0.3118011021236828,0.07878787878787878,-0.10955868082412934,-0.21146388961445012,0.10113087952205539,-0.13330369241673765,0.15811948863741224,-0.04096673495268755,0.09365549302729885,0.09577470009694182
NCOR1,ESR1,-1,0.3110890402473849,0.24873763938565113,0.04949888820856562,0.485344006098723,0.30918875565936366,0.30886060425967454,-0.003889555822328931,0.09218463738326109,0.2066631411951348,0.21871524729294706,0.1732754050582036,0.33974608470021317
PGR,ESR1,1,0.4748760896664189,0.01675257731958763,0.273735941477877,0.3800647989327234,0.03701644774099935,0.3648174745237876,0.3830492196878751,0.4977166093212386,0.001216287678476996,0.08723051409618576,-0.028361348163892304,0.41212121212121217
SMAD3,ESR1,-1,0.34917738360666883,0.455606985062066,0.05197391636421359,0.5060034305317324,0.2407737448380787,0.07450303403353119,0.14506602641056424,0.19469166930132942,0.35584346906398723,0.3496975904789777,0.22471162635070457,0.4555555555555556
SMAD4,ESR1,1,0.020090220815492915,0.04850883652430043,-0.21627422277263858,0.07131694301505621,0.022100550217881293,-0.15538670979331048,-0.0640096038415366,0.15344089709212072,0.2008223271239374,0.10382889474197642,-0.13067944771511908,0.025799277175423966
TP53,ESR1,1,0.04499052796598969,0.05768725015779507,0.1416744545776804,-0.013379073756432247,0.06466995845973471,-0.09285817042943424,0.07274909963985594,0.11789624201260109,0.09582231623479638,0.034645400448736714,-0.007611716174465367,-0.18067834306366418
TWIST1,ESR1,-1,-0.32818555338669647,-0.1292867662528929,-0.11768876285005317,-0.45546026300743275,-0.46108959779104974,-0.5009280156972616,-0.014549819927971188,-0.009499977657625452,-0.25764145954521417,-0.3931713979123988,-0.29615469019304214,-0.25641738485775184
ZEB1,ESR1,-1,-0.0379318251895541,-0.061803071744161574,0.11289355805484837,-0.16272155517438536,-0.1364988433313224,-0.22496788202995374,0.10501800720288115,0.08445864426471243,-0.2885245901639344,-0.19104477611940301,-0.29432822071673576,-0.0911685663979242
HIF1A,ESR1,1,-0.3330301730173596,-0.12461866189774878,0.003796203796203796,-0.3497998856489422,-0.1447786917112324,-0.23838565360841277,-0.2541656662665066,-0.07657178604942133,0.012744579587519829,-0.19105453126524244,-0.27925357346280066,-0.19160411453989437
E2F4,ESR1,-1,-0.4688462272358858,-0.06169787502629918,-0.03953636573848776,-0.4613302839717933,-0.12424618300750359,-0.13300040976833188,-0.11467537470003086,-0.2539881138567407,-0.1727415751284639,-0.37915325334113753,-0.16548578541162684,-0.4155870632934853
TRPS1,EXT1,1,-0.28825138724169885,-0.20281927203871236,-0.11664464567690373,-0.36977320373546785,-0.25266897051437354,-0.24190197229867247,0.10021608643457382,-0.33402296796103487,-0.36504494976203067,-0.298322114915618,-0.23761283502840871,-0.25038457974237793
E2F1,EZH2,1,0.04263965902839354,-0.04061908268462023,-0.06473703249277511,-0.06194015627977891,-0.0436800461871586,0.01567014977380613,0.07716686674669868,0.023142231556369807,-0.127181385510312,0.006579845868695737,0.17943058769578227,0.14678006389638104
MYC,EZH2,1,0.1281775122956634,-0.11601883021249736,0.11386705359283747,0.1687440442157423,0.0137998211655835,-0.19115601698261253,0.02895558223289316,-0.08847133473345546,0.027128503437334743,-0.007287093942054433,0.06401935503281801,0.02256978632613398
TP53,EZH2,-1,0.04728390119221909,0.17826898800757415,0.07679274787996039,0.16211168286639985,0.09821566598065974,0.03237797971925418,0.066890756302521,0.11496939094686982,0.09524061343204653,-0.015774070822358797,0.10692166310866318,0.07188414392601983
EP300,EZH2,1,0.060146205145786634,-0.04329530885395529,0.24173143404593675,0.04211930627024966,0.09244165917442115,0.11442913667857864,-0.07851140456182472,0.1261273136951876,0.04986779481755684,0.19867817773875723,0.006335953999239821,0.1545597130939953
FOXC1,FGF19,1,0.0009488898165818098,-0.1024221544287818,-0.08464116528632658,0.2322469982847341,0.007407452758279737,0.06017833938253348,-0.26511404561824725,0.013829929844943918,0.06864093072448439,0.03489415666764219,0.024773214254892626,0.11888610879436567
MYC,FGF3,1,0.039413730173154804,0.109720176730486,-0.0918727915195539,0.06361730512673909,0.15581609631708965,0.12313011322499015,-0.1417046818727491,0.033433129272979124,0.11311475409836065,-0.006784703931323775,0.03746187361148439,0.20207580391066632
GATA3,FGF4,1,-0.017307596737638736,-0.05126384409822862,0.03438822015745062,0.2064036592338479,-0.009673959227456485,0.09188893756291795,-0.026554621848739496,-0.23825908217525354,0.09756742464304599,-0.16040386303775242,-0.06922839833415112,-0.047965897507181915
MYBL2,FGF4,1,0.26600525277463777,0.2013603295308901,0.3730063267429965,0.251915380217267,0.32928073154998905,0.1802108495358168,0.45152460984393755,0.4054291970150587,0.14965626652564776,0.2438542581211589,0.17582891761741198,0.2602261143545548
DNMT3B,FGFR1,1,-0.1910511833253363,-0.14252840311382287,0.0012116934866656939,0.09555936725748046,-0.1020709221421362,-0.23849885501494023,-0.27519807923169265,-0.42938915947986944,-0.30124671137893605,-0.15214613208467467,-0.2667356085638936,-0.28555277546103236
E2F1,FGFR1,1,-0.10280283906794495,-0.12227803492531032,0.014346943379201444,-0.007432818753573469,-0.006538076535719424,-0.12750251755211392,-0.14237695078031212,-0.09264042182403145,-0.19814912744579583,-0.03511364744902937,-0.1610320966942212,-0.14641831155592622
EZH2,FGFR1,1,-0.062224022136305915,-0.046273406269724385,0.21633902308808417,0.01696207356584715,-0.12800405545765464,-0.16396761730358117,-0.18060024009603842,-0.09253764690111263,0.18699101004759383,0.08302604623939128,-0.08872059426188347,0.04881857292797118
GATA3,FGFR1,1,0.07573550647348995,0.18763149589732797,-0.020276497695852536,0.12468076996378881,0.008809474976352354,-0.1056805880813069,-0.09839135654261706,0.37944948389114785,0.433685880486515,0.08427470490683836,0.013270079076040721,0.13303678991752388
MYC,FGFR1,1,0.31787173596700435,0.14230486008836524,0.19631014147143178,0.2867543358109395,0.43406424200495297,0.44800871650830254,0.6436974789915966,0.192662764198579,0.16827075621364354,0.43116281338406015,0.416100739966318,0.37922342692984895
RB1,FGFR1,-1,0.35133207811528505,0.21504322956512006,0.3475046687263522,0.25702306079664566,0.249215265511784,0.3819957879643321,0.560720288115246,0.4697802289875457,0.20100475938656795,0.30798740121401447,0.38911980479285446,0.43025669539431016
RUNX1,FGFR1,1,-0.12776449280995197,-0.02153259476031945,0.00602140280800267,0.10668953687821611,-0.20901776344874654,-0.16498407219898495,-0.18818727490996395,-0.003168152250049175,-0.19762030671602324,-0.12330275497857544,-0.17220647576133422,-0.18200394311035573
TP53,FGFR1,1,0.0780015586875359,-0.06234220492320639,0.10758918500853984,0.2192872117400419,0.12069697034631173,0.28401289552689357,0.3557743097238895,0.06268823450556324,-0.12469592808038073,0.18254804409325923,0.09174448107427031,0.07953850430914651
E2F4,FGFR1,-1,0.037885852018181836,-0.011703134862192299,-0.09926871338862754,0.14244330093386695,0.015657965144117436,-0.02795378769366146,-0.1036304265505304,-0.28727825193261536,0.04214756937927008,0.07975807238318214,0.12689704351062886,0.01387267167083681
E2F1,FGFR2,1,0.005115128920947749,-0.0033662949715968856,-0.027414543049333003,0.01970649895178197,-0.015817137119609637,0.1267090032315703,0.004945978391356542,0.029541120627750488,-0.07287149656266524,0.09771241830065361,-0.0964742966987771,-0.012667964044110835
TWIST1,FGFR2,1,-0.06492568792260066,-0.1407795076793604,0.09597829265760958,-0.18559176672384217,-0.08347542328520133,0.012005252076689007,0.1466986794717887,0.1699899124067288,-0.096351136964569,-0.09382987025656034,-0.0334328749782101,-0.08061347419145586
E2F4,FGFR2,1,-0.0756970397126199,0.020132021880917315,-0.0831767689626582,-0.19374880884314843,0.010190687383141144,-0.08452706351860938,-0.08797541308645584,0.034355907721442994,0.0035960285041284385,-0.14542971417422693,-0.026696511922078132,-0.070966546195904
MYC,FGFR4,1,-0.17245544090700582,-0.2564169997896066,-0.23782024427185716,-0.3171717171717171,-0.12480263016919162,-0.20598410935255868,-0.4569027611044417,-0.3526967246078913,-0.1896351136964569,-0.06817383669885865,-0.10637712392031738,-0.22141599481049024
E2F1,FLT1,1,0.037831358537345997,-0.02499737008205344,-0.03347297863426896,0.005298265675624166,-0.0008981513510535064,0.08806361919046844,0.17848739495798316,0.1219089324813441,0.00898995240613432,-0.001097453906935909,0.08091697654767531,-0.031711611528125294
ESR1,FLT1,-1,-0.005281992983074262,0.04874552913949084,0.04582836518320389,-0.16127310844291973,-0.03550422290316557,-0.06611197977468203,0.0036974789915966387,-0.029362348630412434,0.052406134320465356,0.18667934835625793,-0.007306951639588813,0.08952831062922806
MYC,FLT1,1,0.08806075694529532,-0.006916684199452976,0.05747800586510264,0.027939775109586423,0.1088183524096109,0.1688351811104586,0.4412484993997599,0.058769382009920004,0.22289793759915386,-0.06963710857477319,0.04391716125150717,-0.006848299508849968
TP53,FLT1,1,0.016123185090362077,0.02081580054702293,0.013451065063968289,-0.04402515723270439,0.09274346360711541,0.05556066534126686,0.16869147659063624,0.03037222395996246,-0.01570597567424643,-0.05940883816213053,-0.06188150182834063,0.031229728477434902
HIF1A,FLT1,1,0.04554126732818394,-0.1833315800547023,0.13651187522155264,0.3461406518010291,0.08435459529618484,0.026505637665881328,0.20019207683073229,-0.10053174851423209,0.09719725013220518,0.08464540044873672,-0.09858935444657865,0.07517375590770085
AR,FOXA1,1,0.5113406923323334,0.21247107090258782,0.4206954335986594,0.44028968934629303,0.31375971543234626,0.527002073000757,0.7492436974789916,0.17021314625318376,-0.02638815441565309,0.1687932884596625,0.2712932027152645,0.3531276063386155
GATA3,FOXA1,1,0.7064426822223778,0.5301914580265096,0.46770970964519354,0.6750142938822183,0.47209639055808444,0.7890468205734122,0.5454501800720287,0.5659368157647794,0.6510312004230565,0.3902936298897669,0.2223277007784317,0.5795385043091467
BRCA1,FOXC1,-1,-0.24713393534461128,-0.2789159478224279,-0.04241887145112951,-0.13184676958261862,-0.177419483210937,-0.2741525813458232,0.08024009603841536,-0.07154475177621877,-0.2572712850343733,-0.0823529411764706,-0.2673510555433583,-0.16411399340696764
ESR1,FOXC1,1,-0.4676329644619833,-0.23052545760572266,-0.30580709612967677,-0.26075852868305693,-0.12106063899152357,-0.36519952927081784,0.0751500600240096,-0.04288395370659993,-0.343204653622422,-0.2800556043312848,-0.2984626157969617,-0.43160040774719677
EZH2,FOXC1,-1,0.03736412758713585,-0.0353329476120345,0.28155299914602994,0.0033924147131694296,-0.23605530826285293,-0.3392836823024825,0.22208883553421366,-0.26137450288216624,-0.2927551560021152,0.007511462296361332,-0.19010766878088023,0.06617566994659116
FOXA1,FOXC1,1,-0.5039801858429938,-0.2237402693035977,-0.2840546550223969,-0.09151896321707641,-0.18563202733024967,-0.40956504717904446,-0.5125090036014406,-0.30901738236739795,-0.35314648334214693,-0.27317334894156675,-0.2863795403381505,-0.32296358076174586
GATA3,FOXC1,-1,-0.37864418022431356,-0.026496423311592673,-0.14663078856627243,0.05004764627406136,0.014099200724888343,-0.29078139629218225,-0.1051140456182473,-0.12421913400956253,-0.1994182971972501,-0.0041556921275973085,-0.028300197998318368,-0.41862663330553246
E2F1,FOXM1,1,0.08217226641082462,0.156282873974332,-0.08130256839934259,-0.03411473222793977,-0.004752794095588527,0.016442504298115904,0.07534213685474188,0.10941507663434469,-0.07355896351136963,0.09737098819627354,0.06883192552302722,0.30607914002409414
ESR1,FOXM1,1,-0.2689488461980141,-0.08802335367136543,-0.24343720795333698,-0.0173432437583381,0.09156429557567093,0.24178877089214498,-0.1832893157262905,-0.04833102462129675,0.1938127974616605,0.06805189737586578,0.09880140744010117,-0.2652488184598277
MYC,FOXM1,1,0.06445296800472398,-0.19971596886177148,0.08673906738422868,0.11873451496093004,-0.1730432147328658,-0.3037429573395783,-0.29968787515006,-0.1533625273694088,-0.1624008461131676,-0.24226416934933184,-0.10059941956657353,-0.0959873969048281
TP53,FOXM1,-1,-0.011813831219558667,0.2201767304860088,-0.018397731300957107,0.14617876882027822,0.08435826871684354,-0.08814616188272806,-0.20220888355342137,0.0428392689575048,-0.05483870967741934,-0.12912398790361918,0.06050463680993393,0.14869798906496157
TWIST1,FOXM1,1,-0.1447617840822575,-0.17465285083105406,-0.091008991008991,-0.2561844863731656,-0.25823351322890614,-0.3021581376481936,-0.173781512605042,-0.26103489878904323,-0.17979904812268638,-0.2472490488732807,-0.23100116135999937,-0.05713094245204337
HIF1A,FOXM1,1,0.022843073453879217,0.01246581106669472,-0.09276207663304438,-0.08183724032780634,-0.1982049217714459,-0.14837638524325328,-0.2657863145258103,-0.08629965592743195,-0.09804336329984134,-0.22345137059799047,-0.21211167795561187,-0.09869335557408952
E2F4,FOXM1,1,0.29579699027683165,-0.1717993898590364,0.13716477997392704,-0.13230417381360776,0.09441247886253004,0.19601140273207496,0.2629658089854979,0.14121274409044193,0.04270283848652521,0.176319383474783,0.06986165011380041,0.13053470484663146
EZH2,GATA3,-1,-0.2805897196400897,-0.13388912265937303,-0.17703951783635344,-0.038002668191347434,0.11310343223103658,0.0767270152368137,0.01935174069627851,0.11050985298717546,-0.0546271813855103,0.15373622085650182,-0.06342560606534421,-0.10759454080869577
RUNX1,GATA3,1,0.18373660825945126,0.12422499096228265,-0.0055299583722411465,0.08671621879169046,-0.018037118714011487,0.04989826607181731,-0.027322929171668665,-0.026830987567588532,-0.23252247488101527,-0.01503269806934352,-0.001015883035370515,-0.04804941166126245
ZEB1,GATA3,-1,0.017126881679082093,-0.08459131075110454,0.05767780606490284,0.02763483895559367,-0.03290773680790209,-0.15196590277293187,0.024537815126050418,0.03159658608516913,-0.117239555790587,-0.16864696127207104,-0.08438480437363004,-0.038587711982207396
TP53,GMPS,-1,0.05355748937780099,0.12421102461603196,0.03226450968386452,0.1190394511149228,-0.001867934404951771,0.07777408300964805,-0.3467466986794718,0.010085347870771704,0.12025383395029082,0.1448785484342991,0.18434654390606542,0.17876007784264666
DNMT3B,HOXB13,-1,0.14487866083678982,0.08444666526404375,-0.1025572855489159,-0.11797217457594815,0.003531077770036379,0.07766328575531789,0.3314765906362545,0.18780106349702846,0.14275704333668707,0.07539264462003709,0.14555666266971773,0.19451394680752482
EZH2,HOXB13,-1,0.08086968565635763,0.008902272249105827,-0.11399434596327153,-0.09860872879740804,0.0648359143210841,0.04411912103720911,0.09819927971188475,0.020076857768443628,0.06060285563194077,-0.024680518973758656,-0.06824956985257731,0.0706469989970365
FOXA1,HOXB13,1,-0.055814216530671555,-0.06883810225120976,-0.00591021881344462,-0.24642652944539734,-0.06565629200519851,-0.13645140502487202,0.48264105642256894,0.03198087492738728,-0.20528820729772607,-0.04565896010145352,0.057960987180656814,0.13844870725604672
AR,IGF1R,1,0.3261955788101505,0.17821638964864295,-0.2646547001385711,0.334019439679817,0.27653204600347137,0.4294436858377965,-0.18309723889555823,-0.09658608516913177,-0.17863564251718664,0.06485220954053264,0.18438303674681114,0.2255861365953109
BRCA1,IGF1R,1,0.13608589962916037,0.3169577109194193,-0.10187232122715995,0.2581665713741185,0.08058199227969425,0.18906521580197297,-0.0875390156062425,-0.08283658787255908,0.30782654680063454,0.2420349234221052,0.07109497535376703,0.06044866196073576
E2F1,IGF1R,1,0.01715446228441189,-0.04397222806648432,0.05151622570977409,0.1736992567181246,0.040252731341318945,-0.010148034422661033,0.037022809123649456,-0.06710755619107198,-0.0437334743521946,0.024143985952589993,0.1423166893884014,-0.06538782318598833
ESR1,IGF1R,1,0.666648672598651,0.455738480959394,0.0074119428958138635,0.6455879550219172,0.41723017959965836,0.5720750996997803,0.29901560624249696,0.7124178917735376,0.3297197250132205,0.496644229831236,0.3838331784031423,0.6270781206561024
MYC,IGF1R,1,-0.08084437347316523,-0.10272459499263623,0.30510135026264057,0.06262626262626263,0.013162478456918428,0.04612249807203854,0.37046818727490993,0.16456946244246834,0.017821258593336855,-0.1385084382011511,-0.0816606215125296,0.03311092577147623
NCOA3,IGF1R,1,-0.20227008294961346,0.09333578792341678,-0.014537075827398407,-0.13466742900705161,-0.20073370545145217,-0.3303101071818065,-0.3922303057626536,-0.19428280339035692,-0.01636721797099635,-0.04243000682860209,-0.15350182353384856,-0.009438464639451886
PGR,IGF1R,1,0.4281320530156638,0.0984904270986745,0.11780155328542424,0.32837812083095097,0.2050423820908498,0.41972487341488546,0.2049939975990396,0.49671567094150765,-0.059227921734531994,0.0473904984879524,0.07367559344016529,0.22880177926049486
PITX2,IGF1R,1,-0.18198631848870075,-0.3021907216494845,0.0671457574683381,-0.2936916333142748,-0.15183410832305286,-0.41108147435398545,0.06660264105642257,0.23682917020420927,-0.109941829719725,-0.3170324846356454,-0.16047233571440897,-0.29219324481879183
TP53,IGF1R,-1,0.05596132470097084,-0.047877656217126016,-0.09502755309206921,-0.06765770916714312,0.21498633181396573,0.01742122479205137,0.15659063625450179,0.1445506948478484,0.13527234267583285,-0.07608038240171693,0.041205841813398286,-0.0706051339078862
AR,IGFBP3,1,-0.234345717248573,-0.14263359983168525,0.04241887145112951,-0.34575948160853814,-0.2961065024895807,-0.19464567560592969,0.043745498199279705,0.00393896503303011,0.02580645161290322,-0.14887328065554584,-0.16995365406941823,-0.15208970438328237
DNMT3A,IGFBP3,-1,-0.03050076037910543,0.3034399326741006,-0.020719619670352244,0.070020964360587,-0.10842430426053827,-0.14941096771633833,0.025498199279711888,0.021406252967363294,0.38043363299841343,-0.17259779533704028,-0.06254086953606501,-0.07900101936799185
ESR1,IGFBP3,1,-0.39582464250696353,-0.2660424994740164,-0.07707776094872869,-0.5024204307223175,-0.32175927839243823,-0.26694031615239505,0.11827130852340936,-0.1804238129763548,-0.3567953463775779,-0.4169983416252073,-0.2403513374633021,-0.3283013622463164
NCOA3,IGFBP3,-1,0.029940442804814216,-0.22675152535240897,-0.06924688215010795,-0.04280541261673337,0.06876544181147229,0.04572822368689776,-0.13234411394244286,-0.037729652195478344,-0.06189928476591673,0.18604038630377528,0.032938527980551274,0.00034751342560573954
NCOR1,IGFBP3,-1,-0.17798704633617035,-0.14911634756995581,0.003058232090490155,-0.2974271012006861,-0.11716400297207268,-0.13650243177443488,-0.15831932773109242,-0.05745124609151234,-0.1413008989952406,-0.21459369817578774,-0.18203180401956254,-0.18752664257251414
RUNX1,IGFBP3,-1,0.07889597430498865,0.2175548177173161,0.03676648896789,0.25580331618067464,0.1938714317596688,0.11181862240507107,0.06554621848739495,0.14928872891712971,0.41734531993654145,0.20556800015623536,0.20653627357650653,0.16937301773054841
TP53,IGFBP3,1,-0.0533191009141035,0.09963444140542814,9.667751603235473e-06,-0.026491328378120828,-0.034152477283749434,0.007269674256128121,-0.055750300120048016,-0.11713673213369404,-0.022421998942358537,-0.07819237147595356,-0.0644261695221585,0.02650356778797146
HIF1A,IGFBP3,1,0.22272762496684964,0.07880549126867241,0.171712158808933,0.23072231751477032,0.1439892148141658,0.21871401643996555,-0.05411764705882353,0.06231071798421822,0.1029613960867266,0.1246219880987221,0.1508969846049634,0.09263274951348348
EP300,IGFBP3,1,-0.046268733667462335,-0.09474341694540558,-0.029738003931552317,0.07741566609491136,-0.1387564158728359,-0.05466942989304489,0.02770708283313325,0.06255655426192919,-0.07355896351136963,-0.13260657496829578,-0.15884161774855762,-0.09065888240200168
MYBL2,IGFBP5,1,0.026862816215671454,0.01424105249669914,-0.011324159711256486,0.06880121974461596,-0.0695580568829189,0.05721151918645922,0.03260504201680672,0.11505429197015057,0.04912809529904882,0.1879111646562277,0.035281266797951204,0.027731507115974514
PGR,IGFBP5,1,0.10501600817793147,-0.06968647987650702,0.2701588733846798,0.09418715456451304,-0.08471336604718509,0.02034559446067784,0.3025690276110444,0.2606818892711917,0.016340776584936583,-0.11659852282532669,-0.11918837749507331,0.307771077220447
DNMT3A,JUP,1,-0.09834503267946909,-0.44917683568272665,-0.06231676574779321,0.11621879169048978,-0.0391029506751441,-0.11086662751784689,-0.2785594237695078,-0.11135439474507347,-0.21808566895822315,-0.017442200760901378,-0.10120204458537474,0.08034473172087851
DNMT3B,JUP,1,0.233104845257891,0.1844887439511887,0.31855937378690735,0.008195159138555364,0.33705481571822027,0.30994545107222954,0.46929171668667463,0.44249966486438175,0.05698118695879989,0.3525704809286899,0.3580555130216706,0.2152163840237235
ESR1,JUP,1,0.21214395023358124,0.2875683778666105,0.1849473107537624,0.25122927387078325,0.15500671929862153,0.26138912275985027,0.1086674669867947,-0.14603869699271638,0.13796932839767317,0.14102526582772415,0.10596781232816925,0.06327495134834585
MYC,JUP,1,-0.19887183871578143,-0.16489585524931621,-0.13713061132415968,-0.09472079283400037,-0.13077806110735266,-0.05244526829912528,-0.05421368547418968,-0.25007372983600695,-0.1516657852987837,-0.24693688420641893,-0.1788834670171294,-0.2109257714762302
TP53,JUP,1,0.07266318278855277,0.04840363980643803,0.1443782024427186,0.10379264341528492,0.1945131340094468,0.005242640139803736,0.11414165666266506,-0.05651280218061575,-0.1526176626123744,0.017134913666959323,0.09110437692173025,0.007154109906403486
GATA3,LMO1,1,-0.17256049690544437,-0.04735167262781401,-0.0711466526591806,0.08702115494568323,-0.1421362777840702,-0.07201967817783468,0.021176470588235297,-0.13905893918405646,-0.08693812797461659,-0.1245927226612038,-0.15786715955055952,-0.14249837827819478
MYBL2,LMO1,1,0.17541051814963174,0.024418788133810224,0.2286392870350449,0.3339432056413188,0.1541287717611909,0.18269999504743847,0.26108043217286914,0.2580097412753027,-0.01295610787942887,0.08391864208369916,0.1349225155323137,0.1210267815772403
GATA3,LOX,-1,-0.34965712720421166,-0.2349963181148748,-0.23450742805581515,-0.24208118925100053,-0.2755745076851021,-0.3683432266645913,0.04566626650660264,-0.041342329862817814,-0.2851401374933897,-0.3154619061554971,-0.16797703909911996,-0.2538596978963952
MYBL2,LOX,1,-0.0020823639437761734,-0.06657637281716809,0.06975927298507943,0.004917095483133218,-0.006852766238815199,-0.21471476783099028,-0.031068427370948382,-0.029567898476250052,0.11697514542570066,0.01364744902936299,0.06662655741827944,0.19531090723751277
TP53,LOX,1,0.0036075894447969194,0.0944009046917736,0.04953433663111082,-0.02755860491709548,-0.07504247392636627,-0.04111569419583371,-0.02885954381752701,-0.05427856472585906,0.035007932310946586,0.19331284752707056,0.061757228911206496,0.08443147067000278
HIF1A,LOX,1,0.42112708434516505,0.38369187881338096,0.21341561664142308,0.17911187345149607,0.3504792283367669,0.42596981767498465,0.5457382953181272,0.3940926761696233,0.2565838180856689,0.5223246512535363,0.36293856134372554,0.3707348716523029
PITX2,MAP2K4,1,-0.08726999849939658,-0.04749631811487482,-0.1480487254680803,0.15890985324947587,0.013690226558219125,-0.2543494102914229,0.25349339735894355,0.0746324679386925,-0.18016922263352722,-0.06409130816505708,-0.140531463979347,-0.2025998577520444
E2F1,MCM6,1,0.07678851982947663,0.1805707598196423,0.12327531061746308,-0.048141795311606624,0.0023277256491860995,0.017155949455500495,0.21450180072028813,0.09654619245616727,0.018191673609120336,-0.007796809819547572,0.10558114716962166,0.14090974381461527
AR,MDM2,1,0.06664847394819762,0.03103303176940879,-0.0761142083722729,0.4086525633695445,0.16638330307863264,0.015180780287861741,0.07236494597839135,0.005737521783815183,0.01872025383395029,0.08588430397034436,0.08974723776318612,0.0013251783893985728
BRCA1,MDM2,1,0.1951316953493366,0.20406848306332842,0.2065708485063324,0.3146559939012769,0.07895221798078188,0.22952292682236577,0.04566626650660264,0.08886009205058312,0.07128503437334742,0.2076870549214711,0.11238860742545997,0.16193624765182846
E2F1,MDM2,-1,0.017724071335400063,-0.12601251840942562,0.04032741452096291,-0.008118925100057175,0.01624202944246658,0.08358273018208916,0.1224969987995198,0.0437419008892265,0.009254362771020623,0.04630767729977564,-0.09277320754149677,0.1510888703549254
ESR1,MDM2,1,0.19182597341152438,0.30798969072164945,0.07446746801585512,0.2839336763865065,0.14112486262937327,0.11357638618659835,-0.12614645858343337,0.20389204164618613,0.09212057112638813,0.12445615061945177,0.13674409888573547,0.11440088963024743
MYC,MDM2,1,0.08928649364155823,0.1955869976856722,0.23980213335052047,0.12719649323422905,0.007828671660477973,-0.0033417998551965337,0.22948379351740697,0.17173689619732782,-0.06425171866737174,0.12522192956784706,-0.03550999977808406,0.08080808080808081
SMAD3,MDM2,1,0.01813808946959868,-0.008665579633915422,-0.09456687597394889,0.29231942062130734,-0.10739428966758603,-0.071948927298755,-0.15764705882352942,-0.07037855844608534,0.005341089370703331,0.10677494878548435,-0.03285589343496198,-0.07600778426466501
SMAD4,MDM2,1,0.02229543560941924,0.17570481800967808,-0.007329772912390726,0.011625690870973888,-0.06176129715993763,-0.03410783973266178,0.11894357743097239,0.09198142452910754,-0.08321104193008967,0.026143790849673203,-0.004685387174437419,0.16543415809470854
TP53,MDM2,1,0.07474288819753834,0.17370608037029245,0.19324546421320615,0.37754907566228313,0.0764395982502273,-0.00734865797374199,0.1897238895558223,-0.10785557889092451,0.040243257535695395,0.0478099697590479,0.10062900835636736,0.18355110740431843
HIF1A,MDM2,1,0.004816888872696294,0.15767673048600883,0.13742708903999226,-0.26251191156851533,-0.01787180374137894,-0.013966223530327362,0.34741896758703483,0.1415657536082935,0.05642517186673716,0.1898839137645108,-0.07300392791184511,0.07864887406171811
EP300,MDM2,1,0.13830367244624076,0.1792695354915634,0.34538042602558733,0.02854964741757194,0.05023708869168062,0.09483812769376143,0.39207683073229294,0.12360262255093123,-0.12258064516129032,0.28085064871719834,0.12370681545886805,0.2383375034751182
TP53,MDM4,1,0.12393393917213225,0.04665474437197559,0.1468209210144694,0.06842004955212502,0.09692626526382814,0.149088610759322,0.3137094837935174,0.08620581795433219,0.2092543627710206,-0.10021949078138719,0.08561467012197978,-0.04667778704475953
TP53,MKI67,-1,0.009953271073463514,0.2596254996844098,-0.1122039251071509,0.18238993710691823,0.04827058416572025,-0.024529329776922473,-0.22535414165666265,0.09783278966888599,0.044262295081967204,-0.031314018144571264,0.05815232802132365,0.11529978685941988
E2F4,MKI67,1,0.23618525113546282,-0.15925468125394485,0.15135546233358232,-0.28530588907947396,0.20137459485210285,0.1502318574848372,0.2182097582231743,0.08649626882345055,-0.05732492497757687,0.1560140474100088,-0.05223855387643217,0.12027615605597258
AR,MMP2,1,-0.06011585378971598,-0.10847096570586996,0.07032967032967033,-0.38021726700971975,-0.28112627077395913,-0.2678274527561005,0.04096038415366146,-0.10261405782206531,-0.12665256478053938,-0.0923958638181641,-0.12514233440757078,0.1732462237049393
ESR1,MMP2,1,-0.18415397878472328,-0.22994687565747948,-0.16266636589217234,-0.46514198589670286,-0.34437277872844546,-0.3432997738330231,-0.010036014405762305,-0.016560168014656595,-0.40253833950290846,-0.3483757682177349,-0.20252293747642142,-0.15079232693911593
EZH2,MMP2,1,-0.24616711512695594,0.1593730275615401,-0.21508060104619806,-0.25694682675814745,-0.23878833406955946,-0.3536095645812071,-0.23918367346938774,-0.2056481522856249,-0.18841882601797988,-0.04811237928007024,-0.09342225759734457,-0.2068951137414359
FOXM1,MMP2,1,-0.3055215950160545,-0.05049442457395329,-0.22398891431149498,-0.20678482942633883,-0.22916573555656916,-0.37340427288142386,-0.13363745498199278,-0.27350641226149514,-0.2597038603913273,-0.36487659740513123,-0.18453591216074602,-0.1786396070799741
HTATIP2,MMP2,-1,-0.10341302189225206,0.024471386492741422,0.014636975927298507,0.06369353916523726,-0.06169938562039483,-0.10595887487235361,0.24753901560624247,0.04428258635327762,-0.2159703860391327,0.10045849185445324,-0.11087461996898107,-0.22454823463997778
NCOA3,MMP2,1,-0.03600130508290013,-0.22708026509572898,0.03750120846895041,-0.12338479130931959,-0.041795619195636936,0.019724177535288975,-0.18516651065386783,-0.011763273340274265,-0.10550113037847404,-0.150668227490001,0.09741129952337553,0.03161445470543948
NCOR1,MMP2,1,-0.11576693720181562,-0.05251946139280454,-0.1446940156617576,-0.22073565847150747,-0.06780338628161056,-0.2525971468528829,0.06881152460984392,-0.045234371509003966,-0.006187202538339502,-0.09165935030728711,-0.22433480701944722,-0.2111111111111111
PGR,MMP2,-1,0.008807920185121935,-0.08094887439511887,0.028184718507299155,-0.20960548885077185,0.029414915924584673,-0.23103227890939879,0.17522208883553422,0.030113052415210687,-0.06118455843469063,-0.020178519168861576,-0.019145426436104236,0.06332128625706608
SMAD3,MMP2,1,-0.09472178808142931,-0.2082237534188933,0.1182738523959068,-0.15700400228702116,-0.11042363723746522,-0.150388068571752,-0.05354141656662665,-0.026558410293606872,-0.23310417768376515,-0.3582626085259975,-0.08377919951948047,-0.17129089055694563
SMAD4,MMP2,1,0.033773739518697644,-0.070534399326741,-0.17641566209253098,-0.10203926052982655,0.12802192789933145,0.12293326242520963,0.26549819927971186,0.10256725341537903,0.15975885457311784,0.2123548922056385,0.008138400646220477,-0.09124270225187657
TP53,MMP2,1,-0.013587716368911474,0.11931937723543024,-0.12167187651058618,0.09159519725557459,-0.02154032650587288,-0.10538107602653629,-0.03423769507803121,-0.023986773314267833,0.06076150185087255,0.2953419178616721,0.050600282572942516,-0.1710870169585766
TWIST1,MMP2,1,0.5920800304349401,0.532926572690932,0.41988978763172313,0.6166952544311034,0.6456753124703447,0.6490166806989244,0.7038175270108042,0.37349300683676656,0.47646747752511887,0.6783630865281436,0.7067928464169208,0.41530905384116396
HIF1A,MMP2,1,0.17297395662970316,0.25673258994319376,0.12875511585189006,0.26289308176100623,0.14342075054106426,0.24204583241946775,0.3129411764705882,-0.026288037892667232,0.08646218931782125,0.42336357428543564,0.13408110780428986,0.07610045408210547
MYC,MTDH,1,0.22110920875694687,0.03272943643978223,0.07841036254905911,0.2179912330855727,0.05737395035799294,0.04422642666371015,0.17522208883553422,0.16876982885741093,0.1699629825489159,0.389967783553456,0.12916101705572627,0.10483833600983952
E2F1,MYBL2,1,0.06129636677983421,0.2831632653061224,0.0859785375914408,0.017495711835334476,0.047156313232579565,-0.013004011574843816,-0.11625450180072029,-0.001041154653916618,0.12501322051824432,0.07532923617208079,0.038382587584689855,0.08514502826429433
MYC,MYBL2,1,-0.015310628657255226,-0.16367294340416577,0.023102703747865036,0.22020202020202018,-0.09878379164358023,-0.007523176808805181,-0.051236494597839126,-0.1387103981411144,0.0842411422527763,0.0166130133645498,-0.04636711304643713,-0.02338059494022797
NCOR1,MYBL2,1,-0.06521624644558335,-0.0906664212076583,-0.07863104637298185,0.03945111492281303,-0.017439564577204587,0.0446178627102775,0.14612244897959184,-0.14478752401805262,-0.01570597567424643,-0.0037167105648229443,-0.1364699094336459,-0.105643591882124
E2F4,MYBL2,-1,0.0025387066150354682,-0.026917210183042283,-0.050224090967463976,-0.3375262054507337,-0.07886226745703878,0.04677477838709479,0.02175374570314656,0.01684615040886545,0.029297055754222867,-0.0859916105745781,-0.031862218712121165,0.01927532202761561
AR,MYC,1,-0.33637805869393916,-0.04816694719124763,-0.22281911636750346,0.06605679435868114,-0.19910368535927583,-0.2584883367175837,-0.253109243697479,-0.14316099915098973,0.044262295081967204,-0.1775192664130329,-0.35222051538740345,-0.196969696969697
BRCA1,MYC,1,-0.0735692682665373,-0.12109457184935829,0.052760143082723726,0.10013340956737182,-0.09772951991453174,-0.13120986361588874,-0.2703001200480192,-0.004968944099378881,-0.08751983077736646,-0.08785484342990928,-0.16616427354942043,-0.15265071043204353
E2F1,MYC,1,-0.04814514442096877,-0.06931148748159058,-0.07425800006445167,0.003773584905660377,-0.0591671743129938,-0.06085754782169835,-0.10770708283313324,-0.14195451092542113,-0.1566367001586462,-0.003487464637596332,0.009132582221719488,-0.15748308775831715
ESR1,MYC,1,-0.22601759645715794,-0.09175783715548073,-0.04436208952337985,0.08717362302267963,-0.1591503378016414,-0.1487631567155555,0.07563025210084032,0.09571473256177666,-0.10624008461131676,-0.21414983904009366,-0.2678648482711516,-0.013863404689092763
EZH2,MYC,-1,0.1281775122956634,-0.11601883021249736,0.11386705359283748,0.1687440442157423,0.0137998211655835,-0.19115601698261256,0.02895558223289316,-0.08847133473345546,0.027128503437334743,-0.007287093942054433,0.064019355032818,0.02256978632613398
FOXA1,MYC,1,-0.27126880453721014,-0.07750368188512517,-0.16886983983758178,-0.009033733562035448,-0.20010530472554958,-0.04171235994273895,-0.2814405762304922,-0.2529022744537289,-0.1264939185616076,-0.09035216076480344,-0.11074936075885382,0.023806876100454084
FOXM1,MYC,1,0.06445296800472398,-0.19971596886177148,0.08673906738422868,0.11873451496093004,-0.1730432147328658,-0.3037429573395783,-0.29968787515006,-0.1533625273694088,-0.1624008461131676,-0.24226416934933184,-0.10059941956657353,-0.0959873969048281
GATA3,MYC,1,-0.17878328626092466,-0.06940353460972017,-0.06664303438496988,0.06727653897465216,0.03962212746157448,-0.05349002294686844,-0.16859543817527012,0.010009383797309977,-0.17472236911686934,-0.04930738464540046,0.021768965797824728,-0.06957649893429711
HOXB13,MYC,-1,-0.07000709004613027,0.014385651167683568,-0.1124746221520415,-0.156546598056032,-0.09907157325614713,-0.06839609431334767,-0.24600240096038412,-0.2887975334018499,-0.17065044949762026,-0.021339381523753784,-0.0675260566280122,0.007941803354647392
HTATIP2,MYC,1,0.26238269637896994,0.09733326320218808,0.19290387032322517,0.1256718124642653,0.10695592813564717,0.15403173884435514,0.11490996398559422,0.272617185754502,-0.20407191961924903,0.35795044385913577,0.2526433885082071,0.1127977017885275
MYBL2,MYC,1,-0.015310628657255226,-0.16367294340416577,0.023102703747865036,0.22020202020202018,-0.09878379164358023,-0.007523176808805181,-0.051236494597839126,-0.1387103981411144,0.0842411422527763,0.0166130133645498,-0.04636711304643713,-0.02338059494022797
PGR,MYC,-1,-0.06254780449194322,0.11537450031559014,-0.012941896812864555,0.18765008576329328,0.12392590710531391,0.14046407859950993,-0.0022569027611044415,0.24710219402118053,0.22374405076679002,0.04814652229050825,0.0164143811381328,0.06816791770920212
RB1,MYC,-1,0.24781101161436087,0.26997600184679,0.04240121556064858,0.3907375643224699,0.22532945991532766,0.3502192098070151,0.4574789915966387,0.4096858770343914,0.2861448968799577,0.32449556689074815,0.3626703790744191,0.36662959873969053
RUNX1,MYC,-1,-0.2846055319662771,-0.1725894999872933,-0.07316882566534687,-0.08877453783114159,-0.17630042232121998,-0.25015285146850824,-0.10290516206482593,-0.21888401948717742,-0.18857747223691165,-0.21861796241597853,-0.19789697417280364,-0.04025122845722148
SMAD3,MYC,-1,-0.11974369951856446,-0.17903166421207656,-0.14590433099875696,0.07131694301505621,0.060174916047032026,-0.059933069668390626,0.15601440576230494,-0.29513192628367124,-0.171602326811211,-0.2789093746951517,-0.17003202247565544,-0.07274580669076082
SMAD4,MYC,-1,0.2948660615755354,0.3842704607616242,0.2838840867875682,0.05965313512483323,0.21175765434676969,0.36261969434429336,0.716110444177671,0.4116899902701419,0.16930419494069407,0.32024680518973764,0.252293872060013,0.321786674080252
TP53,MYC,-1,0.12219119142469105,0.07375604881127708,0.13472978634268956,0.11507528111301696,0.06517199261642447,0.38348627315027717,0.45680672268907563,0.1503239644309397,-0.13918561607615015,0.1835089259584431,0.27447892908306804,0.10709850801593922
HIF1A,MYC,-1,0.2916343518029367,0.20309541342310117,0.10773097869872063,0.18810748999428242,0.1912695035678098,0.3369840786938444,0.2883553421368547,0.351110416015014,0.007826546800634585,0.4053116769095699,0.29204776616965716,0.2755444351774627
E2F4,MYC,-1,0.23737205671619674,-0.017186513780770036,-0.001264867225199205,0.06559939012769199,0.24364895791119046,-0.04310043423567957,-0.09167306964085381,0.10672505473881762,0.054495696669181706,0.1712759730757975,0.18003953558392402,0.08829580205726995
EP300,MYC,-1,0.20251996593326269,0.17633058286320832,0.23220328059037737,-0.033657327996950634,0.19753023684379695,0.14073781462078425,0.5518847539015606,0.13308250266162136,0.19561078794288733,0.3028241147205151,0.3236190846755033,0.19046427578537672
AR,NCOA3,1,0.059951193818452354,0.2851488533557753,0.3213270600367375,0.07307032590051457,0.18494042622765958,-0.0128578006722539,-0.03687963697670397,0.14528368703222683,0.13014450218617776,0.06571553994732222,0.26136487763677363,0.04565863061225276
E2F1,NCOA3,1,0.001366482824701347,-0.033728697664632865,0.07481228448970385,-0.1386315990089575,-0.12479972179936168,0.11337245466194526,-0.04441883359824371,0.07486267802707877,-0.017451314799446834,-0.0724026924202517,0.010905945527971882,0.06392393626209043
ESR1,NCOA3,1,-0.10790662934863995,0.16625026299179463,0.3118011021236828,0.07878787878787878,-0.10955868082412934,-0.21146388961445012,0.10113087952205539,-0.13330369241673765,0.15811948863741224,-0.04096673495268755,0.09365549302729884,0.09577470009694182
GATA3,NCOA3,1,-0.21344852555901273,0.019053755522827686,0.20945183848409651,-0.27516676195921475,-0.2391448756026975,-0.2364024100122397,0.015126413603726236,-0.30569988125033737,-0.12160393448887273,-0.11071602770461421,-0.05981674169486842,-0.1128677271244028
NCOR1,NCOA3,1,-0.2880330825907181,0.09240216705238795,-0.15500950662240986,-0.3520869068038879,-0.3333486392717362,-0.15804930277918258,-0.06266657064400868,-0.07816265043421744,-0.14479303006328917,-0.3743390888693786,-0.24513294869528673,-0.08197146683188185
AR,NCOR1,1,0.19102826081654886,0.22614664422470016,0.04709806322709548,0.3663426720030494,0.21950831264483225,0.16806871325376216,0.05056422569027611,0.11651995174047096,0.12998413537810682,0.12685591649595163,0.1202296090088002,0.021564266518394958
ESR1,NCOR1,1,0.3110890402473849,0.24873763938565113,0.04949888820856562,0.485344006098723,0.30918875565936366,0.30886060425967454,-0.003889555822328931,0.09218463738326109,0.2066631411951348,0.21871524729294706,0.1732754050582036,0.33974608470021317
AR,NDRG1,1,-0.28231921000343,0.04832474226804123,-0.07719873223356391,-0.04943777396607584,-0.06716245661536864,-0.23510780677928483,-0.012436974789915966,-0.11668318142370815,0.00380750925436277,0.036142815335089264,-0.03671723145516089,-0.1427207858400519
MYC,NDRG1,-1,0.24012745625494838,-0.00036818851251840936,0.12102110956979645,0.14320564131884886,0.0734960538230805,-0.01114327659499976,0.19548619447779111,0.06258552949815056,0.06562665256478054,0.17231001853477712,0.15827540709870241,-0.019191919191919194
TP53,NDRG1,1,-0.12564687249983106,-0.06068535661687355,0.08182637012412756,-0.18833619210977698,-0.1026906002561147,-0.07364821442263492,-0.03097238895558223,-0.24515421282714792,0.19999999999999998,-0.16345234611257442,-0.11580266146298707,-0.08363451024001484
HIF1A,NDRG1,1,0.17215999249693006,0.10068640858405216,0.14320380136624142,-0.07345149609300551,0.1292874228658216,0.10755915075268814,0.06516206482593037,0.13140905693857,0.05975674246430459,-0.07982148083113844,-0.11954268541511842,-0.021323324993049765
TP53,NEK2,-1,-0.041809051541401486,0.05490629242840929,0.06356551800259709,-0.26906803887935965,-0.06904377799070012,-0.1230334203569146,-0.27663865546218486,-0.037521783815183875,-0.17117927022739288,-0.2785191688615745,-0.06014369806394652,0.11615725177783878
E2F4,NEK2,1,0.055326929510915,-0.2560891019143266,0.05231076120905637,-0.09106155898608728,0.03526853333693173,0.04740092625115174,0.2717057244777113,-0.0866169176460074,0.02250161953686251,0.02556823724514682,-0.10775266891278788,-0.1380320128629709
AR,NF1,1,0.21714065528661797,0.22146539027982326,0.1466634870410988,0.22752048789784635,0.2650527687201189,0.2703712656759481,-0.07649459783913565,0.06550784217346618,-0.04918032786885245,0.22163718373490252,0.2475216300271133,0.13574274858678528
FOXA1,NF1,1,0.2590512519117641,0.24743583000210392,-0.045967084422540334,0.6126548503906993,0.24056573161731848,0.1688542471214376,-0.11817527010804323,0.1926895750480361,0.17800105764145951,0.2583799853430676,0.249333450702236,0.21642109165044948
RUNX1,NF1,-1,0.2337634143866635,0.27279660738943945,0.13058445822142742,0.16234038498189438,0.32397773169669997,0.15648117522137467,0.08917166866746698,0.2992987837916696,0.2722369116869381,0.28299259338745825,0.15473677773664785,0.17377021075528695
TP53,NF1,1,0.10862746712478269,0.004891647380601725,0.0027230921436516113,0.005374499714122355,0.18149586678702567,0.05229321557232321,0.13757503001200477,-0.05340721211850395,0.24219989423585403,0.129565566244324,0.16519228156502552,0.0436289500509684
TWIST1,NF1,-1,-0.22169803507016966,-0.17504733852303808,-0.23061690121901587,-0.02504288164665523,-0.2907036686475124,-0.20318615167841306,-0.22247298919567823,-0.13227132579650563,-0.06742464304600738,-0.07257593475755904,-0.19142275018499744,-0.08990825688073395
SMAD3,NOTCH3,1,0.10595602147252238,0.0980959394066905,0.10353050744512078,0.1739279588336192,0.2761463368343073,0.10180343990774085,0.15764705882352942,0.08932491322776165,0.06081438392384981,0.31197444151790077,0.23506178757266302,0.2073579835047725
E2F1,NUSAP1,1,0.07982962083311619,0.1058936461182411,-0.031242975768576875,0.050657518582046875,-0.048453030725102625,-0.04847850234539164,-0.06362545018007203,0.21878993699450375,-0.05769434161819143,0.14920983318700617,0.10330489766339933,0.2130571772773608
E2F4,NUSAP1,1,0.16567178680306321,-0.2676204502419524,-0.0018787724493996526,-0.25214408233276153,0.06776179566708793,0.08030847510658962,0.2240683828937789,0.12366951159569237,0.019619508456347808,0.11130621402789971,-0.1051256477179033,-0.07370030581039756
SMAD4,PAK1,1,-0.005061846209628915,-0.004747001893540921,-0.002328320596050073,-0.048675433581093955,-0.04761617593264944,-0.015881831672751062,0.1736854741896759,0.11294306374628763,-0.1634342072354256,-0.10864305921373527,-0.05059345337194962,0.04852191641182468
HIF1A,PAK1,1,-0.256871626520723,-0.23736324426677888,-0.24974400578784636,-0.3938631599008957,-0.2340961499784755,-0.2555866728772066,-0.24648259303721487,-0.014857679074131998,-0.2441036488630354,-0.2102331479855624,-0.34988729125721657,-0.30992493744787325
ESR1,PGR,1,0.4748760896664189,0.01675257731958763,0.273735941477877,0.3800647989327234,0.03701644774099935,0.3648174745237876,0.3830492196878751,0.4977166093212386,0.001216287678476996,0.08723051409618576,-0.028361348163892304,0.41212121212121217
NCOR1,PGR,1,0.2797212841154152,-0.063025983589312,0.12145918597531499,0.2642652944539737,0.1799382253092561,0.2907247955889185,-0.1537094837935174,0.13331694892533177,0.3056054997355896,0.14828797190518,0.14009256359740502,0.4123158187378371
TP53,PIK3CA,-1,-0.055236457100332426,0.15939327593604674,-0.08332158432021035,-0.24779874213836472,0.03709971194259668,0.07305971610030587,-0.12326530612244897,-0.13868597645790015,0.07117927022739291,-0.1253002763155524,-0.14595611143042797,0.05990176999351312
HIF1A,PIK3CA,1,0.10246427203468798,-0.08547261424611671,0.11361550837513629,0.20434534019439676,0.08959534210260477,0.22343599285887794,0.09752701080432173,0.04454180765654468,0.08878900052882072,-0.03300905523630741,0.01762851215939341,0.1723936613844871
AR,PIK3R1,1,0.23110056935508191,-0.04604986324426678,0.3078300115136078,0.16706689536878214,0.05648073120732218,0.07533680406115761,0.36672268907563016,0.06548996827382814,0.014278159703860389,-0.03952058277315246,0.0803074869310137,0.22818089148364382
ESR1,PIK3R1,1,0.08991889168792619,-0.3140253524090048,0.12396504454866347,0.0038498189441585665,-0.10777030201978581,-0.1874063286737266,0.24849939975990393,-0.08205013628848473,-0.265732416710735,0.11435483654632021,-0.01912522157705437,0.06441479010286351
MYC,PIK3R1,1,-0.21854750991927438,0.03413633494634967,-0.20365651362369822,0.08099866590432626,-0.15636235511792623,0.07967265888018557,-0.16686674669867946,0.0720273470664462,0.07049180327868851,-0.27460037386662434,-0.30675608734329707,-0.030979519970345662
TP53,PIK3R1,1,-0.06285016531058447,-0.18164843256890384,0.02095329095094326,0.19199542595769006,-0.17580823746979518,0.09477209346208736,-0.17397358943577432,-0.26009205058313595,-0.15108408249603383,-0.06922991565451891,-0.1871413435342917,-0.08561764433324066
HIF1A,PIK3R1,1,-0.15362278910793278,0.014806438039133177,-0.02742586629314098,-0.27204116638078896,-0.03471324486709332,-0.11688176924581704,-0.08331332533013207,-0.010996916752312434,0.06805922792173452,-0.1575775016798334,-0.23065169111160871,-0.035047724955981845
AR,PLAU,-1,-0.21107910464659144,-0.23489112139701238,-0.002926108509321072,-0.49357728225652747,-0.27487174400904457,-0.1806907766152012,0.0848039569021604,-0.16455605701773982,-0.20142781597038603,-0.050970761317977446,-0.1569104159495682,-0.01131967065006429
E2F1,PLAU,1,-0.00414631924512763,0.040684830633284236,0.06492867207687332,-0.10501238803125594,0.020886464022354976,-0.11932614464674073,0.04196979520525945,0.0859823942088565,-0.0859862506610259,0.02309780289198873,-0.0883156988125297,0.07997442301273419
FOXM1,PLAU,1,0.11319095120329047,0.19362770881548494,-0.2529198647481282,-0.1976367448065561,0.06783769230745999,0.11521433696660965,0.17623472357357234,-0.1487242504133339,-0.01591750396615547,-0.12931696741080165,-0.032977708781073485,0.1069924334754951
MYC,PLAU,1,0.015317077347236667,-0.0671286555859457,-0.07651709300145325,0.07299409186201637,-0.060980026075175144,-0.19546121051291324,-0.11885039260070614,-0.005925197730014746,-0.14494976203067156,0.21824021617520803,0.026512555022850708,0.04257734490521521
SMAD3,PLAU,1,-0.2552390664437156,-0.31946928255838414,-0.09978271675758958,-0.39897084048027437,-0.16044404322516162,-0.2421367721425745,-0.3399841533789897,-0.2161694179471141,-0.19851930195663667,-0.31241174620068085,-0.13196856583276753,-0.27618050310973474
TP53,PLAU,-1,-0.010105190726330985,0.1246581106669472,0.013550976081162014,0.0894606441776253,0.012984321529711396,-0.13322870058271594,-0.3044971068610415,-0.15746011886143257,0.05483870967741934,0.1938425369299905,0.05965941313566107,0.07601276996082877
ZEB1,PLAU,1,0.20153177539440414,0.21193193772354302,0.17311895613984876,0.16699066133028395,0.20620759492430907,0.2543638604083509,0.08485197726280717,0.19959783725814376,0.5739820200951877,0.3634849367997757,0.2603332785940182,0.20817907598720364
HIF1A,PLAU,1,0.2976061166963845,0.2671996633705028,0.21197206984318526,0.412083095101963,0.20247288632076835,0.25235320510519443,0.27126701729349045,0.1922606014567228,0.2181385510312004,0.34602074436924773,0.22845022719273075,0.18409871234889658
E2F1,PLK1,1,0.029650611565128694,-0.05344668316974484,-0.08569354603537492,-0.02618639222412807,-0.023035429868681744,-0.06837015230905662,0.18933973589435774,0.1262816173237374,0.01575885774722369,-0.08810381451546666,0.02928306062722945,0.05697379974514227
FOXM1,PLK1,1,0.7651720179754898,0.5360119135703589,0.5251068087737504,0.5910806174957117,0.5431579875393625,0.6403866301986089,0.6013445378151261,0.5808091979307537,0.6060285563194077,0.5615880440657713,0.6497015969078516,0.5705766651282177
MYBL2,PLK1,1,0.04747094861328624,0.06059350868401629,-0.16166775563456945,-0.228587764436821,-0.011439042436317598,0.07046437956455211,-0.14352941176470588,0.10200433889908586,-0.05372818614489687,-0.19468635910300583,-0.06091841676226234,0.09524670035467994
TP53,PLK1,-1,-0.043097574031775276,0.26486648191575474,0.09743344744021748,-0.017876882027825423,-0.0441919033448855,-0.15036457359896627,-0.22689075630252098,-0.06900457796294529,-0.13347435219460602,-0.08813064123194982,0.02319614319798052,0.16653808640532725
E2F4,PLK1,-1,0.35419994172482183,0.014504045155917961,0.21201884576155663,-0.08877453783114159,0.2165546016551948,0.3396842373394271,0.2691605842519569,0.1466601426790887,0.1498962175728244,0.13038515848531237,0.05476299966589449,0.26854973045128144
ESR1,PPM1D,1,-0.03773498399800208,-0.20534399326741,0.00028036524824445573,0.07733943205641317,-0.13164074302303025,-0.17613195510620885,0.0844657863145258,0.15872469726082486,0.11036634541347135,-0.1085552629011804,-0.19193966249527206,0.08248540450375312
TP53,PPM1D,1,-0.0033387184552444186,0.06031716810435514,0.07687325073847551,-0.035105774728416236,-0.2808563603308537,0.17389622732729118,0.22372148859543817,0.14985030609053127,-0.18352966064084922,0.01492537313432836,-0.0829507541078744,0.0948382911685664
DNMT3B,PRC1,1,0.5084073298788545,0.3631785188302124,0.18357420979805428,0.45904326281684765,0.3236596831857535,0.3127084572703305,0.29267707082833133,0.31573197133992587,0.3409616732407075,0.35165349721978345,0.32706411702991356,0.43118339356871477
TP53,PRC1,-1,0.0009596318203713717,0.24105827898169574,-0.05359348325500358,0.015437392795883359,0.06844378594977821,-0.04527823094398434,-0.1398799519807923,0.0041489882233184195,0.13209941829719724,-0.08123597697785583,0.059744771716086366,0.09147437679547772
E2F4,PRC1,1,0.21479548089310965,-0.22981537976015146,-0.03461002392805771,-0.29491137793024585,0.14399083113644934,0.20239445687958138,0.23410487925571624,-0.040752582225809346,-0.11179418026069883,0.10135108769876111,-0.053628307848300534,-0.010814567695301642
AR,PTEN,1,0.20077308416536524,0.11090363980643803,0.06228287841191067,0.17499523537259384,0.1312654015814076,0.21345304382073613,-0.13699879951980792,0.12250323964430938,0.06467477525118984,0.0864062042727539,0.019301260729018464,0.09589472708738764
EZH2,PTEN,1,-0.3331718822826565,-0.22865821586366505,-0.15673235651255016,-0.02245092433771679,-0.2075587387796194,-0.24291267390727947,-0.33771908763505404,-0.024344251307028907,-0.03469063987308302,-0.23036289142522684,-0.01564854006302193,-0.14200755724150158
MYC,PTEN,1,-0.14669423455943914,-0.04552387965495477,-0.01944829364184203,-0.20998665904326277,-0.049027308821413595,-0.08874046926699732,0.2620408163265306,-0.09419991956745163,-0.10100475938656794,-0.15129255682372453,-0.034002944084584485,-0.14186822351959968
RUNX1,PTEN,1,0.27839196695342994,0.27428909563694864,0.08308472421510561,0.21174004192872115,0.27487611381248894,0.21289305821448418,0.2604081632653061,0.0746638306714692,0.3074034902168164,0.18157031212860067,0.09095309308035221,0.06492925801439448
SMAD4,PTEN,1,0.22942205658482168,0.11245529139490848,0.12761603526802767,0.29475890985324943,0.18656163119682545,0.1895924216330703,0.3538535414165666,0.259723691545463,0.23278996287019688,0.3121549117159302,0.23493707940750286,0.29924010749698826
TBX3,PTEN,-1,0.24602324599250186,0.22977593099095303,0.15883323034489247,0.37884505431675236,0.2079119995077712,0.041651091628421316,0.12825930372148858,0.36421909403826963,0.034108937070333155,0.04209838320457623,0.07076014624760574,0.15398016865906775
TP53,PTEN,1,0.01853498333808756,-0.12841889333052808,-0.005578292675066869,0.09731275014293882,0.03696134643111877,-0.08446004108267711,0.010996398559423769,0.08501720362840162,-0.09555790586991009,0.15264852209540536,0.054822602876523505,-0.1339727550736725
HIF1A,PTEN,1,-0.20025868092971288,-0.2041999789606564,-0.14778125100705744,-0.26060606060606056,-0.2148198034107711,-0.2655988000650908,-0.14717887154861942,-0.12719513829929843,0.004970914859862506,-0.09049361037947518,-0.07615414773189598,-0.11261236215364658
E2F1,RACGAP1,1,0.07060523917649686,-0.043459394066905105,-0.028729335180948088,0.14473032208881262,0.01691304094945679,-0.0020069666032267114,0.003217286914765906,0.11635461816881897,-0.05621364357482812,0.08845966247195397,0.027300596781380793,0.24248911129645076
E2F1,RAD51,1,0.086630084093229,0.17408741847254364,0.023160710257484448,0.03373356203544882,0.03692706117163752,-0.017312740110795876,-0.17647058823529413,0.06712096161580051,0.03664727657324167,0.05831626182811434,0.20851175994412297,0.21811694930960987
MYC,RAD51,1,-0.20889789616067422,-0.3107248053860719,-0.1661660919725436,-0.04455879550219172,-0.2022052768687762,-0.3717770026625914,-0.1408403361344538,-0.2671924572143527,-0.16451612903225804,-0.41168178714271786,-0.28038583781891163,-0.306440552312112
TP53,RAD51,1,-0.18195094103044385,-0.21308910162002942,-0.07183461699590732,-0.3201448446731465,-0.21438756424659672,-0.15717543623812857,-0.12921968787515006,-0.2101255641449573,-0.015282919090428341,-0.3940688713296264,-0.14161046851382902,-0.11903438050227041
E2F4,RAD51,-1,0.13810513646916525,-0.1845150431306543,0.1276355764454836,-0.09555936725748046,0.06281736843330915,0.1155779338899109,0.12725701128772268,0.18836855981053666,0.23482594959679895,0.10621402789971711,0.030516914074345796,0.2183671578166991
EP300,RAD51,1,-0.29901883501139226,-0.3558631118785619,-0.27395507718088363,-0.42008766914427287,-0.15749362508456521,-0.2197748940211069,-0.5084753901560624,-0.2935701925581533,-0.37879428873611837,-0.37907033460150236,-0.32954867961226847,-0.21588360670929482
DNMT3A,RASSF1,1,0.02032924140872564,-0.009638649274142645,0.10064298656426404,-0.1419858967028778,0.04506368793067031,-0.12620667169393457,0.06362545018007203,-0.11240448634880915,0.21390798519301954,0.05853087503658181,0.07107179746271348,0.11125500707797227
DNMT3B,RASSF1,1,0.051872744989582886,0.15477067115505994,0.05082667465875352,0.13596340766152087,0.049817721749934755,-0.0051129332093628865,-0.1669627851140456,0.04594932749452611,0.21782413836036824,0.07096380840893572,-0.06116548327887349,0.14974550492465571
E2F1,RASSF1,1,0.031093955896125902,-0.02063170629076373,0.07330089265573136,-0.1550219172860682,0.07855548854964169,-0.05600642890034586,0.15486194477791115,0.03024263818758657,-0.27239555790586983,-0.0593015315578968,0.17627678156656937,0.059021543465878595
EZH2,RASSF1,1,0.0553484847418271,-0.010335577529981065,0.10418961084819234,-0.014979988564894221,0.10612637979079748,0.17365116237935485,0.06593037214885954,0.07752803968005718,-0.04145954521417239,0.017886059896595457,-0.051837651041725795,0.0336949017463708
MYC,RASSF1,1,-0.07897779111145078,-0.09203397853986955,0.00033514872224549644,-0.05225843339050885,-0.10891263687318434,-0.06613206484794712,-0.12355342136854741,-0.018986549890522363,0.002115282919090428,-0.2152521705199493,-0.16005566639026284,-0.1818093360428752
TP53,RASSF1,-1,-0.025270568776150908,0.03337365874184725,0.027524088814411395,-0.2606822946445587,-0.03363934968209605,0.01979492845608274,-0.03010804321728691,-0.029125519460208228,0.05441565309360126,-0.18470880889669303,-0.06193280433495791,0.019224398166111656
DNMT3A,RB1,1,0.057111358152225046,0.11955028107691253,-0.11357057516013924,-0.11217838765008574,0.025474560031346523,0.022836025404282312,0.052004801920768305,0.02967070654488931,0.01824431517715494,0.13484310657885668,0.13160801057504007,-0.14938374571402094
E2F1,RB1,1,-0.056404935530906884,-0.20436569249923953,-0.011482084821781561,0.07977892128835523,-0.0036666860541645875,-0.08115125830438441,-0.22823529411764704,0.0780196590773746,-0.18249603384452667,0.1415010017328651,-0.11389865045463198,-0.19625613937540545
MYBL2,RB1,1,-0.04185730353170748,-0.24788454584841643,-0.07261782188437432,0.3136649514008005,0.03441689038818873,-0.09642637309768573,-0.018583433373349337,-0.17078306758921644,0.1403490216816499,0.009603952789921282,-0.06455634434357327,0.1064127513668798
NCOR1,RB1,1,0.2883805296918085,0.37191886650595124,0.0926123757088884,0.41459881837240325,0.22071197014733476,0.23786445546585913,0.5535174069627851,0.2972276433573991,0.4133262823902696,0.37538334721438893,0.20816754360464673,0.2540913724399963
PGR,RB1,1,0.15408382726089723,0.08929287616485448,0.14622175602119467,0.12178387650085762,0.11337706744706448,-0.01111260474078057,-0.12979591836734694,0.13164588637334096,0.25446853516657847,0.20216588889622006,0.02645780921094402,0.35548141970160324
TP53,RB1,-1,0.149416382420481,0.0913245011361335,0.061029391623603484,0.15319230036211168,0.04230494901598244,0.20888489539482524,0.3103481392557023,0.21725972704304075,0.22125859333685877,0.3262368625464119,0.13627268443622292,0.1892317672134186
E2F4,RB1,-1,-0.1291961870188108,0.011985929846736597,-0.09925759425091943,-0.060872879740804256,-0.046452881616608654,-0.15012219316966338,0.03385516715390358,-0.25478602125448363,-0.2748846494773474,-0.18624303268357506,-0.18428902752896642,-0.021972013715132983
E2F4,RFC4,1,0.1362628079825724,-0.03745672948924054,-0.010172940799236889,-0.07970268724985705,0.07452402344258555,-0.00018395304480769373,-0.024683058038448853,-0.22778969993054557,-0.08963629874261328,-0.17093942054433714,-0.06596286355729399,-0.0014085812250949868
E2F1,RRM2,1,-0.03220427792807089,-0.0871554807490006,-0.13070800167574362,0.025119115685153418,-0.03800949579240275,-0.07285218018833883,-0.07687875150060022,-0.07434201706957415,-0.1613432046536224,0.1341527655838455,-0.11718840346001887,-0.024603836530442035
E2F4,RRM2,-1,0.14711685411380468,-0.022078161161371762,0.04526774499967703,0.0519534972365161,-0.0475181742598448,0.04250258684005457,0.11890126790505712,-0.014665534653022923,0.037176588800033716,0.02307091991025266,-0.1032999661948109,-0.041710684829950884
CBFB,RUNX1,1,-0.31596368561109295,-0.0649793385037158,0.03447370201964457,-0.23781208309510193,-0.2625318975946889,-0.2675541981852378,-0.21172177009152052,-0.25344771152403267,0.07969328397673188,-0.20922374551735576,-0.29224651548256414,-0.3578128945725815
TP53,RUNX1,1,0.012390743175619988,0.07497287879448021,-0.05021434228220369,0.05889079473985133,0.163821192466575,-0.11878607928468164,-0.2442737094837935,-0.24278368423948773,-0.07641459545214171,-0.024546415650217805,0.015288546535221702,-0.10194630235015392
TRPS1,RUNX1,-1,-0.0995037012394908,-0.23102008613537234,-0.04872550733583108,-0.12346102534781779,-0.21541754433441165,-0.051985418235233435,-0.01819927971188475,-0.2537828475166331,-0.5581702802749866,-0.2887160871088956,-0.2478839052527303,-0.16405375788608081
AR,SERPINE1,1,-0.1677158315043958,-0.10830002103934357,0.03914798036479338,-0.30817610062893075,-0.16600983864499755,-0.27600287956252423,0.1721488595438175,-0.09890969212207873,-0.21533580116340556,-0.11173544044483465,-0.25152906348705595,-0.07347789824854045
E2F1,SERPINE1,-1,-0.10620167222523777,-0.038212707763517775,-0.0010940681045313921,-0.14038498189441584,-0.05105748597212486,-0.03214450168063474,-0.22458583433373347,-0.2100987532955002,-0.03241671073506081,-0.09938542581211589,-0.21251577453914297,-0.06653692892225002
ESR1,SERPINE1,1,-0.19459332553914174,-0.07997580475489165,-0.11115989748956066,-0.23712597674861824,-0.10250864019150767,-0.2451012357238333,-0.18002400960384152,-0.01577818490549175,-0.21401374933897407,-0.14532728514291288,-0.29101188064768985,0.00686683347233806
MYC,SERPINE1,1,0.3008258333952419,0.12801125604881128,0.09173575757774043,0.38791690489803693,0.30451983800214893,0.24444914807051746,0.2256422569027611,0.3799767639304705,0.47091485986250653,0.4670324846356454,0.3974719319300611,0.29020480029654344
PGR,SERPINE1,1,-0.11024136080688521,-0.14066116137176518,0.01866199821308186,-0.06224509243377167,-0.13853142764432716,-0.16298535868656105,-0.05478991596638655,-0.013217748782340584,-0.06689582231623478,-0.03391864208369916,0.05751621158664918,0.08854601056435919
SMAD3,SERPINE1,1,-0.18939010643878443,-0.188223227435304,0.04020505350711927,-0.14716981132075468,-0.08466806052572771,-0.27469634589186603,-0.15553421368547415,-0.3575878698646829,-0.2070861977789529,-0.21610574578089947,-0.36586870553359746,0.04393476044852192
SMAD4,SERPINE1,1,0.02092111003806751,0.0944929518199032,-0.22750189729930925,-0.017953116066323615,0.0039336261053212725,0.1336898395721925,0.15956782713085235,0.1383039214263357,0.17361414086843624,0.10963320651643745,0.09388435946972176,-0.005161708831433603
TP53,SERPINE1,1,0.042287486560596305,-0.07317746686303386,0.15856575566837963,0.12445206784829425,-0.012916359272785158,-0.015763305152851258,0.1011764705882353,0.0137897135707583,0.24463246959280796,0.22400253633791828,0.1416105732660049,0.02209248447780558
ZEB1,SERPINE1,-1,0.29891692321511365,0.2945376604249947,0.25115066477938675,0.08519153802172669,0.342489643246476,0.3849524494572811,0.22573829531812722,0.24525671388355152,0.5246430460074034,0.23449907326114527,0.31815188191100396,0.27571124084885557
HIF1A,SERPINE1,1,0.3348856701031047,0.30760835261939823,0.17791094221183165,0.29453020773775485,0.27342065870554777,0.40070963173563096,0.4821608643457383,0.33669511595692386,0.34362771020624006,0.4389083991805678,0.27702968768770275,0.22492818089148367
DNMT3A,SFRP1,1,0.051688891429830186,0.24209709657058698,-0.1133625353377115,0.024128073184676958,0.0827995138839995,0.1993005096421656,0.14573829531812724,0.18098663926002054,-0.007403490216816499,-0.08401619354209347,0.0028321403297670617,-0.004105272912612362
EZH2,SFRP1,1,-0.06545788472656618,-0.003958026509572901,-0.0514325628386734,-0.052639603582999794,-0.24638986821294387,-0.4227626937470481,-0.08926770708283314,-0.14598060681889272,-0.2696456901110523,-0.07757779728806946,-0.1879240139403703,0.02492360514232697
MYC,SFRP1,-1,0.3521690664134536,0.35663002314327785,0.16150623569978406,0.30200114351057744,0.31700946824174786,0.4529542029559717,0.5437214885954381,0.2876938200992001,0.41797990481226854,0.3463076772997757,0.30342662843137497,0.24646464646464647
RUNX1,SFRP1,1,0.046367295164406346,0.0011505966665819553,0.28790426340142067,0.14877072612921666,0.028464129637548696,0.050463094256154216,0.11798319327731092,0.09825293607063648,0.1739820200951877,0.172346810490337,0.07282993698818406,0.1369663074934347
ESR1,SIAH2,1,0.5401959520703693,0.18815747948663997,0.06848312977345236,0.4845054316752429,0.1594785455331419,0.4273565349049462,0.005810324129651861,0.5864426471245364,0.09227921734531992,0.27270510194127406,0.21374108668309988,0.5824496859659917
NCOR1,SIAH2,1,0.23811115076207232,0.20454186829370924,0.02138506654635687,0.4473032208881265,0.04118334384850511,0.10919926513420262,0.23918367346938774,0.10576880110818176,0.2411422527763088,0.12950931616427666,0.053243067776346804,0.3709581386307301
AR,SLC39A6,1,0.28845387351266283,0.3182726698926993,0.11236183171667043,0.22866399847531918,-0.014694294871598642,0.2356523113133014,0.3239855942376951,0.004218240314580633,-0.057324167107350596,-0.0360891620329724,-0.06787027288261387,0.03429709943471412
AR,SMAD3,-1,0.22570227174762056,0.1804255207237534,0.0139393089802459,0.44882790165809033,0.26143673604329737,0.2795084228921544,-0.3865066026410564,-0.012650266600690005,0.24394500264410357,0.18010438006048193,0.21305117456429293,0.12561393754054306
ARID1A,SMAD3,1,-0.03212252181019113,0.030743740795287182,-0.07785874552363685,0.15829998094149034,-0.12316864562124175,0.027564558741251573,-0.055943720153463695,-0.06471497705444032,-0.005579132458611033,-0.23177035383193728,-0.14875786076685713,0.03776767159604148
TP53,SMAD3,1,-0.057971472742567746,0.046562697243845985,-0.03080472882722704,-0.01429388221841052,0.02105910839958245,0.05625402395624765,0.12038415366146459,-0.15605719207435456,0.14341618191433103,-0.20345819920007807,-0.032894358871178524,-0.20999907330182563
HIF1A,SMAD4,1,0.12871897916179292,0.02561540079949505,-0.03238699396330042,-0.022679626453211355,0.03723200067593814,0.30414287912623184,0.27481392557022805,0.3956146338250757,0.3084387683871929,0.2869085942834846,0.1626087265274678,0.22336206097673988
ESR1,STC2,1,0.5579774800523903,0.4664422470018935,0.13292836196062,0.4235944349151896,0.33970938291374786,0.3837958975036205,0.3802641056422568,0.3799633585057419,0.07117927022739291,0.38797867515179674,0.3259752261858552,0.4644689866828893
HIF1A,STC2,1,-0.34329504152411094,-0.31114559225752153,-0.05123263832941252,-0.4979226224509242,-0.21104575131421852,-0.21203250537003807,-0.2167106842737095,-0.008950355243755306,-0.009941829719725011,-0.19620132768415854,-0.34101132960125524,-0.12006848347396484
MYC,TBX3,1,-0.012807791984056578,-0.013294235219861141,0.18369065103503354,-0.03716409376786735,0.21829982407371865,0.17246726294017614,0.22122448979591836,-0.11730653436994491,0.17604442094130088,0.1780852820278395,0.10278953384812525,0.11730145491613382
TP53,TBX3,1,-0.0034098013630633928,-0.10398695560698505,0.04960849602696982,0.028320945302077374,-0.0015661021535742054,0.02004021013037258,-0.005330132052821128,0.04406144606715076,-0.07006874669487043,-0.21162595310955287,0.004697222696191604,-0.1984431470670003
AR,TGFB1,1,-0.027590380392560725,-0.0940984641279192,-0.09550127292062775,-0.28599199542595766,0.054585194278035085,0.051117510135063424,0.12460984393757503,-0.07969078153626168,-0.10914859862506608,0.00210223392839723,-0.03786184342736132,-0.048971478480991586
E2F1,TGFB1,1,0.03935815520298917,-0.16732852934988426,0.019300054783925748,0.0736039641700019,0.04031885291317564,0.1280873914858392,0.09714285714285714,-0.04789311408016443,-0.13347435219460602,0.10372158813774265,0.05082570065091088,0.09401374759951928
FOXC1,TGFB1,1,-0.007010163338891629,-0.1251709446665264,-0.08644258966839612,0.022298456260720412,-0.10236415231226524,-0.00110843043891487,-0.030396158463385354,-0.09697037401134992,0.04447382337387625,0.103955711637889,0.08551709037436377,-0.13460322167402836
HTATIP2,TGFB1,1,0.03853026822819326,0.003958026509572901,0.07209886887306242,0.3414903754526395,0.003785459988796067,-0.04545036472078165,0.13709483793517407,0.11093882657848875,0.009888947646747751,-0.023934250317042244,-0.07712570338155378,0.2279404780389725
MYC,TGFB1,1,-0.0663335448527486,-0.15542815064169999,-0.09032580322902904,-0.022755860491709544,-0.06407976220723603,-0.022508212997879827,-0.01935174069627851,-0.12771348138880198,-0.08852459016393441,-0.16916398400156085,-0.04363807261440783,-0.08002983975056172
SMAD3,TGFB1,1,-0.02273616363270515,-0.05019198401009888,-0.050837953720464506,-0.14229083285687058,0.030507146333773123,-0.014289319211457867,-0.08984393757503001,0.012451419245080432,0.016552088841882598,-0.07493903033850356,0.013827348254976425,-0.09374037100472522
SMAD4,TGFB1,1,-0.034010936419468424,-0.2868057016621081,-0.1445217238582241,0.09136649514008004,0.04094950693453903,-0.0007688266726256,-0.024537815126050418,-0.05654414467154057,-0.06396171287857863,-0.05092186128182618,0.04741313521970463,0.04059410757611574
TP53,TGFB1,1,-0.025182840391255738,-0.00314275194613928,-0.03057587573716606,-0.13398132266056792,-0.008376011338625101,0.0006768500765288674,-0.07265306122448979,-0.05106126279100942,-0.0006345848757271284,0.008072383182128573,-0.01363057924784134,0.023366748602482786
ZEB1,TGFB1,1,-0.02196445091644834,0.054228908058068584,-0.10248138957816376,-0.16043453401943966,-0.08208138527184776,-0.07803119054344548,0.13661464585834332,-0.04310290897716609,0.12564780539397144,0.2269681006731051,-0.04814989699389999,-0.14323080166566488
HIF1A,TGFB1,1,-0.0409264217542996,0.025602251209762256,-0.05457445780026425,0.011092052601486562,-0.06588463622421335,-0.16303832575119742,-0.026074429771908762,-0.0175968541936637,-0.04653622421998942,-0.01620329723929373,-0.08318795774818596,0.00877121854144357
E2F1,TOP2A,1,0.06774422472260805,0.11534820113612454,-0.052225446612610804,0.16012959786544687,-0.023013987471796088,-0.013779912882084225,-0.06141656662665066,0.06220570870653677,-0.14780539397144365,0.1278315869569614,0.0786430968826222,0.254805520354498
AR,TP53,1,0.050601291675966956,0.11634756995581737,0.0477554703361155,0.062168858395273474,0.19142256276192254,-0.1969185633798166,-0.18751500600240098,-0.01232405380043791,-0.10126916975145424,0.21865183884499073,0.0744261624079357,-0.1477342229635808
E2F1,TP53,1,-0.029981153196437217,-0.12611771512728803,-0.018226934355966614,-0.20754716981132074,-0.05676598167575327,-0.008954702928850557,-0.25099639855942374,0.03697662987622324,0.01824431517715494,0.13919617598283096,-0.17411675591388118,0.089111296450746
ESR1,TP53,-1,0.04499052796598969,0.05768725015779507,0.1416744545776804,-0.013379073756432247,0.06466995845973471,-0.09285817042943424,0.07274909963985594,0.11789624201260109,0.09582231623479638,0.034645400448736714,-0.007611716174465367,-0.18067834306366418
EZH2,TP53,-1,0.04728390119221909,0.17826898800757415,0.0767927478799604,0.16211168286639985,0.09821566598065974,0.03237797971925418,0.066890756302521,0.11496939094686982,0.09524061343204653,-0.015774070822358797,0.10692166310866318,0.07188414392601981
FOXM1,TP53,-1,-0.011813831219558667,0.2201767304860088,-0.018397731300957107,0.14617876882027822,0.08435826871684354,-0.08814616188272806,-0.20220888355342137,0.0428392689575048,-0.05483870967741934,-0.12912398790361918,0.06050463680993393,0.14869798906496157
MYBL2,TP53,1,-0.020206500104883212,0.025260361876709443,0.010222036028487641,0.05401181627596721,-0.02922144910322618,0.06528891121472183,0.033277310924369745,-0.029371285580231464,-0.00047593865679534627,-0.1312652424153741,-0.12458211998747407,0.023287925122787507
MYC,TP53,1,0.12219119142469105,0.07375604881127708,0.13472978634268956,0.11507528111301696,0.06517199261642447,0.38348627315027717,0.45680672268907563,0.1503239644309397,-0.13918561607615015,0.1835089259584431,0.27447892908306804,0.10709850801593922
NCOA3,TP53,1,-0.15884793578561787,0.05250631180307174,-0.04545454545454545,0.023594434915189626,-0.13716324640182984,-0.05427656888693826,0.08288314247629042,-0.1840187050569818,-0.04637819114883295,-0.32398790361915913,-0.11834341120043318,-0.11665794021967606
RUNX1,TP53,1,0.012390743175619988,0.07497287879448021,-0.050214342282203686,0.05889079473985133,0.163821192466575,-0.11878607928468166,-0.2442737094837935,-0.24278368423948773,-0.07641459545214171,-0.024546415650217805,0.015288546535221702,-0.10194630235015392
TBX3,TP53,-1,-0.0034098013630633928,-0.10398695560698505,0.04960849602696982,0.028320945302077374,-0.0015661021535742054,0.02004021013037258,-0.005330132052821128,0.04406144606715077,-0.07006874669487043,-0.2116259531095529,0.004697222696191604,-0.1984431470670003
TWIST1,TP53,-1,-0.03688927084252179,-0.05038922785609089,0.013824884792626725,0.08633504859919952,-0.07765794943536464,0.06528891121472183,0.11663865546218487,-0.02364716922114482,-0.05372818614489687,0.16115013169446885,0.06171679089848825,0.07353350013900473
ZNF395,TP53,1,0.1347328567723046,-0.0015516515884704395,0.11731816570526248,0.15746140651801027,0.14250484432349364,0.08085646297488579,0.28825930372148856,0.038013316055230346,0.024695928080380746,0.03649887815822847,0.11626668376241187,0.08968584931887684
HIF1A,TP53,1,0.09031447592481191,0.2010046286555859,0.07320743772356676,0.014675052410901465,0.13064092006942765,0.20173433988250636,0.035006002400960384,0.06583850931677017,0.21803278688524588,0.2718905472636816,0.07783281840619984,0.14014456491520713
EZH2,TWIST1,-1,-0.11004376393332911,0.0029849568693456757,-0.06408123509066545,-0.08595387840670858,-0.3044893193731204,-0.26236446039751243,-0.17474189675870347,-0.2519862370972787,-0.1579587519830777,0.05316554482489513,-0.1276392610094452,-0.06416936375089909
TP53,TWIST1,1,-0.03688927084252179,-0.05038922785609089,0.013824884792626725,0.08633504859919952,-0.07765794943536464,0.06528891121472183,0.11663865546218487,-0.02364716922114482,-0.05372818614489687,0.16115013169446885,0.06171679089848825,0.07353350013900473
HIF1A,TWIST1,1,0.28235363931223156,0.24079528718703974,0.12878411910669973,0.3504097579569277,0.24585653455617426,0.33296542876211904,0.20086434573829529,0.05050717190222976,0.08931782125859332,0.4363427958247976,0.2500504242292736,0.2720322490964693
AR,UBE2C,1,-0.22476115347273323,0.15379760151483274,-0.026199606844768134,-0.10417381360777588,0.11678600181834323,0.168321058055813,-0.15534213685474188,-0.011470575092720854,0.03146483342147012,0.05828211881767634,0.17812402141242087,-0.20448521916411827
FOXA1,UBE2C,1,-0.3192924332901135,-0.05989638123290553,-0.11914537075827399,-0.1443491518963217,0.014533888836168499,0.06469460383045259,-0.027611044417767107,0.044814334867509714,-0.1281332628239027,-0.3526095015120477,0.03974415559758259,-0.1703827263460291
MYC,UBE2C,1,0.0883414796221195,-0.09687302756154006,-0.045071057974283776,-0.17491900133409566,-0.09475527365453315,-0.27232013357765966,-0.3139975990396158,-0.09909289959336877,-0.0709148598625066,-0.10158521119890745,-0.0564706984680404,-0.16025391529978686
NCOA3,UBE2C,1,0.3763252662636491,0.1492215442878182,0.06525410073797171,0.19176672384219554,0.3142119309178021,0.29445589888755186,0.31237244600710845,0.27517569504429235,0.48157696430655333,0.4897131987123208,0.29127768680596006,0.20990274257820812
E2F4,UBE2C,1,0.29099973550640074,-0.08369713864927412,0.12374590831601749,-0.12147894034686485,0.0973799923348091,0.18436929753088035,0.29033807179078164,0.007685776844363018,-0.02287179894169926,0.2133694273729393,-0.005409821069060039,0.08495968862941342
AR,VEGFA,1,-0.03404729508332707,-0.07542629466395778,0.08458322692087027,0.10371640937678671,0.10321148801087332,0.2585427314926358,0.3055462184873949,0.11078044322929304,-0.01523003701745108,0.21911520827236372,-0.030897107449224404,0.06122694838291169
BRCA1,VEGFA,1,0.09299526678792908,0.04749647425491901,0.02198287356424416,-0.0757385172479512,-0.019734228015342654,0.298136125950841,0.2632893157262905,0.079474238067668,-0.03733474352194605,0.17441225246317438,0.09841135282692899,0.06559648224575625
DNMT3A,VEGFA,1,-0.09963453089480702,-0.1633250161913681,-0.134341681450294,0.02755860491709548,0.010424555592629893,-0.12619723823782872,-0.3937094837935174,-0.009453079791524089,0.096351136964569,-0.010550190225343871,0.034219928543072646,-0.06309887869520897
E2F1,VEGFA,-1,0.03455538329378194,0.0019329960452583322,-0.013919962231291159,0.13558223746902992,-0.01820730949487405,-0.03865830312171422,-0.196734693877551,-0.0787078929084875,0.009465891062929666,0.13378207004194714,0.11016599561740935,0.047141136131961824
ESR1,VEGFA,1,-0.20003798027844708,-0.04253906262864425,-0.22781269360702633,-0.02176481799123308,0.05791576234192812,0.19886432980309346,-0.1624489795918367,-0.3277723038846017,-0.15721840296139605,0.08502097356355479,0.0954667508303354,-0.29886942822722645
FOXM1,VEGFA,1,0.27234040786110664,0.16819038038691633,-0.012095978292661505,-0.008042691061558985,0.13276048378950076,0.29495940960720085,0.27145258103241293,0.07139521738079703,0.047012162876784766,0.10072675836503756,0.04662354922465042,0.23804096005930872
HTATIP2,VEGFA,-1,0.05268782850632083,0.06633332347146705,-0.10878001738588927,-0.3032971221650467,-0.0863137529808278,-0.049128260217178484,-0.022424969987995196,-0.08671541783706757,0.005182443151771549,-0.10892108087015902,-0.022400193313426648,-0.10184412936706515
MYC,VEGFA,1,-0.03743347613272775,-0.14790707154466476,-0.07789313742158552,0.032132647226986846,-0.12157614235729526,-0.12981025192636375,-0.21459783913565425,-0.09450845549077498,-0.306504494976203,-0.16494488342600724,0.028512250991840887,-0.07265313687332037
PGR,VEGFA,-1,-0.24487992900147865,-0.3409765574936815,-0.17507345483027084,-0.16981132075471694,-0.04221801139372641,-0.0799497196789698,0.1038655462184874,-0.30212766908263683,-0.09682707562136435,-0.20812603648424544,-0.0037602420363005134,-0.16186637012325086
RB1,VEGFA,1,-0.1239491766150606,-0.17193915624918268,-0.007908239925173989,-0.12147894034686485,-0.03215406326242611,-0.08918625238859604,-0.1280672268907563,-0.04648681739630697,-0.21819143310417766,-0.1637183734738968,-0.03833623180258274,-0.14760448521916414
RUNX1,VEGFA,-1,0.020345347768107737,0.18495080361322733,0.09749137554602745,0.016275967219363443,0.15992491523579636,0.15154030741293206,0.21911164465786312,0.09899715915761738,0.19730301427815966,0.07699746000086204,0.10956101277629185,0.2382731866218669
SMAD3,VEGFA,1,-0.11417756715299435,0.18876298115430856,-0.24412259705446934,0.19412997903563936,0.024752120635134434,-0.17037647154548324,-0.47716686674669867,-0.21016201627213707,0.35631940772078263,0.269812701199883,0.023612846370774484,-0.06378463534426837
SMAD4,VEGFA,-1,-0.1509524939964894,-0.060179295245746646,0.008673598455735324,-0.01810558414331999,-0.16961428423629654,-0.22255658603022244,-0.33138055222088836,-0.2559171184497724,-0.2288237549612317,-0.17586576919324945,-0.01676600285828054,-0.07964970809007506
TP53,VEGFA,-1,-0.09798121463982103,0.013570421215691148,0.08902233977504402,-0.16691442729178574,-0.10784734488215972,-0.25038632950712775,-0.23918367346938774,-0.1956079261989917,-0.04061343204653622,-0.10642864110818456,-0.10752911413629088,-0.04166434992123066
TWIST1,VEGFA,1,-0.031823679959728964,-0.056944485537355156,0.08508756170248782,0.1760625119115685,-0.13123111632192636,-0.16122483994080947,-0.043745498199279705,-0.0616025327373912,-0.12443151771549445,-0.07548044093259194,-0.16652225693425615,0.12537299601519786
TRPS1,VEGFA,1,-0.15947112446900782,-0.17442330641040238,0.01716510680054922,-0.028244711263579185,-0.17486099925032403,0.04548340861428626,-0.11154861944777912,-0.2692843051177576,-0.259439450026441,-0.08984489318115307,-0.04494193075284639,-0.2780928551570753
HIF1A,VEGFA,1,0.042074289145685784,-0.1109697525573814,0.08609300867925894,-0.1344387268915571,0.002236500944375227,-0.10108537808409442,0.09262905162064825,-0.011171212232952124,-0.26213643574828127,-0.15816017949468347,-0.045747721046752746,-0.03821703271244556
EP300,VEGFA,1,-0.08634440784721428,-0.1395185230242689,0.1094325911448513,0.048599199542595756,-0.03974457481686467,-0.22110632166122485,-0.02175270108043217,0.0038853519550226053,-0.29259650978318347,-0.1482587064676617,-0.09052002064312019,-0.00546751922898712
DNMT3A,WIF1,1,0.015730181408967245,0.17932095518619814,-0.11797889044740581,-0.031446540880503145,0.014159199928980534,0.08105456543630887,-0.037695078031212484,-0.01274855891684168,0.14299312533051292,-0.05884791727636328,-0.022181258146182513,0.07182837549810028
DNMT3B,WIF1,1,-0.07247939873153225,-0.1650273511466442,-0.12448700410412877,-0.09380598437202209,-0.09228492651167094,0.034571237880964,-0.3478031212484994,-0.011841458510210463,-0.1520644112297254,-0.20087308555262903,0.03856706245832421,-0.11118524696506349
ESR1,WIF1,1,-0.1345796657549418,-0.21825689038501997,-0.2016402951886823,-0.1882599580712788,-0.1179627209026819,-0.1711959021090837,0.2175750300120048,0.05351892399124178,-0.021364357482813325,0.04076675446297923,0.022486022981646633,-0.2375127420998981
MYC,WIF1,1,0.13113726461586062,0.21181359141594783,0.13455576681383133,-0.04082332761578044,0.13123478974258504,0.30882758718277076,0.345594237695078,0.11424549801152865,0.07181385510312004,0.07561701297434398,-0.027461876039628835,0.05511074043184135
MYC,XRCC4,1,-0.03358615841308725,0.012018725015779505,-0.04865134865134865,-0.04242424242424242,-0.07865467090742674,-0.05962298013492057,-0.23130852340936373,-0.03146256698532615,0.016975145425700684,0.18847452501541304,-0.007919439588321302,0.01818181818181818
E2F1,ZEB1,1,-0.057132681952273,-0.10716915632232274,0.01109535625664658,0.18162759672193632,-0.02267909385256032,-0.12032255344791963,-0.13440576230492196,-0.012601099244827739,-0.1119513484928609,0.10246317432445615,-0.13504678854134225,-0.08894449077935318
ESR1,ZEB1,1,-0.0379318251895541,-0.061803071744161574,0.11289355805484837,-0.16272155517438536,-0.1364988433313224,-0.22496788202995374,0.10501800720288115,0.08445864426471243,-0.2885245901639344,-0.19104477611940301,-0.29432822071673576,-0.0911685663979242
GATA3,ZEB1,1,0.017126881679082096,-0.08459131075110454,0.05767780606490284,0.02763483895559367,-0.032907736807902085,-0.15196590277293184,0.024537815126050418,0.03159658608516913,-0.117239555790587,-0.16864696127207104,-0.08438480437363005,-0.038587711982207396
PGR,ZEB1,1,0.1326443059082686,0.019119503471491685,0.19694176790950985,0.06049170954831331,0.08648214456813055,-0.08679251290174028,0.07169267707082833,0.19674695026587424,0.006451612903225805,0.15377036386693982,0.10826839412683274,0.1681215828004819
TWIST1,ZEB1,1,0.374991141959475,0.3158268462023984,0.21321903902549066,0.20975795692776822,0.376232471273094,0.46768717008706356,0.527202881152461,0.24820143884892085,0.4008989952406134,0.4201004780021462,0.37999224773329715,0.42175887313502
EP300,ZEB1,1,0.09073515877986474,0.01455011670369067,0.0166059746704908,0.1472460453592529,-0.05241666766155418,0.00035139665430298974,0.40456182472989194,0.10250916317666164,0.07921734531993653,0.0664179104477612,0.15562334133135822,0.047382077657307016
AR,TRPS1,1,0.12920649224541728,0.23385230380812116,0.015768102864877058,0.21806746712407085,-0.08604684408682045,0.18448999228815416,-0.11135654261704682,-0.16283569417757718,0.16694870438921203,-0.03610867232465126,-0.05888318564825165,-0.0034565841905291454
ESR1,TRPS1,1,0.4111980652560691,0.15642751946139277,0.09013567078083207,0.46194015627977886,0.1053121046288531,0.361704435844282,0.15313325330132052,0.4180034854104294,0.28476996298254886,0.2529509316164277,0.2247831326103379,0.2346955796497081
MYC,CCT3,1,0.07985646472118965,-0.08610351357037659,0.17440651994241316,-0.14015627977892128,0.011026996580657604,0.030585623059145417,-0.314093637454982,-0.01838777425264757,-0.052670544685351664,0.16794235677306987,0.16066182281385608,0.11256602724492634
TP53,BNIP3L,1,0.10985146482942329,-0.18003103303176937,0.0021140150172408237,0.14610253478178004,0.14637050733000478,0.049025642476941106,0.03990396158463385,0.09855668260422716,0.20269698572184028,0.24320554092283683,0.12493225400003448,0.06048558984338802
HIF1A,BNIP3L,1,0.15066913291908937,0.16884073216915632,0.25784215784215786,0.16378883171335998,0.12804258719016992,0.1712973117024312,0.727923169267707,0.44028330130926313,0.46509783183500786,0.36034045458979613,0.285728586962686,0.204235010657029
E2F1,SIAH1,1,-0.0026681609266714125,-0.03641121397012413,0.013866778382907414,0.11713360015246807,0.011640457830661428,-0.023543534195079034,-0.10732292917166866,0.011667187988739442,0.09825489159175038,0.06913959613696226,-0.031299029561428396,-0.06146788990825689
TP53,SIAH1,1,0.05883707742240808,0.0626577950767936,0.004508394830975476,0.101810558414332,0.03542830554288565,0.19958115479584831,0.29642256902761105,0.09591134545779524,0.18677948175568482,0.31259389327870457,0.09565611908501598,0.23005282179594108
TP53,CDC42BPA,1,-0.021837391525199007,0.03575373448348411,-0.07023955115788687,0.13177053554412044,0.00021489510853427455,-0.15586418661251863,-0.40072028811524607,0.06765271013003261,-0.11618191433104177,-0.038727928982538296,0.045390212220773496,-0.0677045686219998
DNMT3B,DLC1,1,0.12904261147559268,0.17467915001051967,0.21142762306692242,0.20869068038879354,0.2991818371333491,0.2916091815774144,0.01531812725090036,0.31578712185531077,0.3570115945789866,0.46515461906155503,0.40906265403127645,0.19318876841812624
ESR1,DLC1,1,0.1440257841525882,0.21884862192299598,0.05184815184815184,-0.01780064798932723,0.08766434730967854,0.025175521139183487,0.18809123649459786,0.06523079672907636,-0.12670544685351665,0.03334796605209248,0.07854196306825886,0.13645630618107685
ESR1,RNF115,1,0.16073867898734273,0.0276272880286135,-0.07875704439593884,-0.058167679973971397,0.1589454331061287,0.08619364089623095,0.0818266945420619,0.16450056861511322,0.27739658115302535,0.017876304750756026,0.1643683956816357,0.09126123621536465
MYC,NIT1,1,-0.3329366135488211,-0.18078055964653897,-0.21522365958537135,-0.2846960167714884,-0.2641980856569249,-0.28324676166968377,-0.5662905162064826,-0.21408463291478616,-0.22347964040190374,-0.315018047019803,-0.32066324291327375,-0.2684181262162914
AR,CCAR2,1,0.22064442769198817,-0.011387544708605089,0.20054961212150182,0.3032266672299754,0.22441913252757878,0.3705397361467965,0.053974885366946945,0.06135453182581966,0.190269698572184,0.17131520255988075,0.13742368864301016,0.1543836400329415
ESR1,CCAR2,1,0.1241882831287046,-0.011058804965285081,-0.0022364750060229342,0.24852770211683714,0.032447334611073395,0.1785355476843431,0.12134745135433712,0.13148293373939993,-0.03564251718667371,0.15974070790752767,0.05775979765208139,-0.11343275283311147
TP53,CCAR2,1,0.05039744111056154,0.018264780138859668,0.02872935832664908,0.08687034250372268,0.2020486061048079,-0.15770526057654075,-0.04994117507261995,-0.04623541318974225,-0.18852459016393439,-0.14237896592899807,0.061720751289148786,0.04272551831518814
E2F1,RNF2,1,0.041183705449049125,0.031348621922996,0.1884663723373401,0.043643987040213446,0.055921094924251,0.08747167016883517,-0.066890756302521,0.01981768622369185,-0.028133262823902695,0.07317822651448641,-0.00578263724455331,-0.14610323417662868
AR,BTG2,-1,0.22755409179743089,0.24787058131373851,0.19097032000257805,0.07688202782542404,0.007872757528375605,-0.06133636776354576,-0.0875390156062425,0.0045801918988722205,-0.018667371760973026,-0.10470198029460542,-0.15159891931712796,0.141729218793439
ESR1,BTG2,-1,0.358662970943677,0.10461190502076638,0.277035867358448,0.13382885458357155,-0.010817618226057125,-0.07209405161287727,0.31015606242496996,0.36006564196997526,0.12109994711792701,0.037371963710857485,-0.11701696155662622,0.4607357983504773
FOXM1,BTG2,1,-0.48142383656586235,-0.2743079183817105,-0.3263123972801392,-0.02176481799123308,-0.2812005235852645,-0.35167119669381613,-0.2675150060024009,-0.2241076724918424,-0.4250132205182442,-0.29930250707248074,-0.19630716471619145,-0.4260587526642573
TP53,BTG2,1,0.09513629411614305,-0.0241295764833268,0.0907157358770262,0.3299028016009148,-0.0887003062410397,0.13827568112550812,0.3023769507803121,0.1895640886145432,0.005817028027498677,0.19750268266510587,0.12516276944665072,-0.20949865628764713
HIF1A,BTG2,1,-0.07317787655249938,-0.001702877468441864,0.04773291224904128,0.0021726700971983984,0.10575845775014624,0.20421675736561198,-0.13066026410564224,-0.08448331525466111,-0.07493389740877841,0.3197590478977661,0.17878810518760926,-0.025762209248447784
CNOT7,PMP22,1,0.237916999529452,0.13199558173784978,0.08367439012600303,0.31214027063083666,0.23104775140737932,0.21342474346910423,0.13911164465786313,0.26874301800795386,0.052564780539397137,0.25679445907716325,0.07951444795948306,0.12093411175979984
MYC,RGS2,1,0.335551913724502,0.23787607826635807,0.2552125294060778,0.2596912521440823,0.2860523278772832,0.4365423573721236,0.1761824729891957,0.30157290316814866,0.2932839767318879,0.4316895912593894,0.24375787493311696,0.26993791122231486
PITX2,RGS2,1,0.26653585815879804,0.37447401641068795,0.15438110276819955,0.2702877834953306,0.22043279017727316,0.31930343401183425,0.06439375750300119,0.021363778542383482,0.27038603913273396,0.19702955809189351,0.2996560303186465,0.37498001802532754
MYC,PEX19,-1,-0.021863443536292528,0.05415001051967178,0.1525732332183945,0.11309319611206402,0.07403840561298676,0.21260403327178007,0.13863145258103243,0.1581661378971357,-0.02564780539397144,0.16803726465710664,0.10468168626513033,0.13841163932907052
FOXA1,LOXL2,1,0.022080040156132495,-0.10410530191458026,0.013451065063968289,0.06262626262626263,0.06351038200513667,-0.1050744888838577,-0.0724609843937575,0.0730908440949104,0.12427287149656265,0.03958638181640816,-0.005304776863538967,0.17956630525437867
SMAD3,ITGA11,1,-0.09865013387795239,-0.10937828739743319,0.04287171356344962,-0.2621307413760244,-0.10013561044598387,-0.14279422507403322,-0.4225210084033613,-0.0768824309424839,-0.2386039132734003,-0.20025143919076344,-0.0534388601603516,-0.11512371420628302
MYC,IER3,-1,-0.025810411083956545,0.042749316221333884,0.008312681875206309,0.046388412426148266,0.20967475809746292,0.16189933205237672,0.020600240096038412,0.03515357065465374,0.09553272783394154,-0.003919134619960259,0.12216338703303628,0.05541667921588223
RUNX1,IER3,1,0.06195133969421033,-0.046490680168005755,0.02092109874445681,-0.12582428054126166,0.01586552810859947,0.07016255033636186,0.006770708283313325,-0.17555803060256253,-0.3168206877681393,-0.043147115274400724,-0.03462932552187356,0.07629078070049439
TP53,IER3,1,-0.007136201906094072,-0.0708368398905954,0.07997834416703631,-0.07337526205450733,-0.14982610928993825,-0.02892651396653158,-0.13805522208883553,0.10282430587698455,-0.054204841422524255,-0.19854428658717155,-0.048866439736844514,0.014970843691180227
ESR1,LDLR,1,-0.08695539470549618,0.13983273721859876,0.05309529180496922,0.09472079283400037,-0.032220836524645594,0.06138235588917592,0.006482593037214886,-0.04212440708801587,0.1674532979165103,0.025395114373146347,0.14969370655995473,-0.07658251455519245
TP53,CSNK2A2,1,-0.02585856308699955,-0.055780559646539024,0.056672451214103435,-0.06399847531923003,0.11117624640132041,0.10029544440195419,0.18094071891695382,-0.013278102860086896,-0.022421998942358537,-0.08255302233083682,0.07678440788748797,0.22580032342158532
ESR1,MICB,1,-0.06256933059319687,-0.060435514411950345,0.04141664786826077,-0.11172098341909661,-0.08080117304566369,-0.1168309266242633,0.0022569027611044415,0.19923142231556365,-0.16298254891591749,-0.08911813481611551,0.013842129012054963,-0.029107589658048376
E2F1,DUSP1,1,-0.1138685145662106,-0.09710972017673047,0.002202639622702132,0.08115113398132266,-0.04972472261810915,-0.03429077468544807,-0.17743097238895558,-0.2946378301085839,-0.09735589635113695,-0.032772492372774215,-0.2234270345015322,-0.08510391834084484
MYC,DUSP1,-1,0.3698741005206421,0.4134756995581737,0.21858177078074648,0.5740804269106154,0.42307279047285223,0.4841755975453803,0.39169267707082833,0.45594977434201706,0.5850343733474351,0.5844639168486723,0.41767743230392707,0.44640288020872615
PGR,DUSP1,1,0.0929663987225248,0.15452082895013675,0.22982860660112753,0.09060415475509814,-0.0780554105743551,-0.14468749465884329,0.09435774309723889,0.04236114214218687,-0.09777895293495503,0.09562017271556267,0.001108593597625434,0.13465944764096655
TP53,DUSP1,1,-0.00060883626694807,-0.22640963601935618,0.132090702991862,0.14587383266628548,-0.1510659823891591,0.10015193832046632,0.28547418967587035,-0.01622056392153358,-0.1813855103120042,0.0979760461812644,0.037102378963944464,-0.043879463531758076
FOXA1,UCP2,-1,-0.04394355131811127,-0.07413738691352828,0.17414843221294835,-0.2612159329140461,-0.02792840503136183,-0.23768521990552396,0.19241296518607443,-0.10404843826801911,-0.3067160232681121,-0.10465320456540828,-0.05622116634077901,-0.08450560652395515
SMAD4,UCP2,1,-0.331250562964116,-0.16460656427519457,-0.16592453185894646,-0.48854583571564697,-0.3610909582928137,-0.2585557024947814,-0.43999999999999995,-0.25757882119282033,-0.13001229525587893,-0.2740366793483563,-0.3625945239013871,-0.2703085904920768
HIF1A,UCP2,1,0.01303728977551611,0.006864085840521776,-0.10575553478779284,0.1140842386125405,0.023075816341211797,0.02672968211630029,-0.04441776710684273,-0.08692524241476383,-0.08164992067689053,-0.04480538484050337,-0.006668820073034995,-0.06006857566490594
AR,MAPT,1,0.44362813243763666,0.3344861140332422,0.40901356707808323,0.4141414141414141,0.18045250420147488,0.3304867896316945,0.544969987995198,0.15108807364046647,-0.06160761501850873,0.20610184372256365,0.07500117122292933,0.3429153924566769
BRCA1,HIF1A,1,-0.14065611975368303,-0.1724437197559436,-0.028693886758402887,-0.20731846769582615,-0.1613250028315951,-0.08555667970841202,-0.0857142857142857,0.0805755395683453,-0.025118984664198835,-0.22451955906740806,-0.17941808205910958,-0.08057195943854316
MYC,HIF1A,-1,0.2916343518029367,0.20309541342310117,0.10773097869872063,0.18810748999428242,0.1912695035678098,0.3369840786938444,0.2883553421368547,0.351110416015014,0.007826546800634585,0.4053116769095699,0.29204776616965716,0.2755444351774627
TP53,HIF1A,-1,0.09031447592481191,0.2010046286555859,0.07320743772356676,0.014675052410901465,0.13064092006942765,0.20173433988250636,0.035006002400960384,0.06583850931677017,0.21803278688524588,0.2718905472636816,0.07783281840619984,0.14014456491520713
MYC,NID1,1,0.29184013703804945,0.27786398064380385,0.28488953376433934,0.3326472269868496,0.30637929488058063,0.27916898326804535,0.587611044417767,0.27581214531480397,0.24235854045478575,0.4389718076285241,0.4044417704945519,0.4401816328421833
TP53,E2F4,1,-0.027761647317879626,0.04143435724805385,0.10407682014021279,0.19542595769010862,-0.015989185442962694,-0.01604046966999396,0.2582116791298434,0.06618705035971222,-0.06086807070958578,-0.012525607257828504,0.06216165502060958,0.08916689834121028
MYC,SLC25A3,1,0.36543955491478336,0.3262281716810435,0.3496890206567626,0.429007051648561,0.26930642756779755,0.4346627423512403,0.3350300120048019,0.4379105411323114,0.3118984664198836,0.4354989757096869,0.4741578907138048,0.4661384487072561
ESR1,PKIB,1,0.5124245595272527,0.24942223800312954,0.16010937458464045,0.3807509052792071,0.3796563328148264,0.4176073099852089,-0.04201680672268907,0.11158228696545867,0.10121762583679164,0.23614554207599997,0.21071721553507142,0.45995843749182264
MYC,RAD50,1,-0.1694115665029519,0.02399800126236061,0.04684025651767587,-0.04692205069563559,-0.053114601540999964,-0.033144428486190605,-0.104921968787515,-0.03679342240493319,-0.16060285563194074,-0.12316359379572724,-0.07138246223114268,-0.06436845519414328
E2F1,MCPH1,1,-0.02891725109041006,-0.005365032610982537,0.20784699171795942,-0.0872498570611778,-0.039360090121253494,-0.0012617240102541607,0.13373349339735893,-0.1672147995889003,-0.15341089370703329,0.010306311579358114,0.058916226471668415,-0.19296636085626914
MYC,TFRC,1,0.11076967371747568,-0.10378971176099305,0.07170893622506526,0.07665332570992948,-0.07842814330013989,-0.13686521721699058,-0.022905162064825933,0.18896733544841143,0.059122157588577466,0.3075260950151205,0.13318358118054338,-0.12065610230747846
TP53,TFRC,1,-8.767247561449452e-05,0.10518356827266988,-0.09287164448454771,0.21090146750524105,-0.021464409145592965,-0.013345974157062231,-0.2114285714285714,-0.04266946691094329,-0.05753569539925964,0.09714174226904693,0.20761615449293444,0.027420998980632008
HIF1A,TFRC,1,0.24846222782087765,0.2468835472333263,0.02801392156230866,0.16821040594625497,0.03727113824000294,0.12936798239718128,0.22804321728691473,0.2065016309933419,0.2196192490745637,0.33711832991903234,0.18001671766623348,0.029172458530256698
MYC,RPS12,1,0.3123517217013659,0.2506706290763728,0.37009119912345717,0.3010863350485991,0.1036682166461057,0.35408692453003726,0.4854261704681873,0.26218329684078817,0.38254891591750395,0.37715832601697397,0.34691228649838857,0.40730238161430826
ZBTB4,RPS12,1,-0.08802667069704757,-0.1825958032956272,-0.11531570144657684,0.06384600724223365,-0.12576648335263857,0.013408518200222336,0.39150060024009603,-0.08979186937745155,-0.09301956636700157,-0.16652785890152233,-0.15418001451842306,0.08823597551746798
AR,GAS6,1,-0.04233267893709711,-0.07608352619398275,0.14615753974340256,-0.008728963770668055,-0.17718805770943857,-0.12678462038273722,-0.16398559423769507,-0.03572102833130199,-0.11692226335272342,-0.07216874492447792,-0.15509226040338087,-0.08813846756225016
ESR1,GAS6,1,-0.07235089216391777,-0.12769566589522408,-0.06585532485395562,-0.03583068098003481,-0.26820807479084463,-0.14208334586237925,0.1773349339735894,0.04032579686963157,-0.3701745108408249,-0.2186572496769006,-0.21868257756103096,-0.1627749114426374
EZH2,DACT3,-1,-0.4713658369933921,-0.24429307805596462,-0.2952071199948682,-0.4428054126167333,-0.35626558717046863,-0.4305877455868387,-0.34876350540216083,-0.4214039948165691,-0.34822845055526175,-0.22913862062237833,-0.22054075539279278,-0.3923232145391275
MYC,LBR,1,0.26810365680237613,0.14751915737231702,0.29383889310549105,-0.14671240708976555,0.2181613917366402,0.19857790565372957,0.06996398559423768,0.16110452009629578,0.3468535166578529,0.13556238415764318,0.06968365846116276,0.2548472218689581
AR,EP300,1,0.1766533799195314,0.2575035339810416,0.04624085591827527,0.17903563941299788,0.29668565621068294,0.18859022811302603,0.1392076830732293,0.23340657916652838,0.369381279746166,0.15149741488635257,0.18645084598070044,0.21596700954499123
BRCA1,EP300,1,-0.11879050127898476,0.0020316249712789957,-0.03745286971093423,-0.17385172479512098,-0.1537332668036036,-0.09196210106781388,-0.29555822328931575,-0.11400209348290491,-0.045690111052353245,-0.046346697883133364,-0.165886179759877,-0.17513246022765058
ESR1,EP300,1,0.06242027558380064,0.1221013182576771,-0.0020302278366794496,0.21090146750524105,0.07737387157109141,0.0673372285669271,0.12816326530612243,0.03540823473820827,0.18016922263352722,0.09621988098722076,0.16525195230582299,0.1603002502085071
MYC,EP300,1,0.20251996593326269,0.17633058286320835,0.23220328059037737,-0.033657327996950634,0.19753023684379695,0.14073781462078425,0.5518847539015606,0.1330825026616214,0.19561078794288733,0.3028241147205151,0.3236190846755033,0.19046427578537672
NCOA3,EP300,1,-0.04762969776087732,0.1846017291864089,-0.14272501691856532,-0.08968934629311986,-0.04218683897482764,0.07234526018388264,-0.19933251704465904,-0.004265168830530477,-0.03299884980259038,-0.10255584820993076,-0.14414932885163106,-0.09590443844250128
MYC,SHMT1,1,-0.031037586398682412,0.004194719124763307,-0.018816667203763977,0.23163712597674857,0.011815557548726393,0.09430620508793154,-0.047587034813925566,0.153755753161446,-0.04463246959280803,-0.005711637888986441,-0.08450509050471076,-0.08975998517282921
MYC,PRKCQ,1,0.15825741827144246,0.07092912019131595,0.2174495562904606,-0.12140270630836666,-0.027044963920869743,-0.0638173305559777,-0.04672268907563025,0.19222485365744668,0.05044949762030671,0.27721685689201053,0.19872482116035894,-0.021471596700954502
RUNX1,PRKCQ,1,-0.2630681806246459,-0.23841098790683388,-0.23067769655156625,-0.07047836859157613,-0.21395313811527572,-0.24929573312736936,-0.19807923169267705,-0.156148795912332,-0.23363299841353777,-0.1911645097607871,-0.11309644014192914,-0.12233370941954205
RUNX1,LGALS3,1,-0.038343138835331685,-0.07427594595643627,-0.163190167244234,-0.0959405374499714,-0.08626299014177355,-0.06418405616209207,-0.1288355342136855,-0.1505542590758559,0.0731887890005288,-0.09164239055024684,-0.10248484497312121,0.03699851032933275
HIF1A,LGALS3,1,0.25552745943103383,0.27587839259415103,0.22693435596661404,0.24741757194587377,0.23806398486550687,0.3208340113625911,0.24206482593037212,0.26872514410831577,-0.04896879957694341,0.23153838649887817,0.26863119792681206,0.2910110277082754
HIF1A,WSB1,1,0.2037044336541087,0.13953029665474437,0.34352099513389833,0.3323422908328568,0.13515555405897675,0.2993493277487306,0.2785594237695078,0.05327762634612806,-0.08683236382866208,0.17875329236172083,0.17214215440909952,0.27354276712074876
MYC,ESD,1,0.33339264882324865,0.3186145592257521,0.31613327360956145,0.19085191538021723,0.38054063651338454,0.5418027151958981,0.5799279711884754,0.34044345343497956,0.33744496889475833,0.4160599161791165,0.3998927897409435,0.4029839681215829
TP53,CACYBP,1,0.12590934041329183,0.07964706501157164,0.05851567787051658,0.16554221459881835,0.10874488399643678,0.1410489525332352,0.10674669867947177,0.2798605835828232,0.08075092543627709,0.17520241927616823,0.12271112217951025,0.15224724307293114
ESR1,SERINC1,1,0.27590165010478385,0.19824321481169788,-0.043753021172376005,0.19382504288164662,0.12089166164122313,0.023583626359890853,0.1745498199279712,0.1251172974663747,0.18117398202009516,0.18346015022924597,0.2566013822896298,0.3115003243443611
